hotel_id,hotel_name,city,country,platform,source_platform,provider_id,provider_name,review_id,review_date,review_year,stay_date,stay_year,rating_raw,rating_min,rating_max,rating_scaled_0_10,source_url,page,scrape_date
HVEGAS001,The Venetian Resort Las Vegas,Las Vegas,United States,agoda,agoda,332.0,Agoda,e868f3639114434f,2024-01-01,2024,2023-12-21,2023.0,7.2,0.0,10.0,7.2,https://www.agoda.com/api/cronos/property/review/HotelReviews?hotelId=2937&pageSize=50&referer=https%3A%2F%2Fwww.agoda.com%2Fvenetian-resort-hotel-casino%2Fhotel%2Flas-vegas-nv-us.html&providerMode=separate,26,2026-06-07T16:23:33.156739+00:00
HVEGAS001,The Venetian Resort Las Vegas,Las Vegas,United States,agoda,agoda,332.0,Agoda,e3aa52dcfcd7a6f9,2024-01-02,2024,2023-12-31,2023.0,6.4,0.0,10.0,6.4,https://www.agoda.com/api/cronos/property/review/HotelReviews?hotelId=2937&pageSize=50&referer=https%3A%2F%2Fwww.agoda.com%2Fvenetian-resort-hotel-casino%2Fhotel%2Flas-vegas-nv-us.html&providerMode=separate,4,2026-06-07T16:23:33.156739+00:00
HVEGAS001,The Venetian Resort Las Vegas,Las Vegas,United States,agoda,agoda,332.0,Agoda,cb7f564aee581517,2024-01-05,2024,2023-06-02,2023.0,6.0,0.0,10.0,6.0,https://www.agoda.com/api/cronos/property/review/HotelReviews?hotelId=2937&pageSize=50&referer=https%3A%2F%2Fwww.agoda.com%2Fvenetian-resort-hotel-casino%2Fhotel%2Flas-vegas-nv-us.html&providerMode=separate,4,2026-06-07T16:23:33.156739+00:00
HVEGAS001,The Venetian Resort Las Vegas,Las Vegas,United States,agoda,agoda,332.0,Agoda,9a9d0892d31418b8,2024-01-14,2024,2024-01-12,2024.0,2.0,0.0,10.0,2.0,https://www.agoda.com/api/cronos/property/review/HotelReviews?hotelId=2937&pageSize=50&referer=https%3A%2F%2Fwww.agoda.com%2Fvenetian-resort-hotel-casino%2Fhotel%2Flas-vegas-nv-us.html&providerMode=separate,24,2026-06-07T16:23:33.156739+00:00
HVEGAS001,The Venetian Resort Las Vegas,Las Vegas,United States,agoda,agoda,332.0,Agoda,e6d50f8fce703892,2024-01-15,2024,2024-01-03,2024.0,8.0,0.0,10.0,8.0,https://www.agoda.com/api/cronos/property/review/HotelReviews?hotelId=2937&pageSize=50&referer=https%3A%2F%2Fwww.agoda.com%2Fvenetian-resort-hotel-casino%2Fhotel%2Flas-vegas-nv-us.html&providerMode=separate,4,2026-06-07T16:23:33.156739+00:00
HVEGAS001,The Venetian Resort Las Vegas,Las Vegas,United States,agoda,agoda,332.0,Agoda,0866c639b592d058,2024-01-21,2024,2024-01-18,2024.0,10.0,0.0,10.0,10.0,https://www.agoda.com/api/cronos/property/review/HotelReviews?hotelId=2937&pageSize=50&referer=https%3A%2F%2Fwww.agoda.com%2Fvenetian-resort-hotel-casino%2Fhotel%2Flas-vegas-nv-us.html&providerMode=separate,4,2026-06-07T16:23:33.156739+00:00
HVEGAS001,The Venetian Resort Las Vegas,Las Vegas,United States,agoda,agoda,332.0,Agoda,dd3bfcd5d34ed911,2024-01-23,2024,2024-01-18,2024.0,6.0,0.0,10.0,6.0,https://www.agoda.com/api/cronos/property/review/HotelReviews?hotelId=2937&pageSize=50&referer=https%3A%2F%2Fwww.agoda.com%2Fvenetian-resort-hotel-casino%2Fhotel%2Flas-vegas-nv-us.html&providerMode=separate,4,2026-06-07T16:23:33.156739+00:00
HVEGAS001,The Venetian Resort Las Vegas,Las Vegas,United States,agoda,agoda,332.0,Agoda,0466d833d37a6ee5,2024-01-30,2024,2024-01-29,2024.0,10.0,0.0,10.0,10.0,https://www.agoda.com/api/cronos/property/review/HotelReviews?hotelId=2937&pageSize=50&referer=https%3A%2F%2Fwww.agoda.com%2Fvenetian-resort-hotel-casino%2Fhotel%2Flas-vegas-nv-us.html&providerMode=separate,4,2026-06-07T16:23:33.156739+00:00
HVEGAS001,The Venetian Resort Las Vegas,Las Vegas,United States,agoda,agoda,332.0,Agoda,691a4563f62c6db4,2024-01-30,2024,2024-01-21,2024.0,6.0,0.0,10.0,6.0,https://www.agoda.com/api/cronos/property/review/HotelReviews?hotelId=2937&pageSize=50&referer=https%3A%2F%2Fwww.agoda.com%2Fvenetian-resort-hotel-casino%2Fhotel%2Flas-vegas-nv-us.html&providerMode=separate,26,2026-06-07T16:23:33.156739+00:00
HVEGAS001,The Venetian Resort Las Vegas,Las Vegas,United States,agoda,agoda,332.0,Agoda,a2466430703d8af7,2024-02-19,2024,2024-02-11,2024.0,10.0,0.0,10.0,10.0,https://www.agoda.com/api/cronos/property/review/HotelReviews?hotelId=2937&pageSize=50&referer=https%3A%2F%2Fwww.agoda.com%2Fvenetian-resort-hotel-casino%2Fhotel%2Flas-vegas-nv-us.html&providerMode=separate,4,2026-06-07T16:23:33.156739+00:00
HVEGAS001,The Venetian Resort Las Vegas,Las Vegas,United States,agoda,agoda,332.0,Agoda,f9f1e8fae12a7a28,2024-02-20,2024,2023-07-23,2023.0,10.0,0.0,10.0,10.0,https://www.agoda.com/api/cronos/property/review/HotelReviews?hotelId=2937&pageSize=50&referer=https%3A%2F%2Fwww.agoda.com%2Fvenetian-resort-hotel-casino%2Fhotel%2Flas-vegas-nv-us.html&providerMode=separate,4,2026-06-07T16:23:33.156739+00:00
HVEGAS001,The Venetian Resort Las Vegas,Las Vegas,United States,agoda,agoda,332.0,Agoda,701af0dac56b33b5,2024-02-29,2024,2024-01-05,2024.0,8.8,0.0,10.0,8.8,https://www.agoda.com/api/cronos/property/review/HotelReviews?hotelId=2937&pageSize=50&referer=https%3A%2F%2Fwww.agoda.com%2Fvenetian-resort-hotel-casino%2Fhotel%2Flas-vegas-nv-us.html&providerMode=separate,4,2026-06-07T16:23:33.156739+00:00
HVEGAS001,The Venetian Resort Las Vegas,Las Vegas,United States,agoda,agoda,332.0,Agoda,6622db5ec951feb4,2024-03-15,2024,2024-03-09,2024.0,10.0,0.0,10.0,10.0,https://www.agoda.com/api/cronos/property/review/HotelReviews?hotelId=2937&pageSize=50&referer=https%3A%2F%2Fwww.agoda.com%2Fvenetian-resort-hotel-casino%2Fhotel%2Flas-vegas-nv-us.html&providerMode=separate,4,2026-06-07T16:23:33.156739+00:00
HVEGAS001,The Venetian Resort Las Vegas,Las Vegas,United States,agoda,agoda,332.0,Agoda,4f3f0ffc2909156f,2024-03-18,2024,2024-03-16,2024.0,10.0,0.0,10.0,10.0,https://www.agoda.com/api/cronos/property/review/HotelReviews?hotelId=2937&pageSize=50&referer=https%3A%2F%2Fwww.agoda.com%2Fvenetian-resort-hotel-casino%2Fhotel%2Flas-vegas-nv-us.html&providerMode=separate,4,2026-06-07T16:23:33.156739+00:00
HVEGAS001,The Venetian Resort Las Vegas,Las Vegas,United States,agoda,agoda,332.0,Agoda,cd3d60ad7173dee2,2024-03-18,2024,2024-03-14,2024.0,3.6,0.0,10.0,3.6,https://www.agoda.com/api/cronos/property/review/HotelReviews?hotelId=2937&pageSize=50&referer=https%3A%2F%2Fwww.agoda.com%2Fvenetian-resort-hotel-casino%2Fhotel%2Flas-vegas-nv-us.html&providerMode=separate,24,2026-06-07T16:23:33.156739+00:00
HVEGAS001,The Venetian Resort Las Vegas,Las Vegas,United States,agoda,agoda,332.0,Agoda,12b1d2d710bc20cc,2024-03-19,2024,2024-03-13,2024.0,8.0,0.0,10.0,8.0,https://www.agoda.com/api/cronos/property/review/HotelReviews?hotelId=2937&pageSize=50&referer=https%3A%2F%2Fwww.agoda.com%2Fvenetian-resort-hotel-casino%2Fhotel%2Flas-vegas-nv-us.html&providerMode=separate,4,2026-06-07T16:23:33.156739+00:00
HVEGAS001,The Venetian Resort Las Vegas,Las Vegas,United States,agoda,agoda,332.0,Agoda,7ed5e71f54a25bb9,2024-03-31,2024,2024-03-31,2024.0,10.0,0.0,10.0,10.0,https://www.agoda.com/api/cronos/property/review/HotelReviews?hotelId=2937&pageSize=50&referer=https%3A%2F%2Fwww.agoda.com%2Fvenetian-resort-hotel-casino%2Fhotel%2Flas-vegas-nv-us.html&providerMode=separate,4,2026-06-07T16:23:33.156739+00:00
HVEGAS001,The Venetian Resort Las Vegas,Las Vegas,United States,agoda,agoda,332.0,Agoda,77e8545ac277a2a4,2024-04-11,2024,2024-04-07,2024.0,10.0,0.0,10.0,10.0,https://www.agoda.com/api/cronos/property/review/HotelReviews?hotelId=2937&pageSize=50&referer=https%3A%2F%2Fwww.agoda.com%2Fvenetian-resort-hotel-casino%2Fhotel%2Flas-vegas-nv-us.html&providerMode=separate,32,2026-06-07T16:23:33.156739+00:00
HVEGAS001,The Venetian Resort Las Vegas,Las Vegas,United States,agoda,agoda,332.0,Agoda,b0e1ca3e76d8c17f,2024-04-13,2024,2023-05-19,2023.0,8.4,0.0,10.0,8.4,https://www.agoda.com/api/cronos/property/review/HotelReviews?hotelId=2937&pageSize=50&referer=https%3A%2F%2Fwww.agoda.com%2Fvenetian-resort-hotel-casino%2Fhotel%2Flas-vegas-nv-us.html&providerMode=separate,4,2026-06-07T16:23:33.156739+00:00
HVEGAS001,The Venetian Resort Las Vegas,Las Vegas,United States,agoda,agoda,332.0,Agoda,1e56fe69b1a22b4c,2024-04-16,2024,2024-04-03,2024.0,9.6,0.0,10.0,9.6,https://www.agoda.com/api/cronos/property/review/HotelReviews?hotelId=2937&pageSize=50&referer=https%3A%2F%2Fwww.agoda.com%2Fvenetian-resort-hotel-casino%2Fhotel%2Flas-vegas-nv-us.html&providerMode=separate,33,2026-06-07T16:23:33.156739+00:00
HVEGAS001,The Venetian Resort Las Vegas,Las Vegas,United States,agoda,agoda,332.0,Agoda,670fad0f6f261403,2024-04-20,2024,2023-12-16,2023.0,9.6,0.0,10.0,9.6,https://www.agoda.com/api/cronos/property/review/HotelReviews?hotelId=2937&pageSize=50&referer=https%3A%2F%2Fwww.agoda.com%2Fvenetian-resort-hotel-casino%2Fhotel%2Flas-vegas-nv-us.html&providerMode=separate,4,2026-06-07T16:23:33.156739+00:00
HVEGAS001,The Venetian Resort Las Vegas,Las Vegas,United States,agoda,agoda,332.0,Agoda,4f0d7fb3a410cf3d,2024-04-22,2024,2024-04-21,2024.0,9.6,0.0,10.0,9.6,https://www.agoda.com/api/cronos/property/review/HotelReviews?hotelId=2937&pageSize=50&referer=https%3A%2F%2Fwww.agoda.com%2Fvenetian-resort-hotel-casino%2Fhotel%2Flas-vegas-nv-us.html&providerMode=separate,4,2026-06-07T16:23:33.156739+00:00
HVEGAS001,The Venetian Resort Las Vegas,Las Vegas,United States,agoda,agoda,332.0,Agoda,20cc6d50cd8f53b5,2024-04-24,2024,2024-04-18,2024.0,10.0,0.0,10.0,10.0,https://www.agoda.com/api/cronos/property/review/HotelReviews?hotelId=2937&pageSize=50&referer=https%3A%2F%2Fwww.agoda.com%2Fvenetian-resort-hotel-casino%2Fhotel%2Flas-vegas-nv-us.html&providerMode=separate,4,2026-06-07T16:23:33.156739+00:00
HVEGAS001,The Venetian Resort Las Vegas,Las Vegas,United States,agoda,agoda,332.0,Agoda,a04bbac5315f171c,2024-04-26,2024,2024-04-25,2024.0,10.0,0.0,10.0,10.0,https://www.agoda.com/api/cronos/property/review/HotelReviews?hotelId=2937&pageSize=50&referer=https%3A%2F%2Fwww.agoda.com%2Fvenetian-resort-hotel-casino%2Fhotel%2Flas-vegas-nv-us.html&providerMode=separate,4,2026-06-07T16:23:33.156739+00:00
HVEGAS001,The Venetian Resort Las Vegas,Las Vegas,United States,agoda,agoda,332.0,Agoda,5866aa922c03768a,2024-04-29,2024,2023-12-20,2023.0,8.8,0.0,10.0,8.8,https://www.agoda.com/api/cronos/property/review/HotelReviews?hotelId=2937&pageSize=50&referer=https%3A%2F%2Fwww.agoda.com%2Fvenetian-resort-hotel-casino%2Fhotel%2Flas-vegas-nv-us.html&providerMode=separate,4,2026-06-07T16:23:33.156739+00:00
HVEGAS001,The Venetian Resort Las Vegas,Las Vegas,United States,agoda,agoda,332.0,Agoda,7b3e91812bf14b18,2024-05-02,2024,2024-02-04,2024.0,3.2,0.0,10.0,3.2,https://www.agoda.com/api/cronos/property/review/HotelReviews?hotelId=2937&pageSize=50&referer=https%3A%2F%2Fwww.agoda.com%2Fvenetian-resort-hotel-casino%2Fhotel%2Flas-vegas-nv-us.html&providerMode=separate,27,2026-06-07T16:23:33.156739+00:00
HVEGAS001,The Venetian Resort Las Vegas,Las Vegas,United States,agoda,agoda,332.0,Agoda,a7f77697811a0f83,2024-05-06,2024,2024-05-05,2024.0,9.2,0.0,10.0,9.2,https://www.agoda.com/api/cronos/property/review/HotelReviews?hotelId=2937&pageSize=50&referer=https%3A%2F%2Fwww.agoda.com%2Fvenetian-resort-hotel-casino%2Fhotel%2Flas-vegas-nv-us.html&providerMode=separate,4,2026-06-07T16:23:33.156739+00:00
HVEGAS001,The Venetian Resort Las Vegas,Las Vegas,United States,agoda,agoda,332.0,Agoda,59e2ae14e038805e,2024-05-17,2024,2024-05-11,2024.0,10.0,0.0,10.0,10.0,https://www.agoda.com/api/cronos/property/review/HotelReviews?hotelId=2937&pageSize=50&referer=https%3A%2F%2Fwww.agoda.com%2Fvenetian-resort-hotel-casino%2Fhotel%2Flas-vegas-nv-us.html&providerMode=separate,33,2026-06-07T16:23:33.156739+00:00
HVEGAS001,The Venetian Resort Las Vegas,Las Vegas,United States,agoda,agoda,332.0,Agoda,6f238e76b002cb48,2024-06-01,2024,2024-05-23,2024.0,9.2,0.0,10.0,9.2,https://www.agoda.com/api/cronos/property/review/HotelReviews?hotelId=2937&pageSize=50&referer=https%3A%2F%2Fwww.agoda.com%2Fvenetian-resort-hotel-casino%2Fhotel%2Flas-vegas-nv-us.html&providerMode=separate,4,2026-06-07T16:23:33.156739+00:00
HVEGAS001,The Venetian Resort Las Vegas,Las Vegas,United States,agoda,agoda,332.0,Agoda,74cda0cca4ab7f30,2024-06-06,2024,2024-05-28,2024.0,9.6,0.0,10.0,9.6,https://www.agoda.com/api/cronos/property/review/HotelReviews?hotelId=2937&pageSize=50&referer=https%3A%2F%2Fwww.agoda.com%2Fvenetian-resort-hotel-casino%2Fhotel%2Flas-vegas-nv-us.html&providerMode=separate,4,2026-06-07T16:23:33.156739+00:00
HVEGAS001,The Venetian Resort Las Vegas,Las Vegas,United States,agoda,agoda,332.0,Agoda,96f656a4ae99c2a0,2024-06-06,2024,2024-06-05,2024.0,9.6,0.0,10.0,9.6,https://www.agoda.com/api/cronos/property/review/HotelReviews?hotelId=2937&pageSize=50&referer=https%3A%2F%2Fwww.agoda.com%2Fvenetian-resort-hotel-casino%2Fhotel%2Flas-vegas-nv-us.html&providerMode=separate,4,2026-06-07T16:23:33.156739+00:00
HVEGAS001,The Venetian Resort Las Vegas,Las Vegas,United States,agoda,agoda,332.0,Agoda,38ee988724b357c3,2024-06-07,2024,2024-05-29,2024.0,9.6,0.0,10.0,9.6,https://www.agoda.com/api/cronos/property/review/HotelReviews?hotelId=2937&pageSize=50&referer=https%3A%2F%2Fwww.agoda.com%2Fvenetian-resort-hotel-casino%2Fhotel%2Flas-vegas-nv-us.html&providerMode=separate,33,2026-06-07T16:23:33.156739+00:00
HVEGAS001,The Venetian Resort Las Vegas,Las Vegas,United States,agoda,agoda,332.0,Agoda,2222e022b2f4c3f2,2024-06-10,2024,2024-06-09,2024.0,10.0,0.0,10.0,10.0,https://www.agoda.com/api/cronos/property/review/HotelReviews?hotelId=2937&pageSize=50&referer=https%3A%2F%2Fwww.agoda.com%2Fvenetian-resort-hotel-casino%2Fhotel%2Flas-vegas-nv-us.html&providerMode=separate,4,2026-06-07T16:23:33.156739+00:00
HVEGAS001,The Venetian Resort Las Vegas,Las Vegas,United States,agoda,agoda,332.0,Agoda,c550e7099d416734,2024-06-10,2024,2024-06-09,2024.0,10.0,0.0,10.0,10.0,https://www.agoda.com/api/cronos/property/review/HotelReviews?hotelId=2937&pageSize=50&referer=https%3A%2F%2Fwww.agoda.com%2Fvenetian-resort-hotel-casino%2Fhotel%2Flas-vegas-nv-us.html&providerMode=separate,4,2026-06-07T16:23:33.156739+00:00
HVEGAS001,The Venetian Resort Las Vegas,Las Vegas,United States,agoda,agoda,332.0,Agoda,16b4b71f3000dbb6,2024-06-10,2024,2024-05-28,2024.0,6.0,0.0,10.0,6.0,https://www.agoda.com/api/cronos/property/review/HotelReviews?hotelId=2937&pageSize=50&referer=https%3A%2F%2Fwww.agoda.com%2Fvenetian-resort-hotel-casino%2Fhotel%2Flas-vegas-nv-us.html&providerMode=separate,25,2026-06-07T16:23:33.156739+00:00
HVEGAS001,The Venetian Resort Las Vegas,Las Vegas,United States,agoda,agoda,332.0,Agoda,a94ea71e0c7d7439,2024-06-15,2024,2024-06-09,2024.0,9.6,0.0,10.0,9.6,https://www.agoda.com/api/cronos/property/review/HotelReviews?hotelId=2937&pageSize=50&referer=https%3A%2F%2Fwww.agoda.com%2Fvenetian-resort-hotel-casino%2Fhotel%2Flas-vegas-nv-us.html&providerMode=separate,4,2026-06-07T16:23:33.156739+00:00
HVEGAS001,The Venetian Resort Las Vegas,Las Vegas,United States,agoda,agoda,332.0,Agoda,a9d0a5e91dbea5da,2024-06-15,2024,2024-06-12,2024.0,10.0,0.0,10.0,10.0,https://www.agoda.com/api/cronos/property/review/HotelReviews?hotelId=2937&pageSize=50&referer=https%3A%2F%2Fwww.agoda.com%2Fvenetian-resort-hotel-casino%2Fhotel%2Flas-vegas-nv-us.html&providerMode=separate,27,2026-06-07T16:23:33.156739+00:00
HVEGAS001,The Venetian Resort Las Vegas,Las Vegas,United States,agoda,agoda,332.0,Agoda,ae6da75bbb5e11f6,2024-06-15,2024,2023-11-08,2023.0,10.0,0.0,10.0,10.0,https://www.agoda.com/api/cronos/property/review/HotelReviews?hotelId=2937&pageSize=50&referer=https%3A%2F%2Fwww.agoda.com%2Fvenetian-resort-hotel-casino%2Fhotel%2Flas-vegas-nv-us.html&providerMode=separate,33,2026-06-07T16:23:33.156739+00:00
HVEGAS001,The Venetian Resort Las Vegas,Las Vegas,United States,agoda,agoda,332.0,Agoda,2a5ca39b61dc4c3b,2024-06-15,2024,2024-03-23,2024.0,10.0,0.0,10.0,10.0,https://www.agoda.com/api/cronos/property/review/HotelReviews?hotelId=2937&pageSize=50&referer=https%3A%2F%2Fwww.agoda.com%2Fvenetian-resort-hotel-casino%2Fhotel%2Flas-vegas-nv-us.html&providerMode=separate,33,2026-06-07T16:23:33.156739+00:00
HVEGAS001,The Venetian Resort Las Vegas,Las Vegas,United States,agoda,agoda,332.0,Agoda,93e49a3f81b75fc3,2024-06-24,2024,2024-06-21,2024.0,9.2,0.0,10.0,9.2,https://www.agoda.com/api/cronos/property/review/HotelReviews?hotelId=2937&pageSize=50&referer=https%3A%2F%2Fwww.agoda.com%2Fvenetian-resort-hotel-casino%2Fhotel%2Flas-vegas-nv-us.html&providerMode=separate,4,2026-06-07T16:23:33.156739+00:00
HVEGAS001,The Venetian Resort Las Vegas,Las Vegas,United States,agoda,agoda,332.0,Agoda,b2c1788d05f3bb3b,2024-06-27,2024,2024-06-25,2024.0,5.6,0.0,10.0,5.6,https://www.agoda.com/api/cronos/property/review/HotelReviews?hotelId=2937&pageSize=50&referer=https%3A%2F%2Fwww.agoda.com%2Fvenetian-resort-hotel-casino%2Fhotel%2Flas-vegas-nv-us.html&providerMode=separate,22,2026-06-07T16:23:33.156739+00:00
HVEGAS001,The Venetian Resort Las Vegas,Las Vegas,United States,agoda,agoda,332.0,Agoda,75d46a1b6720ecf0,2024-06-28,2024,2024-06-26,2024.0,6.4,0.0,10.0,6.4,https://www.agoda.com/api/cronos/property/review/HotelReviews?hotelId=2937&pageSize=50&referer=https%3A%2F%2Fwww.agoda.com%2Fvenetian-resort-hotel-casino%2Fhotel%2Flas-vegas-nv-us.html&providerMode=separate,27,2026-06-07T16:23:33.156739+00:00
HVEGAS001,The Venetian Resort Las Vegas,Las Vegas,United States,agoda,agoda,332.0,Agoda,f75a79e36868f12e,2024-06-29,2024,2024-06-25,2024.0,10.0,0.0,10.0,10.0,https://www.agoda.com/api/cronos/property/review/HotelReviews?hotelId=2937&pageSize=50&referer=https%3A%2F%2Fwww.agoda.com%2Fvenetian-resort-hotel-casino%2Fhotel%2Flas-vegas-nv-us.html&providerMode=separate,22,2026-06-07T16:23:33.156739+00:00
HVEGAS001,The Venetian Resort Las Vegas,Las Vegas,United States,agoda,agoda,332.0,Agoda,5ad9c42275475b9d,2024-07-01,2024,2024-06-29,2024.0,10.0,0.0,10.0,10.0,https://www.agoda.com/api/cronos/property/review/HotelReviews?hotelId=2937&pageSize=50&referer=https%3A%2F%2Fwww.agoda.com%2Fvenetian-resort-hotel-casino%2Fhotel%2Flas-vegas-nv-us.html&providerMode=separate,4,2026-06-07T16:23:33.156739+00:00
HVEGAS001,The Venetian Resort Las Vegas,Las Vegas,United States,agoda,agoda,332.0,Agoda,ecad22e2280e6a85,2024-07-03,2024,2024-06-30,2024.0,10.0,0.0,10.0,10.0,https://www.agoda.com/api/cronos/property/review/HotelReviews?hotelId=2937&pageSize=50&referer=https%3A%2F%2Fwww.agoda.com%2Fvenetian-resort-hotel-casino%2Fhotel%2Flas-vegas-nv-us.html&providerMode=separate,4,2026-06-07T16:23:33.156739+00:00
HVEGAS001,The Venetian Resort Las Vegas,Las Vegas,United States,agoda,agoda,332.0,Agoda,1312400e42fd53fd,2024-07-03,2024,2024-07-01,2024.0,10.0,0.0,10.0,10.0,https://www.agoda.com/api/cronos/property/review/HotelReviews?hotelId=2937&pageSize=50&referer=https%3A%2F%2Fwww.agoda.com%2Fvenetian-resort-hotel-casino%2Fhotel%2Flas-vegas-nv-us.html&providerMode=separate,21,2026-06-07T16:23:33.156739+00:00
HVEGAS001,The Venetian Resort Las Vegas,Las Vegas,United States,agoda,agoda,332.0,Agoda,6b9763cfa91e4d0a,2024-07-04,2024,2024-07-02,2024.0,10.0,0.0,10.0,10.0,https://www.agoda.com/api/cronos/property/review/HotelReviews?hotelId=2937&pageSize=50&referer=https%3A%2F%2Fwww.agoda.com%2Fvenetian-resort-hotel-casino%2Fhotel%2Flas-vegas-nv-us.html&providerMode=separate,4,2026-06-07T16:23:33.156739+00:00
HVEGAS001,The Venetian Resort Las Vegas,Las Vegas,United States,agoda,agoda,332.0,Agoda,085852a1850d3125,2024-07-04,2024,2024-06-30,2024.0,9.6,0.0,10.0,9.6,https://www.agoda.com/api/cronos/property/review/HotelReviews?hotelId=2937&pageSize=50&referer=https%3A%2F%2Fwww.agoda.com%2Fvenetian-resort-hotel-casino%2Fhotel%2Flas-vegas-nv-us.html&providerMode=separate,4,2026-06-07T16:23:33.156739+00:00
HVEGAS001,The Venetian Resort Las Vegas,Las Vegas,United States,agoda,agoda,332.0,Agoda,277c9e8392e4c816,2024-07-05,2024,2024-07-03,2024.0,10.0,0.0,10.0,10.0,https://www.agoda.com/api/cronos/property/review/HotelReviews?hotelId=2937&pageSize=50&referer=https%3A%2F%2Fwww.agoda.com%2Fvenetian-resort-hotel-casino%2Fhotel%2Flas-vegas-nv-us.html&providerMode=separate,4,2026-06-07T16:23:33.156739+00:00
HVEGAS001,The Venetian Resort Las Vegas,Las Vegas,United States,agoda,agoda,332.0,Agoda,85ed314bf1809a1a,2024-07-06,2024,2024-06-14,2024.0,10.0,0.0,10.0,10.0,https://www.agoda.com/api/cronos/property/review/HotelReviews?hotelId=2937&pageSize=50&referer=https%3A%2F%2Fwww.agoda.com%2Fvenetian-resort-hotel-casino%2Fhotel%2Flas-vegas-nv-us.html&providerMode=separate,4,2026-06-07T16:23:33.156739+00:00
HVEGAS001,The Venetian Resort Las Vegas,Las Vegas,United States,agoda,agoda,332.0,Agoda,b12fca05a1b3a211,2024-07-09,2024,2024-07-02,2024.0,6.8,0.0,10.0,6.8,https://www.agoda.com/api/cronos/property/review/HotelReviews?hotelId=2937&pageSize=50&referer=https%3A%2F%2Fwww.agoda.com%2Fvenetian-resort-hotel-casino%2Fhotel%2Flas-vegas-nv-us.html&providerMode=separate,4,2026-06-07T16:23:33.156739+00:00
HVEGAS001,The Venetian Resort Las Vegas,Las Vegas,United States,agoda,agoda,332.0,Agoda,90d106dbea58d553,2024-07-10,2024,2024-07-02,2024.0,8.4,0.0,10.0,8.4,https://www.agoda.com/api/cronos/property/review/HotelReviews?hotelId=2937&pageSize=50&referer=https%3A%2F%2Fwww.agoda.com%2Fvenetian-resort-hotel-casino%2Fhotel%2Flas-vegas-nv-us.html&providerMode=separate,27,2026-06-07T16:23:33.156739+00:00
HVEGAS001,The Venetian Resort Las Vegas,Las Vegas,United States,agoda,agoda,332.0,Agoda,037ce94c9a4a3bb2,2024-07-10,2024,2024-07-08,2024.0,10.0,0.0,10.0,10.0,https://www.agoda.com/api/cronos/property/review/HotelReviews?hotelId=2937&pageSize=50&referer=https%3A%2F%2Fwww.agoda.com%2Fvenetian-resort-hotel-casino%2Fhotel%2Flas-vegas-nv-us.html&providerMode=separate,32,2026-06-07T16:23:33.156739+00:00
HVEGAS001,The Venetian Resort Las Vegas,Las Vegas,United States,agoda,agoda,332.0,Agoda,4dd4f0766b0999ce,2024-07-16,2024,2024-07-09,2024.0,10.0,0.0,10.0,10.0,https://www.agoda.com/api/cronos/property/review/HotelReviews?hotelId=2937&pageSize=50&referer=https%3A%2F%2Fwww.agoda.com%2Fvenetian-resort-hotel-casino%2Fhotel%2Flas-vegas-nv-us.html&providerMode=separate,4,2026-06-07T16:23:33.156739+00:00
HVEGAS001,The Venetian Resort Las Vegas,Las Vegas,United States,agoda,agoda,332.0,Agoda,15db70e8ea474f25,2024-07-17,2024,2024-07-15,2024.0,9.6,0.0,10.0,9.6,https://www.agoda.com/api/cronos/property/review/HotelReviews?hotelId=2937&pageSize=50&referer=https%3A%2F%2Fwww.agoda.com%2Fvenetian-resort-hotel-casino%2Fhotel%2Flas-vegas-nv-us.html&providerMode=separate,4,2026-06-07T16:23:33.156739+00:00
HVEGAS001,The Venetian Resort Las Vegas,Las Vegas,United States,agoda,agoda,332.0,Agoda,73408b574f6077c1,2024-07-18,2024,2024-07-14,2024.0,9.6,0.0,10.0,9.6,https://www.agoda.com/api/cronos/property/review/HotelReviews?hotelId=2937&pageSize=50&referer=https%3A%2F%2Fwww.agoda.com%2Fvenetian-resort-hotel-casino%2Fhotel%2Flas-vegas-nv-us.html&providerMode=separate,4,2026-06-07T16:23:33.156739+00:00
HVEGAS001,The Venetian Resort Las Vegas,Las Vegas,United States,agoda,agoda,332.0,Agoda,85e45585feb951e9,2024-07-19,2024,2024-07-18,2024.0,9.2,0.0,10.0,9.2,https://www.agoda.com/api/cronos/property/review/HotelReviews?hotelId=2937&pageSize=50&referer=https%3A%2F%2Fwww.agoda.com%2Fvenetian-resort-hotel-casino%2Fhotel%2Flas-vegas-nv-us.html&providerMode=separate,4,2026-06-07T16:23:33.156739+00:00
HVEGAS001,The Venetian Resort Las Vegas,Las Vegas,United States,agoda,agoda,332.0,Agoda,c35c6fcfe4e59b8e,2024-07-19,2024,2024-07-15,2024.0,10.0,0.0,10.0,10.0,https://www.agoda.com/api/cronos/property/review/HotelReviews?hotelId=2937&pageSize=50&referer=https%3A%2F%2Fwww.agoda.com%2Fvenetian-resort-hotel-casino%2Fhotel%2Flas-vegas-nv-us.html&providerMode=separate,4,2026-06-07T16:23:33.156739+00:00
HVEGAS001,The Venetian Resort Las Vegas,Las Vegas,United States,agoda,agoda,332.0,Agoda,32c0bbdc90d2b365,2024-07-20,2024,2024-07-14,2024.0,8.0,0.0,10.0,8.0,https://www.agoda.com/api/cronos/property/review/HotelReviews?hotelId=2937&pageSize=50&referer=https%3A%2F%2Fwww.agoda.com%2Fvenetian-resort-hotel-casino%2Fhotel%2Flas-vegas-nv-us.html&providerMode=separate,4,2026-06-07T16:23:33.156739+00:00
HVEGAS001,The Venetian Resort Las Vegas,Las Vegas,United States,agoda,agoda,332.0,Agoda,f8e3943ff51940a3,2024-07-20,2024,2024-07-15,2024.0,9.6,0.0,10.0,9.6,https://www.agoda.com/api/cronos/property/review/HotelReviews?hotelId=2937&pageSize=50&referer=https%3A%2F%2Fwww.agoda.com%2Fvenetian-resort-hotel-casino%2Fhotel%2Flas-vegas-nv-us.html&providerMode=separate,26,2026-06-07T16:23:33.156739+00:00
HVEGAS001,The Venetian Resort Las Vegas,Las Vegas,United States,agoda,agoda,332.0,Agoda,89466c5ca466480d,2024-07-21,2024,2024-07-14,2024.0,10.0,0.0,10.0,10.0,https://www.agoda.com/api/cronos/property/review/HotelReviews?hotelId=2937&pageSize=50&referer=https%3A%2F%2Fwww.agoda.com%2Fvenetian-resort-hotel-casino%2Fhotel%2Flas-vegas-nv-us.html&providerMode=separate,4,2026-06-07T16:23:33.156739+00:00
HVEGAS001,The Venetian Resort Las Vegas,Las Vegas,United States,agoda,agoda,332.0,Agoda,f376aeda351e245d,2024-07-23,2024,2024-07-22,2024.0,10.0,0.0,10.0,10.0,https://www.agoda.com/api/cronos/property/review/HotelReviews?hotelId=2937&pageSize=50&referer=https%3A%2F%2Fwww.agoda.com%2Fvenetian-resort-hotel-casino%2Fhotel%2Flas-vegas-nv-us.html&providerMode=separate,4,2026-06-07T16:23:33.156739+00:00
HVEGAS001,The Venetian Resort Las Vegas,Las Vegas,United States,agoda,agoda,332.0,Agoda,5cb2999d21dc68d3,2024-07-23,2024,2024-07-17,2024.0,7.6,0.0,10.0,7.6,https://www.agoda.com/api/cronos/property/review/HotelReviews?hotelId=2937&pageSize=50&referer=https%3A%2F%2Fwww.agoda.com%2Fvenetian-resort-hotel-casino%2Fhotel%2Flas-vegas-nv-us.html&providerMode=separate,33,2026-06-07T16:23:33.156739+00:00
HVEGAS001,The Venetian Resort Las Vegas,Las Vegas,United States,agoda,agoda,332.0,Agoda,fe3e516d521a0e2b,2024-07-23,2024,2024-07-21,2024.0,10.0,0.0,10.0,10.0,https://www.agoda.com/api/cronos/property/review/HotelReviews?hotelId=2937&pageSize=50&referer=https%3A%2F%2Fwww.agoda.com%2Fvenetian-resort-hotel-casino%2Fhotel%2Flas-vegas-nv-us.html&providerMode=separate,33,2026-06-07T16:23:33.156739+00:00
HVEGAS001,The Venetian Resort Las Vegas,Las Vegas,United States,agoda,agoda,332.0,Agoda,6634ce80aac1cd8c,2024-07-24,2024,2024-07-19,2024.0,10.0,0.0,10.0,10.0,https://www.agoda.com/api/cronos/property/review/HotelReviews?hotelId=2937&pageSize=50&referer=https%3A%2F%2Fwww.agoda.com%2Fvenetian-resort-hotel-casino%2Fhotel%2Flas-vegas-nv-us.html&providerMode=separate,32,2026-06-07T16:23:33.156739+00:00
HVEGAS001,The Venetian Resort Las Vegas,Las Vegas,United States,agoda,agoda,332.0,Agoda,35137f013f979c1f,2024-07-24,2024,2024-07-16,2024.0,9.6,0.0,10.0,9.6,https://www.agoda.com/api/cronos/property/review/HotelReviews?hotelId=2937&pageSize=50&referer=https%3A%2F%2Fwww.agoda.com%2Fvenetian-resort-hotel-casino%2Fhotel%2Flas-vegas-nv-us.html&providerMode=separate,33,2026-06-07T16:23:33.156739+00:00
HVEGAS001,The Venetian Resort Las Vegas,Las Vegas,United States,agoda,agoda,332.0,Agoda,3672729191c9cd5f,2024-07-25,2024,2024-07-20,2024.0,10.0,0.0,10.0,10.0,https://www.agoda.com/api/cronos/property/review/HotelReviews?hotelId=2937&pageSize=50&referer=https%3A%2F%2Fwww.agoda.com%2Fvenetian-resort-hotel-casino%2Fhotel%2Flas-vegas-nv-us.html&providerMode=separate,4,2026-06-07T16:23:33.156739+00:00
HVEGAS001,The Venetian Resort Las Vegas,Las Vegas,United States,agoda,agoda,332.0,Agoda,0eee5c16ed4d597b,2024-07-25,2024,2024-07-16,2024.0,4.4,0.0,10.0,4.4,https://www.agoda.com/api/cronos/property/review/HotelReviews?hotelId=2937&pageSize=50&referer=https%3A%2F%2Fwww.agoda.com%2Fvenetian-resort-hotel-casino%2Fhotel%2Flas-vegas-nv-us.html&providerMode=separate,24,2026-06-07T16:23:33.156739+00:00
HVEGAS001,The Venetian Resort Las Vegas,Las Vegas,United States,agoda,agoda,332.0,Agoda,2f05b75492c981b9,2024-07-25,2024,2024-07-16,2024.0,4.4,0.0,10.0,4.4,https://www.agoda.com/api/cronos/property/review/HotelReviews?hotelId=2937&pageSize=50&referer=https%3A%2F%2Fwww.agoda.com%2Fvenetian-resort-hotel-casino%2Fhotel%2Flas-vegas-nv-us.html&providerMode=separate,24,2026-06-07T16:23:33.156739+00:00
HVEGAS001,The Venetian Resort Las Vegas,Las Vegas,United States,agoda,agoda,332.0,Agoda,e16fa08ea425bc35,2024-07-28,2024,2024-07-21,2024.0,9.2,0.0,10.0,9.2,https://www.agoda.com/api/cronos/property/review/HotelReviews?hotelId=2937&pageSize=50&referer=https%3A%2F%2Fwww.agoda.com%2Fvenetian-resort-hotel-casino%2Fhotel%2Flas-vegas-nv-us.html&providerMode=separate,22,2026-06-07T16:23:33.156739+00:00
HVEGAS001,The Venetian Resort Las Vegas,Las Vegas,United States,agoda,agoda,332.0,Agoda,9c02d9a1e6106703,2024-07-30,2024,2024-07-14,2024.0,10.0,0.0,10.0,10.0,https://www.agoda.com/api/cronos/property/review/HotelReviews?hotelId=2937&pageSize=50&referer=https%3A%2F%2Fwww.agoda.com%2Fvenetian-resort-hotel-casino%2Fhotel%2Flas-vegas-nv-us.html&providerMode=separate,4,2026-06-07T16:23:33.156739+00:00
HVEGAS001,The Venetian Resort Las Vegas,Las Vegas,United States,agoda,agoda,332.0,Agoda,05a573ffa9a7f9a3,2024-07-30,2024,2024-07-22,2024.0,8.0,0.0,10.0,8.0,https://www.agoda.com/api/cronos/property/review/HotelReviews?hotelId=2937&pageSize=50&referer=https%3A%2F%2Fwww.agoda.com%2Fvenetian-resort-hotel-casino%2Fhotel%2Flas-vegas-nv-us.html&providerMode=separate,27,2026-06-07T16:23:33.156739+00:00
HVEGAS001,The Venetian Resort Las Vegas,Las Vegas,United States,agoda,agoda,332.0,Agoda,7aa9187a33d69e16,2024-07-31,2024,2024-07-22,2024.0,8.4,0.0,10.0,8.4,https://www.agoda.com/api/cronos/property/review/HotelReviews?hotelId=2937&pageSize=50&referer=https%3A%2F%2Fwww.agoda.com%2Fvenetian-resort-hotel-casino%2Fhotel%2Flas-vegas-nv-us.html&providerMode=separate,4,2026-06-07T16:23:33.156739+00:00
HVEGAS001,The Venetian Resort Las Vegas,Las Vegas,United States,agoda,agoda,332.0,Agoda,26550c34b46151b6,2024-07-31,2024,2024-07-26,2024.0,7.2,0.0,10.0,7.2,https://www.agoda.com/api/cronos/property/review/HotelReviews?hotelId=2937&pageSize=50&referer=https%3A%2F%2Fwww.agoda.com%2Fvenetian-resort-hotel-casino%2Fhotel%2Flas-vegas-nv-us.html&providerMode=separate,4,2026-06-07T16:23:33.156739+00:00
HVEGAS001,The Venetian Resort Las Vegas,Las Vegas,United States,agoda,agoda,332.0,Agoda,12de18b6d1b9a921,2024-08-02,2024,2024-07-19,2024.0,9.6,0.0,10.0,9.6,https://www.agoda.com/api/cronos/property/review/HotelReviews?hotelId=2937&pageSize=50&referer=https%3A%2F%2Fwww.agoda.com%2Fvenetian-resort-hotel-casino%2Fhotel%2Flas-vegas-nv-us.html&providerMode=separate,4,2026-06-07T16:23:33.156739+00:00
HVEGAS001,The Venetian Resort Las Vegas,Las Vegas,United States,agoda,agoda,332.0,Agoda,ed700791fd7edd85,2024-08-03,2024,2024-07-25,2024.0,9.6,0.0,10.0,9.6,https://www.agoda.com/api/cronos/property/review/HotelReviews?hotelId=2937&pageSize=50&referer=https%3A%2F%2Fwww.agoda.com%2Fvenetian-resort-hotel-casino%2Fhotel%2Flas-vegas-nv-us.html&providerMode=separate,4,2026-06-07T16:23:33.156739+00:00
HVEGAS001,The Venetian Resort Las Vegas,Las Vegas,United States,agoda,agoda,332.0,Agoda,c96e9cea39bc22b5,2024-08-05,2024,2024-08-02,2024.0,7.6,0.0,10.0,7.6,https://www.agoda.com/api/cronos/property/review/HotelReviews?hotelId=2937&pageSize=50&referer=https%3A%2F%2Fwww.agoda.com%2Fvenetian-resort-hotel-casino%2Fhotel%2Flas-vegas-nv-us.html&providerMode=separate,26,2026-06-07T16:23:33.156739+00:00
HVEGAS001,The Venetian Resort Las Vegas,Las Vegas,United States,agoda,agoda,332.0,Agoda,a4b02da3a740ca1a,2024-08-06,2024,2024-08-05,2024.0,6.8,0.0,10.0,6.8,https://www.agoda.com/api/cronos/property/review/HotelReviews?hotelId=2937&pageSize=50&referer=https%3A%2F%2Fwww.agoda.com%2Fvenetian-resort-hotel-casino%2Fhotel%2Flas-vegas-nv-us.html&providerMode=separate,3,2026-06-07T16:23:33.156739+00:00
HVEGAS001,The Venetian Resort Las Vegas,Las Vegas,United States,agoda,agoda,332.0,Agoda,90899e269ba7d2b1,2024-08-08,2024,2024-08-04,2024.0,9.2,0.0,10.0,9.2,https://www.agoda.com/api/cronos/property/review/HotelReviews?hotelId=2937&pageSize=50&referer=https%3A%2F%2Fwww.agoda.com%2Fvenetian-resort-hotel-casino%2Fhotel%2Flas-vegas-nv-us.html&providerMode=separate,3,2026-06-07T16:23:33.156739+00:00
HVEGAS001,The Venetian Resort Las Vegas,Las Vegas,United States,agoda,agoda,332.0,Agoda,ff09d5de4f403904,2024-08-09,2024,2024-07-29,2024.0,8.4,0.0,10.0,8.4,https://www.agoda.com/api/cronos/property/review/HotelReviews?hotelId=2937&pageSize=50&referer=https%3A%2F%2Fwww.agoda.com%2Fvenetian-resort-hotel-casino%2Fhotel%2Flas-vegas-nv-us.html&providerMode=separate,3,2026-06-07T16:23:33.156739+00:00
HVEGAS001,The Venetian Resort Las Vegas,Las Vegas,United States,agoda,agoda,332.0,Agoda,c49298fa432e8036,2024-08-11,2024,2024-07-23,2024.0,9.2,0.0,10.0,9.2,https://www.agoda.com/api/cronos/property/review/HotelReviews?hotelId=2937&pageSize=50&referer=https%3A%2F%2Fwww.agoda.com%2Fvenetian-resort-hotel-casino%2Fhotel%2Flas-vegas-nv-us.html&providerMode=separate,33,2026-06-07T16:23:33.156739+00:00
HVEGAS001,The Venetian Resort Las Vegas,Las Vegas,United States,agoda,agoda,332.0,Agoda,47bf0cb68b31e822,2024-08-13,2024,2024-08-08,2024.0,9.2,0.0,10.0,9.2,https://www.agoda.com/api/cronos/property/review/HotelReviews?hotelId=2937&pageSize=50&referer=https%3A%2F%2Fwww.agoda.com%2Fvenetian-resort-hotel-casino%2Fhotel%2Flas-vegas-nv-us.html&providerMode=separate,3,2026-06-07T16:23:33.156739+00:00
HVEGAS001,The Venetian Resort Las Vegas,Las Vegas,United States,agoda,agoda,332.0,Agoda,c6cd40f30626fc29,2024-08-13,2024,2024-08-12,2024.0,6.0,0.0,10.0,6.0,https://www.agoda.com/api/cronos/property/review/HotelReviews?hotelId=2937&pageSize=50&referer=https%3A%2F%2Fwww.agoda.com%2Fvenetian-resort-hotel-casino%2Fhotel%2Flas-vegas-nv-us.html&providerMode=separate,33,2026-06-07T16:23:33.156739+00:00
HVEGAS001,The Venetian Resort Las Vegas,Las Vegas,United States,agoda,agoda,332.0,Agoda,44476dc3cba0b48b,2024-08-14,2024,2024-08-12,2024.0,10.0,0.0,10.0,10.0,https://www.agoda.com/api/cronos/property/review/HotelReviews?hotelId=2937&pageSize=50&referer=https%3A%2F%2Fwww.agoda.com%2Fvenetian-resort-hotel-casino%2Fhotel%2Flas-vegas-nv-us.html&providerMode=separate,3,2026-06-07T16:23:33.156739+00:00
HVEGAS001,The Venetian Resort Las Vegas,Las Vegas,United States,agoda,agoda,332.0,Agoda,1cad2354c2975684,2024-08-14,2024,2024-08-11,2024.0,9.2,0.0,10.0,9.2,https://www.agoda.com/api/cronos/property/review/HotelReviews?hotelId=2937&pageSize=50&referer=https%3A%2F%2Fwww.agoda.com%2Fvenetian-resort-hotel-casino%2Fhotel%2Flas-vegas-nv-us.html&providerMode=separate,3,2026-06-07T16:23:33.156739+00:00
HVEGAS001,The Venetian Resort Las Vegas,Las Vegas,United States,agoda,agoda,332.0,Agoda,cb78f9a591afd9fb,2024-08-14,2024,2024-08-04,2024.0,9.6,0.0,10.0,9.6,https://www.agoda.com/api/cronos/property/review/HotelReviews?hotelId=2937&pageSize=50&referer=https%3A%2F%2Fwww.agoda.com%2Fvenetian-resort-hotel-casino%2Fhotel%2Flas-vegas-nv-us.html&providerMode=separate,3,2026-06-07T16:23:33.156739+00:00
HVEGAS001,The Venetian Resort Las Vegas,Las Vegas,United States,agoda,agoda,332.0,Agoda,408508f5b8ae4e72,2024-08-16,2024,2024-08-10,2024.0,9.6,0.0,10.0,9.6,https://www.agoda.com/api/cronos/property/review/HotelReviews?hotelId=2937&pageSize=50&referer=https%3A%2F%2Fwww.agoda.com%2Fvenetian-resort-hotel-casino%2Fhotel%2Flas-vegas-nv-us.html&providerMode=separate,3,2026-06-07T16:23:33.156739+00:00
HVEGAS001,The Venetian Resort Las Vegas,Las Vegas,United States,agoda,agoda,332.0,Agoda,a6897e445b8c66c3,2024-08-16,2024,2024-08-13,2024.0,9.2,0.0,10.0,9.2,https://www.agoda.com/api/cronos/property/review/HotelReviews?hotelId=2937&pageSize=50&referer=https%3A%2F%2Fwww.agoda.com%2Fvenetian-resort-hotel-casino%2Fhotel%2Flas-vegas-nv-us.html&providerMode=separate,21,2026-06-07T16:23:33.156739+00:00
HVEGAS001,The Venetian Resort Las Vegas,Las Vegas,United States,agoda,agoda,332.0,Agoda,5edaf5d1dedeebdd,2024-08-17,2024,2024-08-14,2024.0,10.0,0.0,10.0,10.0,https://www.agoda.com/api/cronos/property/review/HotelReviews?hotelId=2937&pageSize=50&referer=https%3A%2F%2Fwww.agoda.com%2Fvenetian-resort-hotel-casino%2Fhotel%2Flas-vegas-nv-us.html&providerMode=separate,23,2026-06-07T16:23:33.156739+00:00
HVEGAS001,The Venetian Resort Las Vegas,Las Vegas,United States,agoda,agoda,332.0,Agoda,444f61a94df716ad,2024-08-19,2024,2024-08-18,2024.0,9.2,0.0,10.0,9.2,https://www.agoda.com/api/cronos/property/review/HotelReviews?hotelId=2937&pageSize=50&referer=https%3A%2F%2Fwww.agoda.com%2Fvenetian-resort-hotel-casino%2Fhotel%2Flas-vegas-nv-us.html&providerMode=separate,21,2026-06-07T16:23:33.156739+00:00
HVEGAS001,The Venetian Resort Las Vegas,Las Vegas,United States,agoda,agoda,332.0,Agoda,93c80f8526e492c2,2024-08-19,2024,2024-08-13,2024.0,9.2,0.0,10.0,9.2,https://www.agoda.com/api/cronos/property/review/HotelReviews?hotelId=2937&pageSize=50&referer=https%3A%2F%2Fwww.agoda.com%2Fvenetian-resort-hotel-casino%2Fhotel%2Flas-vegas-nv-us.html&providerMode=separate,23,2026-06-07T16:23:33.156739+00:00
HVEGAS001,The Venetian Resort Las Vegas,Las Vegas,United States,agoda,agoda,332.0,Agoda,9302edee781f1ad5,2024-08-19,2024,2024-08-12,2024.0,9.2,0.0,10.0,9.2,https://www.agoda.com/api/cronos/property/review/HotelReviews?hotelId=2937&pageSize=50&referer=https%3A%2F%2Fwww.agoda.com%2Fvenetian-resort-hotel-casino%2Fhotel%2Flas-vegas-nv-us.html&providerMode=separate,26,2026-06-07T16:23:33.156739+00:00
HVEGAS001,The Venetian Resort Las Vegas,Las Vegas,United States,agoda,agoda,332.0,Agoda,1ce1aef46e2aef61,2024-08-22,2024,2024-08-18,2024.0,10.0,0.0,10.0,10.0,https://www.agoda.com/api/cronos/property/review/HotelReviews?hotelId=2937&pageSize=50&referer=https%3A%2F%2Fwww.agoda.com%2Fvenetian-resort-hotel-casino%2Fhotel%2Flas-vegas-nv-us.html&providerMode=separate,3,2026-06-07T16:23:33.156739+00:00
HVEGAS001,The Venetian Resort Las Vegas,Las Vegas,United States,agoda,agoda,332.0,Agoda,bfdc563ecbf45458,2024-08-22,2024,2024-08-18,2024.0,8.8,0.0,10.0,8.8,https://www.agoda.com/api/cronos/property/review/HotelReviews?hotelId=2937&pageSize=50&referer=https%3A%2F%2Fwww.agoda.com%2Fvenetian-resort-hotel-casino%2Fhotel%2Flas-vegas-nv-us.html&providerMode=separate,21,2026-06-07T16:23:33.156739+00:00
HVEGAS001,The Venetian Resort Las Vegas,Las Vegas,United States,agoda,agoda,332.0,Agoda,28b6de4737b01c7d,2024-08-22,2024,2024-08-21,2024.0,3.6,0.0,10.0,3.6,https://www.agoda.com/api/cronos/property/review/HotelReviews?hotelId=2937&pageSize=50&referer=https%3A%2F%2Fwww.agoda.com%2Fvenetian-resort-hotel-casino%2Fhotel%2Flas-vegas-nv-us.html&providerMode=separate,33,2026-06-07T16:23:33.156739+00:00
HVEGAS001,The Venetian Resort Las Vegas,Las Vegas,United States,agoda,agoda,332.0,Agoda,8a60b3ac7c7044ec,2024-08-28,2024,2024-08-21,2024.0,10.0,0.0,10.0,10.0,https://www.agoda.com/api/cronos/property/review/HotelReviews?hotelId=2937&pageSize=50&referer=https%3A%2F%2Fwww.agoda.com%2Fvenetian-resort-hotel-casino%2Fhotel%2Flas-vegas-nv-us.html&providerMode=separate,3,2026-06-07T16:23:33.156739+00:00
HVEGAS001,The Venetian Resort Las Vegas,Las Vegas,United States,agoda,agoda,332.0,Agoda,ce8f81b040891acc,2024-08-28,2024,2024-08-26,2024.0,10.0,0.0,10.0,10.0,https://www.agoda.com/api/cronos/property/review/HotelReviews?hotelId=2937&pageSize=50&referer=https%3A%2F%2Fwww.agoda.com%2Fvenetian-resort-hotel-casino%2Fhotel%2Flas-vegas-nv-us.html&providerMode=separate,33,2026-06-07T16:23:33.156739+00:00
HVEGAS001,The Venetian Resort Las Vegas,Las Vegas,United States,agoda,agoda,332.0,Agoda,7dbf09b0b6edafd9,2024-08-30,2024,2024-08-27,2024.0,10.0,0.0,10.0,10.0,https://www.agoda.com/api/cronos/property/review/HotelReviews?hotelId=2937&pageSize=50&referer=https%3A%2F%2Fwww.agoda.com%2Fvenetian-resort-hotel-casino%2Fhotel%2Flas-vegas-nv-us.html&providerMode=separate,3,2026-06-07T16:23:33.156739+00:00
HVEGAS001,The Venetian Resort Las Vegas,Las Vegas,United States,agoda,agoda,332.0,Agoda,5ea06718ac15a824,2024-09-01,2024,2024-08-23,2024.0,4.0,0.0,10.0,4.0,https://www.agoda.com/api/cronos/property/review/HotelReviews?hotelId=2937&pageSize=50&referer=https%3A%2F%2Fwww.agoda.com%2Fvenetian-resort-hotel-casino%2Fhotel%2Flas-vegas-nv-us.html&providerMode=separate,26,2026-06-07T16:23:33.156739+00:00
HVEGAS001,The Venetian Resort Las Vegas,Las Vegas,United States,agoda,agoda,332.0,Agoda,deb0851855baad28,2024-09-03,2024,2024-09-02,2024.0,4.8,0.0,10.0,4.8,https://www.agoda.com/api/cronos/property/review/HotelReviews?hotelId=2937&pageSize=50&referer=https%3A%2F%2Fwww.agoda.com%2Fvenetian-resort-hotel-casino%2Fhotel%2Flas-vegas-nv-us.html&providerMode=separate,3,2026-06-07T16:23:33.156739+00:00
HVEGAS001,The Venetian Resort Las Vegas,Las Vegas,United States,agoda,agoda,332.0,Agoda,1136ef6b3a657379,2024-09-04,2024,2024-08-29,2024.0,9.6,0.0,10.0,9.6,https://www.agoda.com/api/cronos/property/review/HotelReviews?hotelId=2937&pageSize=50&referer=https%3A%2F%2Fwww.agoda.com%2Fvenetian-resort-hotel-casino%2Fhotel%2Flas-vegas-nv-us.html&providerMode=separate,23,2026-06-07T16:23:33.156739+00:00
HVEGAS001,The Venetian Resort Las Vegas,Las Vegas,United States,agoda,agoda,332.0,Agoda,dcb261a1230865db,2024-09-05,2024,2024-08-30,2024.0,10.0,0.0,10.0,10.0,https://www.agoda.com/api/cronos/property/review/HotelReviews?hotelId=2937&pageSize=50&referer=https%3A%2F%2Fwww.agoda.com%2Fvenetian-resort-hotel-casino%2Fhotel%2Flas-vegas-nv-us.html&providerMode=separate,3,2026-06-07T16:23:33.156739+00:00
HVEGAS001,The Venetian Resort Las Vegas,Las Vegas,United States,agoda,agoda,332.0,Agoda,f226287ff363a49a,2024-09-05,2024,2024-09-02,2024.0,10.0,0.0,10.0,10.0,https://www.agoda.com/api/cronos/property/review/HotelReviews?hotelId=2937&pageSize=50&referer=https%3A%2F%2Fwww.agoda.com%2Fvenetian-resort-hotel-casino%2Fhotel%2Flas-vegas-nv-us.html&providerMode=separate,27,2026-06-07T16:23:33.156739+00:00
HVEGAS001,The Venetian Resort Las Vegas,Las Vegas,United States,agoda,agoda,332.0,Agoda,1a563348b92ff8ef,2024-09-06,2024,2024-09-02,2024.0,9.2,0.0,10.0,9.2,https://www.agoda.com/api/cronos/property/review/HotelReviews?hotelId=2937&pageSize=50&referer=https%3A%2F%2Fwww.agoda.com%2Fvenetian-resort-hotel-casino%2Fhotel%2Flas-vegas-nv-us.html&providerMode=separate,24,2026-06-07T16:23:33.156739+00:00
HVEGAS001,The Venetian Resort Las Vegas,Las Vegas,United States,agoda,agoda,332.0,Agoda,70563d4b3382b7f3,2024-09-09,2024,2024-08-31,2024.0,10.0,0.0,10.0,10.0,https://www.agoda.com/api/cronos/property/review/HotelReviews?hotelId=2937&pageSize=50&referer=https%3A%2F%2Fwww.agoda.com%2Fvenetian-resort-hotel-casino%2Fhotel%2Flas-vegas-nv-us.html&providerMode=separate,3,2026-06-07T16:23:33.156739+00:00
HVEGAS001,The Venetian Resort Las Vegas,Las Vegas,United States,agoda,agoda,332.0,Agoda,4e45308144647622,2024-09-09,2024,2024-09-07,2024.0,10.0,0.0,10.0,10.0,https://www.agoda.com/api/cronos/property/review/HotelReviews?hotelId=2937&pageSize=50&referer=https%3A%2F%2Fwww.agoda.com%2Fvenetian-resort-hotel-casino%2Fhotel%2Flas-vegas-nv-us.html&providerMode=separate,3,2026-06-07T16:23:33.156739+00:00
HVEGAS001,The Venetian Resort Las Vegas,Las Vegas,United States,agoda,agoda,332.0,Agoda,9440dff8df345d3d,2024-09-11,2024,2024-09-10,2024.0,10.0,0.0,10.0,10.0,https://www.agoda.com/api/cronos/property/review/HotelReviews?hotelId=2937&pageSize=50&referer=https%3A%2F%2Fwww.agoda.com%2Fvenetian-resort-hotel-casino%2Fhotel%2Flas-vegas-nv-us.html&providerMode=separate,3,2026-06-07T16:23:33.156739+00:00
HVEGAS001,The Venetian Resort Las Vegas,Las Vegas,United States,agoda,agoda,332.0,Agoda,46a1ee322955f4bc,2024-09-14,2024,2024-09-05,2024.0,10.0,0.0,10.0,10.0,https://www.agoda.com/api/cronos/property/review/HotelReviews?hotelId=2937&pageSize=50&referer=https%3A%2F%2Fwww.agoda.com%2Fvenetian-resort-hotel-casino%2Fhotel%2Flas-vegas-nv-us.html&providerMode=separate,3,2026-06-07T16:23:33.156739+00:00
HVEGAS001,The Venetian Resort Las Vegas,Las Vegas,United States,agoda,agoda,332.0,Agoda,4b5a1a915e968545,2024-09-14,2024,2024-09-13,2024.0,8.4,0.0,10.0,8.4,https://www.agoda.com/api/cronos/property/review/HotelReviews?hotelId=2937&pageSize=50&referer=https%3A%2F%2Fwww.agoda.com%2Fvenetian-resort-hotel-casino%2Fhotel%2Flas-vegas-nv-us.html&providerMode=separate,21,2026-06-07T16:23:33.156739+00:00
HVEGAS001,The Venetian Resort Las Vegas,Las Vegas,United States,agoda,agoda,332.0,Agoda,d639dd18347ea836,2024-09-14,2024,2024-09-12,2024.0,10.0,0.0,10.0,10.0,https://www.agoda.com/api/cronos/property/review/HotelReviews?hotelId=2937&pageSize=50&referer=https%3A%2F%2Fwww.agoda.com%2Fvenetian-resort-hotel-casino%2Fhotel%2Flas-vegas-nv-us.html&providerMode=separate,24,2026-06-07T16:23:33.156739+00:00
HVEGAS001,The Venetian Resort Las Vegas,Las Vegas,United States,agoda,agoda,332.0,Agoda,648634dd7c51eb7a,2024-09-17,2024,2024-09-12,2024.0,10.0,0.0,10.0,10.0,https://www.agoda.com/api/cronos/property/review/HotelReviews?hotelId=2937&pageSize=50&referer=https%3A%2F%2Fwww.agoda.com%2Fvenetian-resort-hotel-casino%2Fhotel%2Flas-vegas-nv-us.html&providerMode=separate,3,2026-06-07T16:23:33.156739+00:00
HVEGAS001,The Venetian Resort Las Vegas,Las Vegas,United States,agoda,agoda,332.0,Agoda,6e180b5f4e486647,2024-09-17,2024,2024-09-12,2024.0,10.0,0.0,10.0,10.0,https://www.agoda.com/api/cronos/property/review/HotelReviews?hotelId=2937&pageSize=50&referer=https%3A%2F%2Fwww.agoda.com%2Fvenetian-resort-hotel-casino%2Fhotel%2Flas-vegas-nv-us.html&providerMode=separate,23,2026-06-07T16:23:33.156739+00:00
HVEGAS001,The Venetian Resort Las Vegas,Las Vegas,United States,agoda,agoda,332.0,Agoda,4e6376858dbbe3b4,2024-09-19,2024,2024-09-12,2024.0,8.4,0.0,10.0,8.4,https://www.agoda.com/api/cronos/property/review/HotelReviews?hotelId=2937&pageSize=50&referer=https%3A%2F%2Fwww.agoda.com%2Fvenetian-resort-hotel-casino%2Fhotel%2Flas-vegas-nv-us.html&providerMode=separate,3,2026-06-07T16:23:33.156739+00:00
HVEGAS001,The Venetian Resort Las Vegas,Las Vegas,United States,agoda,agoda,332.0,Agoda,93af2264befd0b92,2024-09-19,2024,2024-09-12,2024.0,10.0,0.0,10.0,10.0,https://www.agoda.com/api/cronos/property/review/HotelReviews?hotelId=2937&pageSize=50&referer=https%3A%2F%2Fwww.agoda.com%2Fvenetian-resort-hotel-casino%2Fhotel%2Flas-vegas-nv-us.html&providerMode=separate,27,2026-06-07T16:23:33.156739+00:00
HVEGAS001,The Venetian Resort Las Vegas,Las Vegas,United States,agoda,agoda,332.0,Agoda,5bdc89c207a0eea8,2024-09-20,2024,2024-09-15,2024.0,10.0,0.0,10.0,10.0,https://www.agoda.com/api/cronos/property/review/HotelReviews?hotelId=2937&pageSize=50&referer=https%3A%2F%2Fwww.agoda.com%2Fvenetian-resort-hotel-casino%2Fhotel%2Flas-vegas-nv-us.html&providerMode=separate,3,2026-06-07T16:23:33.156739+00:00
HVEGAS001,The Venetian Resort Las Vegas,Las Vegas,United States,agoda,agoda,332.0,Agoda,24f05c64e372bcb0,2024-09-21,2024,2024-09-17,2024.0,10.0,0.0,10.0,10.0,https://www.agoda.com/api/cronos/property/review/HotelReviews?hotelId=2937&pageSize=50&referer=https%3A%2F%2Fwww.agoda.com%2Fvenetian-resort-hotel-casino%2Fhotel%2Flas-vegas-nv-us.html&providerMode=separate,3,2026-06-07T16:23:33.156739+00:00
HVEGAS001,The Venetian Resort Las Vegas,Las Vegas,United States,agoda,agoda,332.0,Agoda,1bb0efc710a33da0,2024-09-21,2024,2024-09-13,2024.0,10.0,0.0,10.0,10.0,https://www.agoda.com/api/cronos/property/review/HotelReviews?hotelId=2937&pageSize=50&referer=https%3A%2F%2Fwww.agoda.com%2Fvenetian-resort-hotel-casino%2Fhotel%2Flas-vegas-nv-us.html&providerMode=separate,27,2026-06-07T16:23:33.156739+00:00
HVEGAS001,The Venetian Resort Las Vegas,Las Vegas,United States,agoda,agoda,332.0,Agoda,e066a62093c18df1,2024-09-23,2024,2024-09-21,2024.0,9.2,0.0,10.0,9.2,https://www.agoda.com/api/cronos/property/review/HotelReviews?hotelId=2937&pageSize=50&referer=https%3A%2F%2Fwww.agoda.com%2Fvenetian-resort-hotel-casino%2Fhotel%2Flas-vegas-nv-us.html&providerMode=separate,3,2026-06-07T16:23:33.156739+00:00
HVEGAS001,The Venetian Resort Las Vegas,Las Vegas,United States,agoda,agoda,332.0,Agoda,da9def9cc8e9b90c,2024-09-24,2024,2024-09-22,2024.0,9.6,0.0,10.0,9.6,https://www.agoda.com/api/cronos/property/review/HotelReviews?hotelId=2937&pageSize=50&referer=https%3A%2F%2Fwww.agoda.com%2Fvenetian-resort-hotel-casino%2Fhotel%2Flas-vegas-nv-us.html&providerMode=separate,23,2026-06-07T16:23:33.156739+00:00
HVEGAS001,The Venetian Resort Las Vegas,Las Vegas,United States,agoda,agoda,332.0,Agoda,03cc1869c81e3e08,2024-09-25,2024,2024-08-22,2024.0,8.4,0.0,10.0,8.4,https://www.agoda.com/api/cronos/property/review/HotelReviews?hotelId=2937&pageSize=50&referer=https%3A%2F%2Fwww.agoda.com%2Fvenetian-resort-hotel-casino%2Fhotel%2Flas-vegas-nv-us.html&providerMode=separate,3,2026-06-07T16:23:33.156739+00:00
HVEGAS001,The Venetian Resort Las Vegas,Las Vegas,United States,agoda,agoda,332.0,Agoda,8dfc73d17774ba06,2024-09-28,2024,2024-09-26,2024.0,9.6,0.0,10.0,9.6,https://www.agoda.com/api/cronos/property/review/HotelReviews?hotelId=2937&pageSize=50&referer=https%3A%2F%2Fwww.agoda.com%2Fvenetian-resort-hotel-casino%2Fhotel%2Flas-vegas-nv-us.html&providerMode=separate,3,2026-06-07T16:23:33.156739+00:00
HVEGAS001,The Venetian Resort Las Vegas,Las Vegas,United States,agoda,agoda,332.0,Agoda,94d275e393e4f0a6,2024-09-28,2024,2024-09-23,2024.0,7.6,0.0,10.0,7.6,https://www.agoda.com/api/cronos/property/review/HotelReviews?hotelId=2937&pageSize=50&referer=https%3A%2F%2Fwww.agoda.com%2Fvenetian-resort-hotel-casino%2Fhotel%2Flas-vegas-nv-us.html&providerMode=separate,3,2026-06-07T16:23:33.156739+00:00
HVEGAS001,The Venetian Resort Las Vegas,Las Vegas,United States,agoda,agoda,332.0,Agoda,e50cffe6997b89c4,2024-09-29,2024,2024-09-12,2024.0,9.6,0.0,10.0,9.6,https://www.agoda.com/api/cronos/property/review/HotelReviews?hotelId=2937&pageSize=50&referer=https%3A%2F%2Fwww.agoda.com%2Fvenetian-resort-hotel-casino%2Fhotel%2Flas-vegas-nv-us.html&providerMode=separate,3,2026-06-07T16:23:33.156739+00:00
HVEGAS001,The Venetian Resort Las Vegas,Las Vegas,United States,agoda,agoda,332.0,Agoda,101554f9a6933030,2024-10-02,2024,2024-09-24,2024.0,10.0,0.0,10.0,10.0,https://www.agoda.com/api/cronos/property/review/HotelReviews?hotelId=2937&pageSize=50&referer=https%3A%2F%2Fwww.agoda.com%2Fvenetian-resort-hotel-casino%2Fhotel%2Flas-vegas-nv-us.html&providerMode=separate,27,2026-06-07T16:23:33.156739+00:00
HVEGAS001,The Venetian Resort Las Vegas,Las Vegas,United States,agoda,agoda,332.0,Agoda,2890a691ed785be1,2024-10-06,2024,2024-09-30,2024.0,10.0,0.0,10.0,10.0,https://www.agoda.com/api/cronos/property/review/HotelReviews?hotelId=2937&pageSize=50&referer=https%3A%2F%2Fwww.agoda.com%2Fvenetian-resort-hotel-casino%2Fhotel%2Flas-vegas-nv-us.html&providerMode=separate,3,2026-06-07T16:23:33.156739+00:00
HVEGAS001,The Venetian Resort Las Vegas,Las Vegas,United States,agoda,agoda,332.0,Agoda,d68ed22ca44c650a,2024-10-07,2024,2024-09-04,2024.0,10.0,0.0,10.0,10.0,https://www.agoda.com/api/cronos/property/review/HotelReviews?hotelId=2937&pageSize=50&referer=https%3A%2F%2Fwww.agoda.com%2Fvenetian-resort-hotel-casino%2Fhotel%2Flas-vegas-nv-us.html&providerMode=separate,23,2026-06-07T16:23:33.156739+00:00
HVEGAS001,The Venetian Resort Las Vegas,Las Vegas,United States,agoda,agoda,332.0,Agoda,45d7ee3233312b5b,2024-10-07,2024,2024-10-05,2024.0,8.0,0.0,10.0,8.0,https://www.agoda.com/api/cronos/property/review/HotelReviews?hotelId=2937&pageSize=50&referer=https%3A%2F%2Fwww.agoda.com%2Fvenetian-resort-hotel-casino%2Fhotel%2Flas-vegas-nv-us.html&providerMode=separate,27,2026-06-07T16:23:33.156739+00:00
HVEGAS001,The Venetian Resort Las Vegas,Las Vegas,United States,agoda,agoda,332.0,Agoda,e40bd17116df46b8,2024-10-09,2024,2024-09-07,2024.0,10.0,0.0,10.0,10.0,https://www.agoda.com/api/cronos/property/review/HotelReviews?hotelId=2937&pageSize=50&referer=https%3A%2F%2Fwww.agoda.com%2Fvenetian-resort-hotel-casino%2Fhotel%2Flas-vegas-nv-us.html&providerMode=separate,3,2026-06-07T16:23:33.156739+00:00
HVEGAS001,The Venetian Resort Las Vegas,Las Vegas,United States,agoda,agoda,332.0,Agoda,d1e71770f2d5ebcc,2024-10-09,2024,2024-10-07,2024.0,6.0,0.0,10.0,6.0,https://www.agoda.com/api/cronos/property/review/HotelReviews?hotelId=2937&pageSize=50&referer=https%3A%2F%2Fwww.agoda.com%2Fvenetian-resort-hotel-casino%2Fhotel%2Flas-vegas-nv-us.html&providerMode=separate,23,2026-06-07T16:23:33.156739+00:00
HVEGAS001,The Venetian Resort Las Vegas,Las Vegas,United States,agoda,agoda,332.0,Agoda,361fa372e8bdbbfa,2024-10-09,2024,2024-10-01,2024.0,10.0,0.0,10.0,10.0,https://www.agoda.com/api/cronos/property/review/HotelReviews?hotelId=2937&pageSize=50&referer=https%3A%2F%2Fwww.agoda.com%2Fvenetian-resort-hotel-casino%2Fhotel%2Flas-vegas-nv-us.html&providerMode=separate,23,2026-06-07T16:23:33.156739+00:00
HVEGAS001,The Venetian Resort Las Vegas,Las Vegas,United States,agoda,agoda,332.0,Agoda,3fe4fb2ec0c80b19,2024-10-10,2024,2024-09-16,2024.0,10.0,0.0,10.0,10.0,https://www.agoda.com/api/cronos/property/review/HotelReviews?hotelId=2937&pageSize=50&referer=https%3A%2F%2Fwww.agoda.com%2Fvenetian-resort-hotel-casino%2Fhotel%2Flas-vegas-nv-us.html&providerMode=separate,3,2026-06-07T16:23:33.156739+00:00
HVEGAS001,The Venetian Resort Las Vegas,Las Vegas,United States,agoda,agoda,332.0,Agoda,1fb7d9b3ebd96463,2024-10-12,2024,2024-10-01,2024.0,9.2,0.0,10.0,9.2,https://www.agoda.com/api/cronos/property/review/HotelReviews?hotelId=2937&pageSize=50&referer=https%3A%2F%2Fwww.agoda.com%2Fvenetian-resort-hotel-casino%2Fhotel%2Flas-vegas-nv-us.html&providerMode=separate,3,2026-06-07T16:23:33.156739+00:00
HVEGAS001,The Venetian Resort Las Vegas,Las Vegas,United States,agoda,agoda,332.0,Agoda,3d3630085878f5f7,2024-10-13,2024,2024-10-02,2024.0,8.0,0.0,10.0,8.0,https://www.agoda.com/api/cronos/property/review/HotelReviews?hotelId=2937&pageSize=50&referer=https%3A%2F%2Fwww.agoda.com%2Fvenetian-resort-hotel-casino%2Fhotel%2Flas-vegas-nv-us.html&providerMode=separate,3,2026-06-07T16:23:33.156739+00:00
HVEGAS001,The Venetian Resort Las Vegas,Las Vegas,United States,agoda,agoda,332.0,Agoda,8f574bdf410d47d1,2024-10-13,2024,2024-10-06,2024.0,3.2,0.0,10.0,3.2,https://www.agoda.com/api/cronos/property/review/HotelReviews?hotelId=2937&pageSize=50&referer=https%3A%2F%2Fwww.agoda.com%2Fvenetian-resort-hotel-casino%2Fhotel%2Flas-vegas-nv-us.html&providerMode=separate,3,2026-06-07T16:23:33.156739+00:00
HVEGAS001,The Venetian Resort Las Vegas,Las Vegas,United States,agoda,agoda,332.0,Agoda,1051f5da27807070,2024-10-15,2024,2024-10-09,2024.0,9.6,0.0,10.0,9.6,https://www.agoda.com/api/cronos/property/review/HotelReviews?hotelId=2937&pageSize=50&referer=https%3A%2F%2Fwww.agoda.com%2Fvenetian-resort-hotel-casino%2Fhotel%2Flas-vegas-nv-us.html&providerMode=separate,27,2026-06-07T16:23:33.156739+00:00
HVEGAS001,The Venetian Resort Las Vegas,Las Vegas,United States,agoda,agoda,332.0,Agoda,f9fee611f7f80504,2024-10-16,2024,2024-09-30,2024.0,7.6,0.0,10.0,7.6,https://www.agoda.com/api/cronos/property/review/HotelReviews?hotelId=2937&pageSize=50&referer=https%3A%2F%2Fwww.agoda.com%2Fvenetian-resort-hotel-casino%2Fhotel%2Flas-vegas-nv-us.html&providerMode=separate,22,2026-06-07T16:23:33.156739+00:00
HVEGAS001,The Venetian Resort Las Vegas,Las Vegas,United States,agoda,agoda,332.0,Agoda,e4ed315f4c82040f,2024-10-16,2024,2024-10-13,2024.0,10.0,0.0,10.0,10.0,https://www.agoda.com/api/cronos/property/review/HotelReviews?hotelId=2937&pageSize=50&referer=https%3A%2F%2Fwww.agoda.com%2Fvenetian-resort-hotel-casino%2Fhotel%2Flas-vegas-nv-us.html&providerMode=separate,27,2026-06-07T16:23:33.156739+00:00
HVEGAS001,The Venetian Resort Las Vegas,Las Vegas,United States,agoda,agoda,332.0,Agoda,32a29249d598a019,2024-10-17,2024,2024-08-11,2024.0,9.6,0.0,10.0,9.6,https://www.agoda.com/api/cronos/property/review/HotelReviews?hotelId=2937&pageSize=50&referer=https%3A%2F%2Fwww.agoda.com%2Fvenetian-resort-hotel-casino%2Fhotel%2Flas-vegas-nv-us.html&providerMode=separate,24,2026-06-07T16:23:33.156739+00:00
HVEGAS001,The Venetian Resort Las Vegas,Las Vegas,United States,agoda,agoda,332.0,Agoda,63e0d6565d1c7db4,2024-10-18,2024,2024-10-10,2024.0,9.2,0.0,10.0,9.2,https://www.agoda.com/api/cronos/property/review/HotelReviews?hotelId=2937&pageSize=50&referer=https%3A%2F%2Fwww.agoda.com%2Fvenetian-resort-hotel-casino%2Fhotel%2Flas-vegas-nv-us.html&providerMode=separate,3,2026-06-07T16:23:33.156739+00:00
HVEGAS001,The Venetian Resort Las Vegas,Las Vegas,United States,agoda,agoda,332.0,Agoda,50e9b4c5e9d1cf2c,2024-10-19,2024,2024-10-13,2024.0,10.0,0.0,10.0,10.0,https://www.agoda.com/api/cronos/property/review/HotelReviews?hotelId=2937&pageSize=50&referer=https%3A%2F%2Fwww.agoda.com%2Fvenetian-resort-hotel-casino%2Fhotel%2Flas-vegas-nv-us.html&providerMode=separate,3,2026-06-07T16:23:33.156739+00:00
HVEGAS001,The Venetian Resort Las Vegas,Las Vegas,United States,agoda,agoda,332.0,Agoda,f5790e14abd31d4e,2024-10-21,2024,2024-10-10,2024.0,10.0,0.0,10.0,10.0,https://www.agoda.com/api/cronos/property/review/HotelReviews?hotelId=2937&pageSize=50&referer=https%3A%2F%2Fwww.agoda.com%2Fvenetian-resort-hotel-casino%2Fhotel%2Flas-vegas-nv-us.html&providerMode=separate,3,2026-06-07T16:23:33.156739+00:00
HVEGAS001,The Venetian Resort Las Vegas,Las Vegas,United States,agoda,agoda,332.0,Agoda,ecb38b39207d3f7e,2024-10-28,2024,2024-10-23,2024.0,9.2,0.0,10.0,9.2,https://www.agoda.com/api/cronos/property/review/HotelReviews?hotelId=2937&pageSize=50&referer=https%3A%2F%2Fwww.agoda.com%2Fvenetian-resort-hotel-casino%2Fhotel%2Flas-vegas-nv-us.html&providerMode=separate,3,2026-06-07T16:23:33.156739+00:00
HVEGAS001,The Venetian Resort Las Vegas,Las Vegas,United States,agoda,agoda,332.0,Agoda,bacd0696870a00ba,2024-10-28,2024,2024-10-23,2024.0,10.0,0.0,10.0,10.0,https://www.agoda.com/api/cronos/property/review/HotelReviews?hotelId=2937&pageSize=50&referer=https%3A%2F%2Fwww.agoda.com%2Fvenetian-resort-hotel-casino%2Fhotel%2Flas-vegas-nv-us.html&providerMode=separate,23,2026-06-07T16:23:33.156739+00:00
HVEGAS001,The Venetian Resort Las Vegas,Las Vegas,United States,agoda,agoda,332.0,Agoda,88333eeb305ee2cd,2024-10-30,2024,2024-10-15,2024.0,8.8,0.0,10.0,8.8,https://www.agoda.com/api/cronos/property/review/HotelReviews?hotelId=2937&pageSize=50&referer=https%3A%2F%2Fwww.agoda.com%2Fvenetian-resort-hotel-casino%2Fhotel%2Flas-vegas-nv-us.html&providerMode=separate,23,2026-06-07T16:23:33.156739+00:00
HVEGAS001,The Venetian Resort Las Vegas,Las Vegas,United States,agoda,agoda,332.0,Agoda,72da2b91f459dbaa,2024-11-04,2024,2024-11-03,2024.0,10.0,0.0,10.0,10.0,https://www.agoda.com/api/cronos/property/review/HotelReviews?hotelId=2937&pageSize=50&referer=https%3A%2F%2Fwww.agoda.com%2Fvenetian-resort-hotel-casino%2Fhotel%2Flas-vegas-nv-us.html&providerMode=separate,23,2026-06-07T16:23:33.156739+00:00
HVEGAS001,The Venetian Resort Las Vegas,Las Vegas,United States,agoda,agoda,332.0,Agoda,159e29f59c404444,2024-11-05,2024,2024-11-04,2024.0,6.8,0.0,10.0,6.8,https://www.agoda.com/api/cronos/property/review/HotelReviews?hotelId=2937&pageSize=50&referer=https%3A%2F%2Fwww.agoda.com%2Fvenetian-resort-hotel-casino%2Fhotel%2Flas-vegas-nv-us.html&providerMode=separate,3,2026-06-07T16:23:33.156739+00:00
HVEGAS001,The Venetian Resort Las Vegas,Las Vegas,United States,agoda,agoda,332.0,Agoda,af468521d9d0a2e5,2024-11-05,2024,2024-09-22,2024.0,10.0,0.0,10.0,10.0,https://www.agoda.com/api/cronos/property/review/HotelReviews?hotelId=2937&pageSize=50&referer=https%3A%2F%2Fwww.agoda.com%2Fvenetian-resort-hotel-casino%2Fhotel%2Flas-vegas-nv-us.html&providerMode=separate,3,2026-06-07T16:23:33.156739+00:00
HVEGAS001,The Venetian Resort Las Vegas,Las Vegas,United States,agoda,agoda,332.0,Agoda,1ef7b9a59001e5ab,2024-11-05,2024,2024-10-30,2024.0,7.2,0.0,10.0,7.2,https://www.agoda.com/api/cronos/property/review/HotelReviews?hotelId=2937&pageSize=50&referer=https%3A%2F%2Fwww.agoda.com%2Fvenetian-resort-hotel-casino%2Fhotel%2Flas-vegas-nv-us.html&providerMode=separate,24,2026-06-07T16:23:33.156739+00:00
HVEGAS001,The Venetian Resort Las Vegas,Las Vegas,United States,agoda,agoda,332.0,Agoda,06ccda2a7be9ec02,2024-11-09,2024,2024-10-30,2024.0,7.6,0.0,10.0,7.6,https://www.agoda.com/api/cronos/property/review/HotelReviews?hotelId=2937&pageSize=50&referer=https%3A%2F%2Fwww.agoda.com%2Fvenetian-resort-hotel-casino%2Fhotel%2Flas-vegas-nv-us.html&providerMode=separate,24,2026-06-07T16:23:33.156739+00:00
HVEGAS001,The Venetian Resort Las Vegas,Las Vegas,United States,agoda,agoda,332.0,Agoda,aa905e0ea962f29d,2024-11-10,2024,2024-10-23,2024.0,10.0,0.0,10.0,10.0,https://www.agoda.com/api/cronos/property/review/HotelReviews?hotelId=2937&pageSize=50&referer=https%3A%2F%2Fwww.agoda.com%2Fvenetian-resort-hotel-casino%2Fhotel%2Flas-vegas-nv-us.html&providerMode=separate,3,2026-06-07T16:23:33.156739+00:00
HVEGAS001,The Venetian Resort Las Vegas,Las Vegas,United States,agoda,agoda,332.0,Agoda,ad0c059f7e6450cc,2024-11-15,2024,2024-09-12,2024.0,10.0,0.0,10.0,10.0,https://www.agoda.com/api/cronos/property/review/HotelReviews?hotelId=2937&pageSize=50&referer=https%3A%2F%2Fwww.agoda.com%2Fvenetian-resort-hotel-casino%2Fhotel%2Flas-vegas-nv-us.html&providerMode=separate,33,2026-06-07T16:23:33.156739+00:00
HVEGAS001,The Venetian Resort Las Vegas,Las Vegas,United States,agoda,agoda,332.0,Agoda,87946ead18a4917e,2024-11-18,2024,2024-08-12,2024.0,10.0,0.0,10.0,10.0,https://www.agoda.com/api/cronos/property/review/HotelReviews?hotelId=2937&pageSize=50&referer=https%3A%2F%2Fwww.agoda.com%2Fvenetian-resort-hotel-casino%2Fhotel%2Flas-vegas-nv-us.html&providerMode=separate,3,2026-06-07T16:23:33.156739+00:00
HVEGAS001,The Venetian Resort Las Vegas,Las Vegas,United States,agoda,agoda,332.0,Agoda,77d5e81679ace4b9,2024-11-24,2024,2024-09-12,2024.0,9.2,0.0,10.0,9.2,https://www.agoda.com/api/cronos/property/review/HotelReviews?hotelId=2937&pageSize=50&referer=https%3A%2F%2Fwww.agoda.com%2Fvenetian-resort-hotel-casino%2Fhotel%2Flas-vegas-nv-us.html&providerMode=separate,23,2026-06-07T16:23:33.156739+00:00
HVEGAS001,The Venetian Resort Las Vegas,Las Vegas,United States,agoda,agoda,332.0,Agoda,aca26d01ed3a24ee,2024-11-25,2024,2024-11-24,2024.0,4.8,0.0,10.0,4.8,https://www.agoda.com/api/cronos/property/review/HotelReviews?hotelId=2937&pageSize=50&referer=https%3A%2F%2Fwww.agoda.com%2Fvenetian-resort-hotel-casino%2Fhotel%2Flas-vegas-nv-us.html&providerMode=separate,3,2026-06-07T16:23:33.156739+00:00
HVEGAS001,The Venetian Resort Las Vegas,Las Vegas,United States,agoda,agoda,332.0,Agoda,1f2f0a30abdd201e,2024-11-25,2024,2024-11-17,2024.0,9.2,0.0,10.0,9.2,https://www.agoda.com/api/cronos/property/review/HotelReviews?hotelId=2937&pageSize=50&referer=https%3A%2F%2Fwww.agoda.com%2Fvenetian-resort-hotel-casino%2Fhotel%2Flas-vegas-nv-us.html&providerMode=separate,3,2026-06-07T16:23:33.156739+00:00
HVEGAS001,The Venetian Resort Las Vegas,Las Vegas,United States,agoda,agoda,332.0,Agoda,23cc1e0003b0271f,2024-11-29,2024,2023-12-21,2023.0,10.0,0.0,10.0,10.0,https://www.agoda.com/api/cronos/property/review/HotelReviews?hotelId=2937&pageSize=50&referer=https%3A%2F%2Fwww.agoda.com%2Fvenetian-resort-hotel-casino%2Fhotel%2Flas-vegas-nv-us.html&providerMode=separate,25,2026-06-07T16:23:33.156739+00:00
HVEGAS001,The Venetian Resort Las Vegas,Las Vegas,United States,agoda,agoda,332.0,Agoda,4d80402e3c7a4133,2024-11-30,2024,2024-11-20,2024.0,9.6,0.0,10.0,9.6,https://www.agoda.com/api/cronos/property/review/HotelReviews?hotelId=2937&pageSize=50&referer=https%3A%2F%2Fwww.agoda.com%2Fvenetian-resort-hotel-casino%2Fhotel%2Flas-vegas-nv-us.html&providerMode=separate,23,2026-06-07T16:23:33.156739+00:00
HVEGAS001,The Venetian Resort Las Vegas,Las Vegas,United States,agoda,agoda,332.0,Agoda,dfa259cff0492cfb,2024-12-06,2024,2024-12-01,2024.0,2.4,0.0,10.0,2.4,https://www.agoda.com/api/cronos/property/review/HotelReviews?hotelId=2937&pageSize=50&referer=https%3A%2F%2Fwww.agoda.com%2Fvenetian-resort-hotel-casino%2Fhotel%2Flas-vegas-nv-us.html&providerMode=separate,24,2026-06-07T16:23:33.156739+00:00
HVEGAS001,The Venetian Resort Las Vegas,Las Vegas,United States,agoda,agoda,332.0,Agoda,d301e86b9177e222,2024-12-06,2024,2024-11-14,2024.0,10.0,0.0,10.0,10.0,https://www.agoda.com/api/cronos/property/review/HotelReviews?hotelId=2937&pageSize=50&referer=https%3A%2F%2Fwww.agoda.com%2Fvenetian-resort-hotel-casino%2Fhotel%2Flas-vegas-nv-us.html&providerMode=separate,32,2026-06-07T16:23:33.156739+00:00
HVEGAS001,The Venetian Resort Las Vegas,Las Vegas,United States,agoda,agoda,332.0,Agoda,a191f77a59b1a5ab,2024-12-07,2024,2024-09-07,2024.0,10.0,0.0,10.0,10.0,https://www.agoda.com/api/cronos/property/review/HotelReviews?hotelId=2937&pageSize=50&referer=https%3A%2F%2Fwww.agoda.com%2Fvenetian-resort-hotel-casino%2Fhotel%2Flas-vegas-nv-us.html&providerMode=separate,27,2026-06-07T16:23:33.156739+00:00
HVEGAS001,The Venetian Resort Las Vegas,Las Vegas,United States,agoda,agoda,332.0,Agoda,ad67cdfa3f9575e4,2024-12-12,2024,2024-12-08,2024.0,3.6,0.0,10.0,3.6,https://www.agoda.com/api/cronos/property/review/HotelReviews?hotelId=2937&pageSize=50&referer=https%3A%2F%2Fwww.agoda.com%2Fvenetian-resort-hotel-casino%2Fhotel%2Flas-vegas-nv-us.html&providerMode=separate,3,2026-06-07T16:23:33.156739+00:00
HVEGAS001,The Venetian Resort Las Vegas,Las Vegas,United States,agoda,agoda,332.0,Agoda,e079de12be8a44a2,2024-12-13,2024,2024-09-21,2024.0,8.0,0.0,10.0,8.0,https://www.agoda.com/api/cronos/property/review/HotelReviews?hotelId=2937&pageSize=50&referer=https%3A%2F%2Fwww.agoda.com%2Fvenetian-resort-hotel-casino%2Fhotel%2Flas-vegas-nv-us.html&providerMode=separate,3,2026-06-07T16:23:33.156739+00:00
HVEGAS001,The Venetian Resort Las Vegas,Las Vegas,United States,agoda,agoda,332.0,Agoda,c547ad694777461a,2024-12-13,2024,2024-12-08,2024.0,10.0,0.0,10.0,10.0,https://www.agoda.com/api/cronos/property/review/HotelReviews?hotelId=2937&pageSize=50&referer=https%3A%2F%2Fwww.agoda.com%2Fvenetian-resort-hotel-casino%2Fhotel%2Flas-vegas-nv-us.html&providerMode=separate,23,2026-06-07T16:23:33.156739+00:00
HVEGAS001,The Venetian Resort Las Vegas,Las Vegas,United States,agoda,agoda,332.0,Agoda,03981ad3002745d5,2024-12-17,2024,2024-12-11,2024.0,10.0,0.0,10.0,10.0,https://www.agoda.com/api/cronos/property/review/HotelReviews?hotelId=2937&pageSize=50&referer=https%3A%2F%2Fwww.agoda.com%2Fvenetian-resort-hotel-casino%2Fhotel%2Flas-vegas-nv-us.html&providerMode=separate,3,2026-06-07T16:23:33.156739+00:00
HVEGAS001,The Venetian Resort Las Vegas,Las Vegas,United States,agoda,agoda,332.0,Agoda,ffb5a8b685cb1ed3,2024-12-18,2024,2024-01-01,2024.0,10.0,0.0,10.0,10.0,https://www.agoda.com/api/cronos/property/review/HotelReviews?hotelId=2937&pageSize=50&referer=https%3A%2F%2Fwww.agoda.com%2Fvenetian-resort-hotel-casino%2Fhotel%2Flas-vegas-nv-us.html&providerMode=separate,33,2026-06-07T16:23:33.156739+00:00
HVEGAS001,The Venetian Resort Las Vegas,Las Vegas,United States,agoda,agoda,332.0,Agoda,9609b45cb61f0b35,2024-12-19,2024,2024-08-08,2024.0,7.2,0.0,10.0,7.2,https://www.agoda.com/api/cronos/property/review/HotelReviews?hotelId=2937&pageSize=50&referer=https%3A%2F%2Fwww.agoda.com%2Fvenetian-resort-hotel-casino%2Fhotel%2Flas-vegas-nv-us.html&providerMode=separate,3,2026-06-07T16:23:33.156739+00:00
HVEGAS001,The Venetian Resort Las Vegas,Las Vegas,United States,agoda,agoda,332.0,Agoda,6ffa038cc88c5bec,2024-12-19,2024,2024-07-29,2024.0,9.6,0.0,10.0,9.6,https://www.agoda.com/api/cronos/property/review/HotelReviews?hotelId=2937&pageSize=50&referer=https%3A%2F%2Fwww.agoda.com%2Fvenetian-resort-hotel-casino%2Fhotel%2Flas-vegas-nv-us.html&providerMode=separate,29,2026-06-07T16:23:33.156739+00:00
HVEGAS001,The Venetian Resort Las Vegas,Las Vegas,United States,agoda,agoda,332.0,Agoda,17d1f295d6832d15,2024-12-19,2024,2024-07-29,2024.0,9.6,0.0,10.0,9.6,https://www.agoda.com/api/cronos/property/review/HotelReviews?hotelId=2937&pageSize=50&referer=https%3A%2F%2Fwww.agoda.com%2Fvenetian-resort-hotel-casino%2Fhotel%2Flas-vegas-nv-us.html&providerMode=separate,29,2026-06-07T16:23:33.156739+00:00
HVEGAS001,The Venetian Resort Las Vegas,Las Vegas,United States,agoda,agoda,332.0,Agoda,16aec47639775c31,2024-12-20,2024,2024-12-18,2024.0,10.0,0.0,10.0,10.0,https://www.agoda.com/api/cronos/property/review/HotelReviews?hotelId=2937&pageSize=50&referer=https%3A%2F%2Fwww.agoda.com%2Fvenetian-resort-hotel-casino%2Fhotel%2Flas-vegas-nv-us.html&providerMode=separate,27,2026-06-07T16:23:33.156739+00:00
HVEGAS001,The Venetian Resort Las Vegas,Las Vegas,United States,agoda,agoda,332.0,Agoda,1a88ea3f7eb71b20,2024-12-20,2024,2024-12-18,2024.0,9.6,0.0,10.0,9.6,https://www.agoda.com/api/cronos/property/review/HotelReviews?hotelId=2937&pageSize=50&referer=https%3A%2F%2Fwww.agoda.com%2Fvenetian-resort-hotel-casino%2Fhotel%2Flas-vegas-nv-us.html&providerMode=separate,27,2026-06-07T16:23:33.156739+00:00
HVEGAS001,The Venetian Resort Las Vegas,Las Vegas,United States,agoda,agoda,332.0,Agoda,f24397d7138cfc90,2024-12-21,2024,2024-12-18,2024.0,10.0,0.0,10.0,10.0,https://www.agoda.com/api/cronos/property/review/HotelReviews?hotelId=2937&pageSize=50&referer=https%3A%2F%2Fwww.agoda.com%2Fvenetian-resort-hotel-casino%2Fhotel%2Flas-vegas-nv-us.html&providerMode=separate,3,2026-06-07T16:23:33.156739+00:00
HVEGAS001,The Venetian Resort Las Vegas,Las Vegas,United States,agoda,agoda,332.0,Agoda,fce30aa65b020b83,2024-12-22,2024,2024-12-20,2024.0,10.0,0.0,10.0,10.0,https://www.agoda.com/api/cronos/property/review/HotelReviews?hotelId=2937&pageSize=50&referer=https%3A%2F%2Fwww.agoda.com%2Fvenetian-resort-hotel-casino%2Fhotel%2Flas-vegas-nv-us.html&providerMode=separate,3,2026-06-07T16:23:33.156739+00:00
HVEGAS001,The Venetian Resort Las Vegas,Las Vegas,United States,agoda,agoda,332.0,Agoda,cac69c6130753d05,2024-12-22,2024,2024-10-06,2024.0,8.0,0.0,10.0,8.0,https://www.agoda.com/api/cronos/property/review/HotelReviews?hotelId=2937&pageSize=50&referer=https%3A%2F%2Fwww.agoda.com%2Fvenetian-resort-hotel-casino%2Fhotel%2Flas-vegas-nv-us.html&providerMode=separate,23,2026-06-07T16:23:33.156739+00:00
HVEGAS001,The Venetian Resort Las Vegas,Las Vegas,United States,agoda,agoda,332.0,Agoda,93b0bc59c39c9140,2024-12-23,2024,2024-10-30,2024.0,8.8,0.0,10.0,8.8,https://www.agoda.com/api/cronos/property/review/HotelReviews?hotelId=2937&pageSize=50&referer=https%3A%2F%2Fwww.agoda.com%2Fvenetian-resort-hotel-casino%2Fhotel%2Flas-vegas-nv-us.html&providerMode=separate,3,2026-06-07T16:23:33.156739+00:00
HVEGAS001,The Venetian Resort Las Vegas,Las Vegas,United States,agoda,agoda,332.0,Agoda,d50ce028159bd4aa,2024-12-24,2024,2024-12-23,2024.0,8.8,0.0,10.0,8.8,https://www.agoda.com/api/cronos/property/review/HotelReviews?hotelId=2937&pageSize=50&referer=https%3A%2F%2Fwww.agoda.com%2Fvenetian-resort-hotel-casino%2Fhotel%2Flas-vegas-nv-us.html&providerMode=separate,2,2026-06-07T16:23:33.156739+00:00
HVEGAS001,The Venetian Resort Las Vegas,Las Vegas,United States,agoda,agoda,332.0,Agoda,62da25dae55e0c50,2024-12-24,2024,2024-12-19,2024.0,5.6,0.0,10.0,5.6,https://www.agoda.com/api/cronos/property/review/HotelReviews?hotelId=2937&pageSize=50&referer=https%3A%2F%2Fwww.agoda.com%2Fvenetian-resort-hotel-casino%2Fhotel%2Flas-vegas-nv-us.html&providerMode=separate,2,2026-06-07T16:23:33.156739+00:00
HVEGAS001,The Venetian Resort Las Vegas,Las Vegas,United States,agoda,agoda,332.0,Agoda,ebebaab028ba2697,2024-12-24,2024,2024-12-19,2024.0,6.0,0.0,10.0,6.0,https://www.agoda.com/api/cronos/property/review/HotelReviews?hotelId=2937&pageSize=50&referer=https%3A%2F%2Fwww.agoda.com%2Fvenetian-resort-hotel-casino%2Fhotel%2Flas-vegas-nv-us.html&providerMode=separate,2,2026-06-07T16:23:33.156739+00:00
HVEGAS001,The Venetian Resort Las Vegas,Las Vegas,United States,agoda,agoda,332.0,Agoda,44dab2bd12ed59c7,2024-12-24,2024,2024-12-22,2024.0,10.0,0.0,10.0,10.0,https://www.agoda.com/api/cronos/property/review/HotelReviews?hotelId=2937&pageSize=50&referer=https%3A%2F%2Fwww.agoda.com%2Fvenetian-resort-hotel-casino%2Fhotel%2Flas-vegas-nv-us.html&providerMode=separate,3,2026-06-07T16:23:33.156739+00:00
HVEGAS001,The Venetian Resort Las Vegas,Las Vegas,United States,agoda,agoda,332.0,Agoda,a572eee487933dcb,2024-12-25,2024,2024-12-19,2024.0,10.0,0.0,10.0,10.0,https://www.agoda.com/api/cronos/property/review/HotelReviews?hotelId=2937&pageSize=50&referer=https%3A%2F%2Fwww.agoda.com%2Fvenetian-resort-hotel-casino%2Fhotel%2Flas-vegas-nv-us.html&providerMode=separate,27,2026-06-07T16:23:33.156739+00:00
HVEGAS001,The Venetian Resort Las Vegas,Las Vegas,United States,agoda,agoda,332.0,Agoda,6785ea1e17c2f050,2024-12-26,2024,2024-12-18,2024.0,8.8,0.0,10.0,8.8,https://www.agoda.com/api/cronos/property/review/HotelReviews?hotelId=2937&pageSize=50&referer=https%3A%2F%2Fwww.agoda.com%2Fvenetian-resort-hotel-casino%2Fhotel%2Flas-vegas-nv-us.html&providerMode=separate,2,2026-06-07T16:23:33.156739+00:00
HVEGAS001,The Venetian Resort Las Vegas,Las Vegas,United States,agoda,agoda,332.0,Agoda,abb421b14d6e032e,2024-12-26,2024,2024-12-25,2024.0,4.0,0.0,10.0,4.0,https://www.agoda.com/api/cronos/property/review/HotelReviews?hotelId=2937&pageSize=50&referer=https%3A%2F%2Fwww.agoda.com%2Fvenetian-resort-hotel-casino%2Fhotel%2Flas-vegas-nv-us.html&providerMode=separate,2,2026-06-07T16:23:33.156739+00:00
HVEGAS001,The Venetian Resort Las Vegas,Las Vegas,United States,agoda,agoda,332.0,Agoda,dcc2d502d120c59a,2024-12-29,2024,2024-12-24,2024.0,8.0,0.0,10.0,8.0,https://www.agoda.com/api/cronos/property/review/HotelReviews?hotelId=2937&pageSize=50&referer=https%3A%2F%2Fwww.agoda.com%2Fvenetian-resort-hotel-casino%2Fhotel%2Flas-vegas-nv-us.html&providerMode=separate,33,2026-06-07T16:23:33.156739+00:00
HVEGAS001,The Venetian Resort Las Vegas,Las Vegas,United States,agoda,agoda,332.0,Agoda,dddfcf171cb932f9,2024-12-30,2024,2024-12-23,2024.0,8.0,0.0,10.0,8.0,https://www.agoda.com/api/cronos/property/review/HotelReviews?hotelId=2937&pageSize=50&referer=https%3A%2F%2Fwww.agoda.com%2Fvenetian-resort-hotel-casino%2Fhotel%2Flas-vegas-nv-us.html&providerMode=separate,2,2026-06-07T16:23:33.156739+00:00
HVEGAS001,The Venetian Resort Las Vegas,Las Vegas,United States,agoda,agoda,332.0,Agoda,7f34be95a7febf1d,2025-01-01,2025,2024-12-27,2024.0,9.6,0.0,10.0,9.6,https://www.agoda.com/api/cronos/property/review/HotelReviews?hotelId=2937&pageSize=50&referer=https%3A%2F%2Fwww.agoda.com%2Fvenetian-resort-hotel-casino%2Fhotel%2Flas-vegas-nv-us.html&providerMode=separate,2,2026-06-07T16:23:33.156739+00:00
HVEGAS001,The Venetian Resort Las Vegas,Las Vegas,United States,agoda,agoda,332.0,Agoda,46147e43fc30450b,2025-01-04,2025,2024-12-24,2024.0,7.2,0.0,10.0,7.2,https://www.agoda.com/api/cronos/property/review/HotelReviews?hotelId=2937&pageSize=50&referer=https%3A%2F%2Fwww.agoda.com%2Fvenetian-resort-hotel-casino%2Fhotel%2Flas-vegas-nv-us.html&providerMode=separate,27,2026-06-07T16:23:33.156739+00:00
HVEGAS001,The Venetian Resort Las Vegas,Las Vegas,United States,agoda,agoda,332.0,Agoda,688eee1145f6547a,2025-01-04,2025,2024-09-07,2024.0,9.6,0.0,10.0,9.6,https://www.agoda.com/api/cronos/property/review/HotelReviews?hotelId=2937&pageSize=50&referer=https%3A%2F%2Fwww.agoda.com%2Fvenetian-resort-hotel-casino%2Fhotel%2Flas-vegas-nv-us.html&providerMode=separate,27,2026-06-07T16:23:33.156739+00:00
HVEGAS001,The Venetian Resort Las Vegas,Las Vegas,United States,agoda,agoda,332.0,Agoda,0d15954066bec62f,2025-01-05,2025,2024-12-23,2024.0,9.6,0.0,10.0,9.6,https://www.agoda.com/api/cronos/property/review/HotelReviews?hotelId=2937&pageSize=50&referer=https%3A%2F%2Fwww.agoda.com%2Fvenetian-resort-hotel-casino%2Fhotel%2Flas-vegas-nv-us.html&providerMode=separate,2,2026-06-07T16:23:33.156739+00:00
HVEGAS001,The Venetian Resort Las Vegas,Las Vegas,United States,agoda,agoda,332.0,Agoda,d93caafa7bd15581,2025-01-06,2025,2024-12-23,2024.0,8.0,0.0,10.0,8.0,https://www.agoda.com/api/cronos/property/review/HotelReviews?hotelId=2937&pageSize=50&referer=https%3A%2F%2Fwww.agoda.com%2Fvenetian-resort-hotel-casino%2Fhotel%2Flas-vegas-nv-us.html&providerMode=separate,2,2026-06-07T16:23:33.156739+00:00
HVEGAS001,The Venetian Resort Las Vegas,Las Vegas,United States,agoda,agoda,332.0,Agoda,310f5e070a8fa5de,2025-01-06,2025,2024-12-25,2024.0,8.4,0.0,10.0,8.4,https://www.agoda.com/api/cronos/property/review/HotelReviews?hotelId=2937&pageSize=50&referer=https%3A%2F%2Fwww.agoda.com%2Fvenetian-resort-hotel-casino%2Fhotel%2Flas-vegas-nv-us.html&providerMode=separate,2,2026-06-07T16:23:33.156739+00:00
HVEGAS001,The Venetian Resort Las Vegas,Las Vegas,United States,agoda,agoda,332.0,Agoda,5b63e9862eb30810,2025-01-06,2025,2024-12-22,2024.0,5.2,0.0,10.0,5.2,https://www.agoda.com/api/cronos/property/review/HotelReviews?hotelId=2937&pageSize=50&referer=https%3A%2F%2Fwww.agoda.com%2Fvenetian-resort-hotel-casino%2Fhotel%2Flas-vegas-nv-us.html&providerMode=separate,26,2026-06-07T16:23:33.156739+00:00
HVEGAS001,The Venetian Resort Las Vegas,Las Vegas,United States,agoda,agoda,332.0,Agoda,12b1aa95635c6c99,2025-01-06,2025,2025-01-04,2025.0,6.8,0.0,10.0,6.8,https://www.agoda.com/api/cronos/property/review/HotelReviews?hotelId=2937&pageSize=50&referer=https%3A%2F%2Fwww.agoda.com%2Fvenetian-resort-hotel-casino%2Fhotel%2Flas-vegas-nv-us.html&providerMode=separate,29,2026-06-07T16:23:33.156739+00:00
HVEGAS001,The Venetian Resort Las Vegas,Las Vegas,United States,agoda,agoda,332.0,Agoda,af4a445eea739796,2025-01-07,2025,2025-01-04,2025.0,10.0,0.0,10.0,10.0,https://www.agoda.com/api/cronos/property/review/HotelReviews?hotelId=2937&pageSize=50&referer=https%3A%2F%2Fwww.agoda.com%2Fvenetian-resort-hotel-casino%2Fhotel%2Flas-vegas-nv-us.html&providerMode=separate,23,2026-06-07T16:23:33.156739+00:00
HVEGAS001,The Venetian Resort Las Vegas,Las Vegas,United States,agoda,agoda,332.0,Agoda,a47b56881b281c79,2025-01-07,2025,2025-01-06,2025.0,9.2,0.0,10.0,9.2,https://www.agoda.com/api/cronos/property/review/HotelReviews?hotelId=2937&pageSize=50&referer=https%3A%2F%2Fwww.agoda.com%2Fvenetian-resort-hotel-casino%2Fhotel%2Flas-vegas-nv-us.html&providerMode=separate,24,2026-06-07T16:23:33.156739+00:00
HVEGAS001,The Venetian Resort Las Vegas,Las Vegas,United States,agoda,agoda,332.0,Agoda,54180834b2cdd974,2025-01-09,2025,2025-01-06,2025.0,8.8,0.0,10.0,8.8,https://www.agoda.com/api/cronos/property/review/HotelReviews?hotelId=2937&pageSize=50&referer=https%3A%2F%2Fwww.agoda.com%2Fvenetian-resort-hotel-casino%2Fhotel%2Flas-vegas-nv-us.html&providerMode=separate,2,2026-06-07T16:23:33.156739+00:00
HVEGAS001,The Venetian Resort Las Vegas,Las Vegas,United States,agoda,agoda,332.0,Agoda,6ed90721035bfbc2,2025-01-10,2025,2024-12-31,2024.0,10.0,0.0,10.0,10.0,https://www.agoda.com/api/cronos/property/review/HotelReviews?hotelId=2937&pageSize=50&referer=https%3A%2F%2Fwww.agoda.com%2Fvenetian-resort-hotel-casino%2Fhotel%2Flas-vegas-nv-us.html&providerMode=separate,21,2026-06-07T16:23:33.156739+00:00
HVEGAS001,The Venetian Resort Las Vegas,Las Vegas,United States,agoda,agoda,332.0,Agoda,7b9dc65374004648,2025-01-11,2025,2025-01-10,2025.0,10.0,0.0,10.0,10.0,https://www.agoda.com/api/cronos/property/review/HotelReviews?hotelId=2937&pageSize=50&referer=https%3A%2F%2Fwww.agoda.com%2Fvenetian-resort-hotel-casino%2Fhotel%2Flas-vegas-nv-us.html&providerMode=separate,2,2026-06-07T16:23:33.156739+00:00
HVEGAS001,The Venetian Resort Las Vegas,Las Vegas,United States,agoda,agoda,332.0,Agoda,3df922a37c0a9825,2025-01-15,2025,2025-01-04,2025.0,4.8,0.0,10.0,4.8,https://www.agoda.com/api/cronos/property/review/HotelReviews?hotelId=2937&pageSize=50&referer=https%3A%2F%2Fwww.agoda.com%2Fvenetian-resort-hotel-casino%2Fhotel%2Flas-vegas-nv-us.html&providerMode=separate,23,2026-06-07T16:23:33.156739+00:00
HVEGAS001,The Venetian Resort Las Vegas,Las Vegas,United States,agoda,agoda,332.0,Agoda,f191ad38d458aa33,2025-01-20,2025,2025-01-16,2025.0,9.2,0.0,10.0,9.2,https://www.agoda.com/api/cronos/property/review/HotelReviews?hotelId=2937&pageSize=50&referer=https%3A%2F%2Fwww.agoda.com%2Fvenetian-resort-hotel-casino%2Fhotel%2Flas-vegas-nv-us.html&providerMode=separate,2,2026-06-07T16:23:33.156739+00:00
HVEGAS001,The Venetian Resort Las Vegas,Las Vegas,United States,agoda,agoda,332.0,Agoda,476f21aefe42d2e7,2025-01-27,2025,2025-01-04,2025.0,10.0,0.0,10.0,10.0,https://www.agoda.com/api/cronos/property/review/HotelReviews?hotelId=2937&pageSize=50&referer=https%3A%2F%2Fwww.agoda.com%2Fvenetian-resort-hotel-casino%2Fhotel%2Flas-vegas-nv-us.html&providerMode=separate,27,2026-06-07T16:23:33.156739+00:00
HVEGAS001,The Venetian Resort Las Vegas,Las Vegas,United States,agoda,agoda,332.0,Agoda,2261b5298234b702,2025-01-27,2025,2024-12-24,2024.0,10.0,0.0,10.0,10.0,https://www.agoda.com/api/cronos/property/review/HotelReviews?hotelId=2937&pageSize=50&referer=https%3A%2F%2Fwww.agoda.com%2Fvenetian-resort-hotel-casino%2Fhotel%2Flas-vegas-nv-us.html&providerMode=separate,32,2026-06-07T16:23:33.156739+00:00
HVEGAS001,The Venetian Resort Las Vegas,Las Vegas,United States,agoda,agoda,332.0,Agoda,f28dc92872579836,2025-01-28,2025,2025-01-26,2025.0,10.0,0.0,10.0,10.0,https://www.agoda.com/api/cronos/property/review/HotelReviews?hotelId=2937&pageSize=50&referer=https%3A%2F%2Fwww.agoda.com%2Fvenetian-resort-hotel-casino%2Fhotel%2Flas-vegas-nv-us.html&providerMode=separate,27,2026-06-07T16:23:33.156739+00:00
HVEGAS001,The Venetian Resort Las Vegas,Las Vegas,United States,agoda,agoda,332.0,Agoda,66b7fa13dd5d5cfc,2025-02-01,2025,2024-07-22,2024.0,7.6,0.0,10.0,7.6,https://www.agoda.com/api/cronos/property/review/HotelReviews?hotelId=2937&pageSize=50&referer=https%3A%2F%2Fwww.agoda.com%2Fvenetian-resort-hotel-casino%2Fhotel%2Flas-vegas-nv-us.html&providerMode=separate,2,2026-06-07T16:23:33.156739+00:00
HVEGAS001,The Venetian Resort Las Vegas,Las Vegas,United States,agoda,agoda,332.0,Agoda,cb6993b2775aca7d,2025-02-01,2025,2025-01-31,2025.0,8.0,0.0,10.0,8.0,https://www.agoda.com/api/cronos/property/review/HotelReviews?hotelId=2937&pageSize=50&referer=https%3A%2F%2Fwww.agoda.com%2Fvenetian-resort-hotel-casino%2Fhotel%2Flas-vegas-nv-us.html&providerMode=separate,27,2026-06-07T16:23:33.156739+00:00
HVEGAS001,The Venetian Resort Las Vegas,Las Vegas,United States,agoda,agoda,332.0,Agoda,487925c9b051c015,2025-02-01,2025,2025-01-31,2025.0,8.0,0.0,10.0,8.0,https://www.agoda.com/api/cronos/property/review/HotelReviews?hotelId=2937&pageSize=50&referer=https%3A%2F%2Fwww.agoda.com%2Fvenetian-resort-hotel-casino%2Fhotel%2Flas-vegas-nv-us.html&providerMode=separate,27,2026-06-07T16:23:33.156739+00:00
HVEGAS001,The Venetian Resort Las Vegas,Las Vegas,United States,agoda,agoda,332.0,Agoda,81f47764a07997b1,2025-02-02,2025,2025-01-30,2025.0,10.0,0.0,10.0,10.0,https://www.agoda.com/api/cronos/property/review/HotelReviews?hotelId=2937&pageSize=50&referer=https%3A%2F%2Fwww.agoda.com%2Fvenetian-resort-hotel-casino%2Fhotel%2Flas-vegas-nv-us.html&providerMode=separate,32,2026-06-07T16:23:33.156739+00:00
HVEGAS001,The Venetian Resort Las Vegas,Las Vegas,United States,agoda,agoda,332.0,Agoda,249c3a93aee74b47,2025-02-03,2025,2025-01-28,2025.0,9.6,0.0,10.0,9.6,https://www.agoda.com/api/cronos/property/review/HotelReviews?hotelId=2937&pageSize=50&referer=https%3A%2F%2Fwww.agoda.com%2Fvenetian-resort-hotel-casino%2Fhotel%2Flas-vegas-nv-us.html&providerMode=separate,33,2026-06-07T16:23:33.156739+00:00
HVEGAS001,The Venetian Resort Las Vegas,Las Vegas,United States,agoda,agoda,332.0,Agoda,94a026d3b4961444,2025-02-04,2025,2025-01-03,2025.0,10.0,0.0,10.0,10.0,https://www.agoda.com/api/cronos/property/review/HotelReviews?hotelId=2937&pageSize=50&referer=https%3A%2F%2Fwww.agoda.com%2Fvenetian-resort-hotel-casino%2Fhotel%2Flas-vegas-nv-us.html&providerMode=separate,21,2026-06-07T16:23:33.156739+00:00
HVEGAS001,The Venetian Resort Las Vegas,Las Vegas,United States,agoda,agoda,332.0,Agoda,22435372fe364e29,2025-02-05,2025,2025-01-31,2025.0,8.8,0.0,10.0,8.8,https://www.agoda.com/api/cronos/property/review/HotelReviews?hotelId=2937&pageSize=50&referer=https%3A%2F%2Fwww.agoda.com%2Fvenetian-resort-hotel-casino%2Fhotel%2Flas-vegas-nv-us.html&providerMode=separate,2,2026-06-07T16:23:33.156739+00:00
HVEGAS001,The Venetian Resort Las Vegas,Las Vegas,United States,agoda,agoda,332.0,Agoda,98645f14727c8c4e,2025-02-05,2025,2025-01-28,2025.0,9.6,0.0,10.0,9.6,https://www.agoda.com/api/cronos/property/review/HotelReviews?hotelId=2937&pageSize=50&referer=https%3A%2F%2Fwww.agoda.com%2Fvenetian-resort-hotel-casino%2Fhotel%2Flas-vegas-nv-us.html&providerMode=separate,2,2026-06-07T16:23:33.156739+00:00
HVEGAS001,The Venetian Resort Las Vegas,Las Vegas,United States,agoda,agoda,332.0,Agoda,69db7ad7088ba206,2025-02-05,2025,2025-01-30,2025.0,8.4,0.0,10.0,8.4,https://www.agoda.com/api/cronos/property/review/HotelReviews?hotelId=2937&pageSize=50&referer=https%3A%2F%2Fwww.agoda.com%2Fvenetian-resort-hotel-casino%2Fhotel%2Flas-vegas-nv-us.html&providerMode=separate,26,2026-06-07T16:23:33.156739+00:00
HVEGAS001,The Venetian Resort Las Vegas,Las Vegas,United States,agoda,agoda,332.0,Agoda,bad5412922eae45f,2025-02-06,2025,2025-02-01,2025.0,9.2,0.0,10.0,9.2,https://www.agoda.com/api/cronos/property/review/HotelReviews?hotelId=2937&pageSize=50&referer=https%3A%2F%2Fwww.agoda.com%2Fvenetian-resort-hotel-casino%2Fhotel%2Flas-vegas-nv-us.html&providerMode=separate,2,2026-06-07T16:23:33.156739+00:00
HVEGAS001,The Venetian Resort Las Vegas,Las Vegas,United States,agoda,agoda,332.0,Agoda,ef7c3d49db271491,2025-02-06,2025,2025-01-26,2025.0,9.6,0.0,10.0,9.6,https://www.agoda.com/api/cronos/property/review/HotelReviews?hotelId=2937&pageSize=50&referer=https%3A%2F%2Fwww.agoda.com%2Fvenetian-resort-hotel-casino%2Fhotel%2Flas-vegas-nv-us.html&providerMode=separate,33,2026-06-07T16:23:33.156739+00:00
HVEGAS001,The Venetian Resort Las Vegas,Las Vegas,United States,agoda,agoda,332.0,Agoda,2b5dad70d12810b1,2025-02-09,2025,2025-01-28,2025.0,9.2,0.0,10.0,9.2,https://www.agoda.com/api/cronos/property/review/HotelReviews?hotelId=2937&pageSize=50&referer=https%3A%2F%2Fwww.agoda.com%2Fvenetian-resort-hotel-casino%2Fhotel%2Flas-vegas-nv-us.html&providerMode=separate,2,2026-06-07T16:23:33.156739+00:00
HVEGAS001,The Venetian Resort Las Vegas,Las Vegas,United States,agoda,agoda,332.0,Agoda,699191bdf2149937,2025-02-09,2025,2025-02-02,2025.0,6.4,0.0,10.0,6.4,https://www.agoda.com/api/cronos/property/review/HotelReviews?hotelId=2937&pageSize=50&referer=https%3A%2F%2Fwww.agoda.com%2Fvenetian-resort-hotel-casino%2Fhotel%2Flas-vegas-nv-us.html&providerMode=separate,2,2026-06-07T16:23:33.156739+00:00
HVEGAS001,The Venetian Resort Las Vegas,Las Vegas,United States,agoda,agoda,332.0,Agoda,25a83d98476a16a4,2025-02-11,2025,2025-02-05,2025.0,10.0,0.0,10.0,10.0,https://www.agoda.com/api/cronos/property/review/HotelReviews?hotelId=2937&pageSize=50&referer=https%3A%2F%2Fwww.agoda.com%2Fvenetian-resort-hotel-casino%2Fhotel%2Flas-vegas-nv-us.html&providerMode=separate,33,2026-06-07T16:23:33.156739+00:00
HVEGAS001,The Venetian Resort Las Vegas,Las Vegas,United States,agoda,agoda,332.0,Agoda,ee2ebbc31d1a7842,2025-02-12,2025,2024-09-12,2024.0,6.8,0.0,10.0,6.8,https://www.agoda.com/api/cronos/property/review/HotelReviews?hotelId=2937&pageSize=50&referer=https%3A%2F%2Fwww.agoda.com%2Fvenetian-resort-hotel-casino%2Fhotel%2Flas-vegas-nv-us.html&providerMode=separate,2,2026-06-07T16:23:33.156739+00:00
HVEGAS001,The Venetian Resort Las Vegas,Las Vegas,United States,agoda,agoda,332.0,Agoda,8b550a404e1bc6fe,2025-02-14,2025,2025-02-13,2025.0,7.6,0.0,10.0,7.6,https://www.agoda.com/api/cronos/property/review/HotelReviews?hotelId=2937&pageSize=50&referer=https%3A%2F%2Fwww.agoda.com%2Fvenetian-resort-hotel-casino%2Fhotel%2Flas-vegas-nv-us.html&providerMode=separate,2,2026-06-07T16:23:33.156739+00:00
HVEGAS001,The Venetian Resort Las Vegas,Las Vegas,United States,agoda,agoda,332.0,Agoda,e7beb4bc15474d87,2025-02-14,2025,2025-02-12,2025.0,10.0,0.0,10.0,10.0,https://www.agoda.com/api/cronos/property/review/HotelReviews?hotelId=2937&pageSize=50&referer=https%3A%2F%2Fwww.agoda.com%2Fvenetian-resort-hotel-casino%2Fhotel%2Flas-vegas-nv-us.html&providerMode=separate,27,2026-06-07T16:23:33.156739+00:00
HVEGAS001,The Venetian Resort Las Vegas,Las Vegas,United States,agoda,agoda,332.0,Agoda,422d18b5a9eb2b49,2025-02-15,2025,2025-01-28,2025.0,8.8,0.0,10.0,8.8,https://www.agoda.com/api/cronos/property/review/HotelReviews?hotelId=2937&pageSize=50&referer=https%3A%2F%2Fwww.agoda.com%2Fvenetian-resort-hotel-casino%2Fhotel%2Flas-vegas-nv-us.html&providerMode=separate,2,2026-06-07T16:23:33.156739+00:00
HVEGAS001,The Venetian Resort Las Vegas,Las Vegas,United States,agoda,agoda,332.0,Agoda,00c711b827b14591,2025-02-19,2025,2025-02-12,2025.0,10.0,0.0,10.0,10.0,https://www.agoda.com/api/cronos/property/review/HotelReviews?hotelId=2937&pageSize=50&referer=https%3A%2F%2Fwww.agoda.com%2Fvenetian-resort-hotel-casino%2Fhotel%2Flas-vegas-nv-us.html&providerMode=separate,27,2026-06-07T16:23:33.156739+00:00
HVEGAS001,The Venetian Resort Las Vegas,Las Vegas,United States,agoda,agoda,332.0,Agoda,5137034f5b35c40b,2025-02-21,2025,2025-02-18,2025.0,9.2,0.0,10.0,9.2,https://www.agoda.com/api/cronos/property/review/HotelReviews?hotelId=2937&pageSize=50&referer=https%3A%2F%2Fwww.agoda.com%2Fvenetian-resort-hotel-casino%2Fhotel%2Flas-vegas-nv-us.html&providerMode=separate,2,2026-06-07T16:23:33.156739+00:00
HVEGAS001,The Venetian Resort Las Vegas,Las Vegas,United States,agoda,agoda,332.0,Agoda,c22c5bacefe380aa,2025-02-28,2025,2025-02-22,2025.0,10.0,0.0,10.0,10.0,https://www.agoda.com/api/cronos/property/review/HotelReviews?hotelId=2937&pageSize=50&referer=https%3A%2F%2Fwww.agoda.com%2Fvenetian-resort-hotel-casino%2Fhotel%2Flas-vegas-nv-us.html&providerMode=separate,2,2026-06-07T16:23:33.156739+00:00
HVEGAS001,The Venetian Resort Las Vegas,Las Vegas,United States,agoda,agoda,332.0,Agoda,40f27b4bf8e67939,2025-03-03,2025,2025-03-01,2025.0,3.6,0.0,10.0,3.6,https://www.agoda.com/api/cronos/property/review/HotelReviews?hotelId=2937&pageSize=50&referer=https%3A%2F%2Fwww.agoda.com%2Fvenetian-resort-hotel-casino%2Fhotel%2Flas-vegas-nv-us.html&providerMode=separate,2,2026-06-07T16:23:33.156739+00:00
HVEGAS001,The Venetian Resort Las Vegas,Las Vegas,United States,agoda,agoda,332.0,Agoda,003a40175565167d,2025-03-04,2025,2024-12-19,2024.0,10.0,0.0,10.0,10.0,https://www.agoda.com/api/cronos/property/review/HotelReviews?hotelId=2937&pageSize=50&referer=https%3A%2F%2Fwww.agoda.com%2Fvenetian-resort-hotel-casino%2Fhotel%2Flas-vegas-nv-us.html&providerMode=separate,2,2026-06-07T16:23:33.156739+00:00
HVEGAS001,The Venetian Resort Las Vegas,Las Vegas,United States,agoda,agoda,332.0,Agoda,51f491d14cd95b8e,2025-03-10,2025,2025-03-07,2025.0,9.2,0.0,10.0,9.2,https://www.agoda.com/api/cronos/property/review/HotelReviews?hotelId=2937&pageSize=50&referer=https%3A%2F%2Fwww.agoda.com%2Fvenetian-resort-hotel-casino%2Fhotel%2Flas-vegas-nv-us.html&providerMode=separate,2,2026-06-07T16:23:33.156739+00:00
HVEGAS001,The Venetian Resort Las Vegas,Las Vegas,United States,agoda,agoda,332.0,Agoda,e0cfd9990bfd312c,2025-03-17,2025,2025-03-14,2025.0,10.0,0.0,10.0,10.0,https://www.agoda.com/api/cronos/property/review/HotelReviews?hotelId=2937&pageSize=50&referer=https%3A%2F%2Fwww.agoda.com%2Fvenetian-resort-hotel-casino%2Fhotel%2Flas-vegas-nv-us.html&providerMode=separate,2,2026-06-07T16:23:33.156739+00:00
HVEGAS001,The Venetian Resort Las Vegas,Las Vegas,United States,agoda,agoda,332.0,Agoda,2b83b038f3f4b84d,2025-03-31,2025,2025-03-26,2025.0,10.0,0.0,10.0,10.0,https://www.agoda.com/api/cronos/property/review/HotelReviews?hotelId=2937&pageSize=50&referer=https%3A%2F%2Fwww.agoda.com%2Fvenetian-resort-hotel-casino%2Fhotel%2Flas-vegas-nv-us.html&providerMode=separate,2,2026-06-07T16:23:33.156739+00:00
HVEGAS001,The Venetian Resort Las Vegas,Las Vegas,United States,agoda,agoda,332.0,Agoda,2aad3d90efbd593a,2025-04-01,2025,2024-09-12,2024.0,10.0,0.0,10.0,10.0,https://www.agoda.com/api/cronos/property/review/HotelReviews?hotelId=2937&pageSize=50&referer=https%3A%2F%2Fwww.agoda.com%2Fvenetian-resort-hotel-casino%2Fhotel%2Flas-vegas-nv-us.html&providerMode=separate,32,2026-06-07T16:23:33.156739+00:00
HVEGAS001,The Venetian Resort Las Vegas,Las Vegas,United States,agoda,agoda,332.0,Agoda,4e37d924fc2c84f5,2025-04-05,2025,2025-03-30,2025.0,10.0,0.0,10.0,10.0,https://www.agoda.com/api/cronos/property/review/HotelReviews?hotelId=2937&pageSize=50&referer=https%3A%2F%2Fwww.agoda.com%2Fvenetian-resort-hotel-casino%2Fhotel%2Flas-vegas-nv-us.html&providerMode=separate,2,2026-06-07T16:23:33.156739+00:00
HVEGAS001,The Venetian Resort Las Vegas,Las Vegas,United States,agoda,agoda,332.0,Agoda,6b9aa47d5eeb939c,2025-04-07,2025,2025-04-04,2025.0,10.0,0.0,10.0,10.0,https://www.agoda.com/api/cronos/property/review/HotelReviews?hotelId=2937&pageSize=50&referer=https%3A%2F%2Fwww.agoda.com%2Fvenetian-resort-hotel-casino%2Fhotel%2Flas-vegas-nv-us.html&providerMode=separate,2,2026-06-07T16:23:33.156739+00:00
HVEGAS001,The Venetian Resort Las Vegas,Las Vegas,United States,agoda,agoda,332.0,Agoda,89af4b43e493063e,2025-04-08,2025,2024-04-24,2024.0,9.6,0.0,10.0,9.6,https://www.agoda.com/api/cronos/property/review/HotelReviews?hotelId=2937&pageSize=50&referer=https%3A%2F%2Fwww.agoda.com%2Fvenetian-resort-hotel-casino%2Fhotel%2Flas-vegas-nv-us.html&providerMode=separate,2,2026-06-07T16:23:33.156739+00:00
HVEGAS001,The Venetian Resort Las Vegas,Las Vegas,United States,agoda,agoda,332.0,Agoda,30dc0d9e7d348f0b,2025-04-08,2025,2025-04-06,2025.0,10.0,0.0,10.0,10.0,https://www.agoda.com/api/cronos/property/review/HotelReviews?hotelId=2937&pageSize=50&referer=https%3A%2F%2Fwww.agoda.com%2Fvenetian-resort-hotel-casino%2Fhotel%2Flas-vegas-nv-us.html&providerMode=separate,2,2026-06-07T16:23:33.156739+00:00
HVEGAS001,The Venetian Resort Las Vegas,Las Vegas,United States,agoda,agoda,332.0,Agoda,ba23b2e9b7eadf7f,2025-04-10,2025,2025-04-06,2025.0,9.6,0.0,10.0,9.6,https://www.agoda.com/api/cronos/property/review/HotelReviews?hotelId=2937&pageSize=50&referer=https%3A%2F%2Fwww.agoda.com%2Fvenetian-resort-hotel-casino%2Fhotel%2Flas-vegas-nv-us.html&providerMode=separate,2,2026-06-07T16:23:33.156739+00:00
HVEGAS001,The Venetian Resort Las Vegas,Las Vegas,United States,agoda,agoda,332.0,Agoda,18e294e506653eb4,2025-04-13,2025,2025-04-05,2025.0,6.8,0.0,10.0,6.8,https://www.agoda.com/api/cronos/property/review/HotelReviews?hotelId=2937&pageSize=50&referer=https%3A%2F%2Fwww.agoda.com%2Fvenetian-resort-hotel-casino%2Fhotel%2Flas-vegas-nv-us.html&providerMode=separate,33,2026-06-07T16:23:33.156739+00:00
HVEGAS001,The Venetian Resort Las Vegas,Las Vegas,United States,agoda,agoda,332.0,Agoda,4b82dec2da1c6871,2025-04-22,2025,2024-10-22,2024.0,10.0,0.0,10.0,10.0,https://www.agoda.com/api/cronos/property/review/HotelReviews?hotelId=2937&pageSize=50&referer=https%3A%2F%2Fwww.agoda.com%2Fvenetian-resort-hotel-casino%2Fhotel%2Flas-vegas-nv-us.html&providerMode=separate,23,2026-06-07T16:23:33.156739+00:00
HVEGAS001,The Venetian Resort Las Vegas,Las Vegas,United States,agoda,agoda,332.0,Agoda,d062c375563483e5,2025-04-26,2025,2025-04-23,2025.0,8.4,0.0,10.0,8.4,https://www.agoda.com/api/cronos/property/review/HotelReviews?hotelId=2937&pageSize=50&referer=https%3A%2F%2Fwww.agoda.com%2Fvenetian-resort-hotel-casino%2Fhotel%2Flas-vegas-nv-us.html&providerMode=separate,2,2026-06-07T16:23:33.156739+00:00
HVEGAS001,The Venetian Resort Las Vegas,Las Vegas,United States,agoda,agoda,332.0,Agoda,fbe4625ddf2ca1ac,2025-05-01,2025,2025-04-30,2025.0,8.4,0.0,10.0,8.4,https://www.agoda.com/api/cronos/property/review/HotelReviews?hotelId=2937&pageSize=50&referer=https%3A%2F%2Fwww.agoda.com%2Fvenetian-resort-hotel-casino%2Fhotel%2Flas-vegas-nv-us.html&providerMode=separate,21,2026-06-07T16:23:33.156739+00:00
HVEGAS001,The Venetian Resort Las Vegas,Las Vegas,United States,agoda,agoda,332.0,Agoda,d5c993eaccc5c571,2025-05-01,2025,2025-04-30,2025.0,9.6,0.0,10.0,9.6,https://www.agoda.com/api/cronos/property/review/HotelReviews?hotelId=2937&pageSize=50&referer=https%3A%2F%2Fwww.agoda.com%2Fvenetian-resort-hotel-casino%2Fhotel%2Flas-vegas-nv-us.html&providerMode=separate,26,2026-06-07T16:23:33.156739+00:00
HVEGAS001,The Venetian Resort Las Vegas,Las Vegas,United States,agoda,agoda,332.0,Agoda,d333478957021f3e,2025-05-02,2025,2025-05-01,2025.0,9.6,0.0,10.0,9.6,https://www.agoda.com/api/cronos/property/review/HotelReviews?hotelId=2937&pageSize=50&referer=https%3A%2F%2Fwww.agoda.com%2Fvenetian-resort-hotel-casino%2Fhotel%2Flas-vegas-nv-us.html&providerMode=separate,23,2026-06-07T16:23:33.156739+00:00
HVEGAS001,The Venetian Resort Las Vegas,Las Vegas,United States,agoda,agoda,332.0,Agoda,123ce8eae3fc37f0,2025-05-03,2025,2025-04-14,2025.0,10.0,0.0,10.0,10.0,https://www.agoda.com/api/cronos/property/review/HotelReviews?hotelId=2937&pageSize=50&referer=https%3A%2F%2Fwww.agoda.com%2Fvenetian-resort-hotel-casino%2Fhotel%2Flas-vegas-nv-us.html&providerMode=separate,23,2026-06-07T16:23:33.156739+00:00
HVEGAS001,The Venetian Resort Las Vegas,Las Vegas,United States,agoda,agoda,332.0,Agoda,e07de3d34f4ba5dd,2025-05-04,2025,2025-05-03,2025.0,9.2,0.0,10.0,9.2,https://www.agoda.com/api/cronos/property/review/HotelReviews?hotelId=2937&pageSize=50&referer=https%3A%2F%2Fwww.agoda.com%2Fvenetian-resort-hotel-casino%2Fhotel%2Flas-vegas-nv-us.html&providerMode=separate,2,2026-06-07T16:23:33.156739+00:00
HVEGAS001,The Venetian Resort Las Vegas,Las Vegas,United States,agoda,agoda,332.0,Agoda,6e6a500fe02e9e9f,2025-05-04,2025,2025-05-02,2025.0,5.2,0.0,10.0,5.2,https://www.agoda.com/api/cronos/property/review/HotelReviews?hotelId=2937&pageSize=50&referer=https%3A%2F%2Fwww.agoda.com%2Fvenetian-resort-hotel-casino%2Fhotel%2Flas-vegas-nv-us.html&providerMode=separate,26,2026-06-07T16:23:33.156739+00:00
HVEGAS001,The Venetian Resort Las Vegas,Las Vegas,United States,agoda,agoda,332.0,Agoda,d9350747173420ee,2025-05-05,2025,2025-05-01,2025.0,9.6,0.0,10.0,9.6,https://www.agoda.com/api/cronos/property/review/HotelReviews?hotelId=2937&pageSize=50&referer=https%3A%2F%2Fwww.agoda.com%2Fvenetian-resort-hotel-casino%2Fhotel%2Flas-vegas-nv-us.html&providerMode=separate,2,2026-06-07T16:23:33.156739+00:00
HVEGAS001,The Venetian Resort Las Vegas,Las Vegas,United States,agoda,agoda,332.0,Agoda,02517aac872793a6,2025-05-05,2025,2025-04-29,2025.0,10.0,0.0,10.0,10.0,https://www.agoda.com/api/cronos/property/review/HotelReviews?hotelId=2937&pageSize=50&referer=https%3A%2F%2Fwww.agoda.com%2Fvenetian-resort-hotel-casino%2Fhotel%2Flas-vegas-nv-us.html&providerMode=separate,33,2026-06-07T16:23:33.156739+00:00
HVEGAS001,The Venetian Resort Las Vegas,Las Vegas,United States,agoda,agoda,332.0,Agoda,240f7fe0bac25e49,2025-05-06,2025,2025-05-03,2025.0,8.8,0.0,10.0,8.8,https://www.agoda.com/api/cronos/property/review/HotelReviews?hotelId=2937&pageSize=50&referer=https%3A%2F%2Fwww.agoda.com%2Fvenetian-resort-hotel-casino%2Fhotel%2Flas-vegas-nv-us.html&providerMode=separate,2,2026-06-07T16:23:33.156739+00:00
HVEGAS001,The Venetian Resort Las Vegas,Las Vegas,United States,agoda,agoda,332.0,Agoda,89b806315e0bdaa7,2025-05-09,2025,2025-05-02,2025.0,10.0,0.0,10.0,10.0,https://www.agoda.com/api/cronos/property/review/HotelReviews?hotelId=2937&pageSize=50&referer=https%3A%2F%2Fwww.agoda.com%2Fvenetian-resort-hotel-casino%2Fhotel%2Flas-vegas-nv-us.html&providerMode=separate,2,2026-06-07T16:23:33.156739+00:00
HVEGAS001,The Venetian Resort Las Vegas,Las Vegas,United States,agoda,agoda,332.0,Agoda,036e879bc3afddc7,2025-05-18,2025,2025-05-09,2025.0,8.4,0.0,10.0,8.4,https://www.agoda.com/api/cronos/property/review/HotelReviews?hotelId=2937&pageSize=50&referer=https%3A%2F%2Fwww.agoda.com%2Fvenetian-resort-hotel-casino%2Fhotel%2Flas-vegas-nv-us.html&providerMode=separate,2,2026-06-07T16:23:33.156739+00:00
HVEGAS001,The Venetian Resort Las Vegas,Las Vegas,United States,agoda,agoda,332.0,Agoda,26a4044ddf37b2c8,2025-05-21,2025,2025-05-17,2025.0,9.2,0.0,10.0,9.2,https://www.agoda.com/api/cronos/property/review/HotelReviews?hotelId=2937&pageSize=50&referer=https%3A%2F%2Fwww.agoda.com%2Fvenetian-resort-hotel-casino%2Fhotel%2Flas-vegas-nv-us.html&providerMode=separate,2,2026-06-07T16:23:33.156739+00:00
HVEGAS001,The Venetian Resort Las Vegas,Las Vegas,United States,agoda,agoda,332.0,Agoda,f7602b217610ada1,2025-05-26,2025,2025-05-25,2025.0,9.6,0.0,10.0,9.6,https://www.agoda.com/api/cronos/property/review/HotelReviews?hotelId=2937&pageSize=50&referer=https%3A%2F%2Fwww.agoda.com%2Fvenetian-resort-hotel-casino%2Fhotel%2Flas-vegas-nv-us.html&providerMode=separate,2,2026-06-07T16:23:33.156739+00:00
HVEGAS001,The Venetian Resort Las Vegas,Las Vegas,United States,agoda,agoda,332.0,Agoda,9efe2501d386ba69,2025-05-26,2025,2024-09-26,2024.0,8.0,0.0,10.0,8.0,https://www.agoda.com/api/cronos/property/review/HotelReviews?hotelId=2937&pageSize=50&referer=https%3A%2F%2Fwww.agoda.com%2Fvenetian-resort-hotel-casino%2Fhotel%2Flas-vegas-nv-us.html&providerMode=separate,26,2026-06-07T16:23:33.156739+00:00
HVEGAS001,The Venetian Resort Las Vegas,Las Vegas,United States,agoda,agoda,332.0,Agoda,2e05de99e1910dac,2025-06-03,2025,2025-05-31,2025.0,10.0,0.0,10.0,10.0,https://www.agoda.com/api/cronos/property/review/HotelReviews?hotelId=2937&pageSize=50&referer=https%3A%2F%2Fwww.agoda.com%2Fvenetian-resort-hotel-casino%2Fhotel%2Flas-vegas-nv-us.html&providerMode=separate,2,2026-06-07T16:23:33.156739+00:00
HVEGAS001,The Venetian Resort Las Vegas,Las Vegas,United States,agoda,agoda,332.0,Agoda,f0360fdfee83f84d,2025-06-04,2025,2025-05-21,2025.0,9.2,0.0,10.0,9.2,https://www.agoda.com/api/cronos/property/review/HotelReviews?hotelId=2937&pageSize=50&referer=https%3A%2F%2Fwww.agoda.com%2Fvenetian-resort-hotel-casino%2Fhotel%2Flas-vegas-nv-us.html&providerMode=separate,23,2026-06-07T16:23:33.156739+00:00
HVEGAS001,The Venetian Resort Las Vegas,Las Vegas,United States,agoda,agoda,332.0,Agoda,383a810f022445ff,2025-06-05,2025,2025-06-01,2025.0,10.0,0.0,10.0,10.0,https://www.agoda.com/api/cronos/property/review/HotelReviews?hotelId=2937&pageSize=50&referer=https%3A%2F%2Fwww.agoda.com%2Fvenetian-resort-hotel-casino%2Fhotel%2Flas-vegas-nv-us.html&providerMode=separate,2,2026-06-07T16:23:33.156739+00:00
HVEGAS001,The Venetian Resort Las Vegas,Las Vegas,United States,agoda,agoda,332.0,Agoda,72f530eefcde1830,2025-06-07,2025,2025-06-01,2025.0,10.0,0.0,10.0,10.0,https://www.agoda.com/api/cronos/property/review/HotelReviews?hotelId=2937&pageSize=50&referer=https%3A%2F%2Fwww.agoda.com%2Fvenetian-resort-hotel-casino%2Fhotel%2Flas-vegas-nv-us.html&providerMode=separate,2,2026-06-07T16:23:33.156739+00:00
HVEGAS001,The Venetian Resort Las Vegas,Las Vegas,United States,agoda,agoda,332.0,Agoda,22b2079cc62b207f,2025-06-07,2025,2025-06-02,2025.0,9.2,0.0,10.0,9.2,https://www.agoda.com/api/cronos/property/review/HotelReviews?hotelId=2937&pageSize=50&referer=https%3A%2F%2Fwww.agoda.com%2Fvenetian-resort-hotel-casino%2Fhotel%2Flas-vegas-nv-us.html&providerMode=separate,26,2026-06-07T16:23:33.156739+00:00
HVEGAS001,The Venetian Resort Las Vegas,Las Vegas,United States,agoda,agoda,332.0,Agoda,bb040ffddb049836,2025-06-09,2025,2025-06-05,2025.0,10.0,0.0,10.0,10.0,https://www.agoda.com/api/cronos/property/review/HotelReviews?hotelId=2937&pageSize=50&referer=https%3A%2F%2Fwww.agoda.com%2Fvenetian-resort-hotel-casino%2Fhotel%2Flas-vegas-nv-us.html&providerMode=separate,2,2026-06-07T16:23:33.156739+00:00
HVEGAS001,The Venetian Resort Las Vegas,Las Vegas,United States,agoda,agoda,332.0,Agoda,e10f87ac129e0a2b,2025-06-13,2025,2025-06-09,2025.0,10.0,0.0,10.0,10.0,https://www.agoda.com/api/cronos/property/review/HotelReviews?hotelId=2937&pageSize=50&referer=https%3A%2F%2Fwww.agoda.com%2Fvenetian-resort-hotel-casino%2Fhotel%2Flas-vegas-nv-us.html&providerMode=separate,2,2026-06-07T16:23:33.156739+00:00
HVEGAS001,The Venetian Resort Las Vegas,Las Vegas,United States,agoda,agoda,332.0,Agoda,dd64d9670898de54,2025-06-19,2025,2025-06-09,2025.0,9.2,0.0,10.0,9.2,https://www.agoda.com/api/cronos/property/review/HotelReviews?hotelId=2937&pageSize=50&referer=https%3A%2F%2Fwww.agoda.com%2Fvenetian-resort-hotel-casino%2Fhotel%2Flas-vegas-nv-us.html&providerMode=separate,26,2026-06-07T16:23:33.156739+00:00
HVEGAS001,The Venetian Resort Las Vegas,Las Vegas,United States,agoda,agoda,332.0,Agoda,17a1c01b8894f06d,2025-06-20,2025,2025-06-03,2025.0,3.6,0.0,10.0,3.6,https://www.agoda.com/api/cronos/property/review/HotelReviews?hotelId=2937&pageSize=50&referer=https%3A%2F%2Fwww.agoda.com%2Fvenetian-resort-hotel-casino%2Fhotel%2Flas-vegas-nv-us.html&providerMode=separate,33,2026-06-07T16:23:33.156739+00:00
HVEGAS001,The Venetian Resort Las Vegas,Las Vegas,United States,agoda,agoda,332.0,Agoda,08371b8572158106,2025-06-24,2025,2025-06-02,2025.0,10.0,0.0,10.0,10.0,https://www.agoda.com/api/cronos/property/review/HotelReviews?hotelId=2937&pageSize=50&referer=https%3A%2F%2Fwww.agoda.com%2Fvenetian-resort-hotel-casino%2Fhotel%2Flas-vegas-nv-us.html&providerMode=separate,2,2026-06-07T16:23:33.156739+00:00
HVEGAS001,The Venetian Resort Las Vegas,Las Vegas,United States,agoda,agoda,332.0,Agoda,15fc0bb34a3a57b2,2025-06-28,2025,2025-06-27,2025.0,6.8,0.0,10.0,6.8,https://www.agoda.com/api/cronos/property/review/HotelReviews?hotelId=2937&pageSize=50&referer=https%3A%2F%2Fwww.agoda.com%2Fvenetian-resort-hotel-casino%2Fhotel%2Flas-vegas-nv-us.html&providerMode=separate,2,2026-06-07T16:23:33.156739+00:00
HVEGAS001,The Venetian Resort Las Vegas,Las Vegas,United States,agoda,agoda,332.0,Agoda,520c596526528eeb,2025-06-30,2025,2025-06-26,2025.0,6.8,0.0,10.0,6.8,https://www.agoda.com/api/cronos/property/review/HotelReviews?hotelId=2937&pageSize=50&referer=https%3A%2F%2Fwww.agoda.com%2Fvenetian-resort-hotel-casino%2Fhotel%2Flas-vegas-nv-us.html&providerMode=separate,2,2026-06-07T16:23:33.156739+00:00
HVEGAS001,The Venetian Resort Las Vegas,Las Vegas,United States,agoda,agoda,332.0,Agoda,4c9d2a9802e4b49c,2025-07-02,2025,2025-06-27,2025.0,10.0,0.0,10.0,10.0,https://www.agoda.com/api/cronos/property/review/HotelReviews?hotelId=2937&pageSize=50&referer=https%3A%2F%2Fwww.agoda.com%2Fvenetian-resort-hotel-casino%2Fhotel%2Flas-vegas-nv-us.html&providerMode=separate,1,2026-06-07T16:23:33.156739+00:00
HVEGAS001,The Venetian Resort Las Vegas,Las Vegas,United States,agoda,agoda,332.0,Agoda,e990146752f89fb0,2025-07-03,2025,2025-06-29,2025.0,10.0,0.0,10.0,10.0,https://www.agoda.com/api/cronos/property/review/HotelReviews?hotelId=2937&pageSize=50&referer=https%3A%2F%2Fwww.agoda.com%2Fvenetian-resort-hotel-casino%2Fhotel%2Flas-vegas-nv-us.html&providerMode=separate,33,2026-06-07T16:23:33.156739+00:00
HVEGAS001,The Venetian Resort Las Vegas,Las Vegas,United States,agoda,agoda,332.0,Agoda,9b16479f2d69d71b,2025-07-05,2025,2025-07-01,2025.0,8.4,0.0,10.0,8.4,https://www.agoda.com/api/cronos/property/review/HotelReviews?hotelId=2937&pageSize=50&referer=https%3A%2F%2Fwww.agoda.com%2Fvenetian-resort-hotel-casino%2Fhotel%2Flas-vegas-nv-us.html&providerMode=separate,26,2026-06-07T16:23:33.156739+00:00
HVEGAS001,The Venetian Resort Las Vegas,Las Vegas,United States,agoda,agoda,332.0,Agoda,b44c2563791b8f96,2025-07-06,2025,2025-06-01,2025.0,7.2,0.0,10.0,7.2,https://www.agoda.com/api/cronos/property/review/HotelReviews?hotelId=2937&pageSize=50&referer=https%3A%2F%2Fwww.agoda.com%2Fvenetian-resort-hotel-casino%2Fhotel%2Flas-vegas-nv-us.html&providerMode=separate,1,2026-06-07T16:23:33.156739+00:00
HVEGAS001,The Venetian Resort Las Vegas,Las Vegas,United States,agoda,agoda,332.0,Agoda,d57aca149b86bc64,2025-07-07,2025,2025-07-04,2025.0,10.0,0.0,10.0,10.0,https://www.agoda.com/api/cronos/property/review/HotelReviews?hotelId=2937&pageSize=50&referer=https%3A%2F%2Fwww.agoda.com%2Fvenetian-resort-hotel-casino%2Fhotel%2Flas-vegas-nv-us.html&providerMode=separate,1,2026-06-07T16:23:33.156739+00:00
HVEGAS001,The Venetian Resort Las Vegas,Las Vegas,United States,agoda,agoda,332.0,Agoda,367fb19bcba61305,2025-07-09,2025,2025-07-01,2025.0,10.0,0.0,10.0,10.0,https://www.agoda.com/api/cronos/property/review/HotelReviews?hotelId=2937&pageSize=50&referer=https%3A%2F%2Fwww.agoda.com%2Fvenetian-resort-hotel-casino%2Fhotel%2Flas-vegas-nv-us.html&providerMode=separate,1,2026-06-07T16:23:33.156739+00:00
HVEGAS001,The Venetian Resort Las Vegas,Las Vegas,United States,agoda,agoda,332.0,Agoda,9c41b924bf805c6d,2025-07-09,2025,2025-06-28,2025.0,9.2,0.0,10.0,9.2,https://www.agoda.com/api/cronos/property/review/HotelReviews?hotelId=2937&pageSize=50&referer=https%3A%2F%2Fwww.agoda.com%2Fvenetian-resort-hotel-casino%2Fhotel%2Flas-vegas-nv-us.html&providerMode=separate,1,2026-06-07T16:23:33.156739+00:00
HVEGAS001,The Venetian Resort Las Vegas,Las Vegas,United States,agoda,agoda,332.0,Agoda,e53000d6422cbd64,2025-07-09,2025,2025-07-06,2025.0,9.2,0.0,10.0,9.2,https://www.agoda.com/api/cronos/property/review/HotelReviews?hotelId=2937&pageSize=50&referer=https%3A%2F%2Fwww.agoda.com%2Fvenetian-resort-hotel-casino%2Fhotel%2Flas-vegas-nv-us.html&providerMode=separate,32,2026-06-07T16:23:33.156739+00:00
HVEGAS001,The Venetian Resort Las Vegas,Las Vegas,United States,agoda,agoda,332.0,Agoda,e682ddd551c6c779,2025-07-16,2025,2025-02-16,2025.0,10.0,0.0,10.0,10.0,https://www.agoda.com/api/cronos/property/review/HotelReviews?hotelId=2937&pageSize=50&referer=https%3A%2F%2Fwww.agoda.com%2Fvenetian-resort-hotel-casino%2Fhotel%2Flas-vegas-nv-us.html&providerMode=separate,32,2026-06-07T16:23:33.156739+00:00
HVEGAS001,The Venetian Resort Las Vegas,Las Vegas,United States,agoda,agoda,332.0,Agoda,c84a1f6cfa8cd959,2025-07-21,2025,2024-10-13,2024.0,10.0,0.0,10.0,10.0,https://www.agoda.com/api/cronos/property/review/HotelReviews?hotelId=2937&pageSize=50&referer=https%3A%2F%2Fwww.agoda.com%2Fvenetian-resort-hotel-casino%2Fhotel%2Flas-vegas-nv-us.html&providerMode=separate,26,2026-06-07T16:23:33.156739+00:00
HVEGAS001,The Venetian Resort Las Vegas,Las Vegas,United States,agoda,agoda,332.0,Agoda,5d634de6a724a95b,2025-07-23,2025,2025-07-16,2025.0,9.6,0.0,10.0,9.6,https://www.agoda.com/api/cronos/property/review/HotelReviews?hotelId=2937&pageSize=50&referer=https%3A%2F%2Fwww.agoda.com%2Fvenetian-resort-hotel-casino%2Fhotel%2Flas-vegas-nv-us.html&providerMode=separate,1,2026-06-07T16:23:33.156739+00:00
HVEGAS001,The Venetian Resort Las Vegas,Las Vegas,United States,agoda,agoda,332.0,Agoda,2bf1f078600d401c,2025-07-27,2025,2025-07-21,2025.0,10.0,0.0,10.0,10.0,https://www.agoda.com/api/cronos/property/review/HotelReviews?hotelId=2937&pageSize=50&referer=https%3A%2F%2Fwww.agoda.com%2Fvenetian-resort-hotel-casino%2Fhotel%2Flas-vegas-nv-us.html&providerMode=separate,1,2026-06-07T16:23:33.156739+00:00
HVEGAS001,The Venetian Resort Las Vegas,Las Vegas,United States,agoda,agoda,332.0,Agoda,fa7636e490b275b1,2025-07-29,2025,2025-07-20,2025.0,10.0,0.0,10.0,10.0,https://www.agoda.com/api/cronos/property/review/HotelReviews?hotelId=2937&pageSize=50&referer=https%3A%2F%2Fwww.agoda.com%2Fvenetian-resort-hotel-casino%2Fhotel%2Flas-vegas-nv-us.html&providerMode=separate,1,2026-06-07T16:23:33.156739+00:00
HVEGAS001,The Venetian Resort Las Vegas,Las Vegas,United States,agoda,agoda,332.0,Agoda,8a8b655baf6ddf1c,2025-08-01,2025,2025-07-30,2025.0,10.0,0.0,10.0,10.0,https://www.agoda.com/api/cronos/property/review/HotelReviews?hotelId=2937&pageSize=50&referer=https%3A%2F%2Fwww.agoda.com%2Fvenetian-resort-hotel-casino%2Fhotel%2Flas-vegas-nv-us.html&providerMode=separate,33,2026-06-07T16:23:33.156739+00:00
HVEGAS001,The Venetian Resort Las Vegas,Las Vegas,United States,agoda,agoda,332.0,Agoda,df298aa877aede4b,2025-08-03,2025,2025-07-28,2025.0,6.4,0.0,10.0,6.4,https://www.agoda.com/api/cronos/property/review/HotelReviews?hotelId=2937&pageSize=50&referer=https%3A%2F%2Fwww.agoda.com%2Fvenetian-resort-hotel-casino%2Fhotel%2Flas-vegas-nv-us.html&providerMode=separate,1,2026-06-07T16:23:33.156739+00:00
HVEGAS001,The Venetian Resort Las Vegas,Las Vegas,United States,agoda,agoda,332.0,Agoda,253c83ff865a02c4,2025-08-07,2025,2025-08-04,2025.0,10.0,0.0,10.0,10.0,https://www.agoda.com/api/cronos/property/review/HotelReviews?hotelId=2937&pageSize=50&referer=https%3A%2F%2Fwww.agoda.com%2Fvenetian-resort-hotel-casino%2Fhotel%2Flas-vegas-nv-us.html&providerMode=separate,22,2026-06-07T16:23:33.156739+00:00
HVEGAS001,The Venetian Resort Las Vegas,Las Vegas,United States,agoda,agoda,332.0,Agoda,b2a0c94bab0d608e,2025-08-07,2025,2025-08-03,2025.0,9.6,0.0,10.0,9.6,https://www.agoda.com/api/cronos/property/review/HotelReviews?hotelId=2937&pageSize=50&referer=https%3A%2F%2Fwww.agoda.com%2Fvenetian-resort-hotel-casino%2Fhotel%2Flas-vegas-nv-us.html&providerMode=separate,33,2026-06-07T16:23:33.156739+00:00
HVEGAS001,The Venetian Resort Las Vegas,Las Vegas,United States,agoda,agoda,332.0,Agoda,480b2cd93fc12c0a,2025-08-10,2025,2025-08-03,2025.0,10.0,0.0,10.0,10.0,https://www.agoda.com/api/cronos/property/review/HotelReviews?hotelId=2937&pageSize=50&referer=https%3A%2F%2Fwww.agoda.com%2Fvenetian-resort-hotel-casino%2Fhotel%2Flas-vegas-nv-us.html&providerMode=separate,1,2026-06-07T16:23:33.156739+00:00
HVEGAS001,The Venetian Resort Las Vegas,Las Vegas,United States,agoda,agoda,332.0,Agoda,383df7da9833bcd4,2025-08-10,2025,2025-08-03,2025.0,8.8,0.0,10.0,8.8,https://www.agoda.com/api/cronos/property/review/HotelReviews?hotelId=2937&pageSize=50&referer=https%3A%2F%2Fwww.agoda.com%2Fvenetian-resort-hotel-casino%2Fhotel%2Flas-vegas-nv-us.html&providerMode=separate,23,2026-06-07T16:23:33.156739+00:00
HVEGAS001,The Venetian Resort Las Vegas,Las Vegas,United States,agoda,agoda,332.0,Agoda,7ed4b665f37629c3,2025-08-11,2025,2025-07-31,2025.0,10.0,0.0,10.0,10.0,https://www.agoda.com/api/cronos/property/review/HotelReviews?hotelId=2937&pageSize=50&referer=https%3A%2F%2Fwww.agoda.com%2Fvenetian-resort-hotel-casino%2Fhotel%2Flas-vegas-nv-us.html&providerMode=separate,26,2026-06-07T16:23:33.156739+00:00
HVEGAS001,The Venetian Resort Las Vegas,Las Vegas,United States,agoda,agoda,332.0,Agoda,6332b578ce3d29fb,2025-08-11,2025,2025-07-28,2025.0,10.0,0.0,10.0,10.0,https://www.agoda.com/api/cronos/property/review/HotelReviews?hotelId=2937&pageSize=50&referer=https%3A%2F%2Fwww.agoda.com%2Fvenetian-resort-hotel-casino%2Fhotel%2Flas-vegas-nv-us.html&providerMode=separate,33,2026-06-07T16:23:33.156739+00:00
HVEGAS001,The Venetian Resort Las Vegas,Las Vegas,United States,agoda,agoda,332.0,Agoda,502c27daf101df31,2025-08-13,2025,2025-08-10,2025.0,6.0,0.0,10.0,6.0,https://www.agoda.com/api/cronos/property/review/HotelReviews?hotelId=2937&pageSize=50&referer=https%3A%2F%2Fwww.agoda.com%2Fvenetian-resort-hotel-casino%2Fhotel%2Flas-vegas-nv-us.html&providerMode=separate,1,2026-06-07T16:23:33.156739+00:00
HVEGAS001,The Venetian Resort Las Vegas,Las Vegas,United States,agoda,agoda,332.0,Agoda,bfd9c8b123dfb403,2025-08-13,2025,2025-08-03,2025.0,10.0,0.0,10.0,10.0,https://www.agoda.com/api/cronos/property/review/HotelReviews?hotelId=2937&pageSize=50&referer=https%3A%2F%2Fwww.agoda.com%2Fvenetian-resort-hotel-casino%2Fhotel%2Flas-vegas-nv-us.html&providerMode=separate,22,2026-06-07T16:23:33.156739+00:00
HVEGAS001,The Venetian Resort Las Vegas,Las Vegas,United States,agoda,agoda,332.0,Agoda,b2745e7851043232,2025-08-16,2025,2025-08-11,2025.0,8.8,0.0,10.0,8.8,https://www.agoda.com/api/cronos/property/review/HotelReviews?hotelId=2937&pageSize=50&referer=https%3A%2F%2Fwww.agoda.com%2Fvenetian-resort-hotel-casino%2Fhotel%2Flas-vegas-nv-us.html&providerMode=separate,1,2026-06-07T16:23:33.156739+00:00
HVEGAS001,The Venetian Resort Las Vegas,Las Vegas,United States,agoda,agoda,332.0,Agoda,feacee7b233d92bc,2025-08-18,2025,2025-08-14,2025.0,8.0,0.0,10.0,8.0,https://www.agoda.com/api/cronos/property/review/HotelReviews?hotelId=2937&pageSize=50&referer=https%3A%2F%2Fwww.agoda.com%2Fvenetian-resort-hotel-casino%2Fhotel%2Flas-vegas-nv-us.html&providerMode=separate,1,2026-06-07T16:23:33.156739+00:00
HVEGAS001,The Venetian Resort Las Vegas,Las Vegas,United States,agoda,agoda,332.0,Agoda,ce08f3d0b9a59f50,2025-08-18,2025,2025-08-13,2025.0,10.0,0.0,10.0,10.0,https://www.agoda.com/api/cronos/property/review/HotelReviews?hotelId=2937&pageSize=50&referer=https%3A%2F%2Fwww.agoda.com%2Fvenetian-resort-hotel-casino%2Fhotel%2Flas-vegas-nv-us.html&providerMode=separate,1,2026-06-07T16:23:33.156739+00:00
HVEGAS001,The Venetian Resort Las Vegas,Las Vegas,United States,agoda,agoda,332.0,Agoda,b80865a2c1094343,2025-08-19,2025,2025-08-11,2025.0,10.0,0.0,10.0,10.0,https://www.agoda.com/api/cronos/property/review/HotelReviews?hotelId=2937&pageSize=50&referer=https%3A%2F%2Fwww.agoda.com%2Fvenetian-resort-hotel-casino%2Fhotel%2Flas-vegas-nv-us.html&providerMode=separate,22,2026-06-07T16:23:33.156739+00:00
HVEGAS001,The Venetian Resort Las Vegas,Las Vegas,United States,agoda,agoda,332.0,Agoda,97e333760c6b45b8,2025-08-19,2025,2025-08-13,2025.0,7.2,0.0,10.0,7.2,https://www.agoda.com/api/cronos/property/review/HotelReviews?hotelId=2937&pageSize=50&referer=https%3A%2F%2Fwww.agoda.com%2Fvenetian-resort-hotel-casino%2Fhotel%2Flas-vegas-nv-us.html&providerMode=separate,22,2026-06-07T16:23:33.156739+00:00
HVEGAS001,The Venetian Resort Las Vegas,Las Vegas,United States,agoda,agoda,332.0,Agoda,b86c0adff32c15f1,2025-08-20,2025,2024-09-12,2024.0,10.0,0.0,10.0,10.0,https://www.agoda.com/api/cronos/property/review/HotelReviews?hotelId=2937&pageSize=50&referer=https%3A%2F%2Fwww.agoda.com%2Fvenetian-resort-hotel-casino%2Fhotel%2Flas-vegas-nv-us.html&providerMode=separate,1,2026-06-07T16:23:33.156739+00:00
HVEGAS001,The Venetian Resort Las Vegas,Las Vegas,United States,agoda,agoda,332.0,Agoda,618cdf2c05a705fb,2025-08-20,2025,2025-08-03,2025.0,6.0,0.0,10.0,6.0,https://www.agoda.com/api/cronos/property/review/HotelReviews?hotelId=2937&pageSize=50&referer=https%3A%2F%2Fwww.agoda.com%2Fvenetian-resort-hotel-casino%2Fhotel%2Flas-vegas-nv-us.html&providerMode=separate,1,2026-06-07T16:23:33.156739+00:00
HVEGAS001,The Venetian Resort Las Vegas,Las Vegas,United States,agoda,agoda,332.0,Agoda,70170b0003710903,2025-08-22,2025,2025-08-19,2025.0,10.0,0.0,10.0,10.0,https://www.agoda.com/api/cronos/property/review/HotelReviews?hotelId=2937&pageSize=50&referer=https%3A%2F%2Fwww.agoda.com%2Fvenetian-resort-hotel-casino%2Fhotel%2Flas-vegas-nv-us.html&providerMode=separate,1,2026-06-07T16:23:33.156739+00:00
HVEGAS001,The Venetian Resort Las Vegas,Las Vegas,United States,agoda,agoda,332.0,Agoda,b24c9dcc5afff5ad,2025-08-23,2025,2025-08-19,2025.0,6.8,0.0,10.0,6.8,https://www.agoda.com/api/cronos/property/review/HotelReviews?hotelId=2937&pageSize=50&referer=https%3A%2F%2Fwww.agoda.com%2Fvenetian-resort-hotel-casino%2Fhotel%2Flas-vegas-nv-us.html&providerMode=separate,1,2026-06-07T16:23:33.156739+00:00
HVEGAS001,The Venetian Resort Las Vegas,Las Vegas,United States,agoda,agoda,332.0,Agoda,3cf2ae374d76624a,2025-08-24,2025,2025-08-20,2025.0,9.2,0.0,10.0,9.2,https://www.agoda.com/api/cronos/property/review/HotelReviews?hotelId=2937&pageSize=50&referer=https%3A%2F%2Fwww.agoda.com%2Fvenetian-resort-hotel-casino%2Fhotel%2Flas-vegas-nv-us.html&providerMode=separate,21,2026-06-07T16:23:33.156739+00:00
HVEGAS001,The Venetian Resort Las Vegas,Las Vegas,United States,agoda,agoda,332.0,Agoda,f2353ec680ce6646,2025-08-26,2025,2025-08-19,2025.0,10.0,0.0,10.0,10.0,https://www.agoda.com/api/cronos/property/review/HotelReviews?hotelId=2937&pageSize=50&referer=https%3A%2F%2Fwww.agoda.com%2Fvenetian-resort-hotel-casino%2Fhotel%2Flas-vegas-nv-us.html&providerMode=separate,22,2026-06-07T16:23:33.156739+00:00
HVEGAS001,The Venetian Resort Las Vegas,Las Vegas,United States,agoda,agoda,332.0,Agoda,424d564a574224d3,2025-08-30,2025,2025-05-12,2025.0,10.0,0.0,10.0,10.0,https://www.agoda.com/api/cronos/property/review/HotelReviews?hotelId=2937&pageSize=50&referer=https%3A%2F%2Fwww.agoda.com%2Fvenetian-resort-hotel-casino%2Fhotel%2Flas-vegas-nv-us.html&providerMode=separate,1,2026-06-07T16:23:33.156739+00:00
HVEGAS001,The Venetian Resort Las Vegas,Las Vegas,United States,agoda,agoda,332.0,Agoda,216fc110cbe84596,2025-09-08,2025,2025-09-07,2025.0,10.0,0.0,10.0,10.0,https://www.agoda.com/api/cronos/property/review/HotelReviews?hotelId=2937&pageSize=50&referer=https%3A%2F%2Fwww.agoda.com%2Fvenetian-resort-hotel-casino%2Fhotel%2Flas-vegas-nv-us.html&providerMode=separate,1,2026-06-07T16:23:33.156739+00:00
HVEGAS001,The Venetian Resort Las Vegas,Las Vegas,United States,agoda,agoda,332.0,Agoda,3da6a9a4c47ead54,2025-09-12,2025,2025-09-04,2025.0,6.0,0.0,10.0,6.0,https://www.agoda.com/api/cronos/property/review/HotelReviews?hotelId=2937&pageSize=50&referer=https%3A%2F%2Fwww.agoda.com%2Fvenetian-resort-hotel-casino%2Fhotel%2Flas-vegas-nv-us.html&providerMode=separate,1,2026-06-07T16:23:33.156739+00:00
HVEGAS001,The Venetian Resort Las Vegas,Las Vegas,United States,agoda,agoda,332.0,Agoda,f2df651c870bd5a6,2025-09-27,2025,2025-09-15,2025.0,7.2,0.0,10.0,7.2,https://www.agoda.com/api/cronos/property/review/HotelReviews?hotelId=2937&pageSize=50&referer=https%3A%2F%2Fwww.agoda.com%2Fvenetian-resort-hotel-casino%2Fhotel%2Flas-vegas-nv-us.html&providerMode=separate,22,2026-06-07T16:23:33.156739+00:00
HVEGAS001,The Venetian Resort Las Vegas,Las Vegas,United States,agoda,agoda,332.0,Agoda,578b81ef7e41179c,2025-10-08,2025,2025-10-01,2025.0,9.6,0.0,10.0,9.6,https://www.agoda.com/api/cronos/property/review/HotelReviews?hotelId=2937&pageSize=50&referer=https%3A%2F%2Fwww.agoda.com%2Fvenetian-resort-hotel-casino%2Fhotel%2Flas-vegas-nv-us.html&providerMode=separate,24,2026-06-07T16:23:33.156739+00:00
HVEGAS001,The Venetian Resort Las Vegas,Las Vegas,United States,agoda,agoda,332.0,Agoda,795c1ce648f21f21,2025-10-10,2025,2025-09-25,2025.0,9.6,0.0,10.0,9.6,https://www.agoda.com/api/cronos/property/review/HotelReviews?hotelId=2937&pageSize=50&referer=https%3A%2F%2Fwww.agoda.com%2Fvenetian-resort-hotel-casino%2Fhotel%2Flas-vegas-nv-us.html&providerMode=separate,1,2026-06-07T16:23:33.156739+00:00
HVEGAS001,The Venetian Resort Las Vegas,Las Vegas,United States,agoda,agoda,332.0,Agoda,4c66e6a887b41e47,2025-10-15,2025,2025-10-01,2025.0,10.0,0.0,10.0,10.0,https://www.agoda.com/api/cronos/property/review/HotelReviews?hotelId=2937&pageSize=50&referer=https%3A%2F%2Fwww.agoda.com%2Fvenetian-resort-hotel-casino%2Fhotel%2Flas-vegas-nv-us.html&providerMode=separate,1,2026-06-07T16:23:33.156739+00:00
HVEGAS001,The Venetian Resort Las Vegas,Las Vegas,United States,agoda,agoda,332.0,Agoda,08dfa1a824234958,2025-10-17,2025,2025-10-08,2025.0,9.2,0.0,10.0,9.2,https://www.agoda.com/api/cronos/property/review/HotelReviews?hotelId=2937&pageSize=50&referer=https%3A%2F%2Fwww.agoda.com%2Fvenetian-resort-hotel-casino%2Fhotel%2Flas-vegas-nv-us.html&providerMode=separate,32,2026-06-07T16:23:33.156739+00:00
HVEGAS001,The Venetian Resort Las Vegas,Las Vegas,United States,agoda,agoda,332.0,Agoda,206406b8dd59397f,2025-10-18,2025,2025-10-16,2025.0,10.0,0.0,10.0,10.0,https://www.agoda.com/api/cronos/property/review/HotelReviews?hotelId=2937&pageSize=50&referer=https%3A%2F%2Fwww.agoda.com%2Fvenetian-resort-hotel-casino%2Fhotel%2Flas-vegas-nv-us.html&providerMode=separate,23,2026-06-07T16:23:33.156739+00:00
HVEGAS001,The Venetian Resort Las Vegas,Las Vegas,United States,agoda,agoda,332.0,Agoda,ba0276d12b113780,2025-10-19,2025,2025-10-16,2025.0,10.0,0.0,10.0,10.0,https://www.agoda.com/api/cronos/property/review/HotelReviews?hotelId=2937&pageSize=50&referer=https%3A%2F%2Fwww.agoda.com%2Fvenetian-resort-hotel-casino%2Fhotel%2Flas-vegas-nv-us.html&providerMode=separate,1,2026-06-07T16:23:33.156739+00:00
HVEGAS001,The Venetian Resort Las Vegas,Las Vegas,United States,agoda,agoda,332.0,Agoda,d3abffcecc77b529,2025-10-20,2025,2025-08-11,2025.0,10.0,0.0,10.0,10.0,https://www.agoda.com/api/cronos/property/review/HotelReviews?hotelId=2937&pageSize=50&referer=https%3A%2F%2Fwww.agoda.com%2Fvenetian-resort-hotel-casino%2Fhotel%2Flas-vegas-nv-us.html&providerMode=separate,26,2026-06-07T16:23:33.156739+00:00
HVEGAS001,The Venetian Resort Las Vegas,Las Vegas,United States,agoda,agoda,332.0,Agoda,9af87ca36d94648a,2025-10-24,2025,2025-10-22,2025.0,10.0,0.0,10.0,10.0,https://www.agoda.com/api/cronos/property/review/HotelReviews?hotelId=2937&pageSize=50&referer=https%3A%2F%2Fwww.agoda.com%2Fvenetian-resort-hotel-casino%2Fhotel%2Flas-vegas-nv-us.html&providerMode=separate,24,2026-06-07T16:23:33.156739+00:00
HVEGAS001,The Venetian Resort Las Vegas,Las Vegas,United States,agoda,agoda,332.0,Agoda,aac7f65da9a38210,2025-10-24,2025,2025-10-22,2025.0,10.0,0.0,10.0,10.0,https://www.agoda.com/api/cronos/property/review/HotelReviews?hotelId=2937&pageSize=50&referer=https%3A%2F%2Fwww.agoda.com%2Fvenetian-resort-hotel-casino%2Fhotel%2Flas-vegas-nv-us.html&providerMode=separate,24,2026-06-07T16:23:33.156739+00:00
HVEGAS001,The Venetian Resort Las Vegas,Las Vegas,United States,agoda,agoda,332.0,Agoda,bf373e24fdb08701,2025-11-03,2025,2025-10-12,2025.0,8.8,0.0,10.0,8.8,https://www.agoda.com/api/cronos/property/review/HotelReviews?hotelId=2937&pageSize=50&referer=https%3A%2F%2Fwww.agoda.com%2Fvenetian-resort-hotel-casino%2Fhotel%2Flas-vegas-nv-us.html&providerMode=separate,1,2026-06-07T16:23:33.156739+00:00
HVEGAS001,The Venetian Resort Las Vegas,Las Vegas,United States,agoda,agoda,332.0,Agoda,eca9f12659677076,2025-11-06,2025,2025-02-02,2025.0,6.4,0.0,10.0,6.4,https://www.agoda.com/api/cronos/property/review/HotelReviews?hotelId=2937&pageSize=50&referer=https%3A%2F%2Fwww.agoda.com%2Fvenetian-resort-hotel-casino%2Fhotel%2Flas-vegas-nv-us.html&providerMode=separate,26,2026-06-07T16:23:33.156739+00:00
HVEGAS001,The Venetian Resort Las Vegas,Las Vegas,United States,agoda,agoda,332.0,Agoda,8eef699dd2a14f64,2025-11-10,2025,2025-11-03,2025.0,8.8,0.0,10.0,8.8,https://www.agoda.com/api/cronos/property/review/HotelReviews?hotelId=2937&pageSize=50&referer=https%3A%2F%2Fwww.agoda.com%2Fvenetian-resort-hotel-casino%2Fhotel%2Flas-vegas-nv-us.html&providerMode=separate,33,2026-06-07T16:23:33.156739+00:00
HVEGAS001,The Venetian Resort Las Vegas,Las Vegas,United States,agoda,agoda,332.0,Agoda,1cd7050c4c942fc2,2025-11-13,2025,2025-07-21,2025.0,10.0,0.0,10.0,10.0,https://www.agoda.com/api/cronos/property/review/HotelReviews?hotelId=2937&pageSize=50&referer=https%3A%2F%2Fwww.agoda.com%2Fvenetian-resort-hotel-casino%2Fhotel%2Flas-vegas-nv-us.html&providerMode=separate,1,2026-06-07T16:23:33.156739+00:00
HVEGAS001,The Venetian Resort Las Vegas,Las Vegas,United States,agoda,agoda,332.0,Agoda,d86e2c03684035c6,2025-11-23,2025,2025-11-16,2025.0,10.0,0.0,10.0,10.0,https://www.agoda.com/api/cronos/property/review/HotelReviews?hotelId=2937&pageSize=50&referer=https%3A%2F%2Fwww.agoda.com%2Fvenetian-resort-hotel-casino%2Fhotel%2Flas-vegas-nv-us.html&providerMode=separate,21,2026-06-07T16:23:33.156739+00:00
HVEGAS001,The Venetian Resort Las Vegas,Las Vegas,United States,agoda,agoda,332.0,Agoda,fa0598f6b799c074,2025-12-01,2025,2025-11-26,2025.0,8.0,0.0,10.0,8.0,https://www.agoda.com/api/cronos/property/review/HotelReviews?hotelId=2937&pageSize=50&referer=https%3A%2F%2Fwww.agoda.com%2Fvenetian-resort-hotel-casino%2Fhotel%2Flas-vegas-nv-us.html&providerMode=separate,1,2026-06-07T16:23:33.156739+00:00
HVEGAS001,The Venetian Resort Las Vegas,Las Vegas,United States,agoda,agoda,332.0,Agoda,e36d587ecc58a485,2025-12-01,2025,2025-11-25,2025.0,10.0,0.0,10.0,10.0,https://www.agoda.com/api/cronos/property/review/HotelReviews?hotelId=2937&pageSize=50&referer=https%3A%2F%2Fwww.agoda.com%2Fvenetian-resort-hotel-casino%2Fhotel%2Flas-vegas-nv-us.html&providerMode=separate,21,2026-06-07T16:23:33.156739+00:00
HVEGAS001,The Venetian Resort Las Vegas,Las Vegas,United States,agoda,agoda,332.0,Agoda,39b63df98c3f8ca6,2025-12-10,2025,2025-02-07,2025.0,8.4,0.0,10.0,8.4,https://www.agoda.com/api/cronos/property/review/HotelReviews?hotelId=2937&pageSize=50&referer=https%3A%2F%2Fwww.agoda.com%2Fvenetian-resort-hotel-casino%2Fhotel%2Flas-vegas-nv-us.html&providerMode=separate,26,2026-06-07T16:23:33.156739+00:00
HVEGAS001,The Venetian Resort Las Vegas,Las Vegas,United States,agoda,agoda,332.0,Agoda,958dcd66aa18bb10,2025-12-16,2025,2025-12-14,2025.0,10.0,0.0,10.0,10.0,https://www.agoda.com/api/cronos/property/review/HotelReviews?hotelId=2937&pageSize=50&referer=https%3A%2F%2Fwww.agoda.com%2Fvenetian-resort-hotel-casino%2Fhotel%2Flas-vegas-nv-us.html&providerMode=separate,1,2026-06-07T16:23:33.156739+00:00
HVEGAS001,The Venetian Resort Las Vegas,Las Vegas,United States,agoda,agoda,332.0,Agoda,26fcbab00910f88e,2025-12-19,2025,2025-12-17,2025.0,8.4,0.0,10.0,8.4,https://www.agoda.com/api/cronos/property/review/HotelReviews?hotelId=2937&pageSize=50&referer=https%3A%2F%2Fwww.agoda.com%2Fvenetian-resort-hotel-casino%2Fhotel%2Flas-vegas-nv-us.html&providerMode=separate,23,2026-06-07T16:23:33.156739+00:00
HVEGAS001,The Venetian Resort Las Vegas,Las Vegas,United States,agoda,agoda,332.0,Agoda,9c6c5a4362ac3903,2025-12-20,2025,2025-12-19,2025.0,9.6,0.0,10.0,9.6,https://www.agoda.com/api/cronos/property/review/HotelReviews?hotelId=2937&pageSize=50&referer=https%3A%2F%2Fwww.agoda.com%2Fvenetian-resort-hotel-casino%2Fhotel%2Flas-vegas-nv-us.html&providerMode=separate,1,2026-06-07T16:23:33.156739+00:00
HVEGAS001,The Venetian Resort Las Vegas,Las Vegas,United States,agoda,agoda,332.0,Agoda,f7f167c02fae1f3a,2025-12-23,2025,2025-12-23,2025.0,10.0,0.0,10.0,10.0,https://www.agoda.com/api/cronos/property/review/HotelReviews?hotelId=2937&pageSize=50&referer=https%3A%2F%2Fwww.agoda.com%2Fvenetian-resort-hotel-casino%2Fhotel%2Flas-vegas-nv-us.html&providerMode=separate,24,2026-06-07T16:23:33.156739+00:00
HVEGAS001,The Venetian Resort Las Vegas,Las Vegas,United States,agoda,agoda,332.0,Agoda,342d58676540189c,2025-12-26,2025,2025-12-18,2025.0,9.2,0.0,10.0,9.2,https://www.agoda.com/api/cronos/property/review/HotelReviews?hotelId=2937&pageSize=50&referer=https%3A%2F%2Fwww.agoda.com%2Fvenetian-resort-hotel-casino%2Fhotel%2Flas-vegas-nv-us.html&providerMode=separate,1,2026-06-07T16:23:33.156739+00:00
HVEGAS001,The Venetian Resort Las Vegas,Las Vegas,United States,agoda,agoda,332.0,Agoda,b00397f638db38b5,2025-12-30,2025,2025-12-28,2025.0,8.4,0.0,10.0,8.4,https://www.agoda.com/api/cronos/property/review/HotelReviews?hotelId=2937&pageSize=50&referer=https%3A%2F%2Fwww.agoda.com%2Fvenetian-resort-hotel-casino%2Fhotel%2Flas-vegas-nv-us.html&providerMode=separate,1,2026-06-07T16:23:33.156739+00:00
HVEGAS001,The Venetian Resort Las Vegas,Las Vegas,United States,booking_via_agoda,agoda,3038.0,Booking.com,36c4b000bc7d0d17,2024-01-01,2024,,,10.0,0.0,10.0,10.0,https://www.agoda.com/api/cronos/property/review/HotelReviews?hotelId=2937&pageSize=50&referer=https%3A%2F%2Fwww.agoda.com%2Fvenetian-resort-hotel-casino%2Fhotel%2Flas-vegas-nv-us.html&providerMode=separate,28,2026-06-07T16:23:33.156739+00:00
HVEGAS001,The Venetian Resort Las Vegas,Las Vegas,United States,booking_via_agoda,agoda,3038.0,Booking.com,9d18258db3427be7,2024-01-01,2024,,,10.0,0.0,10.0,10.0,https://www.agoda.com/api/cronos/property/review/HotelReviews?hotelId=2937&pageSize=50&referer=https%3A%2F%2Fwww.agoda.com%2Fvenetian-resort-hotel-casino%2Fhotel%2Flas-vegas-nv-us.html&providerMode=separate,29,2026-06-07T16:23:33.156739+00:00
HVEGAS001,The Venetian Resort Las Vegas,Las Vegas,United States,booking_via_agoda,agoda,3038.0,Booking.com,f9b075e53bd9d729,2024-01-02,2024,,,7.0,0.0,10.0,7.0,https://www.agoda.com/api/cronos/property/review/HotelReviews?hotelId=2937&pageSize=50&referer=https%3A%2F%2Fwww.agoda.com%2Fvenetian-resort-hotel-casino%2Fhotel%2Flas-vegas-nv-us.html&providerMode=separate,28,2026-06-07T16:23:33.156739+00:00
HVEGAS001,The Venetian Resort Las Vegas,Las Vegas,United States,booking_via_agoda,agoda,3038.0,Booking.com,d0a6634caeda7d50,2024-01-02,2024,,,10.0,0.0,10.0,10.0,https://www.agoda.com/api/cronos/property/review/HotelReviews?hotelId=2937&pageSize=50&referer=https%3A%2F%2Fwww.agoda.com%2Fvenetian-resort-hotel-casino%2Fhotel%2Flas-vegas-nv-us.html&providerMode=separate,28,2026-06-07T16:23:33.156739+00:00
HVEGAS001,The Venetian Resort Las Vegas,Las Vegas,United States,booking_via_agoda,agoda,3038.0,Booking.com,b2b3ece355bf6cf5,2024-01-03,2024,,,7.0,0.0,10.0,7.0,https://www.agoda.com/api/cronos/property/review/HotelReviews?hotelId=2937&pageSize=50&referer=https%3A%2F%2Fwww.agoda.com%2Fvenetian-resort-hotel-casino%2Fhotel%2Flas-vegas-nv-us.html&providerMode=separate,28,2026-06-07T16:23:33.156739+00:00
HVEGAS001,The Venetian Resort Las Vegas,Las Vegas,United States,booking_via_agoda,agoda,3038.0,Booking.com,14f4bfd69eb4a58a,2024-01-03,2024,,,1.0,0.0,10.0,1.0,https://www.agoda.com/api/cronos/property/review/HotelReviews?hotelId=2937&pageSize=50&referer=https%3A%2F%2Fwww.agoda.com%2Fvenetian-resort-hotel-casino%2Fhotel%2Flas-vegas-nv-us.html&providerMode=separate,28,2026-06-07T16:23:33.156739+00:00
HVEGAS001,The Venetian Resort Las Vegas,Las Vegas,United States,booking_via_agoda,agoda,3038.0,Booking.com,6c1d3f1a70d0dbe4,2024-01-04,2024,,,6.0,0.0,10.0,6.0,https://www.agoda.com/api/cronos/property/review/HotelReviews?hotelId=2937&pageSize=50&referer=https%3A%2F%2Fwww.agoda.com%2Fvenetian-resort-hotel-casino%2Fhotel%2Flas-vegas-nv-us.html&providerMode=separate,28,2026-06-07T16:23:33.156739+00:00
HVEGAS001,The Venetian Resort Las Vegas,Las Vegas,United States,booking_via_agoda,agoda,3038.0,Booking.com,98a23367d11257ba,2024-01-05,2024,,,7.0,0.0,10.0,7.0,https://www.agoda.com/api/cronos/property/review/HotelReviews?hotelId=2937&pageSize=50&referer=https%3A%2F%2Fwww.agoda.com%2Fvenetian-resort-hotel-casino%2Fhotel%2Flas-vegas-nv-us.html&providerMode=separate,28,2026-06-07T16:23:33.156739+00:00
HVEGAS001,The Venetian Resort Las Vegas,Las Vegas,United States,booking_via_agoda,agoda,3038.0,Booking.com,ea1fa6ee5ce1c5f0,2024-01-05,2024,,,8.0,0.0,10.0,8.0,https://www.agoda.com/api/cronos/property/review/HotelReviews?hotelId=2937&pageSize=50&referer=https%3A%2F%2Fwww.agoda.com%2Fvenetian-resort-hotel-casino%2Fhotel%2Flas-vegas-nv-us.html&providerMode=separate,28,2026-06-07T16:23:33.156739+00:00
HVEGAS001,The Venetian Resort Las Vegas,Las Vegas,United States,booking_via_agoda,agoda,3038.0,Booking.com,f48acc1ca569d018,2024-01-06,2024,,,8.0,0.0,10.0,8.0,https://www.agoda.com/api/cronos/property/review/HotelReviews?hotelId=2937&pageSize=50&referer=https%3A%2F%2Fwww.agoda.com%2Fvenetian-resort-hotel-casino%2Fhotel%2Flas-vegas-nv-us.html&providerMode=separate,28,2026-06-07T16:23:33.156739+00:00
HVEGAS001,The Venetian Resort Las Vegas,Las Vegas,United States,booking_via_agoda,agoda,3038.0,Booking.com,393b9e581bee503e,2024-01-06,2024,,,9.0,0.0,10.0,9.0,https://www.agoda.com/api/cronos/property/review/HotelReviews?hotelId=2937&pageSize=50&referer=https%3A%2F%2Fwww.agoda.com%2Fvenetian-resort-hotel-casino%2Fhotel%2Flas-vegas-nv-us.html&providerMode=separate,28,2026-06-07T16:23:33.156739+00:00
HVEGAS001,The Venetian Resort Las Vegas,Las Vegas,United States,booking_via_agoda,agoda,3038.0,Booking.com,29e73cdf6185f436,2024-01-07,2024,,,6.0,0.0,10.0,6.0,https://www.agoda.com/api/cronos/property/review/HotelReviews?hotelId=2937&pageSize=50&referer=https%3A%2F%2Fwww.agoda.com%2Fvenetian-resort-hotel-casino%2Fhotel%2Flas-vegas-nv-us.html&providerMode=separate,28,2026-06-07T16:23:33.156739+00:00
HVEGAS001,The Venetian Resort Las Vegas,Las Vegas,United States,booking_via_agoda,agoda,3038.0,Booking.com,27f31354c6405529,2024-01-07,2024,,,9.0,0.0,10.0,9.0,https://www.agoda.com/api/cronos/property/review/HotelReviews?hotelId=2937&pageSize=50&referer=https%3A%2F%2Fwww.agoda.com%2Fvenetian-resort-hotel-casino%2Fhotel%2Flas-vegas-nv-us.html&providerMode=separate,28,2026-06-07T16:23:33.156739+00:00
HVEGAS001,The Venetian Resort Las Vegas,Las Vegas,United States,booking_via_agoda,agoda,3038.0,Booking.com,24e296ec02f116d7,2024-01-08,2024,,,6.0,0.0,10.0,6.0,https://www.agoda.com/api/cronos/property/review/HotelReviews?hotelId=2937&pageSize=50&referer=https%3A%2F%2Fwww.agoda.com%2Fvenetian-resort-hotel-casino%2Fhotel%2Flas-vegas-nv-us.html&providerMode=separate,28,2026-06-07T16:23:33.156739+00:00
HVEGAS001,The Venetian Resort Las Vegas,Las Vegas,United States,booking_via_agoda,agoda,3038.0,Booking.com,55c948c1db56c728,2024-01-08,2024,,,8.0,0.0,10.0,8.0,https://www.agoda.com/api/cronos/property/review/HotelReviews?hotelId=2937&pageSize=50&referer=https%3A%2F%2Fwww.agoda.com%2Fvenetian-resort-hotel-casino%2Fhotel%2Flas-vegas-nv-us.html&providerMode=separate,28,2026-06-07T16:23:33.156739+00:00
HVEGAS001,The Venetian Resort Las Vegas,Las Vegas,United States,booking_via_agoda,agoda,3038.0,Booking.com,a47a385cc51f7660,2024-01-08,2024,,,10.0,0.0,10.0,10.0,https://www.agoda.com/api/cronos/property/review/HotelReviews?hotelId=2937&pageSize=50&referer=https%3A%2F%2Fwww.agoda.com%2Fvenetian-resort-hotel-casino%2Fhotel%2Flas-vegas-nv-us.html&providerMode=separate,28,2026-06-07T16:23:33.156739+00:00
HVEGAS001,The Venetian Resort Las Vegas,Las Vegas,United States,booking_via_agoda,agoda,3038.0,Booking.com,10e0beda309c5fc2,2024-01-09,2024,,,10.0,0.0,10.0,10.0,https://www.agoda.com/api/cronos/property/review/HotelReviews?hotelId=2937&pageSize=50&referer=https%3A%2F%2Fwww.agoda.com%2Fvenetian-resort-hotel-casino%2Fhotel%2Flas-vegas-nv-us.html&providerMode=separate,28,2026-06-07T16:23:33.156739+00:00
HVEGAS001,The Venetian Resort Las Vegas,Las Vegas,United States,booking_via_agoda,agoda,3038.0,Booking.com,5ac51aa965f14379,2024-01-10,2024,,,10.0,0.0,10.0,10.0,https://www.agoda.com/api/cronos/property/review/HotelReviews?hotelId=2937&pageSize=50&referer=https%3A%2F%2Fwww.agoda.com%2Fvenetian-resort-hotel-casino%2Fhotel%2Flas-vegas-nv-us.html&providerMode=separate,28,2026-06-07T16:23:33.156739+00:00
HVEGAS001,The Venetian Resort Las Vegas,Las Vegas,United States,booking_via_agoda,agoda,3038.0,Booking.com,d00dbbd860c3d7bf,2024-01-11,2024,,,1.0,0.0,10.0,1.0,https://www.agoda.com/api/cronos/property/review/HotelReviews?hotelId=2937&pageSize=50&referer=https%3A%2F%2Fwww.agoda.com%2Fvenetian-resort-hotel-casino%2Fhotel%2Flas-vegas-nv-us.html&providerMode=separate,28,2026-06-07T16:23:33.156739+00:00
HVEGAS001,The Venetian Resort Las Vegas,Las Vegas,United States,booking_via_agoda,agoda,3038.0,Booking.com,e02cf45f409117ec,2024-01-11,2024,,,9.0,0.0,10.0,9.0,https://www.agoda.com/api/cronos/property/review/HotelReviews?hotelId=2937&pageSize=50&referer=https%3A%2F%2Fwww.agoda.com%2Fvenetian-resort-hotel-casino%2Fhotel%2Flas-vegas-nv-us.html&providerMode=separate,28,2026-06-07T16:23:33.156739+00:00
HVEGAS001,The Venetian Resort Las Vegas,Las Vegas,United States,booking_via_agoda,agoda,3038.0,Booking.com,0e672f2f70544748,2024-01-12,2024,,,6.0,0.0,10.0,6.0,https://www.agoda.com/api/cronos/property/review/HotelReviews?hotelId=2937&pageSize=50&referer=https%3A%2F%2Fwww.agoda.com%2Fvenetian-resort-hotel-casino%2Fhotel%2Flas-vegas-nv-us.html&providerMode=separate,28,2026-06-07T16:23:33.156739+00:00
HVEGAS001,The Venetian Resort Las Vegas,Las Vegas,United States,booking_via_agoda,agoda,3038.0,Booking.com,1e74a050dbeb2065,2024-01-13,2024,,,8.0,0.0,10.0,8.0,https://www.agoda.com/api/cronos/property/review/HotelReviews?hotelId=2937&pageSize=50&referer=https%3A%2F%2Fwww.agoda.com%2Fvenetian-resort-hotel-casino%2Fhotel%2Flas-vegas-nv-us.html&providerMode=separate,28,2026-06-07T16:23:33.156739+00:00
HVEGAS001,The Venetian Resort Las Vegas,Las Vegas,United States,booking_via_agoda,agoda,3038.0,Booking.com,a8a69628c426e30e,2024-01-13,2024,,,10.0,0.0,10.0,10.0,https://www.agoda.com/api/cronos/property/review/HotelReviews?hotelId=2937&pageSize=50&referer=https%3A%2F%2Fwww.agoda.com%2Fvenetian-resort-hotel-casino%2Fhotel%2Flas-vegas-nv-us.html&providerMode=separate,28,2026-06-07T16:23:33.156739+00:00
HVEGAS001,The Venetian Resort Las Vegas,Las Vegas,United States,booking_via_agoda,agoda,3038.0,Booking.com,276432435ddd8bfe,2024-01-14,2024,,,5.0,0.0,10.0,5.0,https://www.agoda.com/api/cronos/property/review/HotelReviews?hotelId=2937&pageSize=50&referer=https%3A%2F%2Fwww.agoda.com%2Fvenetian-resort-hotel-casino%2Fhotel%2Flas-vegas-nv-us.html&providerMode=separate,28,2026-06-07T16:23:33.156739+00:00
HVEGAS001,The Venetian Resort Las Vegas,Las Vegas,United States,booking_via_agoda,agoda,3038.0,Booking.com,6a6803ae9aa1f47e,2024-01-15,2024,,,9.0,0.0,10.0,9.0,https://www.agoda.com/api/cronos/property/review/HotelReviews?hotelId=2937&pageSize=50&referer=https%3A%2F%2Fwww.agoda.com%2Fvenetian-resort-hotel-casino%2Fhotel%2Flas-vegas-nv-us.html&providerMode=separate,28,2026-06-07T16:23:33.156739+00:00
HVEGAS001,The Venetian Resort Las Vegas,Las Vegas,United States,booking_via_agoda,agoda,3038.0,Booking.com,ef314d79cf2f8de4,2024-01-15,2024,,,10.0,0.0,10.0,10.0,https://www.agoda.com/api/cronos/property/review/HotelReviews?hotelId=2937&pageSize=50&referer=https%3A%2F%2Fwww.agoda.com%2Fvenetian-resort-hotel-casino%2Fhotel%2Flas-vegas-nv-us.html&providerMode=separate,28,2026-06-07T16:23:33.156739+00:00
HVEGAS001,The Venetian Resort Las Vegas,Las Vegas,United States,booking_via_agoda,agoda,3038.0,Booking.com,87fdd60764b2f165,2024-01-16,2024,,,10.0,0.0,10.0,10.0,https://www.agoda.com/api/cronos/property/review/HotelReviews?hotelId=2937&pageSize=50&referer=https%3A%2F%2Fwww.agoda.com%2Fvenetian-resort-hotel-casino%2Fhotel%2Flas-vegas-nv-us.html&providerMode=separate,28,2026-06-07T16:23:33.156739+00:00
HVEGAS001,The Venetian Resort Las Vegas,Las Vegas,United States,booking_via_agoda,agoda,3038.0,Booking.com,53b570ad98f2c85a,2024-01-16,2024,,,10.0,0.0,10.0,10.0,https://www.agoda.com/api/cronos/property/review/HotelReviews?hotelId=2937&pageSize=50&referer=https%3A%2F%2Fwww.agoda.com%2Fvenetian-resort-hotel-casino%2Fhotel%2Flas-vegas-nv-us.html&providerMode=separate,28,2026-06-07T16:23:33.156739+00:00
HVEGAS001,The Venetian Resort Las Vegas,Las Vegas,United States,booking_via_agoda,agoda,3038.0,Booking.com,2bf27f0341ded147,2024-01-17,2024,,,8.0,0.0,10.0,8.0,https://www.agoda.com/api/cronos/property/review/HotelReviews?hotelId=2937&pageSize=50&referer=https%3A%2F%2Fwww.agoda.com%2Fvenetian-resort-hotel-casino%2Fhotel%2Flas-vegas-nv-us.html&providerMode=separate,28,2026-06-07T16:23:33.156739+00:00
HVEGAS001,The Venetian Resort Las Vegas,Las Vegas,United States,booking_via_agoda,agoda,3038.0,Booking.com,77c9c1b3ed1b8b84,2024-01-18,2024,,,7.0,0.0,10.0,7.0,https://www.agoda.com/api/cronos/property/review/HotelReviews?hotelId=2937&pageSize=50&referer=https%3A%2F%2Fwww.agoda.com%2Fvenetian-resort-hotel-casino%2Fhotel%2Flas-vegas-nv-us.html&providerMode=separate,28,2026-06-07T16:23:33.156739+00:00
HVEGAS001,The Venetian Resort Las Vegas,Las Vegas,United States,booking_via_agoda,agoda,3038.0,Booking.com,7ecc62bcab11398b,2024-01-18,2024,,,7.0,0.0,10.0,7.0,https://www.agoda.com/api/cronos/property/review/HotelReviews?hotelId=2937&pageSize=50&referer=https%3A%2F%2Fwww.agoda.com%2Fvenetian-resort-hotel-casino%2Fhotel%2Flas-vegas-nv-us.html&providerMode=separate,28,2026-06-07T16:23:33.156739+00:00
HVEGAS001,The Venetian Resort Las Vegas,Las Vegas,United States,booking_via_agoda,agoda,3038.0,Booking.com,dfa4f8c8d79d1b62,2024-01-19,2024,,,7.0,0.0,10.0,7.0,https://www.agoda.com/api/cronos/property/review/HotelReviews?hotelId=2937&pageSize=50&referer=https%3A%2F%2Fwww.agoda.com%2Fvenetian-resort-hotel-casino%2Fhotel%2Flas-vegas-nv-us.html&providerMode=separate,28,2026-06-07T16:23:33.156739+00:00
HVEGAS001,The Venetian Resort Las Vegas,Las Vegas,United States,booking_via_agoda,agoda,3038.0,Booking.com,0119da0441af1d28,2024-01-19,2024,,,8.0,0.0,10.0,8.0,https://www.agoda.com/api/cronos/property/review/HotelReviews?hotelId=2937&pageSize=50&referer=https%3A%2F%2Fwww.agoda.com%2Fvenetian-resort-hotel-casino%2Fhotel%2Flas-vegas-nv-us.html&providerMode=separate,28,2026-06-07T16:23:33.156739+00:00
HVEGAS001,The Venetian Resort Las Vegas,Las Vegas,United States,booking_via_agoda,agoda,3038.0,Booking.com,d5098142af59fbfe,2024-01-19,2024,,,10.0,0.0,10.0,10.0,https://www.agoda.com/api/cronos/property/review/HotelReviews?hotelId=2937&pageSize=50&referer=https%3A%2F%2Fwww.agoda.com%2Fvenetian-resort-hotel-casino%2Fhotel%2Flas-vegas-nv-us.html&providerMode=separate,28,2026-06-07T16:23:33.156739+00:00
HVEGAS001,The Venetian Resort Las Vegas,Las Vegas,United States,booking_via_agoda,agoda,3038.0,Booking.com,0aeb849bbe2498f3,2024-01-19,2024,,,8.0,0.0,10.0,8.0,https://www.agoda.com/api/cronos/property/review/HotelReviews?hotelId=2937&pageSize=50&referer=https%3A%2F%2Fwww.agoda.com%2Fvenetian-resort-hotel-casino%2Fhotel%2Flas-vegas-nv-us.html&providerMode=separate,28,2026-06-07T16:23:33.156739+00:00
HVEGAS001,The Venetian Resort Las Vegas,Las Vegas,United States,booking_via_agoda,agoda,3038.0,Booking.com,58ecfbc1b6cf4aa5,2024-01-19,2024,,,8.0,0.0,10.0,8.0,https://www.agoda.com/api/cronos/property/review/HotelReviews?hotelId=2937&pageSize=50&referer=https%3A%2F%2Fwww.agoda.com%2Fvenetian-resort-hotel-casino%2Fhotel%2Flas-vegas-nv-us.html&providerMode=separate,28,2026-06-07T16:23:33.156739+00:00
HVEGAS001,The Venetian Resort Las Vegas,Las Vegas,United States,booking_via_agoda,agoda,3038.0,Booking.com,6c901fa56b1128b0,2024-01-20,2024,,,6.0,0.0,10.0,6.0,https://www.agoda.com/api/cronos/property/review/HotelReviews?hotelId=2937&pageSize=50&referer=https%3A%2F%2Fwww.agoda.com%2Fvenetian-resort-hotel-casino%2Fhotel%2Flas-vegas-nv-us.html&providerMode=separate,28,2026-06-07T16:23:33.156739+00:00
HVEGAS001,The Venetian Resort Las Vegas,Las Vegas,United States,booking_via_agoda,agoda,3038.0,Booking.com,57d75f060f7091ca,2024-01-20,2024,,,5.0,0.0,10.0,5.0,https://www.agoda.com/api/cronos/property/review/HotelReviews?hotelId=2937&pageSize=50&referer=https%3A%2F%2Fwww.agoda.com%2Fvenetian-resort-hotel-casino%2Fhotel%2Flas-vegas-nv-us.html&providerMode=separate,28,2026-06-07T16:23:33.156739+00:00
HVEGAS001,The Venetian Resort Las Vegas,Las Vegas,United States,booking_via_agoda,agoda,3038.0,Booking.com,8dddc3c9ae62450c,2024-01-21,2024,,,10.0,0.0,10.0,10.0,https://www.agoda.com/api/cronos/property/review/HotelReviews?hotelId=2937&pageSize=50&referer=https%3A%2F%2Fwww.agoda.com%2Fvenetian-resort-hotel-casino%2Fhotel%2Flas-vegas-nv-us.html&providerMode=separate,28,2026-06-07T16:23:33.156739+00:00
HVEGAS001,The Venetian Resort Las Vegas,Las Vegas,United States,booking_via_agoda,agoda,3038.0,Booking.com,bc8a6e00351632d4,2024-01-22,2024,,,8.0,0.0,10.0,8.0,https://www.agoda.com/api/cronos/property/review/HotelReviews?hotelId=2937&pageSize=50&referer=https%3A%2F%2Fwww.agoda.com%2Fvenetian-resort-hotel-casino%2Fhotel%2Flas-vegas-nv-us.html&providerMode=separate,28,2026-06-07T16:23:33.156739+00:00
HVEGAS001,The Venetian Resort Las Vegas,Las Vegas,United States,booking_via_agoda,agoda,3038.0,Booking.com,45756c4a0467a913,2024-01-22,2024,,,10.0,0.0,10.0,10.0,https://www.agoda.com/api/cronos/property/review/HotelReviews?hotelId=2937&pageSize=50&referer=https%3A%2F%2Fwww.agoda.com%2Fvenetian-resort-hotel-casino%2Fhotel%2Flas-vegas-nv-us.html&providerMode=separate,28,2026-06-07T16:23:33.156739+00:00
HVEGAS001,The Venetian Resort Las Vegas,Las Vegas,United States,booking_via_agoda,agoda,3038.0,Booking.com,df71c2e99bf04138,2024-01-23,2024,,,8.0,0.0,10.0,8.0,https://www.agoda.com/api/cronos/property/review/HotelReviews?hotelId=2937&pageSize=50&referer=https%3A%2F%2Fwww.agoda.com%2Fvenetian-resort-hotel-casino%2Fhotel%2Flas-vegas-nv-us.html&providerMode=separate,28,2026-06-07T16:23:33.156739+00:00
HVEGAS001,The Venetian Resort Las Vegas,Las Vegas,United States,booking_via_agoda,agoda,3038.0,Booking.com,a7627f69b6a616cf,2024-01-23,2024,,,6.0,0.0,10.0,6.0,https://www.agoda.com/api/cronos/property/review/HotelReviews?hotelId=2937&pageSize=50&referer=https%3A%2F%2Fwww.agoda.com%2Fvenetian-resort-hotel-casino%2Fhotel%2Flas-vegas-nv-us.html&providerMode=separate,28,2026-06-07T16:23:33.156739+00:00
HVEGAS001,The Venetian Resort Las Vegas,Las Vegas,United States,booking_via_agoda,agoda,3038.0,Booking.com,f63f5d955df0ef7b,2024-01-24,2024,,,4.0,0.0,10.0,4.0,https://www.agoda.com/api/cronos/property/review/HotelReviews?hotelId=2937&pageSize=50&referer=https%3A%2F%2Fwww.agoda.com%2Fvenetian-resort-hotel-casino%2Fhotel%2Flas-vegas-nv-us.html&providerMode=separate,28,2026-06-07T16:23:33.156739+00:00
HVEGAS001,The Venetian Resort Las Vegas,Las Vegas,United States,booking_via_agoda,agoda,3038.0,Booking.com,47810774f9d015e9,2024-01-26,2024,,,8.0,0.0,10.0,8.0,https://www.agoda.com/api/cronos/property/review/HotelReviews?hotelId=2937&pageSize=50&referer=https%3A%2F%2Fwww.agoda.com%2Fvenetian-resort-hotel-casino%2Fhotel%2Flas-vegas-nv-us.html&providerMode=separate,28,2026-06-07T16:23:33.156739+00:00
HVEGAS001,The Venetian Resort Las Vegas,Las Vegas,United States,booking_via_agoda,agoda,3038.0,Booking.com,945c7ed898947d00,2024-01-27,2024,,,10.0,0.0,10.0,10.0,https://www.agoda.com/api/cronos/property/review/HotelReviews?hotelId=2937&pageSize=50&referer=https%3A%2F%2Fwww.agoda.com%2Fvenetian-resort-hotel-casino%2Fhotel%2Flas-vegas-nv-us.html&providerMode=separate,28,2026-06-07T16:23:33.156739+00:00
HVEGAS001,The Venetian Resort Las Vegas,Las Vegas,United States,booking_via_agoda,agoda,3038.0,Booking.com,9aba7f916f829944,2024-01-27,2024,,,10.0,0.0,10.0,10.0,https://www.agoda.com/api/cronos/property/review/HotelReviews?hotelId=2937&pageSize=50&referer=https%3A%2F%2Fwww.agoda.com%2Fvenetian-resort-hotel-casino%2Fhotel%2Flas-vegas-nv-us.html&providerMode=separate,28,2026-06-07T16:23:33.156739+00:00
HVEGAS001,The Venetian Resort Las Vegas,Las Vegas,United States,booking_via_agoda,agoda,3038.0,Booking.com,5636757a18cb9484,2024-01-29,2024,,,10.0,0.0,10.0,10.0,https://www.agoda.com/api/cronos/property/review/HotelReviews?hotelId=2937&pageSize=50&referer=https%3A%2F%2Fwww.agoda.com%2Fvenetian-resort-hotel-casino%2Fhotel%2Flas-vegas-nv-us.html&providerMode=separate,28,2026-06-07T16:23:33.156739+00:00
HVEGAS001,The Venetian Resort Las Vegas,Las Vegas,United States,booking_via_agoda,agoda,3038.0,Booking.com,6842d54f44c94496,2024-01-29,2024,,,7.0,0.0,10.0,7.0,https://www.agoda.com/api/cronos/property/review/HotelReviews?hotelId=2937&pageSize=50&referer=https%3A%2F%2Fwww.agoda.com%2Fvenetian-resort-hotel-casino%2Fhotel%2Flas-vegas-nv-us.html&providerMode=separate,28,2026-06-07T16:23:33.156739+00:00
HVEGAS001,The Venetian Resort Las Vegas,Las Vegas,United States,booking_via_agoda,agoda,3038.0,Booking.com,9f814d74e7d22fc4,2024-01-30,2024,,,6.0,0.0,10.0,6.0,https://www.agoda.com/api/cronos/property/review/HotelReviews?hotelId=2937&pageSize=50&referer=https%3A%2F%2Fwww.agoda.com%2Fvenetian-resort-hotel-casino%2Fhotel%2Flas-vegas-nv-us.html&providerMode=separate,28,2026-06-07T16:23:33.156739+00:00
HVEGAS001,The Venetian Resort Las Vegas,Las Vegas,United States,booking_via_agoda,agoda,3038.0,Booking.com,7bd7d021be7a1614,2024-01-30,2024,,,10.0,0.0,10.0,10.0,https://www.agoda.com/api/cronos/property/review/HotelReviews?hotelId=2937&pageSize=50&referer=https%3A%2F%2Fwww.agoda.com%2Fvenetian-resort-hotel-casino%2Fhotel%2Flas-vegas-nv-us.html&providerMode=separate,28,2026-06-07T16:23:33.156739+00:00
HVEGAS001,The Venetian Resort Las Vegas,Las Vegas,United States,booking_via_agoda,agoda,3038.0,Booking.com,abbae2406836827f,2024-01-31,2024,,,10.0,0.0,10.0,10.0,https://www.agoda.com/api/cronos/property/review/HotelReviews?hotelId=2937&pageSize=50&referer=https%3A%2F%2Fwww.agoda.com%2Fvenetian-resort-hotel-casino%2Fhotel%2Flas-vegas-nv-us.html&providerMode=separate,27,2026-06-07T16:23:33.156739+00:00
HVEGAS001,The Venetian Resort Las Vegas,Las Vegas,United States,booking_via_agoda,agoda,3038.0,Booking.com,15596c9331212561,2024-01-31,2024,,,9.0,0.0,10.0,9.0,https://www.agoda.com/api/cronos/property/review/HotelReviews?hotelId=2937&pageSize=50&referer=https%3A%2F%2Fwww.agoda.com%2Fvenetian-resort-hotel-casino%2Fhotel%2Flas-vegas-nv-us.html&providerMode=separate,27,2026-06-07T16:23:33.156739+00:00
HVEGAS001,The Venetian Resort Las Vegas,Las Vegas,United States,booking_via_agoda,agoda,3038.0,Booking.com,2bc493ff3765df37,2024-02-01,2024,,,10.0,0.0,10.0,10.0,https://www.agoda.com/api/cronos/property/review/HotelReviews?hotelId=2937&pageSize=50&referer=https%3A%2F%2Fwww.agoda.com%2Fvenetian-resort-hotel-casino%2Fhotel%2Flas-vegas-nv-us.html&providerMode=separate,27,2026-06-07T16:23:33.156739+00:00
HVEGAS001,The Venetian Resort Las Vegas,Las Vegas,United States,booking_via_agoda,agoda,3038.0,Booking.com,191b0356bc73a4a9,2024-02-04,2024,,,10.0,0.0,10.0,10.0,https://www.agoda.com/api/cronos/property/review/HotelReviews?hotelId=2937&pageSize=50&referer=https%3A%2F%2Fwww.agoda.com%2Fvenetian-resort-hotel-casino%2Fhotel%2Flas-vegas-nv-us.html&providerMode=separate,27,2026-06-07T16:23:33.156739+00:00
HVEGAS001,The Venetian Resort Las Vegas,Las Vegas,United States,booking_via_agoda,agoda,3038.0,Booking.com,ff383045b4344afe,2024-02-05,2024,,,5.0,0.0,10.0,5.0,https://www.agoda.com/api/cronos/property/review/HotelReviews?hotelId=2937&pageSize=50&referer=https%3A%2F%2Fwww.agoda.com%2Fvenetian-resort-hotel-casino%2Fhotel%2Flas-vegas-nv-us.html&providerMode=separate,27,2026-06-07T16:23:33.156739+00:00
HVEGAS001,The Venetian Resort Las Vegas,Las Vegas,United States,booking_via_agoda,agoda,3038.0,Booking.com,ef2aac2634941bbb,2024-02-05,2024,,,10.0,0.0,10.0,10.0,https://www.agoda.com/api/cronos/property/review/HotelReviews?hotelId=2937&pageSize=50&referer=https%3A%2F%2Fwww.agoda.com%2Fvenetian-resort-hotel-casino%2Fhotel%2Flas-vegas-nv-us.html&providerMode=separate,27,2026-06-07T16:23:33.156739+00:00
HVEGAS001,The Venetian Resort Las Vegas,Las Vegas,United States,booking_via_agoda,agoda,3038.0,Booking.com,d826dd30ac88f7ba,2024-02-08,2024,,,10.0,0.0,10.0,10.0,https://www.agoda.com/api/cronos/property/review/HotelReviews?hotelId=2937&pageSize=50&referer=https%3A%2F%2Fwww.agoda.com%2Fvenetian-resort-hotel-casino%2Fhotel%2Flas-vegas-nv-us.html&providerMode=separate,27,2026-06-07T16:23:33.156739+00:00
HVEGAS001,The Venetian Resort Las Vegas,Las Vegas,United States,booking_via_agoda,agoda,3038.0,Booking.com,cf1dc3d11236038c,2024-02-09,2024,,,10.0,0.0,10.0,10.0,https://www.agoda.com/api/cronos/property/review/HotelReviews?hotelId=2937&pageSize=50&referer=https%3A%2F%2Fwww.agoda.com%2Fvenetian-resort-hotel-casino%2Fhotel%2Flas-vegas-nv-us.html&providerMode=separate,27,2026-06-07T16:23:33.156739+00:00
HVEGAS001,The Venetian Resort Las Vegas,Las Vegas,United States,booking_via_agoda,agoda,3038.0,Booking.com,1bd4fb0ba102711b,2024-02-09,2024,,,6.0,0.0,10.0,6.0,https://www.agoda.com/api/cronos/property/review/HotelReviews?hotelId=2937&pageSize=50&referer=https%3A%2F%2Fwww.agoda.com%2Fvenetian-resort-hotel-casino%2Fhotel%2Flas-vegas-nv-us.html&providerMode=separate,27,2026-06-07T16:23:33.156739+00:00
HVEGAS001,The Venetian Resort Las Vegas,Las Vegas,United States,booking_via_agoda,agoda,3038.0,Booking.com,14f2bb40bdec25f8,2024-02-09,2024,,,10.0,0.0,10.0,10.0,https://www.agoda.com/api/cronos/property/review/HotelReviews?hotelId=2937&pageSize=50&referer=https%3A%2F%2Fwww.agoda.com%2Fvenetian-resort-hotel-casino%2Fhotel%2Flas-vegas-nv-us.html&providerMode=separate,27,2026-06-07T16:23:33.156739+00:00
HVEGAS001,The Venetian Resort Las Vegas,Las Vegas,United States,booking_via_agoda,agoda,3038.0,Booking.com,35cedd3920066e85,2024-02-10,2024,,,9.0,0.0,10.0,9.0,https://www.agoda.com/api/cronos/property/review/HotelReviews?hotelId=2937&pageSize=50&referer=https%3A%2F%2Fwww.agoda.com%2Fvenetian-resort-hotel-casino%2Fhotel%2Flas-vegas-nv-us.html&providerMode=separate,27,2026-06-07T16:23:33.156739+00:00
HVEGAS001,The Venetian Resort Las Vegas,Las Vegas,United States,booking_via_agoda,agoda,3038.0,Booking.com,f5ad2be7abc88255,2024-02-11,2024,,,8.0,0.0,10.0,8.0,https://www.agoda.com/api/cronos/property/review/HotelReviews?hotelId=2937&pageSize=50&referer=https%3A%2F%2Fwww.agoda.com%2Fvenetian-resort-hotel-casino%2Fhotel%2Flas-vegas-nv-us.html&providerMode=separate,27,2026-06-07T16:23:33.156739+00:00
HVEGAS001,The Venetian Resort Las Vegas,Las Vegas,United States,booking_via_agoda,agoda,3038.0,Booking.com,4de1130751e75d1c,2024-02-11,2024,,,10.0,0.0,10.0,10.0,https://www.agoda.com/api/cronos/property/review/HotelReviews?hotelId=2937&pageSize=50&referer=https%3A%2F%2Fwww.agoda.com%2Fvenetian-resort-hotel-casino%2Fhotel%2Flas-vegas-nv-us.html&providerMode=separate,27,2026-06-07T16:23:33.156739+00:00
HVEGAS001,The Venetian Resort Las Vegas,Las Vegas,United States,booking_via_agoda,agoda,3038.0,Booking.com,ef765d7045d2b4b7,2024-02-16,2024,,,10.0,0.0,10.0,10.0,https://www.agoda.com/api/cronos/property/review/HotelReviews?hotelId=2937&pageSize=50&referer=https%3A%2F%2Fwww.agoda.com%2Fvenetian-resort-hotel-casino%2Fhotel%2Flas-vegas-nv-us.html&providerMode=separate,27,2026-06-07T16:23:33.156739+00:00
HVEGAS001,The Venetian Resort Las Vegas,Las Vegas,United States,booking_via_agoda,agoda,3038.0,Booking.com,026245e1837f4394,2024-02-17,2024,,,8.0,0.0,10.0,8.0,https://www.agoda.com/api/cronos/property/review/HotelReviews?hotelId=2937&pageSize=50&referer=https%3A%2F%2Fwww.agoda.com%2Fvenetian-resort-hotel-casino%2Fhotel%2Flas-vegas-nv-us.html&providerMode=separate,27,2026-06-07T16:23:33.156739+00:00
HVEGAS001,The Venetian Resort Las Vegas,Las Vegas,United States,booking_via_agoda,agoda,3038.0,Booking.com,65bfb6b81d6acd4f,2024-02-17,2024,,,10.0,0.0,10.0,10.0,https://www.agoda.com/api/cronos/property/review/HotelReviews?hotelId=2937&pageSize=50&referer=https%3A%2F%2Fwww.agoda.com%2Fvenetian-resort-hotel-casino%2Fhotel%2Flas-vegas-nv-us.html&providerMode=separate,27,2026-06-07T16:23:33.156739+00:00
HVEGAS001,The Venetian Resort Las Vegas,Las Vegas,United States,booking_via_agoda,agoda,3038.0,Booking.com,8e6eb75a3926dfbd,2024-02-17,2024,,,9.0,0.0,10.0,9.0,https://www.agoda.com/api/cronos/property/review/HotelReviews?hotelId=2937&pageSize=50&referer=https%3A%2F%2Fwww.agoda.com%2Fvenetian-resort-hotel-casino%2Fhotel%2Flas-vegas-nv-us.html&providerMode=separate,27,2026-06-07T16:23:33.156739+00:00
HVEGAS001,The Venetian Resort Las Vegas,Las Vegas,United States,booking_via_agoda,agoda,3038.0,Booking.com,fba519727606fe2b,2024-02-18,2024,,,9.0,0.0,10.0,9.0,https://www.agoda.com/api/cronos/property/review/HotelReviews?hotelId=2937&pageSize=50&referer=https%3A%2F%2Fwww.agoda.com%2Fvenetian-resort-hotel-casino%2Fhotel%2Flas-vegas-nv-us.html&providerMode=separate,27,2026-06-07T16:23:33.156739+00:00
HVEGAS001,The Venetian Resort Las Vegas,Las Vegas,United States,booking_via_agoda,agoda,3038.0,Booking.com,03e10999f0d88215,2024-02-19,2024,,,1.0,0.0,10.0,1.0,https://www.agoda.com/api/cronos/property/review/HotelReviews?hotelId=2937&pageSize=50&referer=https%3A%2F%2Fwww.agoda.com%2Fvenetian-resort-hotel-casino%2Fhotel%2Flas-vegas-nv-us.html&providerMode=separate,27,2026-06-07T16:23:33.156739+00:00
HVEGAS001,The Venetian Resort Las Vegas,Las Vegas,United States,booking_via_agoda,agoda,3038.0,Booking.com,efa6860e6a767eb2,2024-02-19,2024,,,10.0,0.0,10.0,10.0,https://www.agoda.com/api/cronos/property/review/HotelReviews?hotelId=2937&pageSize=50&referer=https%3A%2F%2Fwww.agoda.com%2Fvenetian-resort-hotel-casino%2Fhotel%2Flas-vegas-nv-us.html&providerMode=separate,27,2026-06-07T16:23:33.156739+00:00
HVEGAS001,The Venetian Resort Las Vegas,Las Vegas,United States,booking_via_agoda,agoda,3038.0,Booking.com,0df90cc5ddd3dbe0,2024-02-19,2024,,,10.0,0.0,10.0,10.0,https://www.agoda.com/api/cronos/property/review/HotelReviews?hotelId=2937&pageSize=50&referer=https%3A%2F%2Fwww.agoda.com%2Fvenetian-resort-hotel-casino%2Fhotel%2Flas-vegas-nv-us.html&providerMode=separate,27,2026-06-07T16:23:33.156739+00:00
HVEGAS001,The Venetian Resort Las Vegas,Las Vegas,United States,booking_via_agoda,agoda,3038.0,Booking.com,f35748e21213f7fe,2024-02-19,2024,,,9.0,0.0,10.0,9.0,https://www.agoda.com/api/cronos/property/review/HotelReviews?hotelId=2937&pageSize=50&referer=https%3A%2F%2Fwww.agoda.com%2Fvenetian-resort-hotel-casino%2Fhotel%2Flas-vegas-nv-us.html&providerMode=separate,27,2026-06-07T16:23:33.156739+00:00
HVEGAS001,The Venetian Resort Las Vegas,Las Vegas,United States,booking_via_agoda,agoda,3038.0,Booking.com,f21f1fbcc51962bc,2024-02-20,2024,,,9.0,0.0,10.0,9.0,https://www.agoda.com/api/cronos/property/review/HotelReviews?hotelId=2937&pageSize=50&referer=https%3A%2F%2Fwww.agoda.com%2Fvenetian-resort-hotel-casino%2Fhotel%2Flas-vegas-nv-us.html&providerMode=separate,27,2026-06-07T16:23:33.156739+00:00
HVEGAS001,The Venetian Resort Las Vegas,Las Vegas,United States,booking_via_agoda,agoda,3038.0,Booking.com,a4d3a82996357191,2024-02-20,2024,,,10.0,0.0,10.0,10.0,https://www.agoda.com/api/cronos/property/review/HotelReviews?hotelId=2937&pageSize=50&referer=https%3A%2F%2Fwww.agoda.com%2Fvenetian-resort-hotel-casino%2Fhotel%2Flas-vegas-nv-us.html&providerMode=separate,27,2026-06-07T16:23:33.156739+00:00
HVEGAS001,The Venetian Resort Las Vegas,Las Vegas,United States,booking_via_agoda,agoda,3038.0,Booking.com,a26a968b6289bc74,2024-02-21,2024,,,10.0,0.0,10.0,10.0,https://www.agoda.com/api/cronos/property/review/HotelReviews?hotelId=2937&pageSize=50&referer=https%3A%2F%2Fwww.agoda.com%2Fvenetian-resort-hotel-casino%2Fhotel%2Flas-vegas-nv-us.html&providerMode=separate,27,2026-06-07T16:23:33.156739+00:00
HVEGAS001,The Venetian Resort Las Vegas,Las Vegas,United States,booking_via_agoda,agoda,3038.0,Booking.com,4e8a2ba5ae5798aa,2024-02-21,2024,,,10.0,0.0,10.0,10.0,https://www.agoda.com/api/cronos/property/review/HotelReviews?hotelId=2937&pageSize=50&referer=https%3A%2F%2Fwww.agoda.com%2Fvenetian-resort-hotel-casino%2Fhotel%2Flas-vegas-nv-us.html&providerMode=separate,27,2026-06-07T16:23:33.156739+00:00
HVEGAS001,The Venetian Resort Las Vegas,Las Vegas,United States,booking_via_agoda,agoda,3038.0,Booking.com,7fa0bfa0f92a2835,2024-02-22,2024,,,9.0,0.0,10.0,9.0,https://www.agoda.com/api/cronos/property/review/HotelReviews?hotelId=2937&pageSize=50&referer=https%3A%2F%2Fwww.agoda.com%2Fvenetian-resort-hotel-casino%2Fhotel%2Flas-vegas-nv-us.html&providerMode=separate,27,2026-06-07T16:23:33.156739+00:00
HVEGAS001,The Venetian Resort Las Vegas,Las Vegas,United States,booking_via_agoda,agoda,3038.0,Booking.com,d41e7290e66a4a1a,2024-02-23,2024,,,8.0,0.0,10.0,8.0,https://www.agoda.com/api/cronos/property/review/HotelReviews?hotelId=2937&pageSize=50&referer=https%3A%2F%2Fwww.agoda.com%2Fvenetian-resort-hotel-casino%2Fhotel%2Flas-vegas-nv-us.html&providerMode=separate,27,2026-06-07T16:23:33.156739+00:00
HVEGAS001,The Venetian Resort Las Vegas,Las Vegas,United States,booking_via_agoda,agoda,3038.0,Booking.com,c2bdc11918bc258c,2024-02-23,2024,,,9.0,0.0,10.0,9.0,https://www.agoda.com/api/cronos/property/review/HotelReviews?hotelId=2937&pageSize=50&referer=https%3A%2F%2Fwww.agoda.com%2Fvenetian-resort-hotel-casino%2Fhotel%2Flas-vegas-nv-us.html&providerMode=separate,27,2026-06-07T16:23:33.156739+00:00
HVEGAS001,The Venetian Resort Las Vegas,Las Vegas,United States,booking_via_agoda,agoda,3038.0,Booking.com,34e43794bcf36f65,2024-02-25,2024,,,9.0,0.0,10.0,9.0,https://www.agoda.com/api/cronos/property/review/HotelReviews?hotelId=2937&pageSize=50&referer=https%3A%2F%2Fwww.agoda.com%2Fvenetian-resort-hotel-casino%2Fhotel%2Flas-vegas-nv-us.html&providerMode=separate,27,2026-06-07T16:23:33.156739+00:00
HVEGAS001,The Venetian Resort Las Vegas,Las Vegas,United States,booking_via_agoda,agoda,3038.0,Booking.com,3f03d221f9c15838,2024-02-25,2024,,,10.0,0.0,10.0,10.0,https://www.agoda.com/api/cronos/property/review/HotelReviews?hotelId=2937&pageSize=50&referer=https%3A%2F%2Fwww.agoda.com%2Fvenetian-resort-hotel-casino%2Fhotel%2Flas-vegas-nv-us.html&providerMode=separate,27,2026-06-07T16:23:33.156739+00:00
HVEGAS001,The Venetian Resort Las Vegas,Las Vegas,United States,booking_via_agoda,agoda,3038.0,Booking.com,4073a73ddaa79b67,2024-02-26,2024,,,8.0,0.0,10.0,8.0,https://www.agoda.com/api/cronos/property/review/HotelReviews?hotelId=2937&pageSize=50&referer=https%3A%2F%2Fwww.agoda.com%2Fvenetian-resort-hotel-casino%2Fhotel%2Flas-vegas-nv-us.html&providerMode=separate,27,2026-06-07T16:23:33.156739+00:00
HVEGAS001,The Venetian Resort Las Vegas,Las Vegas,United States,booking_via_agoda,agoda,3038.0,Booking.com,8642a5d4b9961d9a,2024-02-27,2024,,,9.0,0.0,10.0,9.0,https://www.agoda.com/api/cronos/property/review/HotelReviews?hotelId=2937&pageSize=50&referer=https%3A%2F%2Fwww.agoda.com%2Fvenetian-resort-hotel-casino%2Fhotel%2Flas-vegas-nv-us.html&providerMode=separate,27,2026-06-07T16:23:33.156739+00:00
HVEGAS001,The Venetian Resort Las Vegas,Las Vegas,United States,booking_via_agoda,agoda,3038.0,Booking.com,8c3711160ddab3fe,2024-02-27,2024,,,10.0,0.0,10.0,10.0,https://www.agoda.com/api/cronos/property/review/HotelReviews?hotelId=2937&pageSize=50&referer=https%3A%2F%2Fwww.agoda.com%2Fvenetian-resort-hotel-casino%2Fhotel%2Flas-vegas-nv-us.html&providerMode=separate,27,2026-06-07T16:23:33.156739+00:00
HVEGAS001,The Venetian Resort Las Vegas,Las Vegas,United States,booking_via_agoda,agoda,3038.0,Booking.com,189491dcc20934f3,2024-02-29,2024,,,8.0,0.0,10.0,8.0,https://www.agoda.com/api/cronos/property/review/HotelReviews?hotelId=2937&pageSize=50&referer=https%3A%2F%2Fwww.agoda.com%2Fvenetian-resort-hotel-casino%2Fhotel%2Flas-vegas-nv-us.html&providerMode=separate,27,2026-06-07T16:23:33.156739+00:00
HVEGAS001,The Venetian Resort Las Vegas,Las Vegas,United States,booking_via_agoda,agoda,3038.0,Booking.com,6f7a355692457ca4,2024-02-29,2024,,,8.0,0.0,10.0,8.0,https://www.agoda.com/api/cronos/property/review/HotelReviews?hotelId=2937&pageSize=50&referer=https%3A%2F%2Fwww.agoda.com%2Fvenetian-resort-hotel-casino%2Fhotel%2Flas-vegas-nv-us.html&providerMode=separate,27,2026-06-07T16:23:33.156739+00:00
HVEGAS001,The Venetian Resort Las Vegas,Las Vegas,United States,booking_via_agoda,agoda,3038.0,Booking.com,947b9595d9d831ea,2024-03-01,2024,,,10.0,0.0,10.0,10.0,https://www.agoda.com/api/cronos/property/review/HotelReviews?hotelId=2937&pageSize=50&referer=https%3A%2F%2Fwww.agoda.com%2Fvenetian-resort-hotel-casino%2Fhotel%2Flas-vegas-nv-us.html&providerMode=separate,27,2026-06-07T16:23:33.156739+00:00
HVEGAS001,The Venetian Resort Las Vegas,Las Vegas,United States,booking_via_agoda,agoda,3038.0,Booking.com,c574f84daac48142,2024-03-01,2024,,,10.0,0.0,10.0,10.0,https://www.agoda.com/api/cronos/property/review/HotelReviews?hotelId=2937&pageSize=50&referer=https%3A%2F%2Fwww.agoda.com%2Fvenetian-resort-hotel-casino%2Fhotel%2Flas-vegas-nv-us.html&providerMode=separate,27,2026-06-07T16:23:33.156739+00:00
HVEGAS001,The Venetian Resort Las Vegas,Las Vegas,United States,booking_via_agoda,agoda,3038.0,Booking.com,55c6a78cf65af82a,2024-03-02,2024,,,6.0,0.0,10.0,6.0,https://www.agoda.com/api/cronos/property/review/HotelReviews?hotelId=2937&pageSize=50&referer=https%3A%2F%2Fwww.agoda.com%2Fvenetian-resort-hotel-casino%2Fhotel%2Flas-vegas-nv-us.html&providerMode=separate,27,2026-06-07T16:23:33.156739+00:00
HVEGAS001,The Venetian Resort Las Vegas,Las Vegas,United States,booking_via_agoda,agoda,3038.0,Booking.com,1746068548d72ed3,2024-03-03,2024,,,10.0,0.0,10.0,10.0,https://www.agoda.com/api/cronos/property/review/HotelReviews?hotelId=2937&pageSize=50&referer=https%3A%2F%2Fwww.agoda.com%2Fvenetian-resort-hotel-casino%2Fhotel%2Flas-vegas-nv-us.html&providerMode=separate,27,2026-06-07T16:23:33.156739+00:00
HVEGAS001,The Venetian Resort Las Vegas,Las Vegas,United States,booking_via_agoda,agoda,3038.0,Booking.com,15eb7451382fe172,2024-03-04,2024,,,7.0,0.0,10.0,7.0,https://www.agoda.com/api/cronos/property/review/HotelReviews?hotelId=2937&pageSize=50&referer=https%3A%2F%2Fwww.agoda.com%2Fvenetian-resort-hotel-casino%2Fhotel%2Flas-vegas-nv-us.html&providerMode=separate,27,2026-06-07T16:23:33.156739+00:00
HVEGAS001,The Venetian Resort Las Vegas,Las Vegas,United States,booking_via_agoda,agoda,3038.0,Booking.com,dfb641934f0497e9,2024-03-04,2024,,,8.0,0.0,10.0,8.0,https://www.agoda.com/api/cronos/property/review/HotelReviews?hotelId=2937&pageSize=50&referer=https%3A%2F%2Fwww.agoda.com%2Fvenetian-resort-hotel-casino%2Fhotel%2Flas-vegas-nv-us.html&providerMode=separate,27,2026-06-07T16:23:33.156739+00:00
HVEGAS001,The Venetian Resort Las Vegas,Las Vegas,United States,booking_via_agoda,agoda,3038.0,Booking.com,a838d23bb92e57c0,2024-03-04,2024,,,10.0,0.0,10.0,10.0,https://www.agoda.com/api/cronos/property/review/HotelReviews?hotelId=2937&pageSize=50&referer=https%3A%2F%2Fwww.agoda.com%2Fvenetian-resort-hotel-casino%2Fhotel%2Flas-vegas-nv-us.html&providerMode=separate,27,2026-06-07T16:23:33.156739+00:00
HVEGAS001,The Venetian Resort Las Vegas,Las Vegas,United States,booking_via_agoda,agoda,3038.0,Booking.com,3639f5785237bfa0,2024-03-05,2024,,,7.0,0.0,10.0,7.0,https://www.agoda.com/api/cronos/property/review/HotelReviews?hotelId=2937&pageSize=50&referer=https%3A%2F%2Fwww.agoda.com%2Fvenetian-resort-hotel-casino%2Fhotel%2Flas-vegas-nv-us.html&providerMode=separate,27,2026-06-07T16:23:33.156739+00:00
HVEGAS001,The Venetian Resort Las Vegas,Las Vegas,United States,booking_via_agoda,agoda,3038.0,Booking.com,ceb595108e58cf70,2024-03-05,2024,,,10.0,0.0,10.0,10.0,https://www.agoda.com/api/cronos/property/review/HotelReviews?hotelId=2937&pageSize=50&referer=https%3A%2F%2Fwww.agoda.com%2Fvenetian-resort-hotel-casino%2Fhotel%2Flas-vegas-nv-us.html&providerMode=separate,27,2026-06-07T16:23:33.156739+00:00
HVEGAS001,The Venetian Resort Las Vegas,Las Vegas,United States,booking_via_agoda,agoda,3038.0,Booking.com,5521ddfa3c634650,2024-03-09,2024,,,10.0,0.0,10.0,10.0,https://www.agoda.com/api/cronos/property/review/HotelReviews?hotelId=2937&pageSize=50&referer=https%3A%2F%2Fwww.agoda.com%2Fvenetian-resort-hotel-casino%2Fhotel%2Flas-vegas-nv-us.html&providerMode=separate,27,2026-06-07T16:23:33.156739+00:00
HVEGAS001,The Venetian Resort Las Vegas,Las Vegas,United States,booking_via_agoda,agoda,3038.0,Booking.com,50569795a7ff3f5f,2024-03-10,2024,,,10.0,0.0,10.0,10.0,https://www.agoda.com/api/cronos/property/review/HotelReviews?hotelId=2937&pageSize=50&referer=https%3A%2F%2Fwww.agoda.com%2Fvenetian-resort-hotel-casino%2Fhotel%2Flas-vegas-nv-us.html&providerMode=separate,27,2026-06-07T16:23:33.156739+00:00
HVEGAS001,The Venetian Resort Las Vegas,Las Vegas,United States,booking_via_agoda,agoda,3038.0,Booking.com,86e9486bddc2f742,2024-03-12,2024,,,10.0,0.0,10.0,10.0,https://www.agoda.com/api/cronos/property/review/HotelReviews?hotelId=2937&pageSize=50&referer=https%3A%2F%2Fwww.agoda.com%2Fvenetian-resort-hotel-casino%2Fhotel%2Flas-vegas-nv-us.html&providerMode=separate,27,2026-06-07T16:23:33.156739+00:00
HVEGAS001,The Venetian Resort Las Vegas,Las Vegas,United States,booking_via_agoda,agoda,3038.0,Booking.com,b19b25217a270b7e,2024-03-13,2024,,,10.0,0.0,10.0,10.0,https://www.agoda.com/api/cronos/property/review/HotelReviews?hotelId=2937&pageSize=50&referer=https%3A%2F%2Fwww.agoda.com%2Fvenetian-resort-hotel-casino%2Fhotel%2Flas-vegas-nv-us.html&providerMode=separate,27,2026-06-07T16:23:33.156739+00:00
HVEGAS001,The Venetian Resort Las Vegas,Las Vegas,United States,booking_via_agoda,agoda,3038.0,Booking.com,b9bf8d32f0a902e0,2024-03-14,2024,,,4.0,0.0,10.0,4.0,https://www.agoda.com/api/cronos/property/review/HotelReviews?hotelId=2937&pageSize=50&referer=https%3A%2F%2Fwww.agoda.com%2Fvenetian-resort-hotel-casino%2Fhotel%2Flas-vegas-nv-us.html&providerMode=separate,26,2026-06-07T16:23:33.156739+00:00
HVEGAS001,The Venetian Resort Las Vegas,Las Vegas,United States,booking_via_agoda,agoda,3038.0,Booking.com,84936bdfa2387fe2,2024-03-14,2024,,,10.0,0.0,10.0,10.0,https://www.agoda.com/api/cronos/property/review/HotelReviews?hotelId=2937&pageSize=50&referer=https%3A%2F%2Fwww.agoda.com%2Fvenetian-resort-hotel-casino%2Fhotel%2Flas-vegas-nv-us.html&providerMode=separate,27,2026-06-07T16:23:33.156739+00:00
HVEGAS001,The Venetian Resort Las Vegas,Las Vegas,United States,booking_via_agoda,agoda,3038.0,Booking.com,e6ec3834ebe01de1,2024-03-15,2024,,,8.0,0.0,10.0,8.0,https://www.agoda.com/api/cronos/property/review/HotelReviews?hotelId=2937&pageSize=50&referer=https%3A%2F%2Fwww.agoda.com%2Fvenetian-resort-hotel-casino%2Fhotel%2Flas-vegas-nv-us.html&providerMode=separate,26,2026-06-07T16:23:33.156739+00:00
HVEGAS001,The Venetian Resort Las Vegas,Las Vegas,United States,booking_via_agoda,agoda,3038.0,Booking.com,4c619fc4fb8d8954,2024-03-15,2024,,,8.0,0.0,10.0,8.0,https://www.agoda.com/api/cronos/property/review/HotelReviews?hotelId=2937&pageSize=50&referer=https%3A%2F%2Fwww.agoda.com%2Fvenetian-resort-hotel-casino%2Fhotel%2Flas-vegas-nv-us.html&providerMode=separate,26,2026-06-07T16:23:33.156739+00:00
HVEGAS001,The Venetian Resort Las Vegas,Las Vegas,United States,booking_via_agoda,agoda,3038.0,Booking.com,2fdd32ead812c8cf,2024-03-15,2024,,,9.0,0.0,10.0,9.0,https://www.agoda.com/api/cronos/property/review/HotelReviews?hotelId=2937&pageSize=50&referer=https%3A%2F%2Fwww.agoda.com%2Fvenetian-resort-hotel-casino%2Fhotel%2Flas-vegas-nv-us.html&providerMode=separate,26,2026-06-07T16:23:33.156739+00:00
HVEGAS001,The Venetian Resort Las Vegas,Las Vegas,United States,booking_via_agoda,agoda,3038.0,Booking.com,cba5a7dfbc69c82e,2024-03-17,2024,,,9.0,0.0,10.0,9.0,https://www.agoda.com/api/cronos/property/review/HotelReviews?hotelId=2937&pageSize=50&referer=https%3A%2F%2Fwww.agoda.com%2Fvenetian-resort-hotel-casino%2Fhotel%2Flas-vegas-nv-us.html&providerMode=separate,26,2026-06-07T16:23:33.156739+00:00
HVEGAS001,The Venetian Resort Las Vegas,Las Vegas,United States,booking_via_agoda,agoda,3038.0,Booking.com,9b5f130abb1cccbd,2024-03-18,2024,,,1.0,0.0,10.0,1.0,https://www.agoda.com/api/cronos/property/review/HotelReviews?hotelId=2937&pageSize=50&referer=https%3A%2F%2Fwww.agoda.com%2Fvenetian-resort-hotel-casino%2Fhotel%2Flas-vegas-nv-us.html&providerMode=separate,26,2026-06-07T16:23:33.156739+00:00
HVEGAS001,The Venetian Resort Las Vegas,Las Vegas,United States,booking_via_agoda,agoda,3038.0,Booking.com,762034a9ad31f31b,2024-03-18,2024,,,10.0,0.0,10.0,10.0,https://www.agoda.com/api/cronos/property/review/HotelReviews?hotelId=2937&pageSize=50&referer=https%3A%2F%2Fwww.agoda.com%2Fvenetian-resort-hotel-casino%2Fhotel%2Flas-vegas-nv-us.html&providerMode=separate,26,2026-06-07T16:23:33.156739+00:00
HVEGAS001,The Venetian Resort Las Vegas,Las Vegas,United States,booking_via_agoda,agoda,3038.0,Booking.com,dbda0dae9a8e5992,2024-03-19,2024,,,7.0,0.0,10.0,7.0,https://www.agoda.com/api/cronos/property/review/HotelReviews?hotelId=2937&pageSize=50&referer=https%3A%2F%2Fwww.agoda.com%2Fvenetian-resort-hotel-casino%2Fhotel%2Flas-vegas-nv-us.html&providerMode=separate,26,2026-06-07T16:23:33.156739+00:00
HVEGAS001,The Venetian Resort Las Vegas,Las Vegas,United States,booking_via_agoda,agoda,3038.0,Booking.com,177b829cbf73aa4f,2024-03-19,2024,,,7.0,0.0,10.0,7.0,https://www.agoda.com/api/cronos/property/review/HotelReviews?hotelId=2937&pageSize=50&referer=https%3A%2F%2Fwww.agoda.com%2Fvenetian-resort-hotel-casino%2Fhotel%2Flas-vegas-nv-us.html&providerMode=separate,26,2026-06-07T16:23:33.156739+00:00
HVEGAS001,The Venetian Resort Las Vegas,Las Vegas,United States,booking_via_agoda,agoda,3038.0,Booking.com,e2cea1970e383d21,2024-03-19,2024,,,10.0,0.0,10.0,10.0,https://www.agoda.com/api/cronos/property/review/HotelReviews?hotelId=2937&pageSize=50&referer=https%3A%2F%2Fwww.agoda.com%2Fvenetian-resort-hotel-casino%2Fhotel%2Flas-vegas-nv-us.html&providerMode=separate,26,2026-06-07T16:23:33.156739+00:00
HVEGAS001,The Venetian Resort Las Vegas,Las Vegas,United States,booking_via_agoda,agoda,3038.0,Booking.com,263b816a24fa4e60,2024-03-21,2024,,,7.0,0.0,10.0,7.0,https://www.agoda.com/api/cronos/property/review/HotelReviews?hotelId=2937&pageSize=50&referer=https%3A%2F%2Fwww.agoda.com%2Fvenetian-resort-hotel-casino%2Fhotel%2Flas-vegas-nv-us.html&providerMode=separate,26,2026-06-07T16:23:33.156739+00:00
HVEGAS001,The Venetian Resort Las Vegas,Las Vegas,United States,booking_via_agoda,agoda,3038.0,Booking.com,d146bdc805223fa7,2024-03-24,2024,,,10.0,0.0,10.0,10.0,https://www.agoda.com/api/cronos/property/review/HotelReviews?hotelId=2937&pageSize=50&referer=https%3A%2F%2Fwww.agoda.com%2Fvenetian-resort-hotel-casino%2Fhotel%2Flas-vegas-nv-us.html&providerMode=separate,26,2026-06-07T16:23:33.156739+00:00
HVEGAS001,The Venetian Resort Las Vegas,Las Vegas,United States,booking_via_agoda,agoda,3038.0,Booking.com,2975df9b3fee867b,2024-03-24,2024,,,7.0,0.0,10.0,7.0,https://www.agoda.com/api/cronos/property/review/HotelReviews?hotelId=2937&pageSize=50&referer=https%3A%2F%2Fwww.agoda.com%2Fvenetian-resort-hotel-casino%2Fhotel%2Flas-vegas-nv-us.html&providerMode=separate,26,2026-06-07T16:23:33.156739+00:00
HVEGAS001,The Venetian Resort Las Vegas,Las Vegas,United States,booking_via_agoda,agoda,3038.0,Booking.com,c2bf2fc6c5ad1ab8,2024-03-24,2024,,,8.0,0.0,10.0,8.0,https://www.agoda.com/api/cronos/property/review/HotelReviews?hotelId=2937&pageSize=50&referer=https%3A%2F%2Fwww.agoda.com%2Fvenetian-resort-hotel-casino%2Fhotel%2Flas-vegas-nv-us.html&providerMode=separate,26,2026-06-07T16:23:33.156739+00:00
HVEGAS001,The Venetian Resort Las Vegas,Las Vegas,United States,booking_via_agoda,agoda,3038.0,Booking.com,8603b88f04754231,2024-03-26,2024,,,7.0,0.0,10.0,7.0,https://www.agoda.com/api/cronos/property/review/HotelReviews?hotelId=2937&pageSize=50&referer=https%3A%2F%2Fwww.agoda.com%2Fvenetian-resort-hotel-casino%2Fhotel%2Flas-vegas-nv-us.html&providerMode=separate,26,2026-06-07T16:23:33.156739+00:00
HVEGAS001,The Venetian Resort Las Vegas,Las Vegas,United States,booking_via_agoda,agoda,3038.0,Booking.com,5e683433dc3919b3,2024-03-27,2024,,,5.0,0.0,10.0,5.0,https://www.agoda.com/api/cronos/property/review/HotelReviews?hotelId=2937&pageSize=50&referer=https%3A%2F%2Fwww.agoda.com%2Fvenetian-resort-hotel-casino%2Fhotel%2Flas-vegas-nv-us.html&providerMode=separate,26,2026-06-07T16:23:33.156739+00:00
HVEGAS001,The Venetian Resort Las Vegas,Las Vegas,United States,booking_via_agoda,agoda,3038.0,Booking.com,8e1d7521e8530f36,2024-03-28,2024,,,9.0,0.0,10.0,9.0,https://www.agoda.com/api/cronos/property/review/HotelReviews?hotelId=2937&pageSize=50&referer=https%3A%2F%2Fwww.agoda.com%2Fvenetian-resort-hotel-casino%2Fhotel%2Flas-vegas-nv-us.html&providerMode=separate,26,2026-06-07T16:23:33.156739+00:00
HVEGAS001,The Venetian Resort Las Vegas,Las Vegas,United States,booking_via_agoda,agoda,3038.0,Booking.com,8d5c567f0fbc1a59,2024-03-29,2024,,,9.0,0.0,10.0,9.0,https://www.agoda.com/api/cronos/property/review/HotelReviews?hotelId=2937&pageSize=50&referer=https%3A%2F%2Fwww.agoda.com%2Fvenetian-resort-hotel-casino%2Fhotel%2Flas-vegas-nv-us.html&providerMode=separate,26,2026-06-07T16:23:33.156739+00:00
HVEGAS001,The Venetian Resort Las Vegas,Las Vegas,United States,booking_via_agoda,agoda,3038.0,Booking.com,8b3944de4264407c,2024-03-29,2024,,,9.0,0.0,10.0,9.0,https://www.agoda.com/api/cronos/property/review/HotelReviews?hotelId=2937&pageSize=50&referer=https%3A%2F%2Fwww.agoda.com%2Fvenetian-resort-hotel-casino%2Fhotel%2Flas-vegas-nv-us.html&providerMode=separate,26,2026-06-07T16:23:33.156739+00:00
HVEGAS001,The Venetian Resort Las Vegas,Las Vegas,United States,booking_via_agoda,agoda,3038.0,Booking.com,7f012c3270f3af0f,2024-03-29,2024,,,10.0,0.0,10.0,10.0,https://www.agoda.com/api/cronos/property/review/HotelReviews?hotelId=2937&pageSize=50&referer=https%3A%2F%2Fwww.agoda.com%2Fvenetian-resort-hotel-casino%2Fhotel%2Flas-vegas-nv-us.html&providerMode=separate,26,2026-06-07T16:23:33.156739+00:00
HVEGAS001,The Venetian Resort Las Vegas,Las Vegas,United States,booking_via_agoda,agoda,3038.0,Booking.com,1ea2d680488155d8,2024-03-29,2024,,,10.0,0.0,10.0,10.0,https://www.agoda.com/api/cronos/property/review/HotelReviews?hotelId=2937&pageSize=50&referer=https%3A%2F%2Fwww.agoda.com%2Fvenetian-resort-hotel-casino%2Fhotel%2Flas-vegas-nv-us.html&providerMode=separate,26,2026-06-07T16:23:33.156739+00:00
HVEGAS001,The Venetian Resort Las Vegas,Las Vegas,United States,booking_via_agoda,agoda,3038.0,Booking.com,6aa05f3bee642590,2024-03-30,2024,,,10.0,0.0,10.0,10.0,https://www.agoda.com/api/cronos/property/review/HotelReviews?hotelId=2937&pageSize=50&referer=https%3A%2F%2Fwww.agoda.com%2Fvenetian-resort-hotel-casino%2Fhotel%2Flas-vegas-nv-us.html&providerMode=separate,26,2026-06-07T16:23:33.156739+00:00
HVEGAS001,The Venetian Resort Las Vegas,Las Vegas,United States,booking_via_agoda,agoda,3038.0,Booking.com,83c41c9022a97748,2024-03-30,2024,,,1.0,0.0,10.0,1.0,https://www.agoda.com/api/cronos/property/review/HotelReviews?hotelId=2937&pageSize=50&referer=https%3A%2F%2Fwww.agoda.com%2Fvenetian-resort-hotel-casino%2Fhotel%2Flas-vegas-nv-us.html&providerMode=separate,26,2026-06-07T16:23:33.156739+00:00
HVEGAS001,The Venetian Resort Las Vegas,Las Vegas,United States,booking_via_agoda,agoda,3038.0,Booking.com,2822eeab8ac9620e,2024-04-01,2024,,,7.0,0.0,10.0,7.0,https://www.agoda.com/api/cronos/property/review/HotelReviews?hotelId=2937&pageSize=50&referer=https%3A%2F%2Fwww.agoda.com%2Fvenetian-resort-hotel-casino%2Fhotel%2Flas-vegas-nv-us.html&providerMode=separate,26,2026-06-07T16:23:33.156739+00:00
HVEGAS001,The Venetian Resort Las Vegas,Las Vegas,United States,booking_via_agoda,agoda,3038.0,Booking.com,14c44f1fd1d8aa84,2024-04-02,2024,,,10.0,0.0,10.0,10.0,https://www.agoda.com/api/cronos/property/review/HotelReviews?hotelId=2937&pageSize=50&referer=https%3A%2F%2Fwww.agoda.com%2Fvenetian-resort-hotel-casino%2Fhotel%2Flas-vegas-nv-us.html&providerMode=separate,26,2026-06-07T16:23:33.156739+00:00
HVEGAS001,The Venetian Resort Las Vegas,Las Vegas,United States,booking_via_agoda,agoda,3038.0,Booking.com,15d406074cff7acf,2024-04-03,2024,,,10.0,0.0,10.0,10.0,https://www.agoda.com/api/cronos/property/review/HotelReviews?hotelId=2937&pageSize=50&referer=https%3A%2F%2Fwww.agoda.com%2Fvenetian-resort-hotel-casino%2Fhotel%2Flas-vegas-nv-us.html&providerMode=separate,26,2026-06-07T16:23:33.156739+00:00
HVEGAS001,The Venetian Resort Las Vegas,Las Vegas,United States,booking_via_agoda,agoda,3038.0,Booking.com,7e25dfd6e1cb42a1,2024-04-03,2024,,,6.0,0.0,10.0,6.0,https://www.agoda.com/api/cronos/property/review/HotelReviews?hotelId=2937&pageSize=50&referer=https%3A%2F%2Fwww.agoda.com%2Fvenetian-resort-hotel-casino%2Fhotel%2Flas-vegas-nv-us.html&providerMode=separate,26,2026-06-07T16:23:33.156739+00:00
HVEGAS001,The Venetian Resort Las Vegas,Las Vegas,United States,booking_via_agoda,agoda,3038.0,Booking.com,072c996bfce11d62,2024-04-04,2024,,,7.0,0.0,10.0,7.0,https://www.agoda.com/api/cronos/property/review/HotelReviews?hotelId=2937&pageSize=50&referer=https%3A%2F%2Fwww.agoda.com%2Fvenetian-resort-hotel-casino%2Fhotel%2Flas-vegas-nv-us.html&providerMode=separate,26,2026-06-07T16:23:33.156739+00:00
HVEGAS001,The Venetian Resort Las Vegas,Las Vegas,United States,booking_via_agoda,agoda,3038.0,Booking.com,f01ca9fc8208184b,2024-04-04,2024,,,9.0,0.0,10.0,9.0,https://www.agoda.com/api/cronos/property/review/HotelReviews?hotelId=2937&pageSize=50&referer=https%3A%2F%2Fwww.agoda.com%2Fvenetian-resort-hotel-casino%2Fhotel%2Flas-vegas-nv-us.html&providerMode=separate,26,2026-06-07T16:23:33.156739+00:00
HVEGAS001,The Venetian Resort Las Vegas,Las Vegas,United States,booking_via_agoda,agoda,3038.0,Booking.com,2c0e424ed8f3f518,2024-04-05,2024,,,9.0,0.0,10.0,9.0,https://www.agoda.com/api/cronos/property/review/HotelReviews?hotelId=2937&pageSize=50&referer=https%3A%2F%2Fwww.agoda.com%2Fvenetian-resort-hotel-casino%2Fhotel%2Flas-vegas-nv-us.html&providerMode=separate,26,2026-06-07T16:23:33.156739+00:00
HVEGAS001,The Venetian Resort Las Vegas,Las Vegas,United States,booking_via_agoda,agoda,3038.0,Booking.com,1568388931ae0eae,2024-04-05,2024,,,8.0,0.0,10.0,8.0,https://www.agoda.com/api/cronos/property/review/HotelReviews?hotelId=2937&pageSize=50&referer=https%3A%2F%2Fwww.agoda.com%2Fvenetian-resort-hotel-casino%2Fhotel%2Flas-vegas-nv-us.html&providerMode=separate,26,2026-06-07T16:23:33.156739+00:00
HVEGAS001,The Venetian Resort Las Vegas,Las Vegas,United States,booking_via_agoda,agoda,3038.0,Booking.com,2366d9d0c55c9a18,2024-04-06,2024,,,10.0,0.0,10.0,10.0,https://www.agoda.com/api/cronos/property/review/HotelReviews?hotelId=2937&pageSize=50&referer=https%3A%2F%2Fwww.agoda.com%2Fvenetian-resort-hotel-casino%2Fhotel%2Flas-vegas-nv-us.html&providerMode=separate,26,2026-06-07T16:23:33.156739+00:00
HVEGAS001,The Venetian Resort Las Vegas,Las Vegas,United States,booking_via_agoda,agoda,3038.0,Booking.com,29f3dfc77e1754c1,2024-04-06,2024,,,9.0,0.0,10.0,9.0,https://www.agoda.com/api/cronos/property/review/HotelReviews?hotelId=2937&pageSize=50&referer=https%3A%2F%2Fwww.agoda.com%2Fvenetian-resort-hotel-casino%2Fhotel%2Flas-vegas-nv-us.html&providerMode=separate,26,2026-06-07T16:23:33.156739+00:00
HVEGAS001,The Venetian Resort Las Vegas,Las Vegas,United States,booking_via_agoda,agoda,3038.0,Booking.com,840ac0d19a369684,2024-04-07,2024,,,10.0,0.0,10.0,10.0,https://www.agoda.com/api/cronos/property/review/HotelReviews?hotelId=2937&pageSize=50&referer=https%3A%2F%2Fwww.agoda.com%2Fvenetian-resort-hotel-casino%2Fhotel%2Flas-vegas-nv-us.html&providerMode=separate,26,2026-06-07T16:23:33.156739+00:00
HVEGAS001,The Venetian Resort Las Vegas,Las Vegas,United States,booking_via_agoda,agoda,3038.0,Booking.com,2ca91c0377584dc4,2024-04-07,2024,,,10.0,0.0,10.0,10.0,https://www.agoda.com/api/cronos/property/review/HotelReviews?hotelId=2937&pageSize=50&referer=https%3A%2F%2Fwww.agoda.com%2Fvenetian-resort-hotel-casino%2Fhotel%2Flas-vegas-nv-us.html&providerMode=separate,26,2026-06-07T16:23:33.156739+00:00
HVEGAS001,The Venetian Resort Las Vegas,Las Vegas,United States,booking_via_agoda,agoda,3038.0,Booking.com,016789a8fc84e394,2024-04-08,2024,,,6.0,0.0,10.0,6.0,https://www.agoda.com/api/cronos/property/review/HotelReviews?hotelId=2937&pageSize=50&referer=https%3A%2F%2Fwww.agoda.com%2Fvenetian-resort-hotel-casino%2Fhotel%2Flas-vegas-nv-us.html&providerMode=separate,26,2026-06-07T16:23:33.156739+00:00
HVEGAS001,The Venetian Resort Las Vegas,Las Vegas,United States,booking_via_agoda,agoda,3038.0,Booking.com,4b95c35ec4add159,2024-04-08,2024,,,6.0,0.0,10.0,6.0,https://www.agoda.com/api/cronos/property/review/HotelReviews?hotelId=2937&pageSize=50&referer=https%3A%2F%2Fwww.agoda.com%2Fvenetian-resort-hotel-casino%2Fhotel%2Flas-vegas-nv-us.html&providerMode=separate,26,2026-06-07T16:23:33.156739+00:00
HVEGAS001,The Venetian Resort Las Vegas,Las Vegas,United States,booking_via_agoda,agoda,3038.0,Booking.com,78428335f9163658,2024-04-09,2024,,,6.0,0.0,10.0,6.0,https://www.agoda.com/api/cronos/property/review/HotelReviews?hotelId=2937&pageSize=50&referer=https%3A%2F%2Fwww.agoda.com%2Fvenetian-resort-hotel-casino%2Fhotel%2Flas-vegas-nv-us.html&providerMode=separate,26,2026-06-07T16:23:33.156739+00:00
HVEGAS001,The Venetian Resort Las Vegas,Las Vegas,United States,booking_via_agoda,agoda,3038.0,Booking.com,6e3c97bc7e590532,2024-04-09,2024,,,8.0,0.0,10.0,8.0,https://www.agoda.com/api/cronos/property/review/HotelReviews?hotelId=2937&pageSize=50&referer=https%3A%2F%2Fwww.agoda.com%2Fvenetian-resort-hotel-casino%2Fhotel%2Flas-vegas-nv-us.html&providerMode=separate,26,2026-06-07T16:23:33.156739+00:00
HVEGAS001,The Venetian Resort Las Vegas,Las Vegas,United States,booking_via_agoda,agoda,3038.0,Booking.com,8aed8e4388512b65,2024-04-09,2024,,,10.0,0.0,10.0,10.0,https://www.agoda.com/api/cronos/property/review/HotelReviews?hotelId=2937&pageSize=50&referer=https%3A%2F%2Fwww.agoda.com%2Fvenetian-resort-hotel-casino%2Fhotel%2Flas-vegas-nv-us.html&providerMode=separate,26,2026-06-07T16:23:33.156739+00:00
HVEGAS001,The Venetian Resort Las Vegas,Las Vegas,United States,booking_via_agoda,agoda,3038.0,Booking.com,ffca466bcaa90e74,2024-04-09,2024,,,10.0,0.0,10.0,10.0,https://www.agoda.com/api/cronos/property/review/HotelReviews?hotelId=2937&pageSize=50&referer=https%3A%2F%2Fwww.agoda.com%2Fvenetian-resort-hotel-casino%2Fhotel%2Flas-vegas-nv-us.html&providerMode=separate,26,2026-06-07T16:23:33.156739+00:00
HVEGAS001,The Venetian Resort Las Vegas,Las Vegas,United States,booking_via_agoda,agoda,3038.0,Booking.com,9a7b5b134033145a,2024-04-10,2024,,,9.0,0.0,10.0,9.0,https://www.agoda.com/api/cronos/property/review/HotelReviews?hotelId=2937&pageSize=50&referer=https%3A%2F%2Fwww.agoda.com%2Fvenetian-resort-hotel-casino%2Fhotel%2Flas-vegas-nv-us.html&providerMode=separate,26,2026-06-07T16:23:33.156739+00:00
HVEGAS001,The Venetian Resort Las Vegas,Las Vegas,United States,booking_via_agoda,agoda,3038.0,Booking.com,df3a4d2ee33d356a,2024-04-10,2024,,,10.0,0.0,10.0,10.0,https://www.agoda.com/api/cronos/property/review/HotelReviews?hotelId=2937&pageSize=50&referer=https%3A%2F%2Fwww.agoda.com%2Fvenetian-resort-hotel-casino%2Fhotel%2Flas-vegas-nv-us.html&providerMode=separate,26,2026-06-07T16:23:33.156739+00:00
HVEGAS001,The Venetian Resort Las Vegas,Las Vegas,United States,booking_via_agoda,agoda,3038.0,Booking.com,b8134320749f6628,2024-04-11,2024,,,10.0,0.0,10.0,10.0,https://www.agoda.com/api/cronos/property/review/HotelReviews?hotelId=2937&pageSize=50&referer=https%3A%2F%2Fwww.agoda.com%2Fvenetian-resort-hotel-casino%2Fhotel%2Flas-vegas-nv-us.html&providerMode=separate,26,2026-06-07T16:23:33.156739+00:00
HVEGAS001,The Venetian Resort Las Vegas,Las Vegas,United States,booking_via_agoda,agoda,3038.0,Booking.com,f9cee00e43d59c6f,2024-04-11,2024,,,9.0,0.0,10.0,9.0,https://www.agoda.com/api/cronos/property/review/HotelReviews?hotelId=2937&pageSize=50&referer=https%3A%2F%2Fwww.agoda.com%2Fvenetian-resort-hotel-casino%2Fhotel%2Flas-vegas-nv-us.html&providerMode=separate,26,2026-06-07T16:23:33.156739+00:00
HVEGAS001,The Venetian Resort Las Vegas,Las Vegas,United States,booking_via_agoda,agoda,3038.0,Booking.com,fd2ef3f7cc0ed489,2024-04-11,2024,,,10.0,0.0,10.0,10.0,https://www.agoda.com/api/cronos/property/review/HotelReviews?hotelId=2937&pageSize=50&referer=https%3A%2F%2Fwww.agoda.com%2Fvenetian-resort-hotel-casino%2Fhotel%2Flas-vegas-nv-us.html&providerMode=separate,26,2026-06-07T16:23:33.156739+00:00
HVEGAS001,The Venetian Resort Las Vegas,Las Vegas,United States,booking_via_agoda,agoda,3038.0,Booking.com,7eed5f20a17de637,2024-04-12,2024,,,7.0,0.0,10.0,7.0,https://www.agoda.com/api/cronos/property/review/HotelReviews?hotelId=2937&pageSize=50&referer=https%3A%2F%2Fwww.agoda.com%2Fvenetian-resort-hotel-casino%2Fhotel%2Flas-vegas-nv-us.html&providerMode=separate,26,2026-06-07T16:23:33.156739+00:00
HVEGAS001,The Venetian Resort Las Vegas,Las Vegas,United States,booking_via_agoda,agoda,3038.0,Booking.com,48a8404c21a770c8,2024-04-12,2024,,,10.0,0.0,10.0,10.0,https://www.agoda.com/api/cronos/property/review/HotelReviews?hotelId=2937&pageSize=50&referer=https%3A%2F%2Fwww.agoda.com%2Fvenetian-resort-hotel-casino%2Fhotel%2Flas-vegas-nv-us.html&providerMode=separate,26,2026-06-07T16:23:33.156739+00:00
HVEGAS001,The Venetian Resort Las Vegas,Las Vegas,United States,booking_via_agoda,agoda,3038.0,Booking.com,467a1612b77918f9,2024-04-13,2024,,,10.0,0.0,10.0,10.0,https://www.agoda.com/api/cronos/property/review/HotelReviews?hotelId=2937&pageSize=50&referer=https%3A%2F%2Fwww.agoda.com%2Fvenetian-resort-hotel-casino%2Fhotel%2Flas-vegas-nv-us.html&providerMode=separate,26,2026-06-07T16:23:33.156739+00:00
HVEGAS001,The Venetian Resort Las Vegas,Las Vegas,United States,booking_via_agoda,agoda,3038.0,Booking.com,504dbd0772eb994b,2024-04-14,2024,,,10.0,0.0,10.0,10.0,https://www.agoda.com/api/cronos/property/review/HotelReviews?hotelId=2937&pageSize=50&referer=https%3A%2F%2Fwww.agoda.com%2Fvenetian-resort-hotel-casino%2Fhotel%2Flas-vegas-nv-us.html&providerMode=separate,25,2026-06-07T16:23:33.156739+00:00
HVEGAS001,The Venetian Resort Las Vegas,Las Vegas,United States,booking_via_agoda,agoda,3038.0,Booking.com,155ff402b79f9b53,2024-04-14,2024,,,6.0,0.0,10.0,6.0,https://www.agoda.com/api/cronos/property/review/HotelReviews?hotelId=2937&pageSize=50&referer=https%3A%2F%2Fwww.agoda.com%2Fvenetian-resort-hotel-casino%2Fhotel%2Flas-vegas-nv-us.html&providerMode=separate,26,2026-06-07T16:23:33.156739+00:00
HVEGAS001,The Venetian Resort Las Vegas,Las Vegas,United States,booking_via_agoda,agoda,3038.0,Booking.com,e48af0496dc2d3fc,2024-04-15,2024,,,10.0,0.0,10.0,10.0,https://www.agoda.com/api/cronos/property/review/HotelReviews?hotelId=2937&pageSize=50&referer=https%3A%2F%2Fwww.agoda.com%2Fvenetian-resort-hotel-casino%2Fhotel%2Flas-vegas-nv-us.html&providerMode=separate,25,2026-06-07T16:23:33.156739+00:00
HVEGAS001,The Venetian Resort Las Vegas,Las Vegas,United States,booking_via_agoda,agoda,3038.0,Booking.com,9319d7c72df3456d,2024-04-15,2024,,,10.0,0.0,10.0,10.0,https://www.agoda.com/api/cronos/property/review/HotelReviews?hotelId=2937&pageSize=50&referer=https%3A%2F%2Fwww.agoda.com%2Fvenetian-resort-hotel-casino%2Fhotel%2Flas-vegas-nv-us.html&providerMode=separate,25,2026-06-07T16:23:33.156739+00:00
HVEGAS001,The Venetian Resort Las Vegas,Las Vegas,United States,booking_via_agoda,agoda,3038.0,Booking.com,a19a48ba53bec1df,2024-04-16,2024,,,10.0,0.0,10.0,10.0,https://www.agoda.com/api/cronos/property/review/HotelReviews?hotelId=2937&pageSize=50&referer=https%3A%2F%2Fwww.agoda.com%2Fvenetian-resort-hotel-casino%2Fhotel%2Flas-vegas-nv-us.html&providerMode=separate,25,2026-06-07T16:23:33.156739+00:00
HVEGAS001,The Venetian Resort Las Vegas,Las Vegas,United States,booking_via_agoda,agoda,3038.0,Booking.com,cf419a902f6b7184,2024-04-17,2024,,,8.0,0.0,10.0,8.0,https://www.agoda.com/api/cronos/property/review/HotelReviews?hotelId=2937&pageSize=50&referer=https%3A%2F%2Fwww.agoda.com%2Fvenetian-resort-hotel-casino%2Fhotel%2Flas-vegas-nv-us.html&providerMode=separate,25,2026-06-07T16:23:33.156739+00:00
HVEGAS001,The Venetian Resort Las Vegas,Las Vegas,United States,booking_via_agoda,agoda,3038.0,Booking.com,8f99a373b2234976,2024-04-19,2024,,,10.0,0.0,10.0,10.0,https://www.agoda.com/api/cronos/property/review/HotelReviews?hotelId=2937&pageSize=50&referer=https%3A%2F%2Fwww.agoda.com%2Fvenetian-resort-hotel-casino%2Fhotel%2Flas-vegas-nv-us.html&providerMode=separate,25,2026-06-07T16:23:33.156739+00:00
HVEGAS001,The Venetian Resort Las Vegas,Las Vegas,United States,booking_via_agoda,agoda,3038.0,Booking.com,86a2986e22d5c7c5,2024-04-19,2024,,,10.0,0.0,10.0,10.0,https://www.agoda.com/api/cronos/property/review/HotelReviews?hotelId=2937&pageSize=50&referer=https%3A%2F%2Fwww.agoda.com%2Fvenetian-resort-hotel-casino%2Fhotel%2Flas-vegas-nv-us.html&providerMode=separate,25,2026-06-07T16:23:33.156739+00:00
HVEGAS001,The Venetian Resort Las Vegas,Las Vegas,United States,booking_via_agoda,agoda,3038.0,Booking.com,8f6d01e696bd07f5,2024-04-19,2024,,,10.0,0.0,10.0,10.0,https://www.agoda.com/api/cronos/property/review/HotelReviews?hotelId=2937&pageSize=50&referer=https%3A%2F%2Fwww.agoda.com%2Fvenetian-resort-hotel-casino%2Fhotel%2Flas-vegas-nv-us.html&providerMode=separate,25,2026-06-07T16:23:33.156739+00:00
HVEGAS001,The Venetian Resort Las Vegas,Las Vegas,United States,booking_via_agoda,agoda,3038.0,Booking.com,8d893868b0a5bc79,2024-04-19,2024,,,7.0,0.0,10.0,7.0,https://www.agoda.com/api/cronos/property/review/HotelReviews?hotelId=2937&pageSize=50&referer=https%3A%2F%2Fwww.agoda.com%2Fvenetian-resort-hotel-casino%2Fhotel%2Flas-vegas-nv-us.html&providerMode=separate,25,2026-06-07T16:23:33.156739+00:00
HVEGAS001,The Venetian Resort Las Vegas,Las Vegas,United States,booking_via_agoda,agoda,3038.0,Booking.com,e99231eb732dcdf5,2024-04-20,2024,,,9.0,0.0,10.0,9.0,https://www.agoda.com/api/cronos/property/review/HotelReviews?hotelId=2937&pageSize=50&referer=https%3A%2F%2Fwww.agoda.com%2Fvenetian-resort-hotel-casino%2Fhotel%2Flas-vegas-nv-us.html&providerMode=separate,25,2026-06-07T16:23:33.156739+00:00
HVEGAS001,The Venetian Resort Las Vegas,Las Vegas,United States,booking_via_agoda,agoda,3038.0,Booking.com,491e6c203ef719e2,2024-04-22,2024,,,10.0,0.0,10.0,10.0,https://www.agoda.com/api/cronos/property/review/HotelReviews?hotelId=2937&pageSize=50&referer=https%3A%2F%2Fwww.agoda.com%2Fvenetian-resort-hotel-casino%2Fhotel%2Flas-vegas-nv-us.html&providerMode=separate,25,2026-06-07T16:23:33.156739+00:00
HVEGAS001,The Venetian Resort Las Vegas,Las Vegas,United States,booking_via_agoda,agoda,3038.0,Booking.com,bb823ef9b7357637,2024-04-22,2024,,,7.0,0.0,10.0,7.0,https://www.agoda.com/api/cronos/property/review/HotelReviews?hotelId=2937&pageSize=50&referer=https%3A%2F%2Fwww.agoda.com%2Fvenetian-resort-hotel-casino%2Fhotel%2Flas-vegas-nv-us.html&providerMode=separate,25,2026-06-07T16:23:33.156739+00:00
HVEGAS001,The Venetian Resort Las Vegas,Las Vegas,United States,booking_via_agoda,agoda,3038.0,Booking.com,439b6060753259a9,2024-04-22,2024,,,1.0,0.0,10.0,1.0,https://www.agoda.com/api/cronos/property/review/HotelReviews?hotelId=2937&pageSize=50&referer=https%3A%2F%2Fwww.agoda.com%2Fvenetian-resort-hotel-casino%2Fhotel%2Flas-vegas-nv-us.html&providerMode=separate,25,2026-06-07T16:23:33.156739+00:00
HVEGAS001,The Venetian Resort Las Vegas,Las Vegas,United States,booking_via_agoda,agoda,3038.0,Booking.com,242651d77e0ba8c6,2024-04-24,2024,,,10.0,0.0,10.0,10.0,https://www.agoda.com/api/cronos/property/review/HotelReviews?hotelId=2937&pageSize=50&referer=https%3A%2F%2Fwww.agoda.com%2Fvenetian-resort-hotel-casino%2Fhotel%2Flas-vegas-nv-us.html&providerMode=separate,25,2026-06-07T16:23:33.156739+00:00
HVEGAS001,The Venetian Resort Las Vegas,Las Vegas,United States,booking_via_agoda,agoda,3038.0,Booking.com,1c9bd6fed5819f26,2024-04-24,2024,,,10.0,0.0,10.0,10.0,https://www.agoda.com/api/cronos/property/review/HotelReviews?hotelId=2937&pageSize=50&referer=https%3A%2F%2Fwww.agoda.com%2Fvenetian-resort-hotel-casino%2Fhotel%2Flas-vegas-nv-us.html&providerMode=separate,25,2026-06-07T16:23:33.156739+00:00
HVEGAS001,The Venetian Resort Las Vegas,Las Vegas,United States,booking_via_agoda,agoda,3038.0,Booking.com,19433d0370cedff0,2024-04-26,2024,,,8.0,0.0,10.0,8.0,https://www.agoda.com/api/cronos/property/review/HotelReviews?hotelId=2937&pageSize=50&referer=https%3A%2F%2Fwww.agoda.com%2Fvenetian-resort-hotel-casino%2Fhotel%2Flas-vegas-nv-us.html&providerMode=separate,25,2026-06-07T16:23:33.156739+00:00
HVEGAS001,The Venetian Resort Las Vegas,Las Vegas,United States,booking_via_agoda,agoda,3038.0,Booking.com,0b6ac6da4bd11dab,2024-04-26,2024,,,10.0,0.0,10.0,10.0,https://www.agoda.com/api/cronos/property/review/HotelReviews?hotelId=2937&pageSize=50&referer=https%3A%2F%2Fwww.agoda.com%2Fvenetian-resort-hotel-casino%2Fhotel%2Flas-vegas-nv-us.html&providerMode=separate,25,2026-06-07T16:23:33.156739+00:00
HVEGAS001,The Venetian Resort Las Vegas,Las Vegas,United States,booking_via_agoda,agoda,3038.0,Booking.com,d6204526631725a4,2024-04-27,2024,,,10.0,0.0,10.0,10.0,https://www.agoda.com/api/cronos/property/review/HotelReviews?hotelId=2937&pageSize=50&referer=https%3A%2F%2Fwww.agoda.com%2Fvenetian-resort-hotel-casino%2Fhotel%2Flas-vegas-nv-us.html&providerMode=separate,25,2026-06-07T16:23:33.156739+00:00
HVEGAS001,The Venetian Resort Las Vegas,Las Vegas,United States,booking_via_agoda,agoda,3038.0,Booking.com,03eeea9bff6058ec,2024-04-27,2024,,,10.0,0.0,10.0,10.0,https://www.agoda.com/api/cronos/property/review/HotelReviews?hotelId=2937&pageSize=50&referer=https%3A%2F%2Fwww.agoda.com%2Fvenetian-resort-hotel-casino%2Fhotel%2Flas-vegas-nv-us.html&providerMode=separate,25,2026-06-07T16:23:33.156739+00:00
HVEGAS001,The Venetian Resort Las Vegas,Las Vegas,United States,booking_via_agoda,agoda,3038.0,Booking.com,9269483d06231f0a,2024-04-28,2024,,,9.0,0.0,10.0,9.0,https://www.agoda.com/api/cronos/property/review/HotelReviews?hotelId=2937&pageSize=50&referer=https%3A%2F%2Fwww.agoda.com%2Fvenetian-resort-hotel-casino%2Fhotel%2Flas-vegas-nv-us.html&providerMode=separate,25,2026-06-07T16:23:33.156739+00:00
HVEGAS001,The Venetian Resort Las Vegas,Las Vegas,United States,booking_via_agoda,agoda,3038.0,Booking.com,75c957601e18e1a8,2024-04-29,2024,,,10.0,0.0,10.0,10.0,https://www.agoda.com/api/cronos/property/review/HotelReviews?hotelId=2937&pageSize=50&referer=https%3A%2F%2Fwww.agoda.com%2Fvenetian-resort-hotel-casino%2Fhotel%2Flas-vegas-nv-us.html&providerMode=separate,25,2026-06-07T16:23:33.156739+00:00
HVEGAS001,The Venetian Resort Las Vegas,Las Vegas,United States,booking_via_agoda,agoda,3038.0,Booking.com,9676c152d60143a5,2024-04-29,2024,,,9.0,0.0,10.0,9.0,https://www.agoda.com/api/cronos/property/review/HotelReviews?hotelId=2937&pageSize=50&referer=https%3A%2F%2Fwww.agoda.com%2Fvenetian-resort-hotel-casino%2Fhotel%2Flas-vegas-nv-us.html&providerMode=separate,25,2026-06-07T16:23:33.156739+00:00
HVEGAS001,The Venetian Resort Las Vegas,Las Vegas,United States,booking_via_agoda,agoda,3038.0,Booking.com,57d003c8918b67be,2024-04-30,2024,,,3.0,0.0,10.0,3.0,https://www.agoda.com/api/cronos/property/review/HotelReviews?hotelId=2937&pageSize=50&referer=https%3A%2F%2Fwww.agoda.com%2Fvenetian-resort-hotel-casino%2Fhotel%2Flas-vegas-nv-us.html&providerMode=separate,25,2026-06-07T16:23:33.156739+00:00
HVEGAS001,The Venetian Resort Las Vegas,Las Vegas,United States,booking_via_agoda,agoda,3038.0,Booking.com,08ad932b3cf22be4,2024-04-30,2024,,,8.0,0.0,10.0,8.0,https://www.agoda.com/api/cronos/property/review/HotelReviews?hotelId=2937&pageSize=50&referer=https%3A%2F%2Fwww.agoda.com%2Fvenetian-resort-hotel-casino%2Fhotel%2Flas-vegas-nv-us.html&providerMode=separate,25,2026-06-07T16:23:33.156739+00:00
HVEGAS001,The Venetian Resort Las Vegas,Las Vegas,United States,booking_via_agoda,agoda,3038.0,Booking.com,e7b85b63f5f5f7ec,2024-05-02,2024,,,9.0,0.0,10.0,9.0,https://www.agoda.com/api/cronos/property/review/HotelReviews?hotelId=2937&pageSize=50&referer=https%3A%2F%2Fwww.agoda.com%2Fvenetian-resort-hotel-casino%2Fhotel%2Flas-vegas-nv-us.html&providerMode=separate,25,2026-06-07T16:23:33.156739+00:00
HVEGAS001,The Venetian Resort Las Vegas,Las Vegas,United States,booking_via_agoda,agoda,3038.0,Booking.com,59ed7ada9d70f563,2024-05-02,2024,,,9.0,0.0,10.0,9.0,https://www.agoda.com/api/cronos/property/review/HotelReviews?hotelId=2937&pageSize=50&referer=https%3A%2F%2Fwww.agoda.com%2Fvenetian-resort-hotel-casino%2Fhotel%2Flas-vegas-nv-us.html&providerMode=separate,25,2026-06-07T16:23:33.156739+00:00
HVEGAS001,The Venetian Resort Las Vegas,Las Vegas,United States,booking_via_agoda,agoda,3038.0,Booking.com,2843de0f0958d138,2024-05-03,2024,,,6.0,0.0,10.0,6.0,https://www.agoda.com/api/cronos/property/review/HotelReviews?hotelId=2937&pageSize=50&referer=https%3A%2F%2Fwww.agoda.com%2Fvenetian-resort-hotel-casino%2Fhotel%2Flas-vegas-nv-us.html&providerMode=separate,25,2026-06-07T16:23:33.156739+00:00
HVEGAS001,The Venetian Resort Las Vegas,Las Vegas,United States,booking_via_agoda,agoda,3038.0,Booking.com,1962b5217b887c79,2024-05-03,2024,,,9.0,0.0,10.0,9.0,https://www.agoda.com/api/cronos/property/review/HotelReviews?hotelId=2937&pageSize=50&referer=https%3A%2F%2Fwww.agoda.com%2Fvenetian-resort-hotel-casino%2Fhotel%2Flas-vegas-nv-us.html&providerMode=separate,25,2026-06-07T16:23:33.156739+00:00
HVEGAS001,The Venetian Resort Las Vegas,Las Vegas,United States,booking_via_agoda,agoda,3038.0,Booking.com,362625792d5d09ab,2024-05-03,2024,,,1.0,0.0,10.0,1.0,https://www.agoda.com/api/cronos/property/review/HotelReviews?hotelId=2937&pageSize=50&referer=https%3A%2F%2Fwww.agoda.com%2Fvenetian-resort-hotel-casino%2Fhotel%2Flas-vegas-nv-us.html&providerMode=separate,25,2026-06-07T16:23:33.156739+00:00
HVEGAS001,The Venetian Resort Las Vegas,Las Vegas,United States,booking_via_agoda,agoda,3038.0,Booking.com,a862f8ace7c8d4be,2024-05-03,2024,,,10.0,0.0,10.0,10.0,https://www.agoda.com/api/cronos/property/review/HotelReviews?hotelId=2937&pageSize=50&referer=https%3A%2F%2Fwww.agoda.com%2Fvenetian-resort-hotel-casino%2Fhotel%2Flas-vegas-nv-us.html&providerMode=separate,25,2026-06-07T16:23:33.156739+00:00
HVEGAS001,The Venetian Resort Las Vegas,Las Vegas,United States,booking_via_agoda,agoda,3038.0,Booking.com,aa946f9bb00bffcb,2024-05-07,2024,,,10.0,0.0,10.0,10.0,https://www.agoda.com/api/cronos/property/review/HotelReviews?hotelId=2937&pageSize=50&referer=https%3A%2F%2Fwww.agoda.com%2Fvenetian-resort-hotel-casino%2Fhotel%2Flas-vegas-nv-us.html&providerMode=separate,25,2026-06-07T16:23:33.156739+00:00
HVEGAS001,The Venetian Resort Las Vegas,Las Vegas,United States,booking_via_agoda,agoda,3038.0,Booking.com,c425703b0d1e5275,2024-05-09,2024,,,8.0,0.0,10.0,8.0,https://www.agoda.com/api/cronos/property/review/HotelReviews?hotelId=2937&pageSize=50&referer=https%3A%2F%2Fwww.agoda.com%2Fvenetian-resort-hotel-casino%2Fhotel%2Flas-vegas-nv-us.html&providerMode=separate,25,2026-06-07T16:23:33.156739+00:00
HVEGAS001,The Venetian Resort Las Vegas,Las Vegas,United States,booking_via_agoda,agoda,3038.0,Booking.com,067df00fcae38cec,2024-05-09,2024,,,9.0,0.0,10.0,9.0,https://www.agoda.com/api/cronos/property/review/HotelReviews?hotelId=2937&pageSize=50&referer=https%3A%2F%2Fwww.agoda.com%2Fvenetian-resort-hotel-casino%2Fhotel%2Flas-vegas-nv-us.html&providerMode=separate,25,2026-06-07T16:23:33.156739+00:00
HVEGAS001,The Venetian Resort Las Vegas,Las Vegas,United States,booking_via_agoda,agoda,3038.0,Booking.com,b1273791cda9b48a,2024-05-10,2024,,,10.0,0.0,10.0,10.0,https://www.agoda.com/api/cronos/property/review/HotelReviews?hotelId=2937&pageSize=50&referer=https%3A%2F%2Fwww.agoda.com%2Fvenetian-resort-hotel-casino%2Fhotel%2Flas-vegas-nv-us.html&providerMode=separate,25,2026-06-07T16:23:33.156739+00:00
HVEGAS001,The Venetian Resort Las Vegas,Las Vegas,United States,booking_via_agoda,agoda,3038.0,Booking.com,2c455eaff0b126e3,2024-05-10,2024,,,10.0,0.0,10.0,10.0,https://www.agoda.com/api/cronos/property/review/HotelReviews?hotelId=2937&pageSize=50&referer=https%3A%2F%2Fwww.agoda.com%2Fvenetian-resort-hotel-casino%2Fhotel%2Flas-vegas-nv-us.html&providerMode=separate,25,2026-06-07T16:23:33.156739+00:00
HVEGAS001,The Venetian Resort Las Vegas,Las Vegas,United States,booking_via_agoda,agoda,3038.0,Booking.com,c09a8b4476a5c028,2024-05-10,2024,,,10.0,0.0,10.0,10.0,https://www.agoda.com/api/cronos/property/review/HotelReviews?hotelId=2937&pageSize=50&referer=https%3A%2F%2Fwww.agoda.com%2Fvenetian-resort-hotel-casino%2Fhotel%2Flas-vegas-nv-us.html&providerMode=separate,25,2026-06-07T16:23:33.156739+00:00
HVEGAS001,The Venetian Resort Las Vegas,Las Vegas,United States,booking_via_agoda,agoda,3038.0,Booking.com,d49f877df1bab80d,2024-05-13,2024,,,1.0,0.0,10.0,1.0,https://www.agoda.com/api/cronos/property/review/HotelReviews?hotelId=2937&pageSize=50&referer=https%3A%2F%2Fwww.agoda.com%2Fvenetian-resort-hotel-casino%2Fhotel%2Flas-vegas-nv-us.html&providerMode=separate,25,2026-06-07T16:23:33.156739+00:00
HVEGAS001,The Venetian Resort Las Vegas,Las Vegas,United States,booking_via_agoda,agoda,3038.0,Booking.com,049de8582a083f50,2024-05-13,2024,,,10.0,0.0,10.0,10.0,https://www.agoda.com/api/cronos/property/review/HotelReviews?hotelId=2937&pageSize=50&referer=https%3A%2F%2Fwww.agoda.com%2Fvenetian-resort-hotel-casino%2Fhotel%2Flas-vegas-nv-us.html&providerMode=separate,25,2026-06-07T16:23:33.156739+00:00
HVEGAS001,The Venetian Resort Las Vegas,Las Vegas,United States,booking_via_agoda,agoda,3038.0,Booking.com,1ae2932db81393dd,2024-05-13,2024,,,10.0,0.0,10.0,10.0,https://www.agoda.com/api/cronos/property/review/HotelReviews?hotelId=2937&pageSize=50&referer=https%3A%2F%2Fwww.agoda.com%2Fvenetian-resort-hotel-casino%2Fhotel%2Flas-vegas-nv-us.html&providerMode=separate,25,2026-06-07T16:23:33.156739+00:00
HVEGAS001,The Venetian Resort Las Vegas,Las Vegas,United States,booking_via_agoda,agoda,3038.0,Booking.com,6c9c0dc0952710fb,2024-05-14,2024,,,10.0,0.0,10.0,10.0,https://www.agoda.com/api/cronos/property/review/HotelReviews?hotelId=2937&pageSize=50&referer=https%3A%2F%2Fwww.agoda.com%2Fvenetian-resort-hotel-casino%2Fhotel%2Flas-vegas-nv-us.html&providerMode=separate,25,2026-06-07T16:23:33.156739+00:00
HVEGAS001,The Venetian Resort Las Vegas,Las Vegas,United States,booking_via_agoda,agoda,3038.0,Booking.com,61be4e67792e832a,2024-05-14,2024,,,10.0,0.0,10.0,10.0,https://www.agoda.com/api/cronos/property/review/HotelReviews?hotelId=2937&pageSize=50&referer=https%3A%2F%2Fwww.agoda.com%2Fvenetian-resort-hotel-casino%2Fhotel%2Flas-vegas-nv-us.html&providerMode=separate,25,2026-06-07T16:23:33.156739+00:00
HVEGAS001,The Venetian Resort Las Vegas,Las Vegas,United States,booking_via_agoda,agoda,3038.0,Booking.com,e43cabc4fdd93d8a,2024-05-14,2024,,,10.0,0.0,10.0,10.0,https://www.agoda.com/api/cronos/property/review/HotelReviews?hotelId=2937&pageSize=50&referer=https%3A%2F%2Fwww.agoda.com%2Fvenetian-resort-hotel-casino%2Fhotel%2Flas-vegas-nv-us.html&providerMode=separate,25,2026-06-07T16:23:33.156739+00:00
HVEGAS001,The Venetian Resort Las Vegas,Las Vegas,United States,booking_via_agoda,agoda,3038.0,Booking.com,9f6dd05381936a62,2024-05-16,2024,,,8.0,0.0,10.0,8.0,https://www.agoda.com/api/cronos/property/review/HotelReviews?hotelId=2937&pageSize=50&referer=https%3A%2F%2Fwww.agoda.com%2Fvenetian-resort-hotel-casino%2Fhotel%2Flas-vegas-nv-us.html&providerMode=separate,25,2026-06-07T16:23:33.156739+00:00
HVEGAS001,The Venetian Resort Las Vegas,Las Vegas,United States,booking_via_agoda,agoda,3038.0,Booking.com,9e5ff73a49c671a3,2024-05-17,2024,,,10.0,0.0,10.0,10.0,https://www.agoda.com/api/cronos/property/review/HotelReviews?hotelId=2937&pageSize=50&referer=https%3A%2F%2Fwww.agoda.com%2Fvenetian-resort-hotel-casino%2Fhotel%2Flas-vegas-nv-us.html&providerMode=separate,25,2026-06-07T16:23:33.156739+00:00
HVEGAS001,The Venetian Resort Las Vegas,Las Vegas,United States,booking_via_agoda,agoda,3038.0,Booking.com,84133b8f95c5b7df,2024-05-17,2024,,,7.0,0.0,10.0,7.0,https://www.agoda.com/api/cronos/property/review/HotelReviews?hotelId=2937&pageSize=50&referer=https%3A%2F%2Fwww.agoda.com%2Fvenetian-resort-hotel-casino%2Fhotel%2Flas-vegas-nv-us.html&providerMode=separate,25,2026-06-07T16:23:33.156739+00:00
HVEGAS001,The Venetian Resort Las Vegas,Las Vegas,United States,booking_via_agoda,agoda,3038.0,Booking.com,d8752ce016e5d70a,2024-05-20,2024,,,10.0,0.0,10.0,10.0,https://www.agoda.com/api/cronos/property/review/HotelReviews?hotelId=2937&pageSize=50&referer=https%3A%2F%2Fwww.agoda.com%2Fvenetian-resort-hotel-casino%2Fhotel%2Flas-vegas-nv-us.html&providerMode=separate,25,2026-06-07T16:23:33.156739+00:00
HVEGAS001,The Venetian Resort Las Vegas,Las Vegas,United States,booking_via_agoda,agoda,3038.0,Booking.com,871a8412fabe01c7,2024-05-21,2024,,,1.0,0.0,10.0,1.0,https://www.agoda.com/api/cronos/property/review/HotelReviews?hotelId=2937&pageSize=50&referer=https%3A%2F%2Fwww.agoda.com%2Fvenetian-resort-hotel-casino%2Fhotel%2Flas-vegas-nv-us.html&providerMode=separate,25,2026-06-07T16:23:33.156739+00:00
HVEGAS001,The Venetian Resort Las Vegas,Las Vegas,United States,booking_via_agoda,agoda,3038.0,Booking.com,a5f3a12ba45159dc,2024-05-22,2024,,,9.0,0.0,10.0,9.0,https://www.agoda.com/api/cronos/property/review/HotelReviews?hotelId=2937&pageSize=50&referer=https%3A%2F%2Fwww.agoda.com%2Fvenetian-resort-hotel-casino%2Fhotel%2Flas-vegas-nv-us.html&providerMode=separate,25,2026-06-07T16:23:33.156739+00:00
HVEGAS001,The Venetian Resort Las Vegas,Las Vegas,United States,booking_via_agoda,agoda,3038.0,Booking.com,ca2f6ba650e7c29c,2024-05-22,2024,,,10.0,0.0,10.0,10.0,https://www.agoda.com/api/cronos/property/review/HotelReviews?hotelId=2937&pageSize=50&referer=https%3A%2F%2Fwww.agoda.com%2Fvenetian-resort-hotel-casino%2Fhotel%2Flas-vegas-nv-us.html&providerMode=separate,25,2026-06-07T16:23:33.156739+00:00
HVEGAS001,The Venetian Resort Las Vegas,Las Vegas,United States,booking_via_agoda,agoda,3038.0,Booking.com,8abc21334f25001b,2024-05-23,2024,,,10.0,0.0,10.0,10.0,https://www.agoda.com/api/cronos/property/review/HotelReviews?hotelId=2937&pageSize=50&referer=https%3A%2F%2Fwww.agoda.com%2Fvenetian-resort-hotel-casino%2Fhotel%2Flas-vegas-nv-us.html&providerMode=separate,25,2026-06-07T16:23:33.156739+00:00
HVEGAS001,The Venetian Resort Las Vegas,Las Vegas,United States,booking_via_agoda,agoda,3038.0,Booking.com,4a8fed8662809880,2024-05-27,2024,,,8.0,0.0,10.0,8.0,https://www.agoda.com/api/cronos/property/review/HotelReviews?hotelId=2937&pageSize=50&referer=https%3A%2F%2Fwww.agoda.com%2Fvenetian-resort-hotel-casino%2Fhotel%2Flas-vegas-nv-us.html&providerMode=separate,24,2026-06-07T16:23:33.156739+00:00
HVEGAS001,The Venetian Resort Las Vegas,Las Vegas,United States,booking_via_agoda,agoda,3038.0,Booking.com,2dcf5ca237d776a5,2024-05-27,2024,,,10.0,0.0,10.0,10.0,https://www.agoda.com/api/cronos/property/review/HotelReviews?hotelId=2937&pageSize=50&referer=https%3A%2F%2Fwww.agoda.com%2Fvenetian-resort-hotel-casino%2Fhotel%2Flas-vegas-nv-us.html&providerMode=separate,24,2026-06-07T16:23:33.156739+00:00
HVEGAS001,The Venetian Resort Las Vegas,Las Vegas,United States,booking_via_agoda,agoda,3038.0,Booking.com,9e85f4efb54a5747,2024-05-27,2024,,,8.0,0.0,10.0,8.0,https://www.agoda.com/api/cronos/property/review/HotelReviews?hotelId=2937&pageSize=50&referer=https%3A%2F%2Fwww.agoda.com%2Fvenetian-resort-hotel-casino%2Fhotel%2Flas-vegas-nv-us.html&providerMode=separate,24,2026-06-07T16:23:33.156739+00:00
HVEGAS001,The Venetian Resort Las Vegas,Las Vegas,United States,booking_via_agoda,agoda,3038.0,Booking.com,fb748fa3c2e460af,2024-05-28,2024,,,10.0,0.0,10.0,10.0,https://www.agoda.com/api/cronos/property/review/HotelReviews?hotelId=2937&pageSize=50&referer=https%3A%2F%2Fwww.agoda.com%2Fvenetian-resort-hotel-casino%2Fhotel%2Flas-vegas-nv-us.html&providerMode=separate,24,2026-06-07T16:23:33.156739+00:00
HVEGAS001,The Venetian Resort Las Vegas,Las Vegas,United States,booking_via_agoda,agoda,3038.0,Booking.com,e3e5b880844f5f02,2024-05-28,2024,,,10.0,0.0,10.0,10.0,https://www.agoda.com/api/cronos/property/review/HotelReviews?hotelId=2937&pageSize=50&referer=https%3A%2F%2Fwww.agoda.com%2Fvenetian-resort-hotel-casino%2Fhotel%2Flas-vegas-nv-us.html&providerMode=separate,24,2026-06-07T16:23:33.156739+00:00
HVEGAS001,The Venetian Resort Las Vegas,Las Vegas,United States,booking_via_agoda,agoda,3038.0,Booking.com,fd58e0b9eeb2232c,2024-05-29,2024,,,10.0,0.0,10.0,10.0,https://www.agoda.com/api/cronos/property/review/HotelReviews?hotelId=2937&pageSize=50&referer=https%3A%2F%2Fwww.agoda.com%2Fvenetian-resort-hotel-casino%2Fhotel%2Flas-vegas-nv-us.html&providerMode=separate,24,2026-06-07T16:23:33.156739+00:00
HVEGAS001,The Venetian Resort Las Vegas,Las Vegas,United States,booking_via_agoda,agoda,3038.0,Booking.com,d7511fd3d190ff96,2024-05-31,2024,,,10.0,0.0,10.0,10.0,https://www.agoda.com/api/cronos/property/review/HotelReviews?hotelId=2937&pageSize=50&referer=https%3A%2F%2Fwww.agoda.com%2Fvenetian-resort-hotel-casino%2Fhotel%2Flas-vegas-nv-us.html&providerMode=separate,24,2026-06-07T16:23:33.156739+00:00
HVEGAS001,The Venetian Resort Las Vegas,Las Vegas,United States,booking_via_agoda,agoda,3038.0,Booking.com,5c92791cc9e9f97e,2024-05-31,2024,,,5.0,0.0,10.0,5.0,https://www.agoda.com/api/cronos/property/review/HotelReviews?hotelId=2937&pageSize=50&referer=https%3A%2F%2Fwww.agoda.com%2Fvenetian-resort-hotel-casino%2Fhotel%2Flas-vegas-nv-us.html&providerMode=separate,24,2026-06-07T16:23:33.156739+00:00
HVEGAS001,The Venetian Resort Las Vegas,Las Vegas,United States,booking_via_agoda,agoda,3038.0,Booking.com,501df353fd432f08,2024-05-31,2024,,,8.0,0.0,10.0,8.0,https://www.agoda.com/api/cronos/property/review/HotelReviews?hotelId=2937&pageSize=50&referer=https%3A%2F%2Fwww.agoda.com%2Fvenetian-resort-hotel-casino%2Fhotel%2Flas-vegas-nv-us.html&providerMode=separate,24,2026-06-07T16:23:33.156739+00:00
HVEGAS001,The Venetian Resort Las Vegas,Las Vegas,United States,booking_via_agoda,agoda,3038.0,Booking.com,861fc13b6f826054,2024-05-31,2024,,,10.0,0.0,10.0,10.0,https://www.agoda.com/api/cronos/property/review/HotelReviews?hotelId=2937&pageSize=50&referer=https%3A%2F%2Fwww.agoda.com%2Fvenetian-resort-hotel-casino%2Fhotel%2Flas-vegas-nv-us.html&providerMode=separate,24,2026-06-07T16:23:33.156739+00:00
HVEGAS001,The Venetian Resort Las Vegas,Las Vegas,United States,booking_via_agoda,agoda,3038.0,Booking.com,d0f33ffabead8d7c,2024-05-31,2024,,,8.0,0.0,10.0,8.0,https://www.agoda.com/api/cronos/property/review/HotelReviews?hotelId=2937&pageSize=50&referer=https%3A%2F%2Fwww.agoda.com%2Fvenetian-resort-hotel-casino%2Fhotel%2Flas-vegas-nv-us.html&providerMode=separate,24,2026-06-07T16:23:33.156739+00:00
HVEGAS001,The Venetian Resort Las Vegas,Las Vegas,United States,booking_via_agoda,agoda,3038.0,Booking.com,0d92ff3f6302f1b8,2024-06-01,2024,,,7.0,0.0,10.0,7.0,https://www.agoda.com/api/cronos/property/review/HotelReviews?hotelId=2937&pageSize=50&referer=https%3A%2F%2Fwww.agoda.com%2Fvenetian-resort-hotel-casino%2Fhotel%2Flas-vegas-nv-us.html&providerMode=separate,24,2026-06-07T16:23:33.156739+00:00
HVEGAS001,The Venetian Resort Las Vegas,Las Vegas,United States,booking_via_agoda,agoda,3038.0,Booking.com,ac724d5ea4b1b94f,2024-06-02,2024,,,10.0,0.0,10.0,10.0,https://www.agoda.com/api/cronos/property/review/HotelReviews?hotelId=2937&pageSize=50&referer=https%3A%2F%2Fwww.agoda.com%2Fvenetian-resort-hotel-casino%2Fhotel%2Flas-vegas-nv-us.html&providerMode=separate,24,2026-06-07T16:23:33.156739+00:00
HVEGAS001,The Venetian Resort Las Vegas,Las Vegas,United States,booking_via_agoda,agoda,3038.0,Booking.com,e23c28584ca56528,2024-06-02,2024,,,9.0,0.0,10.0,9.0,https://www.agoda.com/api/cronos/property/review/HotelReviews?hotelId=2937&pageSize=50&referer=https%3A%2F%2Fwww.agoda.com%2Fvenetian-resort-hotel-casino%2Fhotel%2Flas-vegas-nv-us.html&providerMode=separate,24,2026-06-07T16:23:33.156739+00:00
HVEGAS001,The Venetian Resort Las Vegas,Las Vegas,United States,booking_via_agoda,agoda,3038.0,Booking.com,fe4e30cc22203172,2024-06-02,2024,,,4.0,0.0,10.0,4.0,https://www.agoda.com/api/cronos/property/review/HotelReviews?hotelId=2937&pageSize=50&referer=https%3A%2F%2Fwww.agoda.com%2Fvenetian-resort-hotel-casino%2Fhotel%2Flas-vegas-nv-us.html&providerMode=separate,24,2026-06-07T16:23:33.156739+00:00
HVEGAS001,The Venetian Resort Las Vegas,Las Vegas,United States,booking_via_agoda,agoda,3038.0,Booking.com,77d000fc0a9bd555,2024-06-04,2024,,,10.0,0.0,10.0,10.0,https://www.agoda.com/api/cronos/property/review/HotelReviews?hotelId=2937&pageSize=50&referer=https%3A%2F%2Fwww.agoda.com%2Fvenetian-resort-hotel-casino%2Fhotel%2Flas-vegas-nv-us.html&providerMode=separate,24,2026-06-07T16:23:33.156739+00:00
HVEGAS001,The Venetian Resort Las Vegas,Las Vegas,United States,booking_via_agoda,agoda,3038.0,Booking.com,a76f8ea6f35c18d9,2024-06-06,2024,,,10.0,0.0,10.0,10.0,https://www.agoda.com/api/cronos/property/review/HotelReviews?hotelId=2937&pageSize=50&referer=https%3A%2F%2Fwww.agoda.com%2Fvenetian-resort-hotel-casino%2Fhotel%2Flas-vegas-nv-us.html&providerMode=separate,24,2026-06-07T16:23:33.156739+00:00
HVEGAS001,The Venetian Resort Las Vegas,Las Vegas,United States,booking_via_agoda,agoda,3038.0,Booking.com,074392c5559a3a68,2024-06-08,2024,,,10.0,0.0,10.0,10.0,https://www.agoda.com/api/cronos/property/review/HotelReviews?hotelId=2937&pageSize=50&referer=https%3A%2F%2Fwww.agoda.com%2Fvenetian-resort-hotel-casino%2Fhotel%2Flas-vegas-nv-us.html&providerMode=separate,24,2026-06-07T16:23:33.156739+00:00
HVEGAS001,The Venetian Resort Las Vegas,Las Vegas,United States,booking_via_agoda,agoda,3038.0,Booking.com,bbfa8c908f6a2235,2024-06-08,2024,,,10.0,0.0,10.0,10.0,https://www.agoda.com/api/cronos/property/review/HotelReviews?hotelId=2937&pageSize=50&referer=https%3A%2F%2Fwww.agoda.com%2Fvenetian-resort-hotel-casino%2Fhotel%2Flas-vegas-nv-us.html&providerMode=separate,24,2026-06-07T16:23:33.156739+00:00
HVEGAS001,The Venetian Resort Las Vegas,Las Vegas,United States,booking_via_agoda,agoda,3038.0,Booking.com,6806f8ea57185e8b,2024-06-09,2024,,,10.0,0.0,10.0,10.0,https://www.agoda.com/api/cronos/property/review/HotelReviews?hotelId=2937&pageSize=50&referer=https%3A%2F%2Fwww.agoda.com%2Fvenetian-resort-hotel-casino%2Fhotel%2Flas-vegas-nv-us.html&providerMode=separate,24,2026-06-07T16:23:33.156739+00:00
HVEGAS001,The Venetian Resort Las Vegas,Las Vegas,United States,booking_via_agoda,agoda,3038.0,Booking.com,ff4f23e1703ed948,2024-06-09,2024,,,10.0,0.0,10.0,10.0,https://www.agoda.com/api/cronos/property/review/HotelReviews?hotelId=2937&pageSize=50&referer=https%3A%2F%2Fwww.agoda.com%2Fvenetian-resort-hotel-casino%2Fhotel%2Flas-vegas-nv-us.html&providerMode=separate,24,2026-06-07T16:23:33.156739+00:00
HVEGAS001,The Venetian Resort Las Vegas,Las Vegas,United States,booking_via_agoda,agoda,3038.0,Booking.com,f522ed2a28121751,2024-06-09,2024,,,10.0,0.0,10.0,10.0,https://www.agoda.com/api/cronos/property/review/HotelReviews?hotelId=2937&pageSize=50&referer=https%3A%2F%2Fwww.agoda.com%2Fvenetian-resort-hotel-casino%2Fhotel%2Flas-vegas-nv-us.html&providerMode=separate,24,2026-06-07T16:23:33.156739+00:00
HVEGAS001,The Venetian Resort Las Vegas,Las Vegas,United States,booking_via_agoda,agoda,3038.0,Booking.com,acc6c4df84532c8d,2024-06-10,2024,,,10.0,0.0,10.0,10.0,https://www.agoda.com/api/cronos/property/review/HotelReviews?hotelId=2937&pageSize=50&referer=https%3A%2F%2Fwww.agoda.com%2Fvenetian-resort-hotel-casino%2Fhotel%2Flas-vegas-nv-us.html&providerMode=separate,24,2026-06-07T16:23:33.156739+00:00
HVEGAS001,The Venetian Resort Las Vegas,Las Vegas,United States,booking_via_agoda,agoda,3038.0,Booking.com,6995472fb658b5c9,2024-06-10,2024,,,9.0,0.0,10.0,9.0,https://www.agoda.com/api/cronos/property/review/HotelReviews?hotelId=2937&pageSize=50&referer=https%3A%2F%2Fwww.agoda.com%2Fvenetian-resort-hotel-casino%2Fhotel%2Flas-vegas-nv-us.html&providerMode=separate,24,2026-06-07T16:23:33.156739+00:00
HVEGAS001,The Venetian Resort Las Vegas,Las Vegas,United States,booking_via_agoda,agoda,3038.0,Booking.com,63094d327b3511c8,2024-06-10,2024,,,8.0,0.0,10.0,8.0,https://www.agoda.com/api/cronos/property/review/HotelReviews?hotelId=2937&pageSize=50&referer=https%3A%2F%2Fwww.agoda.com%2Fvenetian-resort-hotel-casino%2Fhotel%2Flas-vegas-nv-us.html&providerMode=separate,24,2026-06-07T16:23:33.156739+00:00
HVEGAS001,The Venetian Resort Las Vegas,Las Vegas,United States,booking_via_agoda,agoda,3038.0,Booking.com,152ba67dbd4b7fc8,2024-06-12,2024,,,10.0,0.0,10.0,10.0,https://www.agoda.com/api/cronos/property/review/HotelReviews?hotelId=2937&pageSize=50&referer=https%3A%2F%2Fwww.agoda.com%2Fvenetian-resort-hotel-casino%2Fhotel%2Flas-vegas-nv-us.html&providerMode=separate,24,2026-06-07T16:23:33.156739+00:00
HVEGAS001,The Venetian Resort Las Vegas,Las Vegas,United States,booking_via_agoda,agoda,3038.0,Booking.com,f861b35f793c158d,2024-06-12,2024,,,10.0,0.0,10.0,10.0,https://www.agoda.com/api/cronos/property/review/HotelReviews?hotelId=2937&pageSize=50&referer=https%3A%2F%2Fwww.agoda.com%2Fvenetian-resort-hotel-casino%2Fhotel%2Flas-vegas-nv-us.html&providerMode=separate,24,2026-06-07T16:23:33.156739+00:00
HVEGAS001,The Venetian Resort Las Vegas,Las Vegas,United States,booking_via_agoda,agoda,3038.0,Booking.com,ea2487cd5f17f82d,2024-06-13,2024,,,10.0,0.0,10.0,10.0,https://www.agoda.com/api/cronos/property/review/HotelReviews?hotelId=2937&pageSize=50&referer=https%3A%2F%2Fwww.agoda.com%2Fvenetian-resort-hotel-casino%2Fhotel%2Flas-vegas-nv-us.html&providerMode=separate,24,2026-06-07T16:23:33.156739+00:00
HVEGAS001,The Venetian Resort Las Vegas,Las Vegas,United States,booking_via_agoda,agoda,3038.0,Booking.com,bd3cb0047e8b578b,2024-06-13,2024,,,3.0,0.0,10.0,3.0,https://www.agoda.com/api/cronos/property/review/HotelReviews?hotelId=2937&pageSize=50&referer=https%3A%2F%2Fwww.agoda.com%2Fvenetian-resort-hotel-casino%2Fhotel%2Flas-vegas-nv-us.html&providerMode=separate,24,2026-06-07T16:23:33.156739+00:00
HVEGAS001,The Venetian Resort Las Vegas,Las Vegas,United States,booking_via_agoda,agoda,3038.0,Booking.com,19a653d3a329f565,2024-06-14,2024,,,8.0,0.0,10.0,8.0,https://www.agoda.com/api/cronos/property/review/HotelReviews?hotelId=2937&pageSize=50&referer=https%3A%2F%2Fwww.agoda.com%2Fvenetian-resort-hotel-casino%2Fhotel%2Flas-vegas-nv-us.html&providerMode=separate,24,2026-06-07T16:23:33.156739+00:00
HVEGAS001,The Venetian Resort Las Vegas,Las Vegas,United States,booking_via_agoda,agoda,3038.0,Booking.com,d18c17604222e89f,2024-06-14,2024,,,10.0,0.0,10.0,10.0,https://www.agoda.com/api/cronos/property/review/HotelReviews?hotelId=2937&pageSize=50&referer=https%3A%2F%2Fwww.agoda.com%2Fvenetian-resort-hotel-casino%2Fhotel%2Flas-vegas-nv-us.html&providerMode=separate,24,2026-06-07T16:23:33.156739+00:00
HVEGAS001,The Venetian Resort Las Vegas,Las Vegas,United States,booking_via_agoda,agoda,3038.0,Booking.com,0907db377930b8ec,2024-06-14,2024,,,7.0,0.0,10.0,7.0,https://www.agoda.com/api/cronos/property/review/HotelReviews?hotelId=2937&pageSize=50&referer=https%3A%2F%2Fwww.agoda.com%2Fvenetian-resort-hotel-casino%2Fhotel%2Flas-vegas-nv-us.html&providerMode=separate,24,2026-06-07T16:23:33.156739+00:00
HVEGAS001,The Venetian Resort Las Vegas,Las Vegas,United States,booking_via_agoda,agoda,3038.0,Booking.com,5689192174eef12d,2024-06-14,2024,,,8.0,0.0,10.0,8.0,https://www.agoda.com/api/cronos/property/review/HotelReviews?hotelId=2937&pageSize=50&referer=https%3A%2F%2Fwww.agoda.com%2Fvenetian-resort-hotel-casino%2Fhotel%2Flas-vegas-nv-us.html&providerMode=separate,24,2026-06-07T16:23:33.156739+00:00
HVEGAS001,The Venetian Resort Las Vegas,Las Vegas,United States,booking_via_agoda,agoda,3038.0,Booking.com,474a5d657823816c,2024-06-14,2024,,,8.0,0.0,10.0,8.0,https://www.agoda.com/api/cronos/property/review/HotelReviews?hotelId=2937&pageSize=50&referer=https%3A%2F%2Fwww.agoda.com%2Fvenetian-resort-hotel-casino%2Fhotel%2Flas-vegas-nv-us.html&providerMode=separate,24,2026-06-07T16:23:33.156739+00:00
HVEGAS001,The Venetian Resort Las Vegas,Las Vegas,United States,booking_via_agoda,agoda,3038.0,Booking.com,76f485c590f64bc9,2024-06-18,2024,,,6.0,0.0,10.0,6.0,https://www.agoda.com/api/cronos/property/review/HotelReviews?hotelId=2937&pageSize=50&referer=https%3A%2F%2Fwww.agoda.com%2Fvenetian-resort-hotel-casino%2Fhotel%2Flas-vegas-nv-us.html&providerMode=separate,24,2026-06-07T16:23:33.156739+00:00
HVEGAS001,The Venetian Resort Las Vegas,Las Vegas,United States,booking_via_agoda,agoda,3038.0,Booking.com,1f2143de50ecc616,2024-06-18,2024,,,2.0,0.0,10.0,2.0,https://www.agoda.com/api/cronos/property/review/HotelReviews?hotelId=2937&pageSize=50&referer=https%3A%2F%2Fwww.agoda.com%2Fvenetian-resort-hotel-casino%2Fhotel%2Flas-vegas-nv-us.html&providerMode=separate,24,2026-06-07T16:23:33.156739+00:00
HVEGAS001,The Venetian Resort Las Vegas,Las Vegas,United States,booking_via_agoda,agoda,3038.0,Booking.com,51f74e721fe7e12b,2024-06-19,2024,,,8.0,0.0,10.0,8.0,https://www.agoda.com/api/cronos/property/review/HotelReviews?hotelId=2937&pageSize=50&referer=https%3A%2F%2Fwww.agoda.com%2Fvenetian-resort-hotel-casino%2Fhotel%2Flas-vegas-nv-us.html&providerMode=separate,24,2026-06-07T16:23:33.156739+00:00
HVEGAS001,The Venetian Resort Las Vegas,Las Vegas,United States,booking_via_agoda,agoda,3038.0,Booking.com,2aa53eb00c331e16,2024-06-21,2024,,,10.0,0.0,10.0,10.0,https://www.agoda.com/api/cronos/property/review/HotelReviews?hotelId=2937&pageSize=50&referer=https%3A%2F%2Fwww.agoda.com%2Fvenetian-resort-hotel-casino%2Fhotel%2Flas-vegas-nv-us.html&providerMode=separate,24,2026-06-07T16:23:33.156739+00:00
HVEGAS001,The Venetian Resort Las Vegas,Las Vegas,United States,booking_via_agoda,agoda,3038.0,Booking.com,bdb68e2a9d32042d,2024-06-22,2024,,,9.0,0.0,10.0,9.0,https://www.agoda.com/api/cronos/property/review/HotelReviews?hotelId=2937&pageSize=50&referer=https%3A%2F%2Fwww.agoda.com%2Fvenetian-resort-hotel-casino%2Fhotel%2Flas-vegas-nv-us.html&providerMode=separate,24,2026-06-07T16:23:33.156739+00:00
HVEGAS001,The Venetian Resort Las Vegas,Las Vegas,United States,booking_via_agoda,agoda,3038.0,Booking.com,52c71decd6f35aa4,2024-06-22,2024,,,6.0,0.0,10.0,6.0,https://www.agoda.com/api/cronos/property/review/HotelReviews?hotelId=2937&pageSize=50&referer=https%3A%2F%2Fwww.agoda.com%2Fvenetian-resort-hotel-casino%2Fhotel%2Flas-vegas-nv-us.html&providerMode=separate,24,2026-06-07T16:23:33.156739+00:00
HVEGAS001,The Venetian Resort Las Vegas,Las Vegas,United States,booking_via_agoda,agoda,3038.0,Booking.com,79b7257914371f9b,2024-06-23,2024,,,7.0,0.0,10.0,7.0,https://www.agoda.com/api/cronos/property/review/HotelReviews?hotelId=2937&pageSize=50&referer=https%3A%2F%2Fwww.agoda.com%2Fvenetian-resort-hotel-casino%2Fhotel%2Flas-vegas-nv-us.html&providerMode=separate,24,2026-06-07T16:23:33.156739+00:00
HVEGAS001,The Venetian Resort Las Vegas,Las Vegas,United States,booking_via_agoda,agoda,3038.0,Booking.com,e30c08e98e18696e,2024-06-25,2024,,,9.0,0.0,10.0,9.0,https://www.agoda.com/api/cronos/property/review/HotelReviews?hotelId=2937&pageSize=50&referer=https%3A%2F%2Fwww.agoda.com%2Fvenetian-resort-hotel-casino%2Fhotel%2Flas-vegas-nv-us.html&providerMode=separate,24,2026-06-07T16:23:33.156739+00:00
HVEGAS001,The Venetian Resort Las Vegas,Las Vegas,United States,booking_via_agoda,agoda,3038.0,Booking.com,b9853faf107f4b8a,2024-06-25,2024,,,10.0,0.0,10.0,10.0,https://www.agoda.com/api/cronos/property/review/HotelReviews?hotelId=2937&pageSize=50&referer=https%3A%2F%2Fwww.agoda.com%2Fvenetian-resort-hotel-casino%2Fhotel%2Flas-vegas-nv-us.html&providerMode=separate,24,2026-06-07T16:23:33.156739+00:00
HVEGAS001,The Venetian Resort Las Vegas,Las Vegas,United States,booking_via_agoda,agoda,3038.0,Booking.com,ab23238bfd4a9f7e,2024-06-25,2024,,,10.0,0.0,10.0,10.0,https://www.agoda.com/api/cronos/property/review/HotelReviews?hotelId=2937&pageSize=50&referer=https%3A%2F%2Fwww.agoda.com%2Fvenetian-resort-hotel-casino%2Fhotel%2Flas-vegas-nv-us.html&providerMode=separate,24,2026-06-07T16:23:33.156739+00:00
HVEGAS001,The Venetian Resort Las Vegas,Las Vegas,United States,booking_via_agoda,agoda,3038.0,Booking.com,6bdc79067be0cf1f,2024-06-26,2024,,,10.0,0.0,10.0,10.0,https://www.agoda.com/api/cronos/property/review/HotelReviews?hotelId=2937&pageSize=50&referer=https%3A%2F%2Fwww.agoda.com%2Fvenetian-resort-hotel-casino%2Fhotel%2Flas-vegas-nv-us.html&providerMode=separate,24,2026-06-07T16:23:33.156739+00:00
HVEGAS001,The Venetian Resort Las Vegas,Las Vegas,United States,booking_via_agoda,agoda,3038.0,Booking.com,4110a7ea72559f6a,2024-06-27,2024,,,8.0,0.0,10.0,8.0,https://www.agoda.com/api/cronos/property/review/HotelReviews?hotelId=2937&pageSize=50&referer=https%3A%2F%2Fwww.agoda.com%2Fvenetian-resort-hotel-casino%2Fhotel%2Flas-vegas-nv-us.html&providerMode=separate,24,2026-06-07T16:23:33.156739+00:00
HVEGAS001,The Venetian Resort Las Vegas,Las Vegas,United States,booking_via_agoda,agoda,3038.0,Booking.com,9beac571f3daff9a,2024-06-28,2024,,,10.0,0.0,10.0,10.0,https://www.agoda.com/api/cronos/property/review/HotelReviews?hotelId=2937&pageSize=50&referer=https%3A%2F%2Fwww.agoda.com%2Fvenetian-resort-hotel-casino%2Fhotel%2Flas-vegas-nv-us.html&providerMode=separate,24,2026-06-07T16:23:33.156739+00:00
HVEGAS001,The Venetian Resort Las Vegas,Las Vegas,United States,booking_via_agoda,agoda,3038.0,Booking.com,67dd1d31cadbe4c4,2024-06-28,2024,,,1.0,0.0,10.0,1.0,https://www.agoda.com/api/cronos/property/review/HotelReviews?hotelId=2937&pageSize=50&referer=https%3A%2F%2Fwww.agoda.com%2Fvenetian-resort-hotel-casino%2Fhotel%2Flas-vegas-nv-us.html&providerMode=separate,24,2026-06-07T16:23:33.156739+00:00
HVEGAS001,The Venetian Resort Las Vegas,Las Vegas,United States,booking_via_agoda,agoda,3038.0,Booking.com,b59c9cc2f57de63e,2024-06-29,2024,,,10.0,0.0,10.0,10.0,https://www.agoda.com/api/cronos/property/review/HotelReviews?hotelId=2937&pageSize=50&referer=https%3A%2F%2Fwww.agoda.com%2Fvenetian-resort-hotel-casino%2Fhotel%2Flas-vegas-nv-us.html&providerMode=separate,24,2026-06-07T16:23:33.156739+00:00
HVEGAS001,The Venetian Resort Las Vegas,Las Vegas,United States,booking_via_agoda,agoda,3038.0,Booking.com,5be7453067b9ab8d,2024-06-30,2024,,,10.0,0.0,10.0,10.0,https://www.agoda.com/api/cronos/property/review/HotelReviews?hotelId=2937&pageSize=50&referer=https%3A%2F%2Fwww.agoda.com%2Fvenetian-resort-hotel-casino%2Fhotel%2Flas-vegas-nv-us.html&providerMode=separate,24,2026-06-07T16:23:33.156739+00:00
HVEGAS001,The Venetian Resort Las Vegas,Las Vegas,United States,booking_via_agoda,agoda,3038.0,Booking.com,3ea471e85bd41665,2024-07-01,2024,,,1.0,0.0,10.0,1.0,https://www.agoda.com/api/cronos/property/review/HotelReviews?hotelId=2937&pageSize=50&referer=https%3A%2F%2Fwww.agoda.com%2Fvenetian-resort-hotel-casino%2Fhotel%2Flas-vegas-nv-us.html&providerMode=separate,23,2026-06-07T16:23:33.156739+00:00
HVEGAS001,The Venetian Resort Las Vegas,Las Vegas,United States,booking_via_agoda,agoda,3038.0,Booking.com,4fabdde70cb3dc8c,2024-07-01,2024,,,9.0,0.0,10.0,9.0,https://www.agoda.com/api/cronos/property/review/HotelReviews?hotelId=2937&pageSize=50&referer=https%3A%2F%2Fwww.agoda.com%2Fvenetian-resort-hotel-casino%2Fhotel%2Flas-vegas-nv-us.html&providerMode=separate,23,2026-06-07T16:23:33.156739+00:00
HVEGAS001,The Venetian Resort Las Vegas,Las Vegas,United States,booking_via_agoda,agoda,3038.0,Booking.com,44404f0df5fc905d,2024-07-02,2024,,,6.0,0.0,10.0,6.0,https://www.agoda.com/api/cronos/property/review/HotelReviews?hotelId=2937&pageSize=50&referer=https%3A%2F%2Fwww.agoda.com%2Fvenetian-resort-hotel-casino%2Fhotel%2Flas-vegas-nv-us.html&providerMode=separate,23,2026-06-07T16:23:33.156739+00:00
HVEGAS001,The Venetian Resort Las Vegas,Las Vegas,United States,booking_via_agoda,agoda,3038.0,Booking.com,500366795c09e230,2024-07-02,2024,,,9.0,0.0,10.0,9.0,https://www.agoda.com/api/cronos/property/review/HotelReviews?hotelId=2937&pageSize=50&referer=https%3A%2F%2Fwww.agoda.com%2Fvenetian-resort-hotel-casino%2Fhotel%2Flas-vegas-nv-us.html&providerMode=separate,23,2026-06-07T16:23:33.156739+00:00
HVEGAS001,The Venetian Resort Las Vegas,Las Vegas,United States,booking_via_agoda,agoda,3038.0,Booking.com,a6bd31246b988860,2024-07-03,2024,,,9.0,0.0,10.0,9.0,https://www.agoda.com/api/cronos/property/review/HotelReviews?hotelId=2937&pageSize=50&referer=https%3A%2F%2Fwww.agoda.com%2Fvenetian-resort-hotel-casino%2Fhotel%2Flas-vegas-nv-us.html&providerMode=separate,23,2026-06-07T16:23:33.156739+00:00
HVEGAS001,The Venetian Resort Las Vegas,Las Vegas,United States,booking_via_agoda,agoda,3038.0,Booking.com,d0410be55df6e90d,2024-07-04,2024,,,10.0,0.0,10.0,10.0,https://www.agoda.com/api/cronos/property/review/HotelReviews?hotelId=2937&pageSize=50&referer=https%3A%2F%2Fwww.agoda.com%2Fvenetian-resort-hotel-casino%2Fhotel%2Flas-vegas-nv-us.html&providerMode=separate,23,2026-06-07T16:23:33.156739+00:00
HVEGAS001,The Venetian Resort Las Vegas,Las Vegas,United States,booking_via_agoda,agoda,3038.0,Booking.com,74e32877575282ec,2024-07-04,2024,,,8.0,0.0,10.0,8.0,https://www.agoda.com/api/cronos/property/review/HotelReviews?hotelId=2937&pageSize=50&referer=https%3A%2F%2Fwww.agoda.com%2Fvenetian-resort-hotel-casino%2Fhotel%2Flas-vegas-nv-us.html&providerMode=separate,23,2026-06-07T16:23:33.156739+00:00
HVEGAS001,The Venetian Resort Las Vegas,Las Vegas,United States,booking_via_agoda,agoda,3038.0,Booking.com,0f93a04a21c4a1b7,2024-07-04,2024,,,8.0,0.0,10.0,8.0,https://www.agoda.com/api/cronos/property/review/HotelReviews?hotelId=2937&pageSize=50&referer=https%3A%2F%2Fwww.agoda.com%2Fvenetian-resort-hotel-casino%2Fhotel%2Flas-vegas-nv-us.html&providerMode=separate,23,2026-06-07T16:23:33.156739+00:00
HVEGAS001,The Venetian Resort Las Vegas,Las Vegas,United States,booking_via_agoda,agoda,3038.0,Booking.com,c355d271c435f7f8,2024-07-04,2024,,,9.0,0.0,10.0,9.0,https://www.agoda.com/api/cronos/property/review/HotelReviews?hotelId=2937&pageSize=50&referer=https%3A%2F%2Fwww.agoda.com%2Fvenetian-resort-hotel-casino%2Fhotel%2Flas-vegas-nv-us.html&providerMode=separate,23,2026-06-07T16:23:33.156739+00:00
HVEGAS001,The Venetian Resort Las Vegas,Las Vegas,United States,booking_via_agoda,agoda,3038.0,Booking.com,6abc8180c36f2cf3,2024-07-05,2024,,,10.0,0.0,10.0,10.0,https://www.agoda.com/api/cronos/property/review/HotelReviews?hotelId=2937&pageSize=50&referer=https%3A%2F%2Fwww.agoda.com%2Fvenetian-resort-hotel-casino%2Fhotel%2Flas-vegas-nv-us.html&providerMode=separate,23,2026-06-07T16:23:33.156739+00:00
HVEGAS001,The Venetian Resort Las Vegas,Las Vegas,United States,booking_via_agoda,agoda,3038.0,Booking.com,d5463575d1984d30,2024-07-05,2024,,,9.0,0.0,10.0,9.0,https://www.agoda.com/api/cronos/property/review/HotelReviews?hotelId=2937&pageSize=50&referer=https%3A%2F%2Fwww.agoda.com%2Fvenetian-resort-hotel-casino%2Fhotel%2Flas-vegas-nv-us.html&providerMode=separate,23,2026-06-07T16:23:33.156739+00:00
HVEGAS001,The Venetian Resort Las Vegas,Las Vegas,United States,booking_via_agoda,agoda,3038.0,Booking.com,b66b35bd61b888f2,2024-07-05,2024,,,9.0,0.0,10.0,9.0,https://www.agoda.com/api/cronos/property/review/HotelReviews?hotelId=2937&pageSize=50&referer=https%3A%2F%2Fwww.agoda.com%2Fvenetian-resort-hotel-casino%2Fhotel%2Flas-vegas-nv-us.html&providerMode=separate,23,2026-06-07T16:23:33.156739+00:00
HVEGAS001,The Venetian Resort Las Vegas,Las Vegas,United States,booking_via_agoda,agoda,3038.0,Booking.com,39ebe9c9c2946973,2024-07-05,2024,,,10.0,0.0,10.0,10.0,https://www.agoda.com/api/cronos/property/review/HotelReviews?hotelId=2937&pageSize=50&referer=https%3A%2F%2Fwww.agoda.com%2Fvenetian-resort-hotel-casino%2Fhotel%2Flas-vegas-nv-us.html&providerMode=separate,23,2026-06-07T16:23:33.156739+00:00
HVEGAS001,The Venetian Resort Las Vegas,Las Vegas,United States,booking_via_agoda,agoda,3038.0,Booking.com,7df8a3dc70ba21fd,2024-07-05,2024,,,10.0,0.0,10.0,10.0,https://www.agoda.com/api/cronos/property/review/HotelReviews?hotelId=2937&pageSize=50&referer=https%3A%2F%2Fwww.agoda.com%2Fvenetian-resort-hotel-casino%2Fhotel%2Flas-vegas-nv-us.html&providerMode=separate,23,2026-06-07T16:23:33.156739+00:00
HVEGAS001,The Venetian Resort Las Vegas,Las Vegas,United States,booking_via_agoda,agoda,3038.0,Booking.com,ffc6c63522696ab8,2024-07-06,2024,,,10.0,0.0,10.0,10.0,https://www.agoda.com/api/cronos/property/review/HotelReviews?hotelId=2937&pageSize=50&referer=https%3A%2F%2Fwww.agoda.com%2Fvenetian-resort-hotel-casino%2Fhotel%2Flas-vegas-nv-us.html&providerMode=separate,23,2026-06-07T16:23:33.156739+00:00
HVEGAS001,The Venetian Resort Las Vegas,Las Vegas,United States,booking_via_agoda,agoda,3038.0,Booking.com,fe584ce913c4c57e,2024-07-06,2024,,,10.0,0.0,10.0,10.0,https://www.agoda.com/api/cronos/property/review/HotelReviews?hotelId=2937&pageSize=50&referer=https%3A%2F%2Fwww.agoda.com%2Fvenetian-resort-hotel-casino%2Fhotel%2Flas-vegas-nv-us.html&providerMode=separate,23,2026-06-07T16:23:33.156739+00:00
HVEGAS001,The Venetian Resort Las Vegas,Las Vegas,United States,booking_via_agoda,agoda,3038.0,Booking.com,028aad28ff847385,2024-07-06,2024,,,10.0,0.0,10.0,10.0,https://www.agoda.com/api/cronos/property/review/HotelReviews?hotelId=2937&pageSize=50&referer=https%3A%2F%2Fwww.agoda.com%2Fvenetian-resort-hotel-casino%2Fhotel%2Flas-vegas-nv-us.html&providerMode=separate,23,2026-06-07T16:23:33.156739+00:00
HVEGAS001,The Venetian Resort Las Vegas,Las Vegas,United States,booking_via_agoda,agoda,3038.0,Booking.com,ea9f13148d8c0cf8,2024-07-07,2024,,,10.0,0.0,10.0,10.0,https://www.agoda.com/api/cronos/property/review/HotelReviews?hotelId=2937&pageSize=50&referer=https%3A%2F%2Fwww.agoda.com%2Fvenetian-resort-hotel-casino%2Fhotel%2Flas-vegas-nv-us.html&providerMode=separate,23,2026-06-07T16:23:33.156739+00:00
HVEGAS001,The Venetian Resort Las Vegas,Las Vegas,United States,booking_via_agoda,agoda,3038.0,Booking.com,c5db43e123c22192,2024-07-07,2024,,,7.0,0.0,10.0,7.0,https://www.agoda.com/api/cronos/property/review/HotelReviews?hotelId=2937&pageSize=50&referer=https%3A%2F%2Fwww.agoda.com%2Fvenetian-resort-hotel-casino%2Fhotel%2Flas-vegas-nv-us.html&providerMode=separate,23,2026-06-07T16:23:33.156739+00:00
HVEGAS001,The Venetian Resort Las Vegas,Las Vegas,United States,booking_via_agoda,agoda,3038.0,Booking.com,9fe87fe75f89bd74,2024-07-08,2024,,,9.0,0.0,10.0,9.0,https://www.agoda.com/api/cronos/property/review/HotelReviews?hotelId=2937&pageSize=50&referer=https%3A%2F%2Fwww.agoda.com%2Fvenetian-resort-hotel-casino%2Fhotel%2Flas-vegas-nv-us.html&providerMode=separate,23,2026-06-07T16:23:33.156739+00:00
HVEGAS001,The Venetian Resort Las Vegas,Las Vegas,United States,booking_via_agoda,agoda,3038.0,Booking.com,9e1b74f4d895d9e3,2024-07-08,2024,,,9.0,0.0,10.0,9.0,https://www.agoda.com/api/cronos/property/review/HotelReviews?hotelId=2937&pageSize=50&referer=https%3A%2F%2Fwww.agoda.com%2Fvenetian-resort-hotel-casino%2Fhotel%2Flas-vegas-nv-us.html&providerMode=separate,23,2026-06-07T16:23:33.156739+00:00
HVEGAS001,The Venetian Resort Las Vegas,Las Vegas,United States,booking_via_agoda,agoda,3038.0,Booking.com,8eaac937e63f789c,2024-07-08,2024,,,10.0,0.0,10.0,10.0,https://www.agoda.com/api/cronos/property/review/HotelReviews?hotelId=2937&pageSize=50&referer=https%3A%2F%2Fwww.agoda.com%2Fvenetian-resort-hotel-casino%2Fhotel%2Flas-vegas-nv-us.html&providerMode=separate,23,2026-06-07T16:23:33.156739+00:00
HVEGAS001,The Venetian Resort Las Vegas,Las Vegas,United States,booking_via_agoda,agoda,3038.0,Booking.com,677a96bd0036a6a1,2024-07-08,2024,,,10.0,0.0,10.0,10.0,https://www.agoda.com/api/cronos/property/review/HotelReviews?hotelId=2937&pageSize=50&referer=https%3A%2F%2Fwww.agoda.com%2Fvenetian-resort-hotel-casino%2Fhotel%2Flas-vegas-nv-us.html&providerMode=separate,23,2026-06-07T16:23:33.156739+00:00
HVEGAS001,The Venetian Resort Las Vegas,Las Vegas,United States,booking_via_agoda,agoda,3038.0,Booking.com,28f0bf24701aee66,2024-07-09,2024,,,10.0,0.0,10.0,10.0,https://www.agoda.com/api/cronos/property/review/HotelReviews?hotelId=2937&pageSize=50&referer=https%3A%2F%2Fwww.agoda.com%2Fvenetian-resort-hotel-casino%2Fhotel%2Flas-vegas-nv-us.html&providerMode=separate,23,2026-06-07T16:23:33.156739+00:00
HVEGAS001,The Venetian Resort Las Vegas,Las Vegas,United States,booking_via_agoda,agoda,3038.0,Booking.com,59dc46c769482c36,2024-07-09,2024,,,9.0,0.0,10.0,9.0,https://www.agoda.com/api/cronos/property/review/HotelReviews?hotelId=2937&pageSize=50&referer=https%3A%2F%2Fwww.agoda.com%2Fvenetian-resort-hotel-casino%2Fhotel%2Flas-vegas-nv-us.html&providerMode=separate,23,2026-06-07T16:23:33.156739+00:00
HVEGAS001,The Venetian Resort Las Vegas,Las Vegas,United States,booking_via_agoda,agoda,3038.0,Booking.com,4a7eec1eb6e29001,2024-07-09,2024,,,10.0,0.0,10.0,10.0,https://www.agoda.com/api/cronos/property/review/HotelReviews?hotelId=2937&pageSize=50&referer=https%3A%2F%2Fwww.agoda.com%2Fvenetian-resort-hotel-casino%2Fhotel%2Flas-vegas-nv-us.html&providerMode=separate,23,2026-06-07T16:23:33.156739+00:00
HVEGAS001,The Venetian Resort Las Vegas,Las Vegas,United States,booking_via_agoda,agoda,3038.0,Booking.com,cf7e882e4d656010,2024-07-09,2024,,,10.0,0.0,10.0,10.0,https://www.agoda.com/api/cronos/property/review/HotelReviews?hotelId=2937&pageSize=50&referer=https%3A%2F%2Fwww.agoda.com%2Fvenetian-resort-hotel-casino%2Fhotel%2Flas-vegas-nv-us.html&providerMode=separate,23,2026-06-07T16:23:33.156739+00:00
HVEGAS001,The Venetian Resort Las Vegas,Las Vegas,United States,booking_via_agoda,agoda,3038.0,Booking.com,290f7e0d9c5d1b08,2024-07-10,2024,,,6.0,0.0,10.0,6.0,https://www.agoda.com/api/cronos/property/review/HotelReviews?hotelId=2937&pageSize=50&referer=https%3A%2F%2Fwww.agoda.com%2Fvenetian-resort-hotel-casino%2Fhotel%2Flas-vegas-nv-us.html&providerMode=separate,23,2026-06-07T16:23:33.156739+00:00
HVEGAS001,The Venetian Resort Las Vegas,Las Vegas,United States,booking_via_agoda,agoda,3038.0,Booking.com,fbd41ed1f8c92c8c,2024-07-10,2024,,,10.0,0.0,10.0,10.0,https://www.agoda.com/api/cronos/property/review/HotelReviews?hotelId=2937&pageSize=50&referer=https%3A%2F%2Fwww.agoda.com%2Fvenetian-resort-hotel-casino%2Fhotel%2Flas-vegas-nv-us.html&providerMode=separate,23,2026-06-07T16:23:33.156739+00:00
HVEGAS001,The Venetian Resort Las Vegas,Las Vegas,United States,booking_via_agoda,agoda,3038.0,Booking.com,3186a80ce8146311,2024-07-10,2024,,,10.0,0.0,10.0,10.0,https://www.agoda.com/api/cronos/property/review/HotelReviews?hotelId=2937&pageSize=50&referer=https%3A%2F%2Fwww.agoda.com%2Fvenetian-resort-hotel-casino%2Fhotel%2Flas-vegas-nv-us.html&providerMode=separate,23,2026-06-07T16:23:33.156739+00:00
HVEGAS001,The Venetian Resort Las Vegas,Las Vegas,United States,booking_via_agoda,agoda,3038.0,Booking.com,a5afc587b28b104c,2024-07-10,2024,,,10.0,0.0,10.0,10.0,https://www.agoda.com/api/cronos/property/review/HotelReviews?hotelId=2937&pageSize=50&referer=https%3A%2F%2Fwww.agoda.com%2Fvenetian-resort-hotel-casino%2Fhotel%2Flas-vegas-nv-us.html&providerMode=separate,23,2026-06-07T16:23:33.156739+00:00
HVEGAS001,The Venetian Resort Las Vegas,Las Vegas,United States,booking_via_agoda,agoda,3038.0,Booking.com,c7e51a8dc1cc4485,2024-07-10,2024,,,8.0,0.0,10.0,8.0,https://www.agoda.com/api/cronos/property/review/HotelReviews?hotelId=2937&pageSize=50&referer=https%3A%2F%2Fwww.agoda.com%2Fvenetian-resort-hotel-casino%2Fhotel%2Flas-vegas-nv-us.html&providerMode=separate,23,2026-06-07T16:23:33.156739+00:00
HVEGAS001,The Venetian Resort Las Vegas,Las Vegas,United States,booking_via_agoda,agoda,3038.0,Booking.com,6e945b3830bd575f,2024-07-13,2024,,,8.0,0.0,10.0,8.0,https://www.agoda.com/api/cronos/property/review/HotelReviews?hotelId=2937&pageSize=50&referer=https%3A%2F%2Fwww.agoda.com%2Fvenetian-resort-hotel-casino%2Fhotel%2Flas-vegas-nv-us.html&providerMode=separate,23,2026-06-07T16:23:33.156739+00:00
HVEGAS001,The Venetian Resort Las Vegas,Las Vegas,United States,booking_via_agoda,agoda,3038.0,Booking.com,46ac203caef51616,2024-07-13,2024,,,10.0,0.0,10.0,10.0,https://www.agoda.com/api/cronos/property/review/HotelReviews?hotelId=2937&pageSize=50&referer=https%3A%2F%2Fwww.agoda.com%2Fvenetian-resort-hotel-casino%2Fhotel%2Flas-vegas-nv-us.html&providerMode=separate,23,2026-06-07T16:23:33.156739+00:00
HVEGAS001,The Venetian Resort Las Vegas,Las Vegas,United States,booking_via_agoda,agoda,3038.0,Booking.com,5029c128205a2283,2024-07-13,2024,,,2.0,0.0,10.0,2.0,https://www.agoda.com/api/cronos/property/review/HotelReviews?hotelId=2937&pageSize=50&referer=https%3A%2F%2Fwww.agoda.com%2Fvenetian-resort-hotel-casino%2Fhotel%2Flas-vegas-nv-us.html&providerMode=separate,23,2026-06-07T16:23:33.156739+00:00
HVEGAS001,The Venetian Resort Las Vegas,Las Vegas,United States,booking_via_agoda,agoda,3038.0,Booking.com,e802cbbb5ea1783c,2024-07-14,2024,,,10.0,0.0,10.0,10.0,https://www.agoda.com/api/cronos/property/review/HotelReviews?hotelId=2937&pageSize=50&referer=https%3A%2F%2Fwww.agoda.com%2Fvenetian-resort-hotel-casino%2Fhotel%2Flas-vegas-nv-us.html&providerMode=separate,23,2026-06-07T16:23:33.156739+00:00
HVEGAS001,The Venetian Resort Las Vegas,Las Vegas,United States,booking_via_agoda,agoda,3038.0,Booking.com,08bfbf8e3fc03e07,2024-07-16,2024,,,10.0,0.0,10.0,10.0,https://www.agoda.com/api/cronos/property/review/HotelReviews?hotelId=2937&pageSize=50&referer=https%3A%2F%2Fwww.agoda.com%2Fvenetian-resort-hotel-casino%2Fhotel%2Flas-vegas-nv-us.html&providerMode=separate,23,2026-06-07T16:23:33.156739+00:00
HVEGAS001,The Venetian Resort Las Vegas,Las Vegas,United States,booking_via_agoda,agoda,3038.0,Booking.com,334256d5e2ef51b1,2024-07-16,2024,,,10.0,0.0,10.0,10.0,https://www.agoda.com/api/cronos/property/review/HotelReviews?hotelId=2937&pageSize=50&referer=https%3A%2F%2Fwww.agoda.com%2Fvenetian-resort-hotel-casino%2Fhotel%2Flas-vegas-nv-us.html&providerMode=separate,23,2026-06-07T16:23:33.156739+00:00
HVEGAS001,The Venetian Resort Las Vegas,Las Vegas,United States,booking_via_agoda,agoda,3038.0,Booking.com,a1a3508de2f9ed6b,2024-07-16,2024,,,10.0,0.0,10.0,10.0,https://www.agoda.com/api/cronos/property/review/HotelReviews?hotelId=2937&pageSize=50&referer=https%3A%2F%2Fwww.agoda.com%2Fvenetian-resort-hotel-casino%2Fhotel%2Flas-vegas-nv-us.html&providerMode=separate,23,2026-06-07T16:23:33.156739+00:00
HVEGAS001,The Venetian Resort Las Vegas,Las Vegas,United States,booking_via_agoda,agoda,3038.0,Booking.com,163256a29703ff7f,2024-07-16,2024,,,8.0,0.0,10.0,8.0,https://www.agoda.com/api/cronos/property/review/HotelReviews?hotelId=2937&pageSize=50&referer=https%3A%2F%2Fwww.agoda.com%2Fvenetian-resort-hotel-casino%2Fhotel%2Flas-vegas-nv-us.html&providerMode=separate,23,2026-06-07T16:23:33.156739+00:00
HVEGAS001,The Venetian Resort Las Vegas,Las Vegas,United States,booking_via_agoda,agoda,3038.0,Booking.com,94e76d00fd215675,2024-07-16,2024,,,5.0,0.0,10.0,5.0,https://www.agoda.com/api/cronos/property/review/HotelReviews?hotelId=2937&pageSize=50&referer=https%3A%2F%2Fwww.agoda.com%2Fvenetian-resort-hotel-casino%2Fhotel%2Flas-vegas-nv-us.html&providerMode=separate,23,2026-06-07T16:23:33.156739+00:00
HVEGAS001,The Venetian Resort Las Vegas,Las Vegas,United States,booking_via_agoda,agoda,3038.0,Booking.com,1881c9b940cb30ed,2024-07-16,2024,,,9.0,0.0,10.0,9.0,https://www.agoda.com/api/cronos/property/review/HotelReviews?hotelId=2937&pageSize=50&referer=https%3A%2F%2Fwww.agoda.com%2Fvenetian-resort-hotel-casino%2Fhotel%2Flas-vegas-nv-us.html&providerMode=separate,23,2026-06-07T16:23:33.156739+00:00
HVEGAS001,The Venetian Resort Las Vegas,Las Vegas,United States,booking_via_agoda,agoda,3038.0,Booking.com,3ab5e4b6c1a9c58c,2024-07-16,2024,,,10.0,0.0,10.0,10.0,https://www.agoda.com/api/cronos/property/review/HotelReviews?hotelId=2937&pageSize=50&referer=https%3A%2F%2Fwww.agoda.com%2Fvenetian-resort-hotel-casino%2Fhotel%2Flas-vegas-nv-us.html&providerMode=separate,23,2026-06-07T16:23:33.156739+00:00
HVEGAS001,The Venetian Resort Las Vegas,Las Vegas,United States,booking_via_agoda,agoda,3038.0,Booking.com,d19952ea6dd704ec,2024-07-16,2024,,,10.0,0.0,10.0,10.0,https://www.agoda.com/api/cronos/property/review/HotelReviews?hotelId=2937&pageSize=50&referer=https%3A%2F%2Fwww.agoda.com%2Fvenetian-resort-hotel-casino%2Fhotel%2Flas-vegas-nv-us.html&providerMode=separate,23,2026-06-07T16:23:33.156739+00:00
HVEGAS001,The Venetian Resort Las Vegas,Las Vegas,United States,booking_via_agoda,agoda,3038.0,Booking.com,217051933198beb8,2024-07-17,2024,,,9.0,0.0,10.0,9.0,https://www.agoda.com/api/cronos/property/review/HotelReviews?hotelId=2937&pageSize=50&referer=https%3A%2F%2Fwww.agoda.com%2Fvenetian-resort-hotel-casino%2Fhotel%2Flas-vegas-nv-us.html&providerMode=separate,22,2026-06-07T16:23:33.156739+00:00
HVEGAS001,The Venetian Resort Las Vegas,Las Vegas,United States,booking_via_agoda,agoda,3038.0,Booking.com,37b6be5c7cd1209a,2024-07-17,2024,,,9.0,0.0,10.0,9.0,https://www.agoda.com/api/cronos/property/review/HotelReviews?hotelId=2937&pageSize=50&referer=https%3A%2F%2Fwww.agoda.com%2Fvenetian-resort-hotel-casino%2Fhotel%2Flas-vegas-nv-us.html&providerMode=separate,22,2026-06-07T16:23:33.156739+00:00
HVEGAS001,The Venetian Resort Las Vegas,Las Vegas,United States,booking_via_agoda,agoda,3038.0,Booking.com,cd43946e1df86fc0,2024-07-17,2024,,,10.0,0.0,10.0,10.0,https://www.agoda.com/api/cronos/property/review/HotelReviews?hotelId=2937&pageSize=50&referer=https%3A%2F%2Fwww.agoda.com%2Fvenetian-resort-hotel-casino%2Fhotel%2Flas-vegas-nv-us.html&providerMode=separate,22,2026-06-07T16:23:33.156739+00:00
HVEGAS001,The Venetian Resort Las Vegas,Las Vegas,United States,booking_via_agoda,agoda,3038.0,Booking.com,033def8fdb019667,2024-07-17,2024,,,10.0,0.0,10.0,10.0,https://www.agoda.com/api/cronos/property/review/HotelReviews?hotelId=2937&pageSize=50&referer=https%3A%2F%2Fwww.agoda.com%2Fvenetian-resort-hotel-casino%2Fhotel%2Flas-vegas-nv-us.html&providerMode=separate,22,2026-06-07T16:23:33.156739+00:00
HVEGAS001,The Venetian Resort Las Vegas,Las Vegas,United States,booking_via_agoda,agoda,3038.0,Booking.com,cba6b742889f0a17,2024-07-17,2024,,,8.0,0.0,10.0,8.0,https://www.agoda.com/api/cronos/property/review/HotelReviews?hotelId=2937&pageSize=50&referer=https%3A%2F%2Fwww.agoda.com%2Fvenetian-resort-hotel-casino%2Fhotel%2Flas-vegas-nv-us.html&providerMode=separate,22,2026-06-07T16:23:33.156739+00:00
HVEGAS001,The Venetian Resort Las Vegas,Las Vegas,United States,booking_via_agoda,agoda,3038.0,Booking.com,7dc51609216856a9,2024-07-17,2024,,,7.0,0.0,10.0,7.0,https://www.agoda.com/api/cronos/property/review/HotelReviews?hotelId=2937&pageSize=50&referer=https%3A%2F%2Fwww.agoda.com%2Fvenetian-resort-hotel-casino%2Fhotel%2Flas-vegas-nv-us.html&providerMode=separate,23,2026-06-07T16:23:33.156739+00:00
HVEGAS001,The Venetian Resort Las Vegas,Las Vegas,United States,booking_via_agoda,agoda,3038.0,Booking.com,cf2ffa3e947f2221,2024-07-17,2024,,,9.0,0.0,10.0,9.0,https://www.agoda.com/api/cronos/property/review/HotelReviews?hotelId=2937&pageSize=50&referer=https%3A%2F%2Fwww.agoda.com%2Fvenetian-resort-hotel-casino%2Fhotel%2Flas-vegas-nv-us.html&providerMode=separate,23,2026-06-07T16:23:33.156739+00:00
HVEGAS001,The Venetian Resort Las Vegas,Las Vegas,United States,booking_via_agoda,agoda,3038.0,Booking.com,93591ffd8f90a761,2024-07-17,2024,,,9.0,0.0,10.0,9.0,https://www.agoda.com/api/cronos/property/review/HotelReviews?hotelId=2937&pageSize=50&referer=https%3A%2F%2Fwww.agoda.com%2Fvenetian-resort-hotel-casino%2Fhotel%2Flas-vegas-nv-us.html&providerMode=separate,23,2026-06-07T16:23:33.156739+00:00
HVEGAS001,The Venetian Resort Las Vegas,Las Vegas,United States,booking_via_agoda,agoda,3038.0,Booking.com,24f0fc6797a20f1b,2024-07-17,2024,,,9.0,0.0,10.0,9.0,https://www.agoda.com/api/cronos/property/review/HotelReviews?hotelId=2937&pageSize=50&referer=https%3A%2F%2Fwww.agoda.com%2Fvenetian-resort-hotel-casino%2Fhotel%2Flas-vegas-nv-us.html&providerMode=separate,23,2026-06-07T16:23:33.156739+00:00
HVEGAS001,The Venetian Resort Las Vegas,Las Vegas,United States,booking_via_agoda,agoda,3038.0,Booking.com,75bbfd8db5a4d915,2024-07-17,2024,,,9.0,0.0,10.0,9.0,https://www.agoda.com/api/cronos/property/review/HotelReviews?hotelId=2937&pageSize=50&referer=https%3A%2F%2Fwww.agoda.com%2Fvenetian-resort-hotel-casino%2Fhotel%2Flas-vegas-nv-us.html&providerMode=separate,23,2026-06-07T16:23:33.156739+00:00
HVEGAS001,The Venetian Resort Las Vegas,Las Vegas,United States,booking_via_agoda,agoda,3038.0,Booking.com,a8196d075a44ee7a,2024-07-17,2024,,,9.0,0.0,10.0,9.0,https://www.agoda.com/api/cronos/property/review/HotelReviews?hotelId=2937&pageSize=50&referer=https%3A%2F%2Fwww.agoda.com%2Fvenetian-resort-hotel-casino%2Fhotel%2Flas-vegas-nv-us.html&providerMode=separate,23,2026-06-07T16:23:33.156739+00:00
HVEGAS001,The Venetian Resort Las Vegas,Las Vegas,United States,booking_via_agoda,agoda,3038.0,Booking.com,ebe76af0821f25ed,2024-07-18,2024,,,10.0,0.0,10.0,10.0,https://www.agoda.com/api/cronos/property/review/HotelReviews?hotelId=2937&pageSize=50&referer=https%3A%2F%2Fwww.agoda.com%2Fvenetian-resort-hotel-casino%2Fhotel%2Flas-vegas-nv-us.html&providerMode=separate,22,2026-06-07T16:23:33.156739+00:00
HVEGAS001,The Venetian Resort Las Vegas,Las Vegas,United States,booking_via_agoda,agoda,3038.0,Booking.com,810b7242c8522368,2024-07-18,2024,,,10.0,0.0,10.0,10.0,https://www.agoda.com/api/cronos/property/review/HotelReviews?hotelId=2937&pageSize=50&referer=https%3A%2F%2Fwww.agoda.com%2Fvenetian-resort-hotel-casino%2Fhotel%2Flas-vegas-nv-us.html&providerMode=separate,22,2026-06-07T16:23:33.156739+00:00
HVEGAS001,The Venetian Resort Las Vegas,Las Vegas,United States,booking_via_agoda,agoda,3038.0,Booking.com,000540aabb575177,2024-07-18,2024,,,10.0,0.0,10.0,10.0,https://www.agoda.com/api/cronos/property/review/HotelReviews?hotelId=2937&pageSize=50&referer=https%3A%2F%2Fwww.agoda.com%2Fvenetian-resort-hotel-casino%2Fhotel%2Flas-vegas-nv-us.html&providerMode=separate,22,2026-06-07T16:23:33.156739+00:00
HVEGAS001,The Venetian Resort Las Vegas,Las Vegas,United States,booking_via_agoda,agoda,3038.0,Booking.com,4fd4dcf7d4f86ea0,2024-07-19,2024,,,10.0,0.0,10.0,10.0,https://www.agoda.com/api/cronos/property/review/HotelReviews?hotelId=2937&pageSize=50&referer=https%3A%2F%2Fwww.agoda.com%2Fvenetian-resort-hotel-casino%2Fhotel%2Flas-vegas-nv-us.html&providerMode=separate,22,2026-06-07T16:23:33.156739+00:00
HVEGAS001,The Venetian Resort Las Vegas,Las Vegas,United States,booking_via_agoda,agoda,3038.0,Booking.com,9b5fca071a1adc97,2024-07-20,2024,,,9.0,0.0,10.0,9.0,https://www.agoda.com/api/cronos/property/review/HotelReviews?hotelId=2937&pageSize=50&referer=https%3A%2F%2Fwww.agoda.com%2Fvenetian-resort-hotel-casino%2Fhotel%2Flas-vegas-nv-us.html&providerMode=separate,22,2026-06-07T16:23:33.156739+00:00
HVEGAS001,The Venetian Resort Las Vegas,Las Vegas,United States,booking_via_agoda,agoda,3038.0,Booking.com,ece56ea0b078767e,2024-07-20,2024,,,10.0,0.0,10.0,10.0,https://www.agoda.com/api/cronos/property/review/HotelReviews?hotelId=2937&pageSize=50&referer=https%3A%2F%2Fwww.agoda.com%2Fvenetian-resort-hotel-casino%2Fhotel%2Flas-vegas-nv-us.html&providerMode=separate,22,2026-06-07T16:23:33.156739+00:00
HVEGAS001,The Venetian Resort Las Vegas,Las Vegas,United States,booking_via_agoda,agoda,3038.0,Booking.com,7b929904ac82d8d2,2024-07-20,2024,,,10.0,0.0,10.0,10.0,https://www.agoda.com/api/cronos/property/review/HotelReviews?hotelId=2937&pageSize=50&referer=https%3A%2F%2Fwww.agoda.com%2Fvenetian-resort-hotel-casino%2Fhotel%2Flas-vegas-nv-us.html&providerMode=separate,22,2026-06-07T16:23:33.156739+00:00
HVEGAS001,The Venetian Resort Las Vegas,Las Vegas,United States,booking_via_agoda,agoda,3038.0,Booking.com,dbe8fdeab165ace6,2024-07-21,2024,,,8.0,0.0,10.0,8.0,https://www.agoda.com/api/cronos/property/review/HotelReviews?hotelId=2937&pageSize=50&referer=https%3A%2F%2Fwww.agoda.com%2Fvenetian-resort-hotel-casino%2Fhotel%2Flas-vegas-nv-us.html&providerMode=separate,22,2026-06-07T16:23:33.156739+00:00
HVEGAS001,The Venetian Resort Las Vegas,Las Vegas,United States,booking_via_agoda,agoda,3038.0,Booking.com,8f912d9d669c50c1,2024-07-22,2024,,,10.0,0.0,10.0,10.0,https://www.agoda.com/api/cronos/property/review/HotelReviews?hotelId=2937&pageSize=50&referer=https%3A%2F%2Fwww.agoda.com%2Fvenetian-resort-hotel-casino%2Fhotel%2Flas-vegas-nv-us.html&providerMode=separate,22,2026-06-07T16:23:33.156739+00:00
HVEGAS001,The Venetian Resort Las Vegas,Las Vegas,United States,booking_via_agoda,agoda,3038.0,Booking.com,94d8a8ad5c9db04e,2024-07-23,2024,,,9.0,0.0,10.0,9.0,https://www.agoda.com/api/cronos/property/review/HotelReviews?hotelId=2937&pageSize=50&referer=https%3A%2F%2Fwww.agoda.com%2Fvenetian-resort-hotel-casino%2Fhotel%2Flas-vegas-nv-us.html&providerMode=separate,22,2026-06-07T16:23:33.156739+00:00
HVEGAS001,The Venetian Resort Las Vegas,Las Vegas,United States,booking_via_agoda,agoda,3038.0,Booking.com,a2fd5590f5dadfd4,2024-07-23,2024,,,9.0,0.0,10.0,9.0,https://www.agoda.com/api/cronos/property/review/HotelReviews?hotelId=2937&pageSize=50&referer=https%3A%2F%2Fwww.agoda.com%2Fvenetian-resort-hotel-casino%2Fhotel%2Flas-vegas-nv-us.html&providerMode=separate,22,2026-06-07T16:23:33.156739+00:00
HVEGAS001,The Venetian Resort Las Vegas,Las Vegas,United States,booking_via_agoda,agoda,3038.0,Booking.com,f8ac71030aadc4b4,2024-07-23,2024,,,9.0,0.0,10.0,9.0,https://www.agoda.com/api/cronos/property/review/HotelReviews?hotelId=2937&pageSize=50&referer=https%3A%2F%2Fwww.agoda.com%2Fvenetian-resort-hotel-casino%2Fhotel%2Flas-vegas-nv-us.html&providerMode=separate,22,2026-06-07T16:23:33.156739+00:00
HVEGAS001,The Venetian Resort Las Vegas,Las Vegas,United States,booking_via_agoda,agoda,3038.0,Booking.com,8d5e9c4cb8fbb50e,2024-07-23,2024,,,8.0,0.0,10.0,8.0,https://www.agoda.com/api/cronos/property/review/HotelReviews?hotelId=2937&pageSize=50&referer=https%3A%2F%2Fwww.agoda.com%2Fvenetian-resort-hotel-casino%2Fhotel%2Flas-vegas-nv-us.html&providerMode=separate,22,2026-06-07T16:23:33.156739+00:00
HVEGAS001,The Venetian Resort Las Vegas,Las Vegas,United States,booking_via_agoda,agoda,3038.0,Booking.com,62e1d3e20a86fdba,2024-07-23,2024,,,10.0,0.0,10.0,10.0,https://www.agoda.com/api/cronos/property/review/HotelReviews?hotelId=2937&pageSize=50&referer=https%3A%2F%2Fwww.agoda.com%2Fvenetian-resort-hotel-casino%2Fhotel%2Flas-vegas-nv-us.html&providerMode=separate,22,2026-06-07T16:23:33.156739+00:00
HVEGAS001,The Venetian Resort Las Vegas,Las Vegas,United States,booking_via_agoda,agoda,3038.0,Booking.com,ccdd476d74b595c1,2024-07-24,2024,,,3.0,0.0,10.0,3.0,https://www.agoda.com/api/cronos/property/review/HotelReviews?hotelId=2937&pageSize=50&referer=https%3A%2F%2Fwww.agoda.com%2Fvenetian-resort-hotel-casino%2Fhotel%2Flas-vegas-nv-us.html&providerMode=separate,22,2026-06-07T16:23:33.156739+00:00
HVEGAS001,The Venetian Resort Las Vegas,Las Vegas,United States,booking_via_agoda,agoda,3038.0,Booking.com,389ac54c2719b8e2,2024-07-24,2024,,,9.0,0.0,10.0,9.0,https://www.agoda.com/api/cronos/property/review/HotelReviews?hotelId=2937&pageSize=50&referer=https%3A%2F%2Fwww.agoda.com%2Fvenetian-resort-hotel-casino%2Fhotel%2Flas-vegas-nv-us.html&providerMode=separate,22,2026-06-07T16:23:33.156739+00:00
HVEGAS001,The Venetian Resort Las Vegas,Las Vegas,United States,booking_via_agoda,agoda,3038.0,Booking.com,0466794f308c7ccc,2024-07-24,2024,,,7.0,0.0,10.0,7.0,https://www.agoda.com/api/cronos/property/review/HotelReviews?hotelId=2937&pageSize=50&referer=https%3A%2F%2Fwww.agoda.com%2Fvenetian-resort-hotel-casino%2Fhotel%2Flas-vegas-nv-us.html&providerMode=separate,22,2026-06-07T16:23:33.156739+00:00
HVEGAS001,The Venetian Resort Las Vegas,Las Vegas,United States,booking_via_agoda,agoda,3038.0,Booking.com,b419e1c0320d44ed,2024-07-24,2024,,,5.0,0.0,10.0,5.0,https://www.agoda.com/api/cronos/property/review/HotelReviews?hotelId=2937&pageSize=50&referer=https%3A%2F%2Fwww.agoda.com%2Fvenetian-resort-hotel-casino%2Fhotel%2Flas-vegas-nv-us.html&providerMode=separate,22,2026-06-07T16:23:33.156739+00:00
HVEGAS001,The Venetian Resort Las Vegas,Las Vegas,United States,booking_via_agoda,agoda,3038.0,Booking.com,14f063266149e3ae,2024-07-24,2024,,,5.0,0.0,10.0,5.0,https://www.agoda.com/api/cronos/property/review/HotelReviews?hotelId=2937&pageSize=50&referer=https%3A%2F%2Fwww.agoda.com%2Fvenetian-resort-hotel-casino%2Fhotel%2Flas-vegas-nv-us.html&providerMode=separate,22,2026-06-07T16:23:33.156739+00:00
HVEGAS001,The Venetian Resort Las Vegas,Las Vegas,United States,booking_via_agoda,agoda,3038.0,Booking.com,5cd38fe9ff93cc5e,2024-07-24,2024,,,10.0,0.0,10.0,10.0,https://www.agoda.com/api/cronos/property/review/HotelReviews?hotelId=2937&pageSize=50&referer=https%3A%2F%2Fwww.agoda.com%2Fvenetian-resort-hotel-casino%2Fhotel%2Flas-vegas-nv-us.html&providerMode=separate,22,2026-06-07T16:23:33.156739+00:00
HVEGAS001,The Venetian Resort Las Vegas,Las Vegas,United States,booking_via_agoda,agoda,3038.0,Booking.com,1ad25e54222aa42c,2024-07-24,2024,,,5.0,0.0,10.0,5.0,https://www.agoda.com/api/cronos/property/review/HotelReviews?hotelId=2937&pageSize=50&referer=https%3A%2F%2Fwww.agoda.com%2Fvenetian-resort-hotel-casino%2Fhotel%2Flas-vegas-nv-us.html&providerMode=separate,22,2026-06-07T16:23:33.156739+00:00
HVEGAS001,The Venetian Resort Las Vegas,Las Vegas,United States,booking_via_agoda,agoda,3038.0,Booking.com,5876e5b8caa269f2,2024-07-25,2024,,,10.0,0.0,10.0,10.0,https://www.agoda.com/api/cronos/property/review/HotelReviews?hotelId=2937&pageSize=50&referer=https%3A%2F%2Fwww.agoda.com%2Fvenetian-resort-hotel-casino%2Fhotel%2Flas-vegas-nv-us.html&providerMode=separate,22,2026-06-07T16:23:33.156739+00:00
HVEGAS001,The Venetian Resort Las Vegas,Las Vegas,United States,booking_via_agoda,agoda,3038.0,Booking.com,4cb0ee4155ace757,2024-07-25,2024,,,8.0,0.0,10.0,8.0,https://www.agoda.com/api/cronos/property/review/HotelReviews?hotelId=2937&pageSize=50&referer=https%3A%2F%2Fwww.agoda.com%2Fvenetian-resort-hotel-casino%2Fhotel%2Flas-vegas-nv-us.html&providerMode=separate,22,2026-06-07T16:23:33.156739+00:00
HVEGAS001,The Venetian Resort Las Vegas,Las Vegas,United States,booking_via_agoda,agoda,3038.0,Booking.com,9b25e736f4aad3c5,2024-07-26,2024,,,10.0,0.0,10.0,10.0,https://www.agoda.com/api/cronos/property/review/HotelReviews?hotelId=2937&pageSize=50&referer=https%3A%2F%2Fwww.agoda.com%2Fvenetian-resort-hotel-casino%2Fhotel%2Flas-vegas-nv-us.html&providerMode=separate,22,2026-06-07T16:23:33.156739+00:00
HVEGAS001,The Venetian Resort Las Vegas,Las Vegas,United States,booking_via_agoda,agoda,3038.0,Booking.com,3c5761a2e8cc1495,2024-07-26,2024,,,1.0,0.0,10.0,1.0,https://www.agoda.com/api/cronos/property/review/HotelReviews?hotelId=2937&pageSize=50&referer=https%3A%2F%2Fwww.agoda.com%2Fvenetian-resort-hotel-casino%2Fhotel%2Flas-vegas-nv-us.html&providerMode=separate,22,2026-06-07T16:23:33.156739+00:00
HVEGAS001,The Venetian Resort Las Vegas,Las Vegas,United States,booking_via_agoda,agoda,3038.0,Booking.com,79ce282843f42501,2024-07-26,2024,,,10.0,0.0,10.0,10.0,https://www.agoda.com/api/cronos/property/review/HotelReviews?hotelId=2937&pageSize=50&referer=https%3A%2F%2Fwww.agoda.com%2Fvenetian-resort-hotel-casino%2Fhotel%2Flas-vegas-nv-us.html&providerMode=separate,22,2026-06-07T16:23:33.156739+00:00
HVEGAS001,The Venetian Resort Las Vegas,Las Vegas,United States,booking_via_agoda,agoda,3038.0,Booking.com,592aa518ce00bc7a,2024-07-26,2024,,,10.0,0.0,10.0,10.0,https://www.agoda.com/api/cronos/property/review/HotelReviews?hotelId=2937&pageSize=50&referer=https%3A%2F%2Fwww.agoda.com%2Fvenetian-resort-hotel-casino%2Fhotel%2Flas-vegas-nv-us.html&providerMode=separate,22,2026-06-07T16:23:33.156739+00:00
HVEGAS001,The Venetian Resort Las Vegas,Las Vegas,United States,booking_via_agoda,agoda,3038.0,Booking.com,3bb63d757ae2d211,2024-07-27,2024,,,9.0,0.0,10.0,9.0,https://www.agoda.com/api/cronos/property/review/HotelReviews?hotelId=2937&pageSize=50&referer=https%3A%2F%2Fwww.agoda.com%2Fvenetian-resort-hotel-casino%2Fhotel%2Flas-vegas-nv-us.html&providerMode=separate,22,2026-06-07T16:23:33.156739+00:00
HVEGAS001,The Venetian Resort Las Vegas,Las Vegas,United States,booking_via_agoda,agoda,3038.0,Booking.com,f5832b5a074197b9,2024-07-28,2024,,,9.0,0.0,10.0,9.0,https://www.agoda.com/api/cronos/property/review/HotelReviews?hotelId=2937&pageSize=50&referer=https%3A%2F%2Fwww.agoda.com%2Fvenetian-resort-hotel-casino%2Fhotel%2Flas-vegas-nv-us.html&providerMode=separate,22,2026-06-07T16:23:33.156739+00:00
HVEGAS001,The Venetian Resort Las Vegas,Las Vegas,United States,booking_via_agoda,agoda,3038.0,Booking.com,052a0e8939b24622,2024-07-28,2024,,,10.0,0.0,10.0,10.0,https://www.agoda.com/api/cronos/property/review/HotelReviews?hotelId=2937&pageSize=50&referer=https%3A%2F%2Fwww.agoda.com%2Fvenetian-resort-hotel-casino%2Fhotel%2Flas-vegas-nv-us.html&providerMode=separate,22,2026-06-07T16:23:33.156739+00:00
HVEGAS001,The Venetian Resort Las Vegas,Las Vegas,United States,booking_via_agoda,agoda,3038.0,Booking.com,f5ddd9c05f886bd2,2024-07-29,2024,,,10.0,0.0,10.0,10.0,https://www.agoda.com/api/cronos/property/review/HotelReviews?hotelId=2937&pageSize=50&referer=https%3A%2F%2Fwww.agoda.com%2Fvenetian-resort-hotel-casino%2Fhotel%2Flas-vegas-nv-us.html&providerMode=separate,22,2026-06-07T16:23:33.156739+00:00
HVEGAS001,The Venetian Resort Las Vegas,Las Vegas,United States,booking_via_agoda,agoda,3038.0,Booking.com,e2f19a7911330bcf,2024-07-29,2024,,,10.0,0.0,10.0,10.0,https://www.agoda.com/api/cronos/property/review/HotelReviews?hotelId=2937&pageSize=50&referer=https%3A%2F%2Fwww.agoda.com%2Fvenetian-resort-hotel-casino%2Fhotel%2Flas-vegas-nv-us.html&providerMode=separate,22,2026-06-07T16:23:33.156739+00:00
HVEGAS001,The Venetian Resort Las Vegas,Las Vegas,United States,booking_via_agoda,agoda,3038.0,Booking.com,efa33b073334c66e,2024-07-29,2024,,,9.0,0.0,10.0,9.0,https://www.agoda.com/api/cronos/property/review/HotelReviews?hotelId=2937&pageSize=50&referer=https%3A%2F%2Fwww.agoda.com%2Fvenetian-resort-hotel-casino%2Fhotel%2Flas-vegas-nv-us.html&providerMode=separate,22,2026-06-07T16:23:33.156739+00:00
HVEGAS001,The Venetian Resort Las Vegas,Las Vegas,United States,booking_via_agoda,agoda,3038.0,Booking.com,597056bdd1eceece,2024-07-30,2024,,,9.0,0.0,10.0,9.0,https://www.agoda.com/api/cronos/property/review/HotelReviews?hotelId=2937&pageSize=50&referer=https%3A%2F%2Fwww.agoda.com%2Fvenetian-resort-hotel-casino%2Fhotel%2Flas-vegas-nv-us.html&providerMode=separate,22,2026-06-07T16:23:33.156739+00:00
HVEGAS001,The Venetian Resort Las Vegas,Las Vegas,United States,booking_via_agoda,agoda,3038.0,Booking.com,33d41295f684e94a,2024-07-30,2024,,,3.0,0.0,10.0,3.0,https://www.agoda.com/api/cronos/property/review/HotelReviews?hotelId=2937&pageSize=50&referer=https%3A%2F%2Fwww.agoda.com%2Fvenetian-resort-hotel-casino%2Fhotel%2Flas-vegas-nv-us.html&providerMode=separate,22,2026-06-07T16:23:33.156739+00:00
HVEGAS001,The Venetian Resort Las Vegas,Las Vegas,United States,booking_via_agoda,agoda,3038.0,Booking.com,2eea8cc5a088dc96,2024-07-31,2024,,,10.0,0.0,10.0,10.0,https://www.agoda.com/api/cronos/property/review/HotelReviews?hotelId=2937&pageSize=50&referer=https%3A%2F%2Fwww.agoda.com%2Fvenetian-resort-hotel-casino%2Fhotel%2Flas-vegas-nv-us.html&providerMode=separate,22,2026-06-07T16:23:33.156739+00:00
HVEGAS001,The Venetian Resort Las Vegas,Las Vegas,United States,booking_via_agoda,agoda,3038.0,Booking.com,5ae6479449aabadc,2024-07-31,2024,,,10.0,0.0,10.0,10.0,https://www.agoda.com/api/cronos/property/review/HotelReviews?hotelId=2937&pageSize=50&referer=https%3A%2F%2Fwww.agoda.com%2Fvenetian-resort-hotel-casino%2Fhotel%2Flas-vegas-nv-us.html&providerMode=separate,22,2026-06-07T16:23:33.156739+00:00
HVEGAS001,The Venetian Resort Las Vegas,Las Vegas,United States,booking_via_agoda,agoda,3038.0,Booking.com,19e93266f6836c0f,2024-07-31,2024,,,10.0,0.0,10.0,10.0,https://www.agoda.com/api/cronos/property/review/HotelReviews?hotelId=2937&pageSize=50&referer=https%3A%2F%2Fwww.agoda.com%2Fvenetian-resort-hotel-casino%2Fhotel%2Flas-vegas-nv-us.html&providerMode=separate,22,2026-06-07T16:23:33.156739+00:00
HVEGAS001,The Venetian Resort Las Vegas,Las Vegas,United States,booking_via_agoda,agoda,3038.0,Booking.com,92acdd483bd63922,2024-08-01,2024,,,10.0,0.0,10.0,10.0,https://www.agoda.com/api/cronos/property/review/HotelReviews?hotelId=2937&pageSize=50&referer=https%3A%2F%2Fwww.agoda.com%2Fvenetian-resort-hotel-casino%2Fhotel%2Flas-vegas-nv-us.html&providerMode=separate,22,2026-06-07T16:23:33.156739+00:00
HVEGAS001,The Venetian Resort Las Vegas,Las Vegas,United States,booking_via_agoda,agoda,3038.0,Booking.com,bc4265ca5b1343e4,2024-08-01,2024,,,9.0,0.0,10.0,9.0,https://www.agoda.com/api/cronos/property/review/HotelReviews?hotelId=2937&pageSize=50&referer=https%3A%2F%2Fwww.agoda.com%2Fvenetian-resort-hotel-casino%2Fhotel%2Flas-vegas-nv-us.html&providerMode=separate,22,2026-06-07T16:23:33.156739+00:00
HVEGAS001,The Venetian Resort Las Vegas,Las Vegas,United States,booking_via_agoda,agoda,3038.0,Booking.com,f6e627eb08da120a,2024-08-01,2024,,,9.0,0.0,10.0,9.0,https://www.agoda.com/api/cronos/property/review/HotelReviews?hotelId=2937&pageSize=50&referer=https%3A%2F%2Fwww.agoda.com%2Fvenetian-resort-hotel-casino%2Fhotel%2Flas-vegas-nv-us.html&providerMode=separate,22,2026-06-07T16:23:33.156739+00:00
HVEGAS001,The Venetian Resort Las Vegas,Las Vegas,United States,booking_via_agoda,agoda,3038.0,Booking.com,374f3d4bad6079bf,2024-08-01,2024,,,10.0,0.0,10.0,10.0,https://www.agoda.com/api/cronos/property/review/HotelReviews?hotelId=2937&pageSize=50&referer=https%3A%2F%2Fwww.agoda.com%2Fvenetian-resort-hotel-casino%2Fhotel%2Flas-vegas-nv-us.html&providerMode=separate,22,2026-06-07T16:23:33.156739+00:00
HVEGAS001,The Venetian Resort Las Vegas,Las Vegas,United States,booking_via_agoda,agoda,3038.0,Booking.com,b7ae8b2ee408a53c,2024-08-02,2024,,,8.0,0.0,10.0,8.0,https://www.agoda.com/api/cronos/property/review/HotelReviews?hotelId=2937&pageSize=50&referer=https%3A%2F%2Fwww.agoda.com%2Fvenetian-resort-hotel-casino%2Fhotel%2Flas-vegas-nv-us.html&providerMode=separate,21,2026-06-07T16:23:33.156739+00:00
HVEGAS001,The Venetian Resort Las Vegas,Las Vegas,United States,booking_via_agoda,agoda,3038.0,Booking.com,532bf63effcd24ac,2024-08-02,2024,,,10.0,0.0,10.0,10.0,https://www.agoda.com/api/cronos/property/review/HotelReviews?hotelId=2937&pageSize=50&referer=https%3A%2F%2Fwww.agoda.com%2Fvenetian-resort-hotel-casino%2Fhotel%2Flas-vegas-nv-us.html&providerMode=separate,21,2026-06-07T16:23:33.156739+00:00
HVEGAS001,The Venetian Resort Las Vegas,Las Vegas,United States,booking_via_agoda,agoda,3038.0,Booking.com,a690a59bd9a9ff04,2024-08-02,2024,,,9.0,0.0,10.0,9.0,https://www.agoda.com/api/cronos/property/review/HotelReviews?hotelId=2937&pageSize=50&referer=https%3A%2F%2Fwww.agoda.com%2Fvenetian-resort-hotel-casino%2Fhotel%2Flas-vegas-nv-us.html&providerMode=separate,22,2026-06-07T16:23:33.156739+00:00
HVEGAS001,The Venetian Resort Las Vegas,Las Vegas,United States,booking_via_agoda,agoda,3038.0,Booking.com,9d7220d0e977099a,2024-08-02,2024,,,10.0,0.0,10.0,10.0,https://www.agoda.com/api/cronos/property/review/HotelReviews?hotelId=2937&pageSize=50&referer=https%3A%2F%2Fwww.agoda.com%2Fvenetian-resort-hotel-casino%2Fhotel%2Flas-vegas-nv-us.html&providerMode=separate,22,2026-06-07T16:23:33.156739+00:00
HVEGAS001,The Venetian Resort Las Vegas,Las Vegas,United States,booking_via_agoda,agoda,3038.0,Booking.com,d670a404107881c5,2024-08-02,2024,,,7.0,0.0,10.0,7.0,https://www.agoda.com/api/cronos/property/review/HotelReviews?hotelId=2937&pageSize=50&referer=https%3A%2F%2Fwww.agoda.com%2Fvenetian-resort-hotel-casino%2Fhotel%2Flas-vegas-nv-us.html&providerMode=separate,22,2026-06-07T16:23:33.156739+00:00
HVEGAS001,The Venetian Resort Las Vegas,Las Vegas,United States,booking_via_agoda,agoda,3038.0,Booking.com,7421ee81b2b50712,2024-08-03,2024,,,3.0,0.0,10.0,3.0,https://www.agoda.com/api/cronos/property/review/HotelReviews?hotelId=2937&pageSize=50&referer=https%3A%2F%2Fwww.agoda.com%2Fvenetian-resort-hotel-casino%2Fhotel%2Flas-vegas-nv-us.html&providerMode=separate,21,2026-06-07T16:23:33.156739+00:00
HVEGAS001,The Venetian Resort Las Vegas,Las Vegas,United States,booking_via_agoda,agoda,3038.0,Booking.com,79ef057730987062,2024-08-03,2024,,,1.0,0.0,10.0,1.0,https://www.agoda.com/api/cronos/property/review/HotelReviews?hotelId=2937&pageSize=50&referer=https%3A%2F%2Fwww.agoda.com%2Fvenetian-resort-hotel-casino%2Fhotel%2Flas-vegas-nv-us.html&providerMode=separate,21,2026-06-07T16:23:33.156739+00:00
HVEGAS001,The Venetian Resort Las Vegas,Las Vegas,United States,booking_via_agoda,agoda,3038.0,Booking.com,84c34ec7b70defd1,2024-08-03,2024,,,5.0,0.0,10.0,5.0,https://www.agoda.com/api/cronos/property/review/HotelReviews?hotelId=2937&pageSize=50&referer=https%3A%2F%2Fwww.agoda.com%2Fvenetian-resort-hotel-casino%2Fhotel%2Flas-vegas-nv-us.html&providerMode=separate,21,2026-06-07T16:23:33.156739+00:00
HVEGAS001,The Venetian Resort Las Vegas,Las Vegas,United States,booking_via_agoda,agoda,3038.0,Booking.com,82ef2a7ee29897d5,2024-08-03,2024,,,10.0,0.0,10.0,10.0,https://www.agoda.com/api/cronos/property/review/HotelReviews?hotelId=2937&pageSize=50&referer=https%3A%2F%2Fwww.agoda.com%2Fvenetian-resort-hotel-casino%2Fhotel%2Flas-vegas-nv-us.html&providerMode=separate,21,2026-06-07T16:23:33.156739+00:00
HVEGAS001,The Venetian Resort Las Vegas,Las Vegas,United States,booking_via_agoda,agoda,3038.0,Booking.com,c46bc7f449ffd2a8,2024-08-04,2024,,,8.0,0.0,10.0,8.0,https://www.agoda.com/api/cronos/property/review/HotelReviews?hotelId=2937&pageSize=50&referer=https%3A%2F%2Fwww.agoda.com%2Fvenetian-resort-hotel-casino%2Fhotel%2Flas-vegas-nv-us.html&providerMode=separate,21,2026-06-07T16:23:33.156739+00:00
HVEGAS001,The Venetian Resort Las Vegas,Las Vegas,United States,booking_via_agoda,agoda,3038.0,Booking.com,9f206718a15e6c6c,2024-08-04,2024,,,8.0,0.0,10.0,8.0,https://www.agoda.com/api/cronos/property/review/HotelReviews?hotelId=2937&pageSize=50&referer=https%3A%2F%2Fwww.agoda.com%2Fvenetian-resort-hotel-casino%2Fhotel%2Flas-vegas-nv-us.html&providerMode=separate,21,2026-06-07T16:23:33.156739+00:00
HVEGAS001,The Venetian Resort Las Vegas,Las Vegas,United States,booking_via_agoda,agoda,3038.0,Booking.com,35d4d443ee12a102,2024-08-04,2024,,,7.0,0.0,10.0,7.0,https://www.agoda.com/api/cronos/property/review/HotelReviews?hotelId=2937&pageSize=50&referer=https%3A%2F%2Fwww.agoda.com%2Fvenetian-resort-hotel-casino%2Fhotel%2Flas-vegas-nv-us.html&providerMode=separate,21,2026-06-07T16:23:33.156739+00:00
HVEGAS001,The Venetian Resort Las Vegas,Las Vegas,United States,booking_via_agoda,agoda,3038.0,Booking.com,71f77eafed6b62d5,2024-08-05,2024,,,10.0,0.0,10.0,10.0,https://www.agoda.com/api/cronos/property/review/HotelReviews?hotelId=2937&pageSize=50&referer=https%3A%2F%2Fwww.agoda.com%2Fvenetian-resort-hotel-casino%2Fhotel%2Flas-vegas-nv-us.html&providerMode=separate,21,2026-06-07T16:23:33.156739+00:00
HVEGAS001,The Venetian Resort Las Vegas,Las Vegas,United States,booking_via_agoda,agoda,3038.0,Booking.com,fcf4c42b6805610f,2024-08-05,2024,,,4.0,0.0,10.0,4.0,https://www.agoda.com/api/cronos/property/review/HotelReviews?hotelId=2937&pageSize=50&referer=https%3A%2F%2Fwww.agoda.com%2Fvenetian-resort-hotel-casino%2Fhotel%2Flas-vegas-nv-us.html&providerMode=separate,21,2026-06-07T16:23:33.156739+00:00
HVEGAS001,The Venetian Resort Las Vegas,Las Vegas,United States,booking_via_agoda,agoda,3038.0,Booking.com,10a10a13b3802570,2024-08-05,2024,,,5.0,0.0,10.0,5.0,https://www.agoda.com/api/cronos/property/review/HotelReviews?hotelId=2937&pageSize=50&referer=https%3A%2F%2Fwww.agoda.com%2Fvenetian-resort-hotel-casino%2Fhotel%2Flas-vegas-nv-us.html&providerMode=separate,21,2026-06-07T16:23:33.156739+00:00
HVEGAS001,The Venetian Resort Las Vegas,Las Vegas,United States,booking_via_agoda,agoda,3038.0,Booking.com,ccb2013ab034fcc3,2024-08-05,2024,,,9.0,0.0,10.0,9.0,https://www.agoda.com/api/cronos/property/review/HotelReviews?hotelId=2937&pageSize=50&referer=https%3A%2F%2Fwww.agoda.com%2Fvenetian-resort-hotel-casino%2Fhotel%2Flas-vegas-nv-us.html&providerMode=separate,21,2026-06-07T16:23:33.156739+00:00
HVEGAS001,The Venetian Resort Las Vegas,Las Vegas,United States,booking_via_agoda,agoda,3038.0,Booking.com,705164b8c38bf657,2024-08-06,2024,,,10.0,0.0,10.0,10.0,https://www.agoda.com/api/cronos/property/review/HotelReviews?hotelId=2937&pageSize=50&referer=https%3A%2F%2Fwww.agoda.com%2Fvenetian-resort-hotel-casino%2Fhotel%2Flas-vegas-nv-us.html&providerMode=separate,21,2026-06-07T16:23:33.156739+00:00
HVEGAS001,The Venetian Resort Las Vegas,Las Vegas,United States,booking_via_agoda,agoda,3038.0,Booking.com,88153fe6e0b7909a,2024-08-07,2024,,,9.0,0.0,10.0,9.0,https://www.agoda.com/api/cronos/property/review/HotelReviews?hotelId=2937&pageSize=50&referer=https%3A%2F%2Fwww.agoda.com%2Fvenetian-resort-hotel-casino%2Fhotel%2Flas-vegas-nv-us.html&providerMode=separate,21,2026-06-07T16:23:33.156739+00:00
HVEGAS001,The Venetian Resort Las Vegas,Las Vegas,United States,booking_via_agoda,agoda,3038.0,Booking.com,8f93a66f0d377ec8,2024-08-07,2024,,,6.0,0.0,10.0,6.0,https://www.agoda.com/api/cronos/property/review/HotelReviews?hotelId=2937&pageSize=50&referer=https%3A%2F%2Fwww.agoda.com%2Fvenetian-resort-hotel-casino%2Fhotel%2Flas-vegas-nv-us.html&providerMode=separate,21,2026-06-07T16:23:33.156739+00:00
HVEGAS001,The Venetian Resort Las Vegas,Las Vegas,United States,booking_via_agoda,agoda,3038.0,Booking.com,435065078b7b9258,2024-08-09,2024,,,6.0,0.0,10.0,6.0,https://www.agoda.com/api/cronos/property/review/HotelReviews?hotelId=2937&pageSize=50&referer=https%3A%2F%2Fwww.agoda.com%2Fvenetian-resort-hotel-casino%2Fhotel%2Flas-vegas-nv-us.html&providerMode=separate,21,2026-06-07T16:23:33.156739+00:00
HVEGAS001,The Venetian Resort Las Vegas,Las Vegas,United States,booking_via_agoda,agoda,3038.0,Booking.com,945a90a6e469ee6c,2024-08-09,2024,,,8.0,0.0,10.0,8.0,https://www.agoda.com/api/cronos/property/review/HotelReviews?hotelId=2937&pageSize=50&referer=https%3A%2F%2Fwww.agoda.com%2Fvenetian-resort-hotel-casino%2Fhotel%2Flas-vegas-nv-us.html&providerMode=separate,21,2026-06-07T16:23:33.156739+00:00
HVEGAS001,The Venetian Resort Las Vegas,Las Vegas,United States,booking_via_agoda,agoda,3038.0,Booking.com,2a98b7aa5c54479f,2024-08-10,2024,,,4.0,0.0,10.0,4.0,https://www.agoda.com/api/cronos/property/review/HotelReviews?hotelId=2937&pageSize=50&referer=https%3A%2F%2Fwww.agoda.com%2Fvenetian-resort-hotel-casino%2Fhotel%2Flas-vegas-nv-us.html&providerMode=separate,21,2026-06-07T16:23:33.156739+00:00
HVEGAS001,The Venetian Resort Las Vegas,Las Vegas,United States,booking_via_agoda,agoda,3038.0,Booking.com,ad217ce2c3299cfc,2024-08-11,2024,,,10.0,0.0,10.0,10.0,https://www.agoda.com/api/cronos/property/review/HotelReviews?hotelId=2937&pageSize=50&referer=https%3A%2F%2Fwww.agoda.com%2Fvenetian-resort-hotel-casino%2Fhotel%2Flas-vegas-nv-us.html&providerMode=separate,21,2026-06-07T16:23:33.156739+00:00
HVEGAS001,The Venetian Resort Las Vegas,Las Vegas,United States,booking_via_agoda,agoda,3038.0,Booking.com,ccff1b9e1b7cd2f3,2024-08-11,2024,,,10.0,0.0,10.0,10.0,https://www.agoda.com/api/cronos/property/review/HotelReviews?hotelId=2937&pageSize=50&referer=https%3A%2F%2Fwww.agoda.com%2Fvenetian-resort-hotel-casino%2Fhotel%2Flas-vegas-nv-us.html&providerMode=separate,21,2026-06-07T16:23:33.156739+00:00
HVEGAS001,The Venetian Resort Las Vegas,Las Vegas,United States,booking_via_agoda,agoda,3038.0,Booking.com,339a26e1aec925e3,2024-08-12,2024,,,10.0,0.0,10.0,10.0,https://www.agoda.com/api/cronos/property/review/HotelReviews?hotelId=2937&pageSize=50&referer=https%3A%2F%2Fwww.agoda.com%2Fvenetian-resort-hotel-casino%2Fhotel%2Flas-vegas-nv-us.html&providerMode=separate,21,2026-06-07T16:23:33.156739+00:00
HVEGAS001,The Venetian Resort Las Vegas,Las Vegas,United States,booking_via_agoda,agoda,3038.0,Booking.com,ddec995753fef73b,2024-08-12,2024,,,6.0,0.0,10.0,6.0,https://www.agoda.com/api/cronos/property/review/HotelReviews?hotelId=2937&pageSize=50&referer=https%3A%2F%2Fwww.agoda.com%2Fvenetian-resort-hotel-casino%2Fhotel%2Flas-vegas-nv-us.html&providerMode=separate,21,2026-06-07T16:23:33.156739+00:00
HVEGAS001,The Venetian Resort Las Vegas,Las Vegas,United States,booking_via_agoda,agoda,3038.0,Booking.com,638f2854d1b02065,2024-08-12,2024,,,10.0,0.0,10.0,10.0,https://www.agoda.com/api/cronos/property/review/HotelReviews?hotelId=2937&pageSize=50&referer=https%3A%2F%2Fwww.agoda.com%2Fvenetian-resort-hotel-casino%2Fhotel%2Flas-vegas-nv-us.html&providerMode=separate,21,2026-06-07T16:23:33.156739+00:00
HVEGAS001,The Venetian Resort Las Vegas,Las Vegas,United States,booking_via_agoda,agoda,3038.0,Booking.com,70ee66850be4762d,2024-08-12,2024,,,10.0,0.0,10.0,10.0,https://www.agoda.com/api/cronos/property/review/HotelReviews?hotelId=2937&pageSize=50&referer=https%3A%2F%2Fwww.agoda.com%2Fvenetian-resort-hotel-casino%2Fhotel%2Flas-vegas-nv-us.html&providerMode=separate,21,2026-06-07T16:23:33.156739+00:00
HVEGAS001,The Venetian Resort Las Vegas,Las Vegas,United States,booking_via_agoda,agoda,3038.0,Booking.com,1e72bceb3423d838,2024-08-12,2024,,,10.0,0.0,10.0,10.0,https://www.agoda.com/api/cronos/property/review/HotelReviews?hotelId=2937&pageSize=50&referer=https%3A%2F%2Fwww.agoda.com%2Fvenetian-resort-hotel-casino%2Fhotel%2Flas-vegas-nv-us.html&providerMode=separate,21,2026-06-07T16:23:33.156739+00:00
HVEGAS001,The Venetian Resort Las Vegas,Las Vegas,United States,booking_via_agoda,agoda,3038.0,Booking.com,f934b5e8d0affe6f,2024-08-13,2024,,,10.0,0.0,10.0,10.0,https://www.agoda.com/api/cronos/property/review/HotelReviews?hotelId=2937&pageSize=50&referer=https%3A%2F%2Fwww.agoda.com%2Fvenetian-resort-hotel-casino%2Fhotel%2Flas-vegas-nv-us.html&providerMode=separate,21,2026-06-07T16:23:33.156739+00:00
HVEGAS001,The Venetian Resort Las Vegas,Las Vegas,United States,booking_via_agoda,agoda,3038.0,Booking.com,3cc5dd7fd11ebce0,2024-08-13,2024,,,10.0,0.0,10.0,10.0,https://www.agoda.com/api/cronos/property/review/HotelReviews?hotelId=2937&pageSize=50&referer=https%3A%2F%2Fwww.agoda.com%2Fvenetian-resort-hotel-casino%2Fhotel%2Flas-vegas-nv-us.html&providerMode=separate,21,2026-06-07T16:23:33.156739+00:00
HVEGAS001,The Venetian Resort Las Vegas,Las Vegas,United States,booking_via_agoda,agoda,3038.0,Booking.com,d3e1a2065ef15c9c,2024-08-13,2024,,,10.0,0.0,10.0,10.0,https://www.agoda.com/api/cronos/property/review/HotelReviews?hotelId=2937&pageSize=50&referer=https%3A%2F%2Fwww.agoda.com%2Fvenetian-resort-hotel-casino%2Fhotel%2Flas-vegas-nv-us.html&providerMode=separate,21,2026-06-07T16:23:33.156739+00:00
HVEGAS001,The Venetian Resort Las Vegas,Las Vegas,United States,booking_via_agoda,agoda,3038.0,Booking.com,5f0c70eb7cb82a75,2024-08-13,2024,,,10.0,0.0,10.0,10.0,https://www.agoda.com/api/cronos/property/review/HotelReviews?hotelId=2937&pageSize=50&referer=https%3A%2F%2Fwww.agoda.com%2Fvenetian-resort-hotel-casino%2Fhotel%2Flas-vegas-nv-us.html&providerMode=separate,21,2026-06-07T16:23:33.156739+00:00
HVEGAS001,The Venetian Resort Las Vegas,Las Vegas,United States,booking_via_agoda,agoda,3038.0,Booking.com,8c093413a54a53c3,2024-08-13,2024,,,10.0,0.0,10.0,10.0,https://www.agoda.com/api/cronos/property/review/HotelReviews?hotelId=2937&pageSize=50&referer=https%3A%2F%2Fwww.agoda.com%2Fvenetian-resort-hotel-casino%2Fhotel%2Flas-vegas-nv-us.html&providerMode=separate,21,2026-06-07T16:23:33.156739+00:00
HVEGAS001,The Venetian Resort Las Vegas,Las Vegas,United States,booking_via_agoda,agoda,3038.0,Booking.com,5a23f0fd4bbccaf2,2024-08-14,2024,,,10.0,0.0,10.0,10.0,https://www.agoda.com/api/cronos/property/review/HotelReviews?hotelId=2937&pageSize=50&referer=https%3A%2F%2Fwww.agoda.com%2Fvenetian-resort-hotel-casino%2Fhotel%2Flas-vegas-nv-us.html&providerMode=separate,21,2026-06-07T16:23:33.156739+00:00
HVEGAS001,The Venetian Resort Las Vegas,Las Vegas,United States,booking_via_agoda,agoda,3038.0,Booking.com,a2772aff716c8f4d,2024-08-15,2024,,,10.0,0.0,10.0,10.0,https://www.agoda.com/api/cronos/property/review/HotelReviews?hotelId=2937&pageSize=50&referer=https%3A%2F%2Fwww.agoda.com%2Fvenetian-resort-hotel-casino%2Fhotel%2Flas-vegas-nv-us.html&providerMode=separate,21,2026-06-07T16:23:33.156739+00:00
HVEGAS001,The Venetian Resort Las Vegas,Las Vegas,United States,booking_via_agoda,agoda,3038.0,Booking.com,397c9b01410c4d3b,2024-08-15,2024,,,10.0,0.0,10.0,10.0,https://www.agoda.com/api/cronos/property/review/HotelReviews?hotelId=2937&pageSize=50&referer=https%3A%2F%2Fwww.agoda.com%2Fvenetian-resort-hotel-casino%2Fhotel%2Flas-vegas-nv-us.html&providerMode=separate,21,2026-06-07T16:23:33.156739+00:00
HVEGAS001,The Venetian Resort Las Vegas,Las Vegas,United States,booking_via_agoda,agoda,3038.0,Booking.com,ae9ebebce6415742,2024-08-15,2024,,,10.0,0.0,10.0,10.0,https://www.agoda.com/api/cronos/property/review/HotelReviews?hotelId=2937&pageSize=50&referer=https%3A%2F%2Fwww.agoda.com%2Fvenetian-resort-hotel-casino%2Fhotel%2Flas-vegas-nv-us.html&providerMode=separate,21,2026-06-07T16:23:33.156739+00:00
HVEGAS001,The Venetian Resort Las Vegas,Las Vegas,United States,booking_via_agoda,agoda,3038.0,Booking.com,24a229bbe96fc0ed,2024-08-16,2024,,,10.0,0.0,10.0,10.0,https://www.agoda.com/api/cronos/property/review/HotelReviews?hotelId=2937&pageSize=50&referer=https%3A%2F%2Fwww.agoda.com%2Fvenetian-resort-hotel-casino%2Fhotel%2Flas-vegas-nv-us.html&providerMode=separate,21,2026-06-07T16:23:33.156739+00:00
HVEGAS001,The Venetian Resort Las Vegas,Las Vegas,United States,booking_via_agoda,agoda,3038.0,Booking.com,d571b9f688791aa6,2024-08-18,2024,,,8.0,0.0,10.0,8.0,https://www.agoda.com/api/cronos/property/review/HotelReviews?hotelId=2937&pageSize=50&referer=https%3A%2F%2Fwww.agoda.com%2Fvenetian-resort-hotel-casino%2Fhotel%2Flas-vegas-nv-us.html&providerMode=separate,21,2026-06-07T16:23:33.156739+00:00
HVEGAS001,The Venetian Resort Las Vegas,Las Vegas,United States,booking_via_agoda,agoda,3038.0,Booking.com,0353394c374fbc8b,2024-08-18,2024,,,10.0,0.0,10.0,10.0,https://www.agoda.com/api/cronos/property/review/HotelReviews?hotelId=2937&pageSize=50&referer=https%3A%2F%2Fwww.agoda.com%2Fvenetian-resort-hotel-casino%2Fhotel%2Flas-vegas-nv-us.html&providerMode=separate,21,2026-06-07T16:23:33.156739+00:00
HVEGAS001,The Venetian Resort Las Vegas,Las Vegas,United States,booking_via_agoda,agoda,3038.0,Booking.com,119e6ffc32aba3da,2024-08-18,2024,,,5.0,0.0,10.0,5.0,https://www.agoda.com/api/cronos/property/review/HotelReviews?hotelId=2937&pageSize=50&referer=https%3A%2F%2Fwww.agoda.com%2Fvenetian-resort-hotel-casino%2Fhotel%2Flas-vegas-nv-us.html&providerMode=separate,21,2026-06-07T16:23:33.156739+00:00
HVEGAS001,The Venetian Resort Las Vegas,Las Vegas,United States,booking_via_agoda,agoda,3038.0,Booking.com,ebd55c6ed3852d59,2024-08-18,2024,,,10.0,0.0,10.0,10.0,https://www.agoda.com/api/cronos/property/review/HotelReviews?hotelId=2937&pageSize=50&referer=https%3A%2F%2Fwww.agoda.com%2Fvenetian-resort-hotel-casino%2Fhotel%2Flas-vegas-nv-us.html&providerMode=separate,21,2026-06-07T16:23:33.156739+00:00
HVEGAS001,The Venetian Resort Las Vegas,Las Vegas,United States,booking_via_agoda,agoda,3038.0,Booking.com,22bf8858d15d4dc7,2024-08-19,2024,,,10.0,0.0,10.0,10.0,https://www.agoda.com/api/cronos/property/review/HotelReviews?hotelId=2937&pageSize=50&referer=https%3A%2F%2Fwww.agoda.com%2Fvenetian-resort-hotel-casino%2Fhotel%2Flas-vegas-nv-us.html&providerMode=separate,21,2026-06-07T16:23:33.156739+00:00
HVEGAS001,The Venetian Resort Las Vegas,Las Vegas,United States,booking_via_agoda,agoda,3038.0,Booking.com,03c4837d8847dbfa,2024-08-20,2024,,,9.0,0.0,10.0,9.0,https://www.agoda.com/api/cronos/property/review/HotelReviews?hotelId=2937&pageSize=50&referer=https%3A%2F%2Fwww.agoda.com%2Fvenetian-resort-hotel-casino%2Fhotel%2Flas-vegas-nv-us.html&providerMode=separate,21,2026-06-07T16:23:33.156739+00:00
HVEGAS001,The Venetian Resort Las Vegas,Las Vegas,United States,booking_via_agoda,agoda,3038.0,Booking.com,4ad36b759f2d613d,2024-08-20,2024,,,1.0,0.0,10.0,1.0,https://www.agoda.com/api/cronos/property/review/HotelReviews?hotelId=2937&pageSize=50&referer=https%3A%2F%2Fwww.agoda.com%2Fvenetian-resort-hotel-casino%2Fhotel%2Flas-vegas-nv-us.html&providerMode=separate,21,2026-06-07T16:23:33.156739+00:00
HVEGAS001,The Venetian Resort Las Vegas,Las Vegas,United States,booking_via_agoda,agoda,3038.0,Booking.com,fb48a9ac1c65c736,2024-08-20,2024,,,10.0,0.0,10.0,10.0,https://www.agoda.com/api/cronos/property/review/HotelReviews?hotelId=2937&pageSize=50&referer=https%3A%2F%2Fwww.agoda.com%2Fvenetian-resort-hotel-casino%2Fhotel%2Flas-vegas-nv-us.html&providerMode=separate,21,2026-06-07T16:23:33.156739+00:00
HVEGAS001,The Venetian Resort Las Vegas,Las Vegas,United States,booking_via_agoda,agoda,3038.0,Booking.com,32e5e725704366be,2024-08-20,2024,,,10.0,0.0,10.0,10.0,https://www.agoda.com/api/cronos/property/review/HotelReviews?hotelId=2937&pageSize=50&referer=https%3A%2F%2Fwww.agoda.com%2Fvenetian-resort-hotel-casino%2Fhotel%2Flas-vegas-nv-us.html&providerMode=separate,21,2026-06-07T16:23:33.156739+00:00
HVEGAS001,The Venetian Resort Las Vegas,Las Vegas,United States,booking_via_agoda,agoda,3038.0,Booking.com,edba430c0236c714,2024-08-20,2024,,,5.0,0.0,10.0,5.0,https://www.agoda.com/api/cronos/property/review/HotelReviews?hotelId=2937&pageSize=50&referer=https%3A%2F%2Fwww.agoda.com%2Fvenetian-resort-hotel-casino%2Fhotel%2Flas-vegas-nv-us.html&providerMode=separate,21,2026-06-07T16:23:33.156739+00:00
HVEGAS001,The Venetian Resort Las Vegas,Las Vegas,United States,booking_via_agoda,agoda,3038.0,Booking.com,d57a1cc74baf2183,2024-08-20,2024,,,7.0,0.0,10.0,7.0,https://www.agoda.com/api/cronos/property/review/HotelReviews?hotelId=2937&pageSize=50&referer=https%3A%2F%2Fwww.agoda.com%2Fvenetian-resort-hotel-casino%2Fhotel%2Flas-vegas-nv-us.html&providerMode=separate,21,2026-06-07T16:23:33.156739+00:00
HVEGAS001,The Venetian Resort Las Vegas,Las Vegas,United States,booking_via_agoda,agoda,3038.0,Booking.com,99a2e912999be987,2024-08-21,2024,,,10.0,0.0,10.0,10.0,https://www.agoda.com/api/cronos/property/review/HotelReviews?hotelId=2937&pageSize=50&referer=https%3A%2F%2Fwww.agoda.com%2Fvenetian-resort-hotel-casino%2Fhotel%2Flas-vegas-nv-us.html&providerMode=separate,21,2026-06-07T16:23:33.156739+00:00
HVEGAS001,The Venetian Resort Las Vegas,Las Vegas,United States,booking_via_agoda,agoda,3038.0,Booking.com,3f0b5a1d23acce76,2024-08-22,2024,,,9.0,0.0,10.0,9.0,https://www.agoda.com/api/cronos/property/review/HotelReviews?hotelId=2937&pageSize=50&referer=https%3A%2F%2Fwww.agoda.com%2Fvenetian-resort-hotel-casino%2Fhotel%2Flas-vegas-nv-us.html&providerMode=separate,20,2026-06-07T16:23:33.156739+00:00
HVEGAS001,The Venetian Resort Las Vegas,Las Vegas,United States,booking_via_agoda,agoda,3038.0,Booking.com,cb23c26e491ce17a,2024-08-22,2024,,,8.0,0.0,10.0,8.0,https://www.agoda.com/api/cronos/property/review/HotelReviews?hotelId=2937&pageSize=50&referer=https%3A%2F%2Fwww.agoda.com%2Fvenetian-resort-hotel-casino%2Fhotel%2Flas-vegas-nv-us.html&providerMode=separate,21,2026-06-07T16:23:33.156739+00:00
HVEGAS001,The Venetian Resort Las Vegas,Las Vegas,United States,booking_via_agoda,agoda,3038.0,Booking.com,4a5c3294180ee4da,2024-08-22,2024,,,10.0,0.0,10.0,10.0,https://www.agoda.com/api/cronos/property/review/HotelReviews?hotelId=2937&pageSize=50&referer=https%3A%2F%2Fwww.agoda.com%2Fvenetian-resort-hotel-casino%2Fhotel%2Flas-vegas-nv-us.html&providerMode=separate,21,2026-06-07T16:23:33.156739+00:00
HVEGAS001,The Venetian Resort Las Vegas,Las Vegas,United States,booking_via_agoda,agoda,3038.0,Booking.com,9339333aa9453ada,2024-08-23,2024,,,10.0,0.0,10.0,10.0,https://www.agoda.com/api/cronos/property/review/HotelReviews?hotelId=2937&pageSize=50&referer=https%3A%2F%2Fwww.agoda.com%2Fvenetian-resort-hotel-casino%2Fhotel%2Flas-vegas-nv-us.html&providerMode=separate,20,2026-06-07T16:23:33.156739+00:00
HVEGAS001,The Venetian Resort Las Vegas,Las Vegas,United States,booking_via_agoda,agoda,3038.0,Booking.com,4cb57f24a03e4db8,2024-08-23,2024,,,7.0,0.0,10.0,7.0,https://www.agoda.com/api/cronos/property/review/HotelReviews?hotelId=2937&pageSize=50&referer=https%3A%2F%2Fwww.agoda.com%2Fvenetian-resort-hotel-casino%2Fhotel%2Flas-vegas-nv-us.html&providerMode=separate,20,2026-06-07T16:23:33.156739+00:00
HVEGAS001,The Venetian Resort Las Vegas,Las Vegas,United States,booking_via_agoda,agoda,3038.0,Booking.com,bf2a6e47a33be67f,2024-08-24,2024,,,8.0,0.0,10.0,8.0,https://www.agoda.com/api/cronos/property/review/HotelReviews?hotelId=2937&pageSize=50&referer=https%3A%2F%2Fwww.agoda.com%2Fvenetian-resort-hotel-casino%2Fhotel%2Flas-vegas-nv-us.html&providerMode=separate,20,2026-06-07T16:23:33.156739+00:00
HVEGAS001,The Venetian Resort Las Vegas,Las Vegas,United States,booking_via_agoda,agoda,3038.0,Booking.com,f582feea75cd8b38,2024-08-24,2024,,,8.0,0.0,10.0,8.0,https://www.agoda.com/api/cronos/property/review/HotelReviews?hotelId=2937&pageSize=50&referer=https%3A%2F%2Fwww.agoda.com%2Fvenetian-resort-hotel-casino%2Fhotel%2Flas-vegas-nv-us.html&providerMode=separate,20,2026-06-07T16:23:33.156739+00:00
HVEGAS001,The Venetian Resort Las Vegas,Las Vegas,United States,booking_via_agoda,agoda,3038.0,Booking.com,7288209716e93b0b,2024-08-25,2024,,,7.0,0.0,10.0,7.0,https://www.agoda.com/api/cronos/property/review/HotelReviews?hotelId=2937&pageSize=50&referer=https%3A%2F%2Fwww.agoda.com%2Fvenetian-resort-hotel-casino%2Fhotel%2Flas-vegas-nv-us.html&providerMode=separate,20,2026-06-07T16:23:33.156739+00:00
HVEGAS001,The Venetian Resort Las Vegas,Las Vegas,United States,booking_via_agoda,agoda,3038.0,Booking.com,088fc6e55b215637,2024-08-25,2024,,,7.0,0.0,10.0,7.0,https://www.agoda.com/api/cronos/property/review/HotelReviews?hotelId=2937&pageSize=50&referer=https%3A%2F%2Fwww.agoda.com%2Fvenetian-resort-hotel-casino%2Fhotel%2Flas-vegas-nv-us.html&providerMode=separate,20,2026-06-07T16:23:33.156739+00:00
HVEGAS001,The Venetian Resort Las Vegas,Las Vegas,United States,booking_via_agoda,agoda,3038.0,Booking.com,a11f5e8b4826ecda,2024-08-26,2024,,,6.0,0.0,10.0,6.0,https://www.agoda.com/api/cronos/property/review/HotelReviews?hotelId=2937&pageSize=50&referer=https%3A%2F%2Fwww.agoda.com%2Fvenetian-resort-hotel-casino%2Fhotel%2Flas-vegas-nv-us.html&providerMode=separate,20,2026-06-07T16:23:33.156739+00:00
HVEGAS001,The Venetian Resort Las Vegas,Las Vegas,United States,booking_via_agoda,agoda,3038.0,Booking.com,6a1787d2f0a9c3ef,2024-08-26,2024,,,10.0,0.0,10.0,10.0,https://www.agoda.com/api/cronos/property/review/HotelReviews?hotelId=2937&pageSize=50&referer=https%3A%2F%2Fwww.agoda.com%2Fvenetian-resort-hotel-casino%2Fhotel%2Flas-vegas-nv-us.html&providerMode=separate,20,2026-06-07T16:23:33.156739+00:00
HVEGAS001,The Venetian Resort Las Vegas,Las Vegas,United States,booking_via_agoda,agoda,3038.0,Booking.com,3a57c0c26daa4c9a,2024-08-26,2024,,,10.0,0.0,10.0,10.0,https://www.agoda.com/api/cronos/property/review/HotelReviews?hotelId=2937&pageSize=50&referer=https%3A%2F%2Fwww.agoda.com%2Fvenetian-resort-hotel-casino%2Fhotel%2Flas-vegas-nv-us.html&providerMode=separate,20,2026-06-07T16:23:33.156739+00:00
HVEGAS001,The Venetian Resort Las Vegas,Las Vegas,United States,booking_via_agoda,agoda,3038.0,Booking.com,5d09375e1913ebc6,2024-08-27,2024,,,10.0,0.0,10.0,10.0,https://www.agoda.com/api/cronos/property/review/HotelReviews?hotelId=2937&pageSize=50&referer=https%3A%2F%2Fwww.agoda.com%2Fvenetian-resort-hotel-casino%2Fhotel%2Flas-vegas-nv-us.html&providerMode=separate,20,2026-06-07T16:23:33.156739+00:00
HVEGAS001,The Venetian Resort Las Vegas,Las Vegas,United States,booking_via_agoda,agoda,3038.0,Booking.com,927e286ad7837274,2024-08-27,2024,,,8.0,0.0,10.0,8.0,https://www.agoda.com/api/cronos/property/review/HotelReviews?hotelId=2937&pageSize=50&referer=https%3A%2F%2Fwww.agoda.com%2Fvenetian-resort-hotel-casino%2Fhotel%2Flas-vegas-nv-us.html&providerMode=separate,20,2026-06-07T16:23:33.156739+00:00
HVEGAS001,The Venetian Resort Las Vegas,Las Vegas,United States,booking_via_agoda,agoda,3038.0,Booking.com,5b57389971316ad4,2024-08-28,2024,,,7.0,0.0,10.0,7.0,https://www.agoda.com/api/cronos/property/review/HotelReviews?hotelId=2937&pageSize=50&referer=https%3A%2F%2Fwww.agoda.com%2Fvenetian-resort-hotel-casino%2Fhotel%2Flas-vegas-nv-us.html&providerMode=separate,20,2026-06-07T16:23:33.156739+00:00
HVEGAS001,The Venetian Resort Las Vegas,Las Vegas,United States,booking_via_agoda,agoda,3038.0,Booking.com,5262d87014cc9b37,2024-08-28,2024,,,2.0,0.0,10.0,2.0,https://www.agoda.com/api/cronos/property/review/HotelReviews?hotelId=2937&pageSize=50&referer=https%3A%2F%2Fwww.agoda.com%2Fvenetian-resort-hotel-casino%2Fhotel%2Flas-vegas-nv-us.html&providerMode=separate,20,2026-06-07T16:23:33.156739+00:00
HVEGAS001,The Venetian Resort Las Vegas,Las Vegas,United States,booking_via_agoda,agoda,3038.0,Booking.com,4e25f3fb4cc12373,2024-08-29,2024,,,10.0,0.0,10.0,10.0,https://www.agoda.com/api/cronos/property/review/HotelReviews?hotelId=2937&pageSize=50&referer=https%3A%2F%2Fwww.agoda.com%2Fvenetian-resort-hotel-casino%2Fhotel%2Flas-vegas-nv-us.html&providerMode=separate,20,2026-06-07T16:23:33.156739+00:00
HVEGAS001,The Venetian Resort Las Vegas,Las Vegas,United States,booking_via_agoda,agoda,3038.0,Booking.com,5e44c130e5a0ef17,2024-08-29,2024,,,7.0,0.0,10.0,7.0,https://www.agoda.com/api/cronos/property/review/HotelReviews?hotelId=2937&pageSize=50&referer=https%3A%2F%2Fwww.agoda.com%2Fvenetian-resort-hotel-casino%2Fhotel%2Flas-vegas-nv-us.html&providerMode=separate,20,2026-06-07T16:23:33.156739+00:00
HVEGAS001,The Venetian Resort Las Vegas,Las Vegas,United States,booking_via_agoda,agoda,3038.0,Booking.com,efcbe0f082e00671,2024-08-30,2024,,,8.0,0.0,10.0,8.0,https://www.agoda.com/api/cronos/property/review/HotelReviews?hotelId=2937&pageSize=50&referer=https%3A%2F%2Fwww.agoda.com%2Fvenetian-resort-hotel-casino%2Fhotel%2Flas-vegas-nv-us.html&providerMode=separate,20,2026-06-07T16:23:33.156739+00:00
HVEGAS001,The Venetian Resort Las Vegas,Las Vegas,United States,booking_via_agoda,agoda,3038.0,Booking.com,40298d9f13c055e9,2024-08-30,2024,,,10.0,0.0,10.0,10.0,https://www.agoda.com/api/cronos/property/review/HotelReviews?hotelId=2937&pageSize=50&referer=https%3A%2F%2Fwww.agoda.com%2Fvenetian-resort-hotel-casino%2Fhotel%2Flas-vegas-nv-us.html&providerMode=separate,20,2026-06-07T16:23:33.156739+00:00
HVEGAS001,The Venetian Resort Las Vegas,Las Vegas,United States,booking_via_agoda,agoda,3038.0,Booking.com,af1bcc8108b870cb,2024-08-30,2024,,,10.0,0.0,10.0,10.0,https://www.agoda.com/api/cronos/property/review/HotelReviews?hotelId=2937&pageSize=50&referer=https%3A%2F%2Fwww.agoda.com%2Fvenetian-resort-hotel-casino%2Fhotel%2Flas-vegas-nv-us.html&providerMode=separate,20,2026-06-07T16:23:33.156739+00:00
HVEGAS001,The Venetian Resort Las Vegas,Las Vegas,United States,booking_via_agoda,agoda,3038.0,Booking.com,d7bd9ffe1fefd884,2024-08-30,2024,,,8.0,0.0,10.0,8.0,https://www.agoda.com/api/cronos/property/review/HotelReviews?hotelId=2937&pageSize=50&referer=https%3A%2F%2Fwww.agoda.com%2Fvenetian-resort-hotel-casino%2Fhotel%2Flas-vegas-nv-us.html&providerMode=separate,20,2026-06-07T16:23:33.156739+00:00
HVEGAS001,The Venetian Resort Las Vegas,Las Vegas,United States,booking_via_agoda,agoda,3038.0,Booking.com,0f53a2824bf8dbec,2024-08-31,2024,,,10.0,0.0,10.0,10.0,https://www.agoda.com/api/cronos/property/review/HotelReviews?hotelId=2937&pageSize=50&referer=https%3A%2F%2Fwww.agoda.com%2Fvenetian-resort-hotel-casino%2Fhotel%2Flas-vegas-nv-us.html&providerMode=separate,20,2026-06-07T16:23:33.156739+00:00
HVEGAS001,The Venetian Resort Las Vegas,Las Vegas,United States,booking_via_agoda,agoda,3038.0,Booking.com,9fb16733a3e49dd7,2024-09-01,2024,,,3.0,0.0,10.0,3.0,https://www.agoda.com/api/cronos/property/review/HotelReviews?hotelId=2937&pageSize=50&referer=https%3A%2F%2Fwww.agoda.com%2Fvenetian-resort-hotel-casino%2Fhotel%2Flas-vegas-nv-us.html&providerMode=separate,20,2026-06-07T16:23:33.156739+00:00
HVEGAS001,The Venetian Resort Las Vegas,Las Vegas,United States,booking_via_agoda,agoda,3038.0,Booking.com,5250e9fc81f0e77c,2024-09-01,2024,,,8.0,0.0,10.0,8.0,https://www.agoda.com/api/cronos/property/review/HotelReviews?hotelId=2937&pageSize=50&referer=https%3A%2F%2Fwww.agoda.com%2Fvenetian-resort-hotel-casino%2Fhotel%2Flas-vegas-nv-us.html&providerMode=separate,20,2026-06-07T16:23:33.156739+00:00
HVEGAS001,The Venetian Resort Las Vegas,Las Vegas,United States,booking_via_agoda,agoda,3038.0,Booking.com,1ad9faba968af660,2024-09-02,2024,,,5.0,0.0,10.0,5.0,https://www.agoda.com/api/cronos/property/review/HotelReviews?hotelId=2937&pageSize=50&referer=https%3A%2F%2Fwww.agoda.com%2Fvenetian-resort-hotel-casino%2Fhotel%2Flas-vegas-nv-us.html&providerMode=separate,20,2026-06-07T16:23:33.156739+00:00
HVEGAS001,The Venetian Resort Las Vegas,Las Vegas,United States,booking_via_agoda,agoda,3038.0,Booking.com,1ea07c2419ff62a3,2024-09-04,2024,,,9.0,0.0,10.0,9.0,https://www.agoda.com/api/cronos/property/review/HotelReviews?hotelId=2937&pageSize=50&referer=https%3A%2F%2Fwww.agoda.com%2Fvenetian-resort-hotel-casino%2Fhotel%2Flas-vegas-nv-us.html&providerMode=separate,20,2026-06-07T16:23:33.156739+00:00
HVEGAS001,The Venetian Resort Las Vegas,Las Vegas,United States,booking_via_agoda,agoda,3038.0,Booking.com,cd0fbb7442989473,2024-09-04,2024,,,10.0,0.0,10.0,10.0,https://www.agoda.com/api/cronos/property/review/HotelReviews?hotelId=2937&pageSize=50&referer=https%3A%2F%2Fwww.agoda.com%2Fvenetian-resort-hotel-casino%2Fhotel%2Flas-vegas-nv-us.html&providerMode=separate,20,2026-06-07T16:23:33.156739+00:00
HVEGAS001,The Venetian Resort Las Vegas,Las Vegas,United States,booking_via_agoda,agoda,3038.0,Booking.com,4026903a5ad9772b,2024-09-05,2024,,,8.0,0.0,10.0,8.0,https://www.agoda.com/api/cronos/property/review/HotelReviews?hotelId=2937&pageSize=50&referer=https%3A%2F%2Fwww.agoda.com%2Fvenetian-resort-hotel-casino%2Fhotel%2Flas-vegas-nv-us.html&providerMode=separate,20,2026-06-07T16:23:33.156739+00:00
HVEGAS001,The Venetian Resort Las Vegas,Las Vegas,United States,booking_via_agoda,agoda,3038.0,Booking.com,30e9780ff7c4b296,2024-09-06,2024,,,5.0,0.0,10.0,5.0,https://www.agoda.com/api/cronos/property/review/HotelReviews?hotelId=2937&pageSize=50&referer=https%3A%2F%2Fwww.agoda.com%2Fvenetian-resort-hotel-casino%2Fhotel%2Flas-vegas-nv-us.html&providerMode=separate,20,2026-06-07T16:23:33.156739+00:00
HVEGAS001,The Venetian Resort Las Vegas,Las Vegas,United States,booking_via_agoda,agoda,3038.0,Booking.com,7fd45571a403e2ae,2024-09-06,2024,,,8.0,0.0,10.0,8.0,https://www.agoda.com/api/cronos/property/review/HotelReviews?hotelId=2937&pageSize=50&referer=https%3A%2F%2Fwww.agoda.com%2Fvenetian-resort-hotel-casino%2Fhotel%2Flas-vegas-nv-us.html&providerMode=separate,20,2026-06-07T16:23:33.156739+00:00
HVEGAS001,The Venetian Resort Las Vegas,Las Vegas,United States,booking_via_agoda,agoda,3038.0,Booking.com,d52f9ef84b423fb3,2024-09-06,2024,,,10.0,0.0,10.0,10.0,https://www.agoda.com/api/cronos/property/review/HotelReviews?hotelId=2937&pageSize=50&referer=https%3A%2F%2Fwww.agoda.com%2Fvenetian-resort-hotel-casino%2Fhotel%2Flas-vegas-nv-us.html&providerMode=separate,20,2026-06-07T16:23:33.156739+00:00
HVEGAS001,The Venetian Resort Las Vegas,Las Vegas,United States,booking_via_agoda,agoda,3038.0,Booking.com,745d1685f572f3c7,2024-09-07,2024,,,9.0,0.0,10.0,9.0,https://www.agoda.com/api/cronos/property/review/HotelReviews?hotelId=2937&pageSize=50&referer=https%3A%2F%2Fwww.agoda.com%2Fvenetian-resort-hotel-casino%2Fhotel%2Flas-vegas-nv-us.html&providerMode=separate,20,2026-06-07T16:23:33.156739+00:00
HVEGAS001,The Venetian Resort Las Vegas,Las Vegas,United States,booking_via_agoda,agoda,3038.0,Booking.com,c38683160827e340,2024-09-08,2024,,,10.0,0.0,10.0,10.0,https://www.agoda.com/api/cronos/property/review/HotelReviews?hotelId=2937&pageSize=50&referer=https%3A%2F%2Fwww.agoda.com%2Fvenetian-resort-hotel-casino%2Fhotel%2Flas-vegas-nv-us.html&providerMode=separate,20,2026-06-07T16:23:33.156739+00:00
HVEGAS001,The Venetian Resort Las Vegas,Las Vegas,United States,booking_via_agoda,agoda,3038.0,Booking.com,4365f3cd43c08441,2024-09-08,2024,,,10.0,0.0,10.0,10.0,https://www.agoda.com/api/cronos/property/review/HotelReviews?hotelId=2937&pageSize=50&referer=https%3A%2F%2Fwww.agoda.com%2Fvenetian-resort-hotel-casino%2Fhotel%2Flas-vegas-nv-us.html&providerMode=separate,20,2026-06-07T16:23:33.156739+00:00
HVEGAS001,The Venetian Resort Las Vegas,Las Vegas,United States,booking_via_agoda,agoda,3038.0,Booking.com,19ab5cfd2a1b8b41,2024-09-08,2024,,,3.0,0.0,10.0,3.0,https://www.agoda.com/api/cronos/property/review/HotelReviews?hotelId=2937&pageSize=50&referer=https%3A%2F%2Fwww.agoda.com%2Fvenetian-resort-hotel-casino%2Fhotel%2Flas-vegas-nv-us.html&providerMode=separate,20,2026-06-07T16:23:33.156739+00:00
HVEGAS001,The Venetian Resort Las Vegas,Las Vegas,United States,booking_via_agoda,agoda,3038.0,Booking.com,fde241369457b1c4,2024-09-09,2024,,,10.0,0.0,10.0,10.0,https://www.agoda.com/api/cronos/property/review/HotelReviews?hotelId=2937&pageSize=50&referer=https%3A%2F%2Fwww.agoda.com%2Fvenetian-resort-hotel-casino%2Fhotel%2Flas-vegas-nv-us.html&providerMode=separate,20,2026-06-07T16:23:33.156739+00:00
HVEGAS001,The Venetian Resort Las Vegas,Las Vegas,United States,booking_via_agoda,agoda,3038.0,Booking.com,854a194af34df55a,2024-09-09,2024,,,8.0,0.0,10.0,8.0,https://www.agoda.com/api/cronos/property/review/HotelReviews?hotelId=2937&pageSize=50&referer=https%3A%2F%2Fwww.agoda.com%2Fvenetian-resort-hotel-casino%2Fhotel%2Flas-vegas-nv-us.html&providerMode=separate,20,2026-06-07T16:23:33.156739+00:00
HVEGAS001,The Venetian Resort Las Vegas,Las Vegas,United States,booking_via_agoda,agoda,3038.0,Booking.com,578953623c289348,2024-09-10,2024,,,8.0,0.0,10.0,8.0,https://www.agoda.com/api/cronos/property/review/HotelReviews?hotelId=2937&pageSize=50&referer=https%3A%2F%2Fwww.agoda.com%2Fvenetian-resort-hotel-casino%2Fhotel%2Flas-vegas-nv-us.html&providerMode=separate,20,2026-06-07T16:23:33.156739+00:00
HVEGAS001,The Venetian Resort Las Vegas,Las Vegas,United States,booking_via_agoda,agoda,3038.0,Booking.com,a895ce15588dfde0,2024-09-10,2024,,,3.0,0.0,10.0,3.0,https://www.agoda.com/api/cronos/property/review/HotelReviews?hotelId=2937&pageSize=50&referer=https%3A%2F%2Fwww.agoda.com%2Fvenetian-resort-hotel-casino%2Fhotel%2Flas-vegas-nv-us.html&providerMode=separate,20,2026-06-07T16:23:33.156739+00:00
HVEGAS001,The Venetian Resort Las Vegas,Las Vegas,United States,booking_via_agoda,agoda,3038.0,Booking.com,9d0ae1bfcad8fcf2,2024-09-10,2024,,,5.0,0.0,10.0,5.0,https://www.agoda.com/api/cronos/property/review/HotelReviews?hotelId=2937&pageSize=50&referer=https%3A%2F%2Fwww.agoda.com%2Fvenetian-resort-hotel-casino%2Fhotel%2Flas-vegas-nv-us.html&providerMode=separate,20,2026-06-07T16:23:33.156739+00:00
HVEGAS001,The Venetian Resort Las Vegas,Las Vegas,United States,booking_via_agoda,agoda,3038.0,Booking.com,42960060c48ba449,2024-09-12,2024,,,10.0,0.0,10.0,10.0,https://www.agoda.com/api/cronos/property/review/HotelReviews?hotelId=2937&pageSize=50&referer=https%3A%2F%2Fwww.agoda.com%2Fvenetian-resort-hotel-casino%2Fhotel%2Flas-vegas-nv-us.html&providerMode=separate,20,2026-06-07T16:23:33.156739+00:00
HVEGAS001,The Venetian Resort Las Vegas,Las Vegas,United States,booking_via_agoda,agoda,3038.0,Booking.com,085a7d5e866ee639,2024-09-12,2024,,,10.0,0.0,10.0,10.0,https://www.agoda.com/api/cronos/property/review/HotelReviews?hotelId=2937&pageSize=50&referer=https%3A%2F%2Fwww.agoda.com%2Fvenetian-resort-hotel-casino%2Fhotel%2Flas-vegas-nv-us.html&providerMode=separate,20,2026-06-07T16:23:33.156739+00:00
HVEGAS001,The Venetian Resort Las Vegas,Las Vegas,United States,booking_via_agoda,agoda,3038.0,Booking.com,4cdac2354ab3a5d6,2024-09-13,2024,,,10.0,0.0,10.0,10.0,https://www.agoda.com/api/cronos/property/review/HotelReviews?hotelId=2937&pageSize=50&referer=https%3A%2F%2Fwww.agoda.com%2Fvenetian-resort-hotel-casino%2Fhotel%2Flas-vegas-nv-us.html&providerMode=separate,20,2026-06-07T16:23:33.156739+00:00
HVEGAS001,The Venetian Resort Las Vegas,Las Vegas,United States,booking_via_agoda,agoda,3038.0,Booking.com,84fd225da59a5548,2024-09-14,2024,,,5.0,0.0,10.0,5.0,https://www.agoda.com/api/cronos/property/review/HotelReviews?hotelId=2937&pageSize=50&referer=https%3A%2F%2Fwww.agoda.com%2Fvenetian-resort-hotel-casino%2Fhotel%2Flas-vegas-nv-us.html&providerMode=separate,20,2026-06-07T16:23:33.156739+00:00
HVEGAS001,The Venetian Resort Las Vegas,Las Vegas,United States,booking_via_agoda,agoda,3038.0,Booking.com,bc66b2e5c0392dbf,2024-09-14,2024,,,5.0,0.0,10.0,5.0,https://www.agoda.com/api/cronos/property/review/HotelReviews?hotelId=2937&pageSize=50&referer=https%3A%2F%2Fwww.agoda.com%2Fvenetian-resort-hotel-casino%2Fhotel%2Flas-vegas-nv-us.html&providerMode=separate,20,2026-06-07T16:23:33.156739+00:00
HVEGAS001,The Venetian Resort Las Vegas,Las Vegas,United States,booking_via_agoda,agoda,3038.0,Booking.com,e34699ccb38f8f6d,2024-09-16,2024,,,9.0,0.0,10.0,9.0,https://www.agoda.com/api/cronos/property/review/HotelReviews?hotelId=2937&pageSize=50&referer=https%3A%2F%2Fwww.agoda.com%2Fvenetian-resort-hotel-casino%2Fhotel%2Flas-vegas-nv-us.html&providerMode=separate,20,2026-06-07T16:23:33.156739+00:00
HVEGAS001,The Venetian Resort Las Vegas,Las Vegas,United States,booking_via_agoda,agoda,3038.0,Booking.com,0e73c8d41af0f273,2024-09-17,2024,,,10.0,0.0,10.0,10.0,https://www.agoda.com/api/cronos/property/review/HotelReviews?hotelId=2937&pageSize=50&referer=https%3A%2F%2Fwww.agoda.com%2Fvenetian-resort-hotel-casino%2Fhotel%2Flas-vegas-nv-us.html&providerMode=separate,20,2026-06-07T16:23:33.156739+00:00
HVEGAS001,The Venetian Resort Las Vegas,Las Vegas,United States,booking_via_agoda,agoda,3038.0,Booking.com,2be13dbee98d789e,2024-09-18,2024,,,10.0,0.0,10.0,10.0,https://www.agoda.com/api/cronos/property/review/HotelReviews?hotelId=2937&pageSize=50&referer=https%3A%2F%2Fwww.agoda.com%2Fvenetian-resort-hotel-casino%2Fhotel%2Flas-vegas-nv-us.html&providerMode=separate,20,2026-06-07T16:23:33.156739+00:00
HVEGAS001,The Venetian Resort Las Vegas,Las Vegas,United States,booking_via_agoda,agoda,3038.0,Booking.com,878fba31b878e434,2024-09-18,2024,,,2.0,0.0,10.0,2.0,https://www.agoda.com/api/cronos/property/review/HotelReviews?hotelId=2937&pageSize=50&referer=https%3A%2F%2Fwww.agoda.com%2Fvenetian-resort-hotel-casino%2Fhotel%2Flas-vegas-nv-us.html&providerMode=separate,20,2026-06-07T16:23:33.156739+00:00
HVEGAS001,The Venetian Resort Las Vegas,Las Vegas,United States,booking_via_agoda,agoda,3038.0,Booking.com,51498922b19eb39d,2024-09-20,2024,,,10.0,0.0,10.0,10.0,https://www.agoda.com/api/cronos/property/review/HotelReviews?hotelId=2937&pageSize=50&referer=https%3A%2F%2Fwww.agoda.com%2Fvenetian-resort-hotel-casino%2Fhotel%2Flas-vegas-nv-us.html&providerMode=separate,20,2026-06-07T16:23:33.156739+00:00
HVEGAS001,The Venetian Resort Las Vegas,Las Vegas,United States,booking_via_agoda,agoda,3038.0,Booking.com,8c1503a9a0266e8f,2024-09-21,2024,,,9.0,0.0,10.0,9.0,https://www.agoda.com/api/cronos/property/review/HotelReviews?hotelId=2937&pageSize=50&referer=https%3A%2F%2Fwww.agoda.com%2Fvenetian-resort-hotel-casino%2Fhotel%2Flas-vegas-nv-us.html&providerMode=separate,20,2026-06-07T16:23:33.156739+00:00
HVEGAS001,The Venetian Resort Las Vegas,Las Vegas,United States,booking_via_agoda,agoda,3038.0,Booking.com,7d4a2d296fc617d7,2024-09-24,2024,,,10.0,0.0,10.0,10.0,https://www.agoda.com/api/cronos/property/review/HotelReviews?hotelId=2937&pageSize=50&referer=https%3A%2F%2Fwww.agoda.com%2Fvenetian-resort-hotel-casino%2Fhotel%2Flas-vegas-nv-us.html&providerMode=separate,19,2026-06-07T16:23:33.156739+00:00
HVEGAS001,The Venetian Resort Las Vegas,Las Vegas,United States,booking_via_agoda,agoda,3038.0,Booking.com,78c73c6aad9a54b1,2024-09-26,2024,,,2.0,0.0,10.0,2.0,https://www.agoda.com/api/cronos/property/review/HotelReviews?hotelId=2937&pageSize=50&referer=https%3A%2F%2Fwww.agoda.com%2Fvenetian-resort-hotel-casino%2Fhotel%2Flas-vegas-nv-us.html&providerMode=separate,19,2026-06-07T16:23:33.156739+00:00
HVEGAS001,The Venetian Resort Las Vegas,Las Vegas,United States,booking_via_agoda,agoda,3038.0,Booking.com,c71ff96dc0549f34,2024-09-27,2024,,,9.0,0.0,10.0,9.0,https://www.agoda.com/api/cronos/property/review/HotelReviews?hotelId=2937&pageSize=50&referer=https%3A%2F%2Fwww.agoda.com%2Fvenetian-resort-hotel-casino%2Fhotel%2Flas-vegas-nv-us.html&providerMode=separate,19,2026-06-07T16:23:33.156739+00:00
HVEGAS001,The Venetian Resort Las Vegas,Las Vegas,United States,booking_via_agoda,agoda,3038.0,Booking.com,1d02beaf97ec76e4,2024-09-27,2024,,,9.0,0.0,10.0,9.0,https://www.agoda.com/api/cronos/property/review/HotelReviews?hotelId=2937&pageSize=50&referer=https%3A%2F%2Fwww.agoda.com%2Fvenetian-resort-hotel-casino%2Fhotel%2Flas-vegas-nv-us.html&providerMode=separate,19,2026-06-07T16:23:33.156739+00:00
HVEGAS001,The Venetian Resort Las Vegas,Las Vegas,United States,booking_via_agoda,agoda,3038.0,Booking.com,6e07fd88082ebde9,2024-09-27,2024,,,1.0,0.0,10.0,1.0,https://www.agoda.com/api/cronos/property/review/HotelReviews?hotelId=2937&pageSize=50&referer=https%3A%2F%2Fwww.agoda.com%2Fvenetian-resort-hotel-casino%2Fhotel%2Flas-vegas-nv-us.html&providerMode=separate,19,2026-06-07T16:23:33.156739+00:00
HVEGAS001,The Venetian Resort Las Vegas,Las Vegas,United States,booking_via_agoda,agoda,3038.0,Booking.com,af5e110acb0d5069,2024-09-27,2024,,,10.0,0.0,10.0,10.0,https://www.agoda.com/api/cronos/property/review/HotelReviews?hotelId=2937&pageSize=50&referer=https%3A%2F%2Fwww.agoda.com%2Fvenetian-resort-hotel-casino%2Fhotel%2Flas-vegas-nv-us.html&providerMode=separate,19,2026-06-07T16:23:33.156739+00:00
HVEGAS001,The Venetian Resort Las Vegas,Las Vegas,United States,booking_via_agoda,agoda,3038.0,Booking.com,3170cb62aa894647,2024-09-27,2024,,,10.0,0.0,10.0,10.0,https://www.agoda.com/api/cronos/property/review/HotelReviews?hotelId=2937&pageSize=50&referer=https%3A%2F%2Fwww.agoda.com%2Fvenetian-resort-hotel-casino%2Fhotel%2Flas-vegas-nv-us.html&providerMode=separate,19,2026-06-07T16:23:33.156739+00:00
HVEGAS001,The Venetian Resort Las Vegas,Las Vegas,United States,booking_via_agoda,agoda,3038.0,Booking.com,da005bf9f2146431,2024-09-28,2024,,,7.0,0.0,10.0,7.0,https://www.agoda.com/api/cronos/property/review/HotelReviews?hotelId=2937&pageSize=50&referer=https%3A%2F%2Fwww.agoda.com%2Fvenetian-resort-hotel-casino%2Fhotel%2Flas-vegas-nv-us.html&providerMode=separate,19,2026-06-07T16:23:33.156739+00:00
HVEGAS001,The Venetian Resort Las Vegas,Las Vegas,United States,booking_via_agoda,agoda,3038.0,Booking.com,445e544f960946d4,2024-09-29,2024,,,10.0,0.0,10.0,10.0,https://www.agoda.com/api/cronos/property/review/HotelReviews?hotelId=2937&pageSize=50&referer=https%3A%2F%2Fwww.agoda.com%2Fvenetian-resort-hotel-casino%2Fhotel%2Flas-vegas-nv-us.html&providerMode=separate,19,2026-06-07T16:23:33.156739+00:00
HVEGAS001,The Venetian Resort Las Vegas,Las Vegas,United States,booking_via_agoda,agoda,3038.0,Booking.com,b8952e85e1aef9a4,2024-10-02,2024,,,10.0,0.0,10.0,10.0,https://www.agoda.com/api/cronos/property/review/HotelReviews?hotelId=2937&pageSize=50&referer=https%3A%2F%2Fwww.agoda.com%2Fvenetian-resort-hotel-casino%2Fhotel%2Flas-vegas-nv-us.html&providerMode=separate,19,2026-06-07T16:23:33.156739+00:00
HVEGAS001,The Venetian Resort Las Vegas,Las Vegas,United States,booking_via_agoda,agoda,3038.0,Booking.com,a46fb0da03ea8c10,2024-10-04,2024,,,7.0,0.0,10.0,7.0,https://www.agoda.com/api/cronos/property/review/HotelReviews?hotelId=2937&pageSize=50&referer=https%3A%2F%2Fwww.agoda.com%2Fvenetian-resort-hotel-casino%2Fhotel%2Flas-vegas-nv-us.html&providerMode=separate,19,2026-06-07T16:23:33.156739+00:00
HVEGAS001,The Venetian Resort Las Vegas,Las Vegas,United States,booking_via_agoda,agoda,3038.0,Booking.com,4f339aa8532a9b8b,2024-10-04,2024,,,8.0,0.0,10.0,8.0,https://www.agoda.com/api/cronos/property/review/HotelReviews?hotelId=2937&pageSize=50&referer=https%3A%2F%2Fwww.agoda.com%2Fvenetian-resort-hotel-casino%2Fhotel%2Flas-vegas-nv-us.html&providerMode=separate,19,2026-06-07T16:23:33.156739+00:00
HVEGAS001,The Venetian Resort Las Vegas,Las Vegas,United States,booking_via_agoda,agoda,3038.0,Booking.com,c57cf168975914ae,2024-10-04,2024,,,8.0,0.0,10.0,8.0,https://www.agoda.com/api/cronos/property/review/HotelReviews?hotelId=2937&pageSize=50&referer=https%3A%2F%2Fwww.agoda.com%2Fvenetian-resort-hotel-casino%2Fhotel%2Flas-vegas-nv-us.html&providerMode=separate,19,2026-06-07T16:23:33.156739+00:00
HVEGAS001,The Venetian Resort Las Vegas,Las Vegas,United States,booking_via_agoda,agoda,3038.0,Booking.com,1d796d02e3ea2934,2024-10-04,2024,,,8.0,0.0,10.0,8.0,https://www.agoda.com/api/cronos/property/review/HotelReviews?hotelId=2937&pageSize=50&referer=https%3A%2F%2Fwww.agoda.com%2Fvenetian-resort-hotel-casino%2Fhotel%2Flas-vegas-nv-us.html&providerMode=separate,19,2026-06-07T16:23:33.156739+00:00
HVEGAS001,The Venetian Resort Las Vegas,Las Vegas,United States,booking_via_agoda,agoda,3038.0,Booking.com,6022553d6be3d507,2024-10-05,2024,,,8.0,0.0,10.0,8.0,https://www.agoda.com/api/cronos/property/review/HotelReviews?hotelId=2937&pageSize=50&referer=https%3A%2F%2Fwww.agoda.com%2Fvenetian-resort-hotel-casino%2Fhotel%2Flas-vegas-nv-us.html&providerMode=separate,19,2026-06-07T16:23:33.156739+00:00
HVEGAS001,The Venetian Resort Las Vegas,Las Vegas,United States,booking_via_agoda,agoda,3038.0,Booking.com,f069d1f0c706f790,2024-10-05,2024,,,10.0,0.0,10.0,10.0,https://www.agoda.com/api/cronos/property/review/HotelReviews?hotelId=2937&pageSize=50&referer=https%3A%2F%2Fwww.agoda.com%2Fvenetian-resort-hotel-casino%2Fhotel%2Flas-vegas-nv-us.html&providerMode=separate,19,2026-06-07T16:23:33.156739+00:00
HVEGAS001,The Venetian Resort Las Vegas,Las Vegas,United States,booking_via_agoda,agoda,3038.0,Booking.com,0b334a5652270aa8,2024-10-06,2024,,,3.0,0.0,10.0,3.0,https://www.agoda.com/api/cronos/property/review/HotelReviews?hotelId=2937&pageSize=50&referer=https%3A%2F%2Fwww.agoda.com%2Fvenetian-resort-hotel-casino%2Fhotel%2Flas-vegas-nv-us.html&providerMode=separate,19,2026-06-07T16:23:33.156739+00:00
HVEGAS001,The Venetian Resort Las Vegas,Las Vegas,United States,booking_via_agoda,agoda,3038.0,Booking.com,18113c4a23cdffcf,2024-10-06,2024,,,10.0,0.0,10.0,10.0,https://www.agoda.com/api/cronos/property/review/HotelReviews?hotelId=2937&pageSize=50&referer=https%3A%2F%2Fwww.agoda.com%2Fvenetian-resort-hotel-casino%2Fhotel%2Flas-vegas-nv-us.html&providerMode=separate,19,2026-06-07T16:23:33.156739+00:00
HVEGAS001,The Venetian Resort Las Vegas,Las Vegas,United States,booking_via_agoda,agoda,3038.0,Booking.com,992843c2688691b1,2024-10-06,2024,,,4.0,0.0,10.0,4.0,https://www.agoda.com/api/cronos/property/review/HotelReviews?hotelId=2937&pageSize=50&referer=https%3A%2F%2Fwww.agoda.com%2Fvenetian-resort-hotel-casino%2Fhotel%2Flas-vegas-nv-us.html&providerMode=separate,19,2026-06-07T16:23:33.156739+00:00
HVEGAS001,The Venetian Resort Las Vegas,Las Vegas,United States,booking_via_agoda,agoda,3038.0,Booking.com,e24c1c403d29b0c2,2024-10-07,2024,,,5.0,0.0,10.0,5.0,https://www.agoda.com/api/cronos/property/review/HotelReviews?hotelId=2937&pageSize=50&referer=https%3A%2F%2Fwww.agoda.com%2Fvenetian-resort-hotel-casino%2Fhotel%2Flas-vegas-nv-us.html&providerMode=separate,19,2026-06-07T16:23:33.156739+00:00
HVEGAS001,The Venetian Resort Las Vegas,Las Vegas,United States,booking_via_agoda,agoda,3038.0,Booking.com,0cbc6595ea460406,2024-10-08,2024,,,10.0,0.0,10.0,10.0,https://www.agoda.com/api/cronos/property/review/HotelReviews?hotelId=2937&pageSize=50&referer=https%3A%2F%2Fwww.agoda.com%2Fvenetian-resort-hotel-casino%2Fhotel%2Flas-vegas-nv-us.html&providerMode=separate,19,2026-06-07T16:23:33.156739+00:00
HVEGAS001,The Venetian Resort Las Vegas,Las Vegas,United States,booking_via_agoda,agoda,3038.0,Booking.com,f839e7acab2d6a75,2024-10-08,2024,,,9.0,0.0,10.0,9.0,https://www.agoda.com/api/cronos/property/review/HotelReviews?hotelId=2937&pageSize=50&referer=https%3A%2F%2Fwww.agoda.com%2Fvenetian-resort-hotel-casino%2Fhotel%2Flas-vegas-nv-us.html&providerMode=separate,19,2026-06-07T16:23:33.156739+00:00
HVEGAS001,The Venetian Resort Las Vegas,Las Vegas,United States,booking_via_agoda,agoda,3038.0,Booking.com,d4973a3e3df84588,2024-10-08,2024,,,5.0,0.0,10.0,5.0,https://www.agoda.com/api/cronos/property/review/HotelReviews?hotelId=2937&pageSize=50&referer=https%3A%2F%2Fwww.agoda.com%2Fvenetian-resort-hotel-casino%2Fhotel%2Flas-vegas-nv-us.html&providerMode=separate,19,2026-06-07T16:23:33.156739+00:00
HVEGAS001,The Venetian Resort Las Vegas,Las Vegas,United States,booking_via_agoda,agoda,3038.0,Booking.com,339f2f7a803c274f,2024-10-08,2024,,,6.0,0.0,10.0,6.0,https://www.agoda.com/api/cronos/property/review/HotelReviews?hotelId=2937&pageSize=50&referer=https%3A%2F%2Fwww.agoda.com%2Fvenetian-resort-hotel-casino%2Fhotel%2Flas-vegas-nv-us.html&providerMode=separate,19,2026-06-07T16:23:33.156739+00:00
HVEGAS001,The Venetian Resort Las Vegas,Las Vegas,United States,booking_via_agoda,agoda,3038.0,Booking.com,c3682936f7a9e624,2024-10-08,2024,,,8.0,0.0,10.0,8.0,https://www.agoda.com/api/cronos/property/review/HotelReviews?hotelId=2937&pageSize=50&referer=https%3A%2F%2Fwww.agoda.com%2Fvenetian-resort-hotel-casino%2Fhotel%2Flas-vegas-nv-us.html&providerMode=separate,19,2026-06-07T16:23:33.156739+00:00
HVEGAS001,The Venetian Resort Las Vegas,Las Vegas,United States,booking_via_agoda,agoda,3038.0,Booking.com,59902efe4e54cff3,2024-10-09,2024,,,9.0,0.0,10.0,9.0,https://www.agoda.com/api/cronos/property/review/HotelReviews?hotelId=2937&pageSize=50&referer=https%3A%2F%2Fwww.agoda.com%2Fvenetian-resort-hotel-casino%2Fhotel%2Flas-vegas-nv-us.html&providerMode=separate,19,2026-06-07T16:23:33.156739+00:00
HVEGAS001,The Venetian Resort Las Vegas,Las Vegas,United States,booking_via_agoda,agoda,3038.0,Booking.com,7f7717d57d513895,2024-10-09,2024,,,6.0,0.0,10.0,6.0,https://www.agoda.com/api/cronos/property/review/HotelReviews?hotelId=2937&pageSize=50&referer=https%3A%2F%2Fwww.agoda.com%2Fvenetian-resort-hotel-casino%2Fhotel%2Flas-vegas-nv-us.html&providerMode=separate,19,2026-06-07T16:23:33.156739+00:00
HVEGAS001,The Venetian Resort Las Vegas,Las Vegas,United States,booking_via_agoda,agoda,3038.0,Booking.com,ff281d6a7525ae8e,2024-10-11,2024,,,10.0,0.0,10.0,10.0,https://www.agoda.com/api/cronos/property/review/HotelReviews?hotelId=2937&pageSize=50&referer=https%3A%2F%2Fwww.agoda.com%2Fvenetian-resort-hotel-casino%2Fhotel%2Flas-vegas-nv-us.html&providerMode=separate,19,2026-06-07T16:23:33.156739+00:00
HVEGAS001,The Venetian Resort Las Vegas,Las Vegas,United States,booking_via_agoda,agoda,3038.0,Booking.com,740b3e91bf76f0ca,2024-10-11,2024,,,10.0,0.0,10.0,10.0,https://www.agoda.com/api/cronos/property/review/HotelReviews?hotelId=2937&pageSize=50&referer=https%3A%2F%2Fwww.agoda.com%2Fvenetian-resort-hotel-casino%2Fhotel%2Flas-vegas-nv-us.html&providerMode=separate,19,2026-06-07T16:23:33.156739+00:00
HVEGAS001,The Venetian Resort Las Vegas,Las Vegas,United States,booking_via_agoda,agoda,3038.0,Booking.com,4482db456ea632d5,2024-10-11,2024,,,10.0,0.0,10.0,10.0,https://www.agoda.com/api/cronos/property/review/HotelReviews?hotelId=2937&pageSize=50&referer=https%3A%2F%2Fwww.agoda.com%2Fvenetian-resort-hotel-casino%2Fhotel%2Flas-vegas-nv-us.html&providerMode=separate,19,2026-06-07T16:23:33.156739+00:00
HVEGAS001,The Venetian Resort Las Vegas,Las Vegas,United States,booking_via_agoda,agoda,3038.0,Booking.com,ca0d8905d7490f9e,2024-10-12,2024,,,10.0,0.0,10.0,10.0,https://www.agoda.com/api/cronos/property/review/HotelReviews?hotelId=2937&pageSize=50&referer=https%3A%2F%2Fwww.agoda.com%2Fvenetian-resort-hotel-casino%2Fhotel%2Flas-vegas-nv-us.html&providerMode=separate,19,2026-06-07T16:23:33.156739+00:00
HVEGAS001,The Venetian Resort Las Vegas,Las Vegas,United States,booking_via_agoda,agoda,3038.0,Booking.com,487f2baffafb5ac9,2024-10-13,2024,,,4.0,0.0,10.0,4.0,https://www.agoda.com/api/cronos/property/review/HotelReviews?hotelId=2937&pageSize=50&referer=https%3A%2F%2Fwww.agoda.com%2Fvenetian-resort-hotel-casino%2Fhotel%2Flas-vegas-nv-us.html&providerMode=separate,19,2026-06-07T16:23:33.156739+00:00
HVEGAS001,The Venetian Resort Las Vegas,Las Vegas,United States,booking_via_agoda,agoda,3038.0,Booking.com,15a471fe73117f52,2024-10-13,2024,,,10.0,0.0,10.0,10.0,https://www.agoda.com/api/cronos/property/review/HotelReviews?hotelId=2937&pageSize=50&referer=https%3A%2F%2Fwww.agoda.com%2Fvenetian-resort-hotel-casino%2Fhotel%2Flas-vegas-nv-us.html&providerMode=separate,19,2026-06-07T16:23:33.156739+00:00
HVEGAS001,The Venetian Resort Las Vegas,Las Vegas,United States,booking_via_agoda,agoda,3038.0,Booking.com,4d6978e928740f14,2024-10-14,2024,,,10.0,0.0,10.0,10.0,https://www.agoda.com/api/cronos/property/review/HotelReviews?hotelId=2937&pageSize=50&referer=https%3A%2F%2Fwww.agoda.com%2Fvenetian-resort-hotel-casino%2Fhotel%2Flas-vegas-nv-us.html&providerMode=separate,19,2026-06-07T16:23:33.156739+00:00
HVEGAS001,The Venetian Resort Las Vegas,Las Vegas,United States,booking_via_agoda,agoda,3038.0,Booking.com,5bac4385592f15dd,2024-10-16,2024,,,9.0,0.0,10.0,9.0,https://www.agoda.com/api/cronos/property/review/HotelReviews?hotelId=2937&pageSize=50&referer=https%3A%2F%2Fwww.agoda.com%2Fvenetian-resort-hotel-casino%2Fhotel%2Flas-vegas-nv-us.html&providerMode=separate,19,2026-06-07T16:23:33.156739+00:00
HVEGAS001,The Venetian Resort Las Vegas,Las Vegas,United States,booking_via_agoda,agoda,3038.0,Booking.com,4e40d95a09e4af12,2024-10-16,2024,,,10.0,0.0,10.0,10.0,https://www.agoda.com/api/cronos/property/review/HotelReviews?hotelId=2937&pageSize=50&referer=https%3A%2F%2Fwww.agoda.com%2Fvenetian-resort-hotel-casino%2Fhotel%2Flas-vegas-nv-us.html&providerMode=separate,19,2026-06-07T16:23:33.156739+00:00
HVEGAS001,The Venetian Resort Las Vegas,Las Vegas,United States,booking_via_agoda,agoda,3038.0,Booking.com,ff2264aa5b9bb245,2024-10-16,2024,,,10.0,0.0,10.0,10.0,https://www.agoda.com/api/cronos/property/review/HotelReviews?hotelId=2937&pageSize=50&referer=https%3A%2F%2Fwww.agoda.com%2Fvenetian-resort-hotel-casino%2Fhotel%2Flas-vegas-nv-us.html&providerMode=separate,19,2026-06-07T16:23:33.156739+00:00
HVEGAS001,The Venetian Resort Las Vegas,Las Vegas,United States,booking_via_agoda,agoda,3038.0,Booking.com,f1a980a21d79447d,2024-10-17,2024,,,10.0,0.0,10.0,10.0,https://www.agoda.com/api/cronos/property/review/HotelReviews?hotelId=2937&pageSize=50&referer=https%3A%2F%2Fwww.agoda.com%2Fvenetian-resort-hotel-casino%2Fhotel%2Flas-vegas-nv-us.html&providerMode=separate,19,2026-06-07T16:23:33.156739+00:00
HVEGAS001,The Venetian Resort Las Vegas,Las Vegas,United States,booking_via_agoda,agoda,3038.0,Booking.com,25b54a875c2e64b1,2024-10-18,2024,,,10.0,0.0,10.0,10.0,https://www.agoda.com/api/cronos/property/review/HotelReviews?hotelId=2937&pageSize=50&referer=https%3A%2F%2Fwww.agoda.com%2Fvenetian-resort-hotel-casino%2Fhotel%2Flas-vegas-nv-us.html&providerMode=separate,19,2026-06-07T16:23:33.156739+00:00
HVEGAS001,The Venetian Resort Las Vegas,Las Vegas,United States,booking_via_agoda,agoda,3038.0,Booking.com,6e1231c0c29afadb,2024-10-19,2024,,,10.0,0.0,10.0,10.0,https://www.agoda.com/api/cronos/property/review/HotelReviews?hotelId=2937&pageSize=50&referer=https%3A%2F%2Fwww.agoda.com%2Fvenetian-resort-hotel-casino%2Fhotel%2Flas-vegas-nv-us.html&providerMode=separate,19,2026-06-07T16:23:33.156739+00:00
HVEGAS001,The Venetian Resort Las Vegas,Las Vegas,United States,booking_via_agoda,agoda,3038.0,Booking.com,02efcbf03cc1cbee,2024-10-19,2024,,,10.0,0.0,10.0,10.0,https://www.agoda.com/api/cronos/property/review/HotelReviews?hotelId=2937&pageSize=50&referer=https%3A%2F%2Fwww.agoda.com%2Fvenetian-resort-hotel-casino%2Fhotel%2Flas-vegas-nv-us.html&providerMode=separate,19,2026-06-07T16:23:33.156739+00:00
HVEGAS001,The Venetian Resort Las Vegas,Las Vegas,United States,booking_via_agoda,agoda,3038.0,Booking.com,d32835b4d43dbc98,2024-10-20,2024,,,9.0,0.0,10.0,9.0,https://www.agoda.com/api/cronos/property/review/HotelReviews?hotelId=2937&pageSize=50&referer=https%3A%2F%2Fwww.agoda.com%2Fvenetian-resort-hotel-casino%2Fhotel%2Flas-vegas-nv-us.html&providerMode=separate,19,2026-06-07T16:23:33.156739+00:00
HVEGAS001,The Venetian Resort Las Vegas,Las Vegas,United States,booking_via_agoda,agoda,3038.0,Booking.com,44cd7b3abe4939cf,2024-10-22,2024,,,2.0,0.0,10.0,2.0,https://www.agoda.com/api/cronos/property/review/HotelReviews?hotelId=2937&pageSize=50&referer=https%3A%2F%2Fwww.agoda.com%2Fvenetian-resort-hotel-casino%2Fhotel%2Flas-vegas-nv-us.html&providerMode=separate,19,2026-06-07T16:23:33.156739+00:00
HVEGAS001,The Venetian Resort Las Vegas,Las Vegas,United States,booking_via_agoda,agoda,3038.0,Booking.com,e7c00a662eaf37ec,2024-10-22,2024,,,10.0,0.0,10.0,10.0,https://www.agoda.com/api/cronos/property/review/HotelReviews?hotelId=2937&pageSize=50&referer=https%3A%2F%2Fwww.agoda.com%2Fvenetian-resort-hotel-casino%2Fhotel%2Flas-vegas-nv-us.html&providerMode=separate,19,2026-06-07T16:23:33.156739+00:00
HVEGAS001,The Venetian Resort Las Vegas,Las Vegas,United States,booking_via_agoda,agoda,3038.0,Booking.com,967187c488b63f36,2024-10-24,2024,,,10.0,0.0,10.0,10.0,https://www.agoda.com/api/cronos/property/review/HotelReviews?hotelId=2937&pageSize=50&referer=https%3A%2F%2Fwww.agoda.com%2Fvenetian-resort-hotel-casino%2Fhotel%2Flas-vegas-nv-us.html&providerMode=separate,19,2026-06-07T16:23:33.156739+00:00
HVEGAS001,The Venetian Resort Las Vegas,Las Vegas,United States,booking_via_agoda,agoda,3038.0,Booking.com,2649d79cd4c9af5e,2024-10-25,2024,,,1.0,0.0,10.0,1.0,https://www.agoda.com/api/cronos/property/review/HotelReviews?hotelId=2937&pageSize=50&referer=https%3A%2F%2Fwww.agoda.com%2Fvenetian-resort-hotel-casino%2Fhotel%2Flas-vegas-nv-us.html&providerMode=separate,19,2026-06-07T16:23:33.156739+00:00
HVEGAS001,The Venetian Resort Las Vegas,Las Vegas,United States,booking_via_agoda,agoda,3038.0,Booking.com,9328eee12a83ea85,2024-10-25,2024,,,8.0,0.0,10.0,8.0,https://www.agoda.com/api/cronos/property/review/HotelReviews?hotelId=2937&pageSize=50&referer=https%3A%2F%2Fwww.agoda.com%2Fvenetian-resort-hotel-casino%2Fhotel%2Flas-vegas-nv-us.html&providerMode=separate,19,2026-06-07T16:23:33.156739+00:00
HVEGAS001,The Venetian Resort Las Vegas,Las Vegas,United States,booking_via_agoda,agoda,3038.0,Booking.com,8ef9dec625028e69,2024-10-26,2024,,,9.0,0.0,10.0,9.0,https://www.agoda.com/api/cronos/property/review/HotelReviews?hotelId=2937&pageSize=50&referer=https%3A%2F%2Fwww.agoda.com%2Fvenetian-resort-hotel-casino%2Fhotel%2Flas-vegas-nv-us.html&providerMode=separate,19,2026-06-07T16:23:33.156739+00:00
HVEGAS001,The Venetian Resort Las Vegas,Las Vegas,United States,booking_via_agoda,agoda,3038.0,Booking.com,a080a9a7716fc90e,2024-10-26,2024,,,6.0,0.0,10.0,6.0,https://www.agoda.com/api/cronos/property/review/HotelReviews?hotelId=2937&pageSize=50&referer=https%3A%2F%2Fwww.agoda.com%2Fvenetian-resort-hotel-casino%2Fhotel%2Flas-vegas-nv-us.html&providerMode=separate,19,2026-06-07T16:23:33.156739+00:00
HVEGAS001,The Venetian Resort Las Vegas,Las Vegas,United States,booking_via_agoda,agoda,3038.0,Booking.com,6151a732d68e9d9d,2024-10-27,2024,,,3.0,0.0,10.0,3.0,https://www.agoda.com/api/cronos/property/review/HotelReviews?hotelId=2937&pageSize=50&referer=https%3A%2F%2Fwww.agoda.com%2Fvenetian-resort-hotel-casino%2Fhotel%2Flas-vegas-nv-us.html&providerMode=separate,18,2026-06-07T16:23:33.156739+00:00
HVEGAS001,The Venetian Resort Las Vegas,Las Vegas,United States,booking_via_agoda,agoda,3038.0,Booking.com,70cf17b988ea51e9,2024-10-27,2024,,,10.0,0.0,10.0,10.0,https://www.agoda.com/api/cronos/property/review/HotelReviews?hotelId=2937&pageSize=50&referer=https%3A%2F%2Fwww.agoda.com%2Fvenetian-resort-hotel-casino%2Fhotel%2Flas-vegas-nv-us.html&providerMode=separate,18,2026-06-07T16:23:33.156739+00:00
HVEGAS001,The Venetian Resort Las Vegas,Las Vegas,United States,booking_via_agoda,agoda,3038.0,Booking.com,ca957e2546a833ff,2024-10-27,2024,,,7.0,0.0,10.0,7.0,https://www.agoda.com/api/cronos/property/review/HotelReviews?hotelId=2937&pageSize=50&referer=https%3A%2F%2Fwww.agoda.com%2Fvenetian-resort-hotel-casino%2Fhotel%2Flas-vegas-nv-us.html&providerMode=separate,18,2026-06-07T16:23:33.156739+00:00
HVEGAS001,The Venetian Resort Las Vegas,Las Vegas,United States,booking_via_agoda,agoda,3038.0,Booking.com,8bff72262a62e655,2024-10-27,2024,,,10.0,0.0,10.0,10.0,https://www.agoda.com/api/cronos/property/review/HotelReviews?hotelId=2937&pageSize=50&referer=https%3A%2F%2Fwww.agoda.com%2Fvenetian-resort-hotel-casino%2Fhotel%2Flas-vegas-nv-us.html&providerMode=separate,19,2026-06-07T16:23:33.156739+00:00
HVEGAS001,The Venetian Resort Las Vegas,Las Vegas,United States,booking_via_agoda,agoda,3038.0,Booking.com,1d977563da0ee690,2024-10-28,2024,,,7.0,0.0,10.0,7.0,https://www.agoda.com/api/cronos/property/review/HotelReviews?hotelId=2937&pageSize=50&referer=https%3A%2F%2Fwww.agoda.com%2Fvenetian-resort-hotel-casino%2Fhotel%2Flas-vegas-nv-us.html&providerMode=separate,18,2026-06-07T16:23:33.156739+00:00
HVEGAS001,The Venetian Resort Las Vegas,Las Vegas,United States,booking_via_agoda,agoda,3038.0,Booking.com,a9114c51177d58b3,2024-10-28,2024,,,10.0,0.0,10.0,10.0,https://www.agoda.com/api/cronos/property/review/HotelReviews?hotelId=2937&pageSize=50&referer=https%3A%2F%2Fwww.agoda.com%2Fvenetian-resort-hotel-casino%2Fhotel%2Flas-vegas-nv-us.html&providerMode=separate,18,2026-06-07T16:23:33.156739+00:00
HVEGAS001,The Venetian Resort Las Vegas,Las Vegas,United States,booking_via_agoda,agoda,3038.0,Booking.com,2bf1f9e1f0a84f66,2024-10-28,2024,,,10.0,0.0,10.0,10.0,https://www.agoda.com/api/cronos/property/review/HotelReviews?hotelId=2937&pageSize=50&referer=https%3A%2F%2Fwww.agoda.com%2Fvenetian-resort-hotel-casino%2Fhotel%2Flas-vegas-nv-us.html&providerMode=separate,18,2026-06-07T16:23:33.156739+00:00
HVEGAS001,The Venetian Resort Las Vegas,Las Vegas,United States,booking_via_agoda,agoda,3038.0,Booking.com,3ab759c2dd7f610b,2024-10-28,2024,,,7.0,0.0,10.0,7.0,https://www.agoda.com/api/cronos/property/review/HotelReviews?hotelId=2937&pageSize=50&referer=https%3A%2F%2Fwww.agoda.com%2Fvenetian-resort-hotel-casino%2Fhotel%2Flas-vegas-nv-us.html&providerMode=separate,18,2026-06-07T16:23:33.156739+00:00
HVEGAS001,The Venetian Resort Las Vegas,Las Vegas,United States,booking_via_agoda,agoda,3038.0,Booking.com,4f2987daa75df7f3,2024-10-29,2024,,,10.0,0.0,10.0,10.0,https://www.agoda.com/api/cronos/property/review/HotelReviews?hotelId=2937&pageSize=50&referer=https%3A%2F%2Fwww.agoda.com%2Fvenetian-resort-hotel-casino%2Fhotel%2Flas-vegas-nv-us.html&providerMode=separate,18,2026-06-07T16:23:33.156739+00:00
HVEGAS001,The Venetian Resort Las Vegas,Las Vegas,United States,booking_via_agoda,agoda,3038.0,Booking.com,a4c7e3efd26b019a,2024-10-30,2024,,,8.0,0.0,10.0,8.0,https://www.agoda.com/api/cronos/property/review/HotelReviews?hotelId=2937&pageSize=50&referer=https%3A%2F%2Fwww.agoda.com%2Fvenetian-resort-hotel-casino%2Fhotel%2Flas-vegas-nv-us.html&providerMode=separate,18,2026-06-07T16:23:33.156739+00:00
HVEGAS001,The Venetian Resort Las Vegas,Las Vegas,United States,booking_via_agoda,agoda,3038.0,Booking.com,b90ab096ab5d37b9,2024-10-31,2024,,,8.0,0.0,10.0,8.0,https://www.agoda.com/api/cronos/property/review/HotelReviews?hotelId=2937&pageSize=50&referer=https%3A%2F%2Fwww.agoda.com%2Fvenetian-resort-hotel-casino%2Fhotel%2Flas-vegas-nv-us.html&providerMode=separate,18,2026-06-07T16:23:33.156739+00:00
HVEGAS001,The Venetian Resort Las Vegas,Las Vegas,United States,booking_via_agoda,agoda,3038.0,Booking.com,de5cd23eb381f3d0,2024-11-02,2024,,,10.0,0.0,10.0,10.0,https://www.agoda.com/api/cronos/property/review/HotelReviews?hotelId=2937&pageSize=50&referer=https%3A%2F%2Fwww.agoda.com%2Fvenetian-resort-hotel-casino%2Fhotel%2Flas-vegas-nv-us.html&providerMode=separate,18,2026-06-07T16:23:33.156739+00:00
HVEGAS001,The Venetian Resort Las Vegas,Las Vegas,United States,booking_via_agoda,agoda,3038.0,Booking.com,183cb77243ee590d,2024-11-02,2024,,,10.0,0.0,10.0,10.0,https://www.agoda.com/api/cronos/property/review/HotelReviews?hotelId=2937&pageSize=50&referer=https%3A%2F%2Fwww.agoda.com%2Fvenetian-resort-hotel-casino%2Fhotel%2Flas-vegas-nv-us.html&providerMode=separate,18,2026-06-07T16:23:33.156739+00:00
HVEGAS001,The Venetian Resort Las Vegas,Las Vegas,United States,booking_via_agoda,agoda,3038.0,Booking.com,c30a66d315f05508,2024-11-02,2024,,,10.0,0.0,10.0,10.0,https://www.agoda.com/api/cronos/property/review/HotelReviews?hotelId=2937&pageSize=50&referer=https%3A%2F%2Fwww.agoda.com%2Fvenetian-resort-hotel-casino%2Fhotel%2Flas-vegas-nv-us.html&providerMode=separate,18,2026-06-07T16:23:33.156739+00:00
HVEGAS001,The Venetian Resort Las Vegas,Las Vegas,United States,booking_via_agoda,agoda,3038.0,Booking.com,3f38ea70d3089231,2024-11-02,2024,,,8.0,0.0,10.0,8.0,https://www.agoda.com/api/cronos/property/review/HotelReviews?hotelId=2937&pageSize=50&referer=https%3A%2F%2Fwww.agoda.com%2Fvenetian-resort-hotel-casino%2Fhotel%2Flas-vegas-nv-us.html&providerMode=separate,18,2026-06-07T16:23:33.156739+00:00
HVEGAS001,The Venetian Resort Las Vegas,Las Vegas,United States,booking_via_agoda,agoda,3038.0,Booking.com,542ffec7e114b002,2024-11-03,2024,,,10.0,0.0,10.0,10.0,https://www.agoda.com/api/cronos/property/review/HotelReviews?hotelId=2937&pageSize=50&referer=https%3A%2F%2Fwww.agoda.com%2Fvenetian-resort-hotel-casino%2Fhotel%2Flas-vegas-nv-us.html&providerMode=separate,18,2026-06-07T16:23:33.156739+00:00
HVEGAS001,The Venetian Resort Las Vegas,Las Vegas,United States,booking_via_agoda,agoda,3038.0,Booking.com,5d55255fa10335dd,2024-11-03,2024,,,10.0,0.0,10.0,10.0,https://www.agoda.com/api/cronos/property/review/HotelReviews?hotelId=2937&pageSize=50&referer=https%3A%2F%2Fwww.agoda.com%2Fvenetian-resort-hotel-casino%2Fhotel%2Flas-vegas-nv-us.html&providerMode=separate,18,2026-06-07T16:23:33.156739+00:00
HVEGAS001,The Venetian Resort Las Vegas,Las Vegas,United States,booking_via_agoda,agoda,3038.0,Booking.com,702bd1d71d65dcd9,2024-11-03,2024,,,10.0,0.0,10.0,10.0,https://www.agoda.com/api/cronos/property/review/HotelReviews?hotelId=2937&pageSize=50&referer=https%3A%2F%2Fwww.agoda.com%2Fvenetian-resort-hotel-casino%2Fhotel%2Flas-vegas-nv-us.html&providerMode=separate,18,2026-06-07T16:23:33.156739+00:00
HVEGAS001,The Venetian Resort Las Vegas,Las Vegas,United States,booking_via_agoda,agoda,3038.0,Booking.com,5cf6c910322ae273,2024-11-03,2024,,,10.0,0.0,10.0,10.0,https://www.agoda.com/api/cronos/property/review/HotelReviews?hotelId=2937&pageSize=50&referer=https%3A%2F%2Fwww.agoda.com%2Fvenetian-resort-hotel-casino%2Fhotel%2Flas-vegas-nv-us.html&providerMode=separate,18,2026-06-07T16:23:33.156739+00:00
HVEGAS001,The Venetian Resort Las Vegas,Las Vegas,United States,booking_via_agoda,agoda,3038.0,Booking.com,7b451fd4f81b4aa6,2024-11-05,2024,,,9.0,0.0,10.0,9.0,https://www.agoda.com/api/cronos/property/review/HotelReviews?hotelId=2937&pageSize=50&referer=https%3A%2F%2Fwww.agoda.com%2Fvenetian-resort-hotel-casino%2Fhotel%2Flas-vegas-nv-us.html&providerMode=separate,18,2026-06-07T16:23:33.156739+00:00
HVEGAS001,The Venetian Resort Las Vegas,Las Vegas,United States,booking_via_agoda,agoda,3038.0,Booking.com,45543366257ebee5,2024-11-05,2024,,,9.0,0.0,10.0,9.0,https://www.agoda.com/api/cronos/property/review/HotelReviews?hotelId=2937&pageSize=50&referer=https%3A%2F%2Fwww.agoda.com%2Fvenetian-resort-hotel-casino%2Fhotel%2Flas-vegas-nv-us.html&providerMode=separate,18,2026-06-07T16:23:33.156739+00:00
HVEGAS001,The Venetian Resort Las Vegas,Las Vegas,United States,booking_via_agoda,agoda,3038.0,Booking.com,7d25d76a94cfd3f0,2024-11-05,2024,,,10.0,0.0,10.0,10.0,https://www.agoda.com/api/cronos/property/review/HotelReviews?hotelId=2937&pageSize=50&referer=https%3A%2F%2Fwww.agoda.com%2Fvenetian-resort-hotel-casino%2Fhotel%2Flas-vegas-nv-us.html&providerMode=separate,18,2026-06-07T16:23:33.156739+00:00
HVEGAS001,The Venetian Resort Las Vegas,Las Vegas,United States,booking_via_agoda,agoda,3038.0,Booking.com,5512d5c2d59a7773,2024-11-05,2024,,,10.0,0.0,10.0,10.0,https://www.agoda.com/api/cronos/property/review/HotelReviews?hotelId=2937&pageSize=50&referer=https%3A%2F%2Fwww.agoda.com%2Fvenetian-resort-hotel-casino%2Fhotel%2Flas-vegas-nv-us.html&providerMode=separate,18,2026-06-07T16:23:33.156739+00:00
HVEGAS001,The Venetian Resort Las Vegas,Las Vegas,United States,booking_via_agoda,agoda,3038.0,Booking.com,15bd3cf146391508,2024-11-05,2024,,,9.0,0.0,10.0,9.0,https://www.agoda.com/api/cronos/property/review/HotelReviews?hotelId=2937&pageSize=50&referer=https%3A%2F%2Fwww.agoda.com%2Fvenetian-resort-hotel-casino%2Fhotel%2Flas-vegas-nv-us.html&providerMode=separate,18,2026-06-07T16:23:33.156739+00:00
HVEGAS001,The Venetian Resort Las Vegas,Las Vegas,United States,booking_via_agoda,agoda,3038.0,Booking.com,c31d7cee62e46359,2024-11-07,2024,,,9.0,0.0,10.0,9.0,https://www.agoda.com/api/cronos/property/review/HotelReviews?hotelId=2937&pageSize=50&referer=https%3A%2F%2Fwww.agoda.com%2Fvenetian-resort-hotel-casino%2Fhotel%2Flas-vegas-nv-us.html&providerMode=separate,18,2026-06-07T16:23:33.156739+00:00
HVEGAS001,The Venetian Resort Las Vegas,Las Vegas,United States,booking_via_agoda,agoda,3038.0,Booking.com,72ad57f1e8919bed,2024-11-07,2024,,,10.0,0.0,10.0,10.0,https://www.agoda.com/api/cronos/property/review/HotelReviews?hotelId=2937&pageSize=50&referer=https%3A%2F%2Fwww.agoda.com%2Fvenetian-resort-hotel-casino%2Fhotel%2Flas-vegas-nv-us.html&providerMode=separate,18,2026-06-07T16:23:33.156739+00:00
HVEGAS001,The Venetian Resort Las Vegas,Las Vegas,United States,booking_via_agoda,agoda,3038.0,Booking.com,61614802cd42a73e,2024-11-12,2024,,,10.0,0.0,10.0,10.0,https://www.agoda.com/api/cronos/property/review/HotelReviews?hotelId=2937&pageSize=50&referer=https%3A%2F%2Fwww.agoda.com%2Fvenetian-resort-hotel-casino%2Fhotel%2Flas-vegas-nv-us.html&providerMode=separate,18,2026-06-07T16:23:33.156739+00:00
HVEGAS001,The Venetian Resort Las Vegas,Las Vegas,United States,booking_via_agoda,agoda,3038.0,Booking.com,3c04f3ddcf4be02e,2024-11-13,2024,,,10.0,0.0,10.0,10.0,https://www.agoda.com/api/cronos/property/review/HotelReviews?hotelId=2937&pageSize=50&referer=https%3A%2F%2Fwww.agoda.com%2Fvenetian-resort-hotel-casino%2Fhotel%2Flas-vegas-nv-us.html&providerMode=separate,18,2026-06-07T16:23:33.156739+00:00
HVEGAS001,The Venetian Resort Las Vegas,Las Vegas,United States,booking_via_agoda,agoda,3038.0,Booking.com,28903373edd59393,2024-11-13,2024,,,10.0,0.0,10.0,10.0,https://www.agoda.com/api/cronos/property/review/HotelReviews?hotelId=2937&pageSize=50&referer=https%3A%2F%2Fwww.agoda.com%2Fvenetian-resort-hotel-casino%2Fhotel%2Flas-vegas-nv-us.html&providerMode=separate,18,2026-06-07T16:23:33.156739+00:00
HVEGAS001,The Venetian Resort Las Vegas,Las Vegas,United States,booking_via_agoda,agoda,3038.0,Booking.com,a7c2839f4acf378c,2024-11-14,2024,,,3.0,0.0,10.0,3.0,https://www.agoda.com/api/cronos/property/review/HotelReviews?hotelId=2937&pageSize=50&referer=https%3A%2F%2Fwww.agoda.com%2Fvenetian-resort-hotel-casino%2Fhotel%2Flas-vegas-nv-us.html&providerMode=separate,18,2026-06-07T16:23:33.156739+00:00
HVEGAS001,The Venetian Resort Las Vegas,Las Vegas,United States,booking_via_agoda,agoda,3038.0,Booking.com,2ff4cdc9b554b43c,2024-11-14,2024,,,10.0,0.0,10.0,10.0,https://www.agoda.com/api/cronos/property/review/HotelReviews?hotelId=2937&pageSize=50&referer=https%3A%2F%2Fwww.agoda.com%2Fvenetian-resort-hotel-casino%2Fhotel%2Flas-vegas-nv-us.html&providerMode=separate,18,2026-06-07T16:23:33.156739+00:00
HVEGAS001,The Venetian Resort Las Vegas,Las Vegas,United States,booking_via_agoda,agoda,3038.0,Booking.com,827f0c6302e480fe,2024-11-15,2024,,,10.0,0.0,10.0,10.0,https://www.agoda.com/api/cronos/property/review/HotelReviews?hotelId=2937&pageSize=50&referer=https%3A%2F%2Fwww.agoda.com%2Fvenetian-resort-hotel-casino%2Fhotel%2Flas-vegas-nv-us.html&providerMode=separate,18,2026-06-07T16:23:33.156739+00:00
HVEGAS001,The Venetian Resort Las Vegas,Las Vegas,United States,booking_via_agoda,agoda,3038.0,Booking.com,5175e9010750dfd5,2024-11-17,2024,,,9.0,0.0,10.0,9.0,https://www.agoda.com/api/cronos/property/review/HotelReviews?hotelId=2937&pageSize=50&referer=https%3A%2F%2Fwww.agoda.com%2Fvenetian-resort-hotel-casino%2Fhotel%2Flas-vegas-nv-us.html&providerMode=separate,18,2026-06-07T16:23:33.156739+00:00
HVEGAS001,The Venetian Resort Las Vegas,Las Vegas,United States,booking_via_agoda,agoda,3038.0,Booking.com,4cf4b64b87578949,2024-11-18,2024,,,10.0,0.0,10.0,10.0,https://www.agoda.com/api/cronos/property/review/HotelReviews?hotelId=2937&pageSize=50&referer=https%3A%2F%2Fwww.agoda.com%2Fvenetian-resort-hotel-casino%2Fhotel%2Flas-vegas-nv-us.html&providerMode=separate,18,2026-06-07T16:23:33.156739+00:00
HVEGAS001,The Venetian Resort Las Vegas,Las Vegas,United States,booking_via_agoda,agoda,3038.0,Booking.com,1c53a5a0563df73f,2024-11-18,2024,,,10.0,0.0,10.0,10.0,https://www.agoda.com/api/cronos/property/review/HotelReviews?hotelId=2937&pageSize=50&referer=https%3A%2F%2Fwww.agoda.com%2Fvenetian-resort-hotel-casino%2Fhotel%2Flas-vegas-nv-us.html&providerMode=separate,18,2026-06-07T16:23:33.156739+00:00
HVEGAS001,The Venetian Resort Las Vegas,Las Vegas,United States,booking_via_agoda,agoda,3038.0,Booking.com,6db47158695f9f4c,2024-11-19,2024,,,10.0,0.0,10.0,10.0,https://www.agoda.com/api/cronos/property/review/HotelReviews?hotelId=2937&pageSize=50&referer=https%3A%2F%2Fwww.agoda.com%2Fvenetian-resort-hotel-casino%2Fhotel%2Flas-vegas-nv-us.html&providerMode=separate,18,2026-06-07T16:23:33.156739+00:00
HVEGAS001,The Venetian Resort Las Vegas,Las Vegas,United States,booking_via_agoda,agoda,3038.0,Booking.com,ab8bf62abe504668,2024-11-21,2024,,,9.0,0.0,10.0,9.0,https://www.agoda.com/api/cronos/property/review/HotelReviews?hotelId=2937&pageSize=50&referer=https%3A%2F%2Fwww.agoda.com%2Fvenetian-resort-hotel-casino%2Fhotel%2Flas-vegas-nv-us.html&providerMode=separate,18,2026-06-07T16:23:33.156739+00:00
HVEGAS001,The Venetian Resort Las Vegas,Las Vegas,United States,booking_via_agoda,agoda,3038.0,Booking.com,2149474f1e4bc8eb,2024-11-26,2024,,,8.0,0.0,10.0,8.0,https://www.agoda.com/api/cronos/property/review/HotelReviews?hotelId=2937&pageSize=50&referer=https%3A%2F%2Fwww.agoda.com%2Fvenetian-resort-hotel-casino%2Fhotel%2Flas-vegas-nv-us.html&providerMode=separate,18,2026-06-07T16:23:33.156739+00:00
HVEGAS001,The Venetian Resort Las Vegas,Las Vegas,United States,booking_via_agoda,agoda,3038.0,Booking.com,4affb80f25f78314,2024-11-26,2024,,,10.0,0.0,10.0,10.0,https://www.agoda.com/api/cronos/property/review/HotelReviews?hotelId=2937&pageSize=50&referer=https%3A%2F%2Fwww.agoda.com%2Fvenetian-resort-hotel-casino%2Fhotel%2Flas-vegas-nv-us.html&providerMode=separate,18,2026-06-07T16:23:33.156739+00:00
HVEGAS001,The Venetian Resort Las Vegas,Las Vegas,United States,booking_via_agoda,agoda,3038.0,Booking.com,7c71560d17487155,2024-11-26,2024,,,9.0,0.0,10.0,9.0,https://www.agoda.com/api/cronos/property/review/HotelReviews?hotelId=2937&pageSize=50&referer=https%3A%2F%2Fwww.agoda.com%2Fvenetian-resort-hotel-casino%2Fhotel%2Flas-vegas-nv-us.html&providerMode=separate,18,2026-06-07T16:23:33.156739+00:00
HVEGAS001,The Venetian Resort Las Vegas,Las Vegas,United States,booking_via_agoda,agoda,3038.0,Booking.com,bb67a73a3ff31745,2024-11-26,2024,,,10.0,0.0,10.0,10.0,https://www.agoda.com/api/cronos/property/review/HotelReviews?hotelId=2937&pageSize=50&referer=https%3A%2F%2Fwww.agoda.com%2Fvenetian-resort-hotel-casino%2Fhotel%2Flas-vegas-nv-us.html&providerMode=separate,18,2026-06-07T16:23:33.156739+00:00
HVEGAS001,The Venetian Resort Las Vegas,Las Vegas,United States,booking_via_agoda,agoda,3038.0,Booking.com,12a3e7cfc1c268dc,2024-11-27,2024,,,10.0,0.0,10.0,10.0,https://www.agoda.com/api/cronos/property/review/HotelReviews?hotelId=2937&pageSize=50&referer=https%3A%2F%2Fwww.agoda.com%2Fvenetian-resort-hotel-casino%2Fhotel%2Flas-vegas-nv-us.html&providerMode=separate,18,2026-06-07T16:23:33.156739+00:00
HVEGAS001,The Venetian Resort Las Vegas,Las Vegas,United States,booking_via_agoda,agoda,3038.0,Booking.com,216a4a02b1ca94c0,2024-11-27,2024,,,10.0,0.0,10.0,10.0,https://www.agoda.com/api/cronos/property/review/HotelReviews?hotelId=2937&pageSize=50&referer=https%3A%2F%2Fwww.agoda.com%2Fvenetian-resort-hotel-casino%2Fhotel%2Flas-vegas-nv-us.html&providerMode=separate,18,2026-06-07T16:23:33.156739+00:00
HVEGAS001,The Venetian Resort Las Vegas,Las Vegas,United States,booking_via_agoda,agoda,3038.0,Booking.com,daddb5400b57b29f,2024-11-28,2024,,,10.0,0.0,10.0,10.0,https://www.agoda.com/api/cronos/property/review/HotelReviews?hotelId=2937&pageSize=50&referer=https%3A%2F%2Fwww.agoda.com%2Fvenetian-resort-hotel-casino%2Fhotel%2Flas-vegas-nv-us.html&providerMode=separate,18,2026-06-07T16:23:33.156739+00:00
HVEGAS001,The Venetian Resort Las Vegas,Las Vegas,United States,booking_via_agoda,agoda,3038.0,Booking.com,f734b2366f30c2b3,2024-11-28,2024,,,9.0,0.0,10.0,9.0,https://www.agoda.com/api/cronos/property/review/HotelReviews?hotelId=2937&pageSize=50&referer=https%3A%2F%2Fwww.agoda.com%2Fvenetian-resort-hotel-casino%2Fhotel%2Flas-vegas-nv-us.html&providerMode=separate,18,2026-06-07T16:23:33.156739+00:00
HVEGAS001,The Venetian Resort Las Vegas,Las Vegas,United States,booking_via_agoda,agoda,3038.0,Booking.com,b21da3272726a687,2024-11-29,2024,,,10.0,0.0,10.0,10.0,https://www.agoda.com/api/cronos/property/review/HotelReviews?hotelId=2937&pageSize=50&referer=https%3A%2F%2Fwww.agoda.com%2Fvenetian-resort-hotel-casino%2Fhotel%2Flas-vegas-nv-us.html&providerMode=separate,18,2026-06-07T16:23:33.156739+00:00
HVEGAS001,The Venetian Resort Las Vegas,Las Vegas,United States,booking_via_agoda,agoda,3038.0,Booking.com,5bbdd9de58a0f708,2024-11-30,2024,,,10.0,0.0,10.0,10.0,https://www.agoda.com/api/cronos/property/review/HotelReviews?hotelId=2937&pageSize=50&referer=https%3A%2F%2Fwww.agoda.com%2Fvenetian-resort-hotel-casino%2Fhotel%2Flas-vegas-nv-us.html&providerMode=separate,18,2026-06-07T16:23:33.156739+00:00
HVEGAS001,The Venetian Resort Las Vegas,Las Vegas,United States,booking_via_agoda,agoda,3038.0,Booking.com,f2c01662a90e34a2,2024-11-30,2024,,,8.0,0.0,10.0,8.0,https://www.agoda.com/api/cronos/property/review/HotelReviews?hotelId=2937&pageSize=50&referer=https%3A%2F%2Fwww.agoda.com%2Fvenetian-resort-hotel-casino%2Fhotel%2Flas-vegas-nv-us.html&providerMode=separate,18,2026-06-07T16:23:33.156739+00:00
HVEGAS001,The Venetian Resort Las Vegas,Las Vegas,United States,booking_via_agoda,agoda,3038.0,Booking.com,4a6af59ffe9cf29c,2024-12-01,2024,,,8.0,0.0,10.0,8.0,https://www.agoda.com/api/cronos/property/review/HotelReviews?hotelId=2937&pageSize=50&referer=https%3A%2F%2Fwww.agoda.com%2Fvenetian-resort-hotel-casino%2Fhotel%2Flas-vegas-nv-us.html&providerMode=separate,17,2026-06-07T16:23:33.156739+00:00
HVEGAS001,The Venetian Resort Las Vegas,Las Vegas,United States,booking_via_agoda,agoda,3038.0,Booking.com,33d025c01e9b196b,2024-12-01,2024,,,10.0,0.0,10.0,10.0,https://www.agoda.com/api/cronos/property/review/HotelReviews?hotelId=2937&pageSize=50&referer=https%3A%2F%2Fwww.agoda.com%2Fvenetian-resort-hotel-casino%2Fhotel%2Flas-vegas-nv-us.html&providerMode=separate,17,2026-06-07T16:23:33.156739+00:00
HVEGAS001,The Venetian Resort Las Vegas,Las Vegas,United States,booking_via_agoda,agoda,3038.0,Booking.com,ff0b6ad896fffea1,2024-12-01,2024,,,7.0,0.0,10.0,7.0,https://www.agoda.com/api/cronos/property/review/HotelReviews?hotelId=2937&pageSize=50&referer=https%3A%2F%2Fwww.agoda.com%2Fvenetian-resort-hotel-casino%2Fhotel%2Flas-vegas-nv-us.html&providerMode=separate,18,2026-06-07T16:23:33.156739+00:00
HVEGAS001,The Venetian Resort Las Vegas,Las Vegas,United States,booking_via_agoda,agoda,3038.0,Booking.com,decd8a1c88bf1a41,2024-12-02,2024,,,10.0,0.0,10.0,10.0,https://www.agoda.com/api/cronos/property/review/HotelReviews?hotelId=2937&pageSize=50&referer=https%3A%2F%2Fwww.agoda.com%2Fvenetian-resort-hotel-casino%2Fhotel%2Flas-vegas-nv-us.html&providerMode=separate,17,2026-06-07T16:23:33.156739+00:00
HVEGAS001,The Venetian Resort Las Vegas,Las Vegas,United States,booking_via_agoda,agoda,3038.0,Booking.com,daa62ff79b800707,2024-12-02,2024,,,2.0,0.0,10.0,2.0,https://www.agoda.com/api/cronos/property/review/HotelReviews?hotelId=2937&pageSize=50&referer=https%3A%2F%2Fwww.agoda.com%2Fvenetian-resort-hotel-casino%2Fhotel%2Flas-vegas-nv-us.html&providerMode=separate,17,2026-06-07T16:23:33.156739+00:00
HVEGAS001,The Venetian Resort Las Vegas,Las Vegas,United States,booking_via_agoda,agoda,3038.0,Booking.com,aeed6f7097da7615,2024-12-03,2024,,,10.0,0.0,10.0,10.0,https://www.agoda.com/api/cronos/property/review/HotelReviews?hotelId=2937&pageSize=50&referer=https%3A%2F%2Fwww.agoda.com%2Fvenetian-resort-hotel-casino%2Fhotel%2Flas-vegas-nv-us.html&providerMode=separate,17,2026-06-07T16:23:33.156739+00:00
HVEGAS001,The Venetian Resort Las Vegas,Las Vegas,United States,booking_via_agoda,agoda,3038.0,Booking.com,020ff327fbc002e3,2024-12-03,2024,,,9.0,0.0,10.0,9.0,https://www.agoda.com/api/cronos/property/review/HotelReviews?hotelId=2937&pageSize=50&referer=https%3A%2F%2Fwww.agoda.com%2Fvenetian-resort-hotel-casino%2Fhotel%2Flas-vegas-nv-us.html&providerMode=separate,17,2026-06-07T16:23:33.156739+00:00
HVEGAS001,The Venetian Resort Las Vegas,Las Vegas,United States,booking_via_agoda,agoda,3038.0,Booking.com,6388e5c9021c68eb,2024-12-03,2024,,,10.0,0.0,10.0,10.0,https://www.agoda.com/api/cronos/property/review/HotelReviews?hotelId=2937&pageSize=50&referer=https%3A%2F%2Fwww.agoda.com%2Fvenetian-resort-hotel-casino%2Fhotel%2Flas-vegas-nv-us.html&providerMode=separate,17,2026-06-07T16:23:33.156739+00:00
HVEGAS001,The Venetian Resort Las Vegas,Las Vegas,United States,booking_via_agoda,agoda,3038.0,Booking.com,775485f0651b761c,2024-12-03,2024,,,8.0,0.0,10.0,8.0,https://www.agoda.com/api/cronos/property/review/HotelReviews?hotelId=2937&pageSize=50&referer=https%3A%2F%2Fwww.agoda.com%2Fvenetian-resort-hotel-casino%2Fhotel%2Flas-vegas-nv-us.html&providerMode=separate,17,2026-06-07T16:23:33.156739+00:00
HVEGAS001,The Venetian Resort Las Vegas,Las Vegas,United States,booking_via_agoda,agoda,3038.0,Booking.com,bd3c72e3b99d462b,2024-12-04,2024,,,10.0,0.0,10.0,10.0,https://www.agoda.com/api/cronos/property/review/HotelReviews?hotelId=2937&pageSize=50&referer=https%3A%2F%2Fwww.agoda.com%2Fvenetian-resort-hotel-casino%2Fhotel%2Flas-vegas-nv-us.html&providerMode=separate,17,2026-06-07T16:23:33.156739+00:00
HVEGAS001,The Venetian Resort Las Vegas,Las Vegas,United States,booking_via_agoda,agoda,3038.0,Booking.com,4263decc2eb41286,2024-12-05,2024,,,10.0,0.0,10.0,10.0,https://www.agoda.com/api/cronos/property/review/HotelReviews?hotelId=2937&pageSize=50&referer=https%3A%2F%2Fwww.agoda.com%2Fvenetian-resort-hotel-casino%2Fhotel%2Flas-vegas-nv-us.html&providerMode=separate,17,2026-06-07T16:23:33.156739+00:00
HVEGAS001,The Venetian Resort Las Vegas,Las Vegas,United States,booking_via_agoda,agoda,3038.0,Booking.com,134e7163d0e60e73,2024-12-05,2024,,,10.0,0.0,10.0,10.0,https://www.agoda.com/api/cronos/property/review/HotelReviews?hotelId=2937&pageSize=50&referer=https%3A%2F%2Fwww.agoda.com%2Fvenetian-resort-hotel-casino%2Fhotel%2Flas-vegas-nv-us.html&providerMode=separate,17,2026-06-07T16:23:33.156739+00:00
HVEGAS001,The Venetian Resort Las Vegas,Las Vegas,United States,booking_via_agoda,agoda,3038.0,Booking.com,652c1fb8c5abe58c,2024-12-05,2024,,,9.0,0.0,10.0,9.0,https://www.agoda.com/api/cronos/property/review/HotelReviews?hotelId=2937&pageSize=50&referer=https%3A%2F%2Fwww.agoda.com%2Fvenetian-resort-hotel-casino%2Fhotel%2Flas-vegas-nv-us.html&providerMode=separate,17,2026-06-07T16:23:33.156739+00:00
HVEGAS001,The Venetian Resort Las Vegas,Las Vegas,United States,booking_via_agoda,agoda,3038.0,Booking.com,f8a6d58d2548e666,2024-12-09,2024,,,10.0,0.0,10.0,10.0,https://www.agoda.com/api/cronos/property/review/HotelReviews?hotelId=2937&pageSize=50&referer=https%3A%2F%2Fwww.agoda.com%2Fvenetian-resort-hotel-casino%2Fhotel%2Flas-vegas-nv-us.html&providerMode=separate,17,2026-06-07T16:23:33.156739+00:00
HVEGAS001,The Venetian Resort Las Vegas,Las Vegas,United States,booking_via_agoda,agoda,3038.0,Booking.com,fd5fad6de3e13840,2024-12-09,2024,,,10.0,0.0,10.0,10.0,https://www.agoda.com/api/cronos/property/review/HotelReviews?hotelId=2937&pageSize=50&referer=https%3A%2F%2Fwww.agoda.com%2Fvenetian-resort-hotel-casino%2Fhotel%2Flas-vegas-nv-us.html&providerMode=separate,17,2026-06-07T16:23:33.156739+00:00
HVEGAS001,The Venetian Resort Las Vegas,Las Vegas,United States,booking_via_agoda,agoda,3038.0,Booking.com,1cf5948fae432f10,2024-12-10,2024,,,7.0,0.0,10.0,7.0,https://www.agoda.com/api/cronos/property/review/HotelReviews?hotelId=2937&pageSize=50&referer=https%3A%2F%2Fwww.agoda.com%2Fvenetian-resort-hotel-casino%2Fhotel%2Flas-vegas-nv-us.html&providerMode=separate,17,2026-06-07T16:23:33.156739+00:00
HVEGAS001,The Venetian Resort Las Vegas,Las Vegas,United States,booking_via_agoda,agoda,3038.0,Booking.com,0cee87960fff09fa,2024-12-10,2024,,,8.0,0.0,10.0,8.0,https://www.agoda.com/api/cronos/property/review/HotelReviews?hotelId=2937&pageSize=50&referer=https%3A%2F%2Fwww.agoda.com%2Fvenetian-resort-hotel-casino%2Fhotel%2Flas-vegas-nv-us.html&providerMode=separate,17,2026-06-07T16:23:33.156739+00:00
HVEGAS001,The Venetian Resort Las Vegas,Las Vegas,United States,booking_via_agoda,agoda,3038.0,Booking.com,f224abc855fa0b54,2024-12-10,2024,,,10.0,0.0,10.0,10.0,https://www.agoda.com/api/cronos/property/review/HotelReviews?hotelId=2937&pageSize=50&referer=https%3A%2F%2Fwww.agoda.com%2Fvenetian-resort-hotel-casino%2Fhotel%2Flas-vegas-nv-us.html&providerMode=separate,17,2026-06-07T16:23:33.156739+00:00
HVEGAS001,The Venetian Resort Las Vegas,Las Vegas,United States,booking_via_agoda,agoda,3038.0,Booking.com,6046bcbaaa42a39a,2024-12-12,2024,,,8.0,0.0,10.0,8.0,https://www.agoda.com/api/cronos/property/review/HotelReviews?hotelId=2937&pageSize=50&referer=https%3A%2F%2Fwww.agoda.com%2Fvenetian-resort-hotel-casino%2Fhotel%2Flas-vegas-nv-us.html&providerMode=separate,17,2026-06-07T16:23:33.156739+00:00
HVEGAS001,The Venetian Resort Las Vegas,Las Vegas,United States,booking_via_agoda,agoda,3038.0,Booking.com,d2616c89953cecfe,2024-12-12,2024,,,10.0,0.0,10.0,10.0,https://www.agoda.com/api/cronos/property/review/HotelReviews?hotelId=2937&pageSize=50&referer=https%3A%2F%2Fwww.agoda.com%2Fvenetian-resort-hotel-casino%2Fhotel%2Flas-vegas-nv-us.html&providerMode=separate,17,2026-06-07T16:23:33.156739+00:00
HVEGAS001,The Venetian Resort Las Vegas,Las Vegas,United States,booking_via_agoda,agoda,3038.0,Booking.com,480ff2af58b89dfe,2024-12-12,2024,,,10.0,0.0,10.0,10.0,https://www.agoda.com/api/cronos/property/review/HotelReviews?hotelId=2937&pageSize=50&referer=https%3A%2F%2Fwww.agoda.com%2Fvenetian-resort-hotel-casino%2Fhotel%2Flas-vegas-nv-us.html&providerMode=separate,17,2026-06-07T16:23:33.156739+00:00
HVEGAS001,The Venetian Resort Las Vegas,Las Vegas,United States,booking_via_agoda,agoda,3038.0,Booking.com,818334c5f4540eeb,2024-12-13,2024,,,5.0,0.0,10.0,5.0,https://www.agoda.com/api/cronos/property/review/HotelReviews?hotelId=2937&pageSize=50&referer=https%3A%2F%2Fwww.agoda.com%2Fvenetian-resort-hotel-casino%2Fhotel%2Flas-vegas-nv-us.html&providerMode=separate,17,2026-06-07T16:23:33.156739+00:00
HVEGAS001,The Venetian Resort Las Vegas,Las Vegas,United States,booking_via_agoda,agoda,3038.0,Booking.com,fcfac8230514a308,2024-12-13,2024,,,9.0,0.0,10.0,9.0,https://www.agoda.com/api/cronos/property/review/HotelReviews?hotelId=2937&pageSize=50&referer=https%3A%2F%2Fwww.agoda.com%2Fvenetian-resort-hotel-casino%2Fhotel%2Flas-vegas-nv-us.html&providerMode=separate,17,2026-06-07T16:23:33.156739+00:00
HVEGAS001,The Venetian Resort Las Vegas,Las Vegas,United States,booking_via_agoda,agoda,3038.0,Booking.com,f6570bfb807c3fba,2024-12-14,2024,,,7.0,0.0,10.0,7.0,https://www.agoda.com/api/cronos/property/review/HotelReviews?hotelId=2937&pageSize=50&referer=https%3A%2F%2Fwww.agoda.com%2Fvenetian-resort-hotel-casino%2Fhotel%2Flas-vegas-nv-us.html&providerMode=separate,17,2026-06-07T16:23:33.156739+00:00
HVEGAS001,The Venetian Resort Las Vegas,Las Vegas,United States,booking_via_agoda,agoda,3038.0,Booking.com,d2ae4cb7cbe616bf,2024-12-17,2024,,,10.0,0.0,10.0,10.0,https://www.agoda.com/api/cronos/property/review/HotelReviews?hotelId=2937&pageSize=50&referer=https%3A%2F%2Fwww.agoda.com%2Fvenetian-resort-hotel-casino%2Fhotel%2Flas-vegas-nv-us.html&providerMode=separate,17,2026-06-07T16:23:33.156739+00:00
HVEGAS001,The Venetian Resort Las Vegas,Las Vegas,United States,booking_via_agoda,agoda,3038.0,Booking.com,96b23777fc09a41c,2024-12-18,2024,,,10.0,0.0,10.0,10.0,https://www.agoda.com/api/cronos/property/review/HotelReviews?hotelId=2937&pageSize=50&referer=https%3A%2F%2Fwww.agoda.com%2Fvenetian-resort-hotel-casino%2Fhotel%2Flas-vegas-nv-us.html&providerMode=separate,17,2026-06-07T16:23:33.156739+00:00
HVEGAS001,The Venetian Resort Las Vegas,Las Vegas,United States,booking_via_agoda,agoda,3038.0,Booking.com,7a78ee0dd1e7c5df,2024-12-19,2024,,,6.0,0.0,10.0,6.0,https://www.agoda.com/api/cronos/property/review/HotelReviews?hotelId=2937&pageSize=50&referer=https%3A%2F%2Fwww.agoda.com%2Fvenetian-resort-hotel-casino%2Fhotel%2Flas-vegas-nv-us.html&providerMode=separate,17,2026-06-07T16:23:33.156739+00:00
HVEGAS001,The Venetian Resort Las Vegas,Las Vegas,United States,booking_via_agoda,agoda,3038.0,Booking.com,42b0f2f3352a54c7,2024-12-22,2024,,,10.0,0.0,10.0,10.0,https://www.agoda.com/api/cronos/property/review/HotelReviews?hotelId=2937&pageSize=50&referer=https%3A%2F%2Fwww.agoda.com%2Fvenetian-resort-hotel-casino%2Fhotel%2Flas-vegas-nv-us.html&providerMode=separate,17,2026-06-07T16:23:33.156739+00:00
HVEGAS001,The Venetian Resort Las Vegas,Las Vegas,United States,booking_via_agoda,agoda,3038.0,Booking.com,d008d23de161b875,2024-12-24,2024,,,10.0,0.0,10.0,10.0,https://www.agoda.com/api/cronos/property/review/HotelReviews?hotelId=2937&pageSize=50&referer=https%3A%2F%2Fwww.agoda.com%2Fvenetian-resort-hotel-casino%2Fhotel%2Flas-vegas-nv-us.html&providerMode=separate,17,2026-06-07T16:23:33.156739+00:00
HVEGAS001,The Venetian Resort Las Vegas,Las Vegas,United States,booking_via_agoda,agoda,3038.0,Booking.com,730f66f8507b3a63,2024-12-24,2024,,,10.0,0.0,10.0,10.0,https://www.agoda.com/api/cronos/property/review/HotelReviews?hotelId=2937&pageSize=50&referer=https%3A%2F%2Fwww.agoda.com%2Fvenetian-resort-hotel-casino%2Fhotel%2Flas-vegas-nv-us.html&providerMode=separate,17,2026-06-07T16:23:33.156739+00:00
HVEGAS001,The Venetian Resort Las Vegas,Las Vegas,United States,booking_via_agoda,agoda,3038.0,Booking.com,d044a82d8ae0b41a,2024-12-24,2024,,,10.0,0.0,10.0,10.0,https://www.agoda.com/api/cronos/property/review/HotelReviews?hotelId=2937&pageSize=50&referer=https%3A%2F%2Fwww.agoda.com%2Fvenetian-resort-hotel-casino%2Fhotel%2Flas-vegas-nv-us.html&providerMode=separate,17,2026-06-07T16:23:33.156739+00:00
HVEGAS001,The Venetian Resort Las Vegas,Las Vegas,United States,booking_via_agoda,agoda,3038.0,Booking.com,f9af5fabe19b3bae,2024-12-26,2024,,,5.0,0.0,10.0,5.0,https://www.agoda.com/api/cronos/property/review/HotelReviews?hotelId=2937&pageSize=50&referer=https%3A%2F%2Fwww.agoda.com%2Fvenetian-resort-hotel-casino%2Fhotel%2Flas-vegas-nv-us.html&providerMode=separate,17,2026-06-07T16:23:33.156739+00:00
HVEGAS001,The Venetian Resort Las Vegas,Las Vegas,United States,booking_via_agoda,agoda,3038.0,Booking.com,b581bf1a8327bc56,2024-12-26,2024,,,9.0,0.0,10.0,9.0,https://www.agoda.com/api/cronos/property/review/HotelReviews?hotelId=2937&pageSize=50&referer=https%3A%2F%2Fwww.agoda.com%2Fvenetian-resort-hotel-casino%2Fhotel%2Flas-vegas-nv-us.html&providerMode=separate,17,2026-06-07T16:23:33.156739+00:00
HVEGAS001,The Venetian Resort Las Vegas,Las Vegas,United States,booking_via_agoda,agoda,3038.0,Booking.com,56f66bd226d2695d,2024-12-27,2024,,,9.0,0.0,10.0,9.0,https://www.agoda.com/api/cronos/property/review/HotelReviews?hotelId=2937&pageSize=50&referer=https%3A%2F%2Fwww.agoda.com%2Fvenetian-resort-hotel-casino%2Fhotel%2Flas-vegas-nv-us.html&providerMode=separate,17,2026-06-07T16:23:33.156739+00:00
HVEGAS001,The Venetian Resort Las Vegas,Las Vegas,United States,booking_via_agoda,agoda,3038.0,Booking.com,745a57f2d29da8d6,2024-12-27,2024,,,9.0,0.0,10.0,9.0,https://www.agoda.com/api/cronos/property/review/HotelReviews?hotelId=2937&pageSize=50&referer=https%3A%2F%2Fwww.agoda.com%2Fvenetian-resort-hotel-casino%2Fhotel%2Flas-vegas-nv-us.html&providerMode=separate,17,2026-06-07T16:23:33.156739+00:00
HVEGAS001,The Venetian Resort Las Vegas,Las Vegas,United States,booking_via_agoda,agoda,3038.0,Booking.com,f807652b4ffd1e99,2024-12-27,2024,,,8.0,0.0,10.0,8.0,https://www.agoda.com/api/cronos/property/review/HotelReviews?hotelId=2937&pageSize=50&referer=https%3A%2F%2Fwww.agoda.com%2Fvenetian-resort-hotel-casino%2Fhotel%2Flas-vegas-nv-us.html&providerMode=separate,17,2026-06-07T16:23:33.156739+00:00
HVEGAS001,The Venetian Resort Las Vegas,Las Vegas,United States,booking_via_agoda,agoda,3038.0,Booking.com,2febbc4d6dcd3c87,2024-12-28,2024,,,10.0,0.0,10.0,10.0,https://www.agoda.com/api/cronos/property/review/HotelReviews?hotelId=2937&pageSize=50&referer=https%3A%2F%2Fwww.agoda.com%2Fvenetian-resort-hotel-casino%2Fhotel%2Flas-vegas-nv-us.html&providerMode=separate,17,2026-06-07T16:23:33.156739+00:00
HVEGAS001,The Venetian Resort Las Vegas,Las Vegas,United States,booking_via_agoda,agoda,3038.0,Booking.com,9c52e1b5c0ecca77,2024-12-28,2024,,,6.0,0.0,10.0,6.0,https://www.agoda.com/api/cronos/property/review/HotelReviews?hotelId=2937&pageSize=50&referer=https%3A%2F%2Fwww.agoda.com%2Fvenetian-resort-hotel-casino%2Fhotel%2Flas-vegas-nv-us.html&providerMode=separate,17,2026-06-07T16:23:33.156739+00:00
HVEGAS001,The Venetian Resort Las Vegas,Las Vegas,United States,booking_via_agoda,agoda,3038.0,Booking.com,992d66615d79aa61,2024-12-28,2024,,,10.0,0.0,10.0,10.0,https://www.agoda.com/api/cronos/property/review/HotelReviews?hotelId=2937&pageSize=50&referer=https%3A%2F%2Fwww.agoda.com%2Fvenetian-resort-hotel-casino%2Fhotel%2Flas-vegas-nv-us.html&providerMode=separate,17,2026-06-07T16:23:33.156739+00:00
HVEGAS001,The Venetian Resort Las Vegas,Las Vegas,United States,booking_via_agoda,agoda,3038.0,Booking.com,00b52592e298ab40,2024-12-28,2024,,,9.0,0.0,10.0,9.0,https://www.agoda.com/api/cronos/property/review/HotelReviews?hotelId=2937&pageSize=50&referer=https%3A%2F%2Fwww.agoda.com%2Fvenetian-resort-hotel-casino%2Fhotel%2Flas-vegas-nv-us.html&providerMode=separate,17,2026-06-07T16:23:33.156739+00:00
HVEGAS001,The Venetian Resort Las Vegas,Las Vegas,United States,booking_via_agoda,agoda,3038.0,Booking.com,0a4a7849e44d6b57,2024-12-29,2024,,,8.0,0.0,10.0,8.0,https://www.agoda.com/api/cronos/property/review/HotelReviews?hotelId=2937&pageSize=50&referer=https%3A%2F%2Fwww.agoda.com%2Fvenetian-resort-hotel-casino%2Fhotel%2Flas-vegas-nv-us.html&providerMode=separate,17,2026-06-07T16:23:33.156739+00:00
HVEGAS001,The Venetian Resort Las Vegas,Las Vegas,United States,booking_via_agoda,agoda,3038.0,Booking.com,47e224d429310cbe,2024-12-29,2024,,,10.0,0.0,10.0,10.0,https://www.agoda.com/api/cronos/property/review/HotelReviews?hotelId=2937&pageSize=50&referer=https%3A%2F%2Fwww.agoda.com%2Fvenetian-resort-hotel-casino%2Fhotel%2Flas-vegas-nv-us.html&providerMode=separate,17,2026-06-07T16:23:33.156739+00:00
HVEGAS001,The Venetian Resort Las Vegas,Las Vegas,United States,booking_via_agoda,agoda,3038.0,Booking.com,6b8dd409f76e80b2,2024-12-29,2024,,,9.0,0.0,10.0,9.0,https://www.agoda.com/api/cronos/property/review/HotelReviews?hotelId=2937&pageSize=50&referer=https%3A%2F%2Fwww.agoda.com%2Fvenetian-resort-hotel-casino%2Fhotel%2Flas-vegas-nv-us.html&providerMode=separate,17,2026-06-07T16:23:33.156739+00:00
HVEGAS001,The Venetian Resort Las Vegas,Las Vegas,United States,booking_via_agoda,agoda,3038.0,Booking.com,53468cf2e422aba7,2024-12-30,2024,,,10.0,0.0,10.0,10.0,https://www.agoda.com/api/cronos/property/review/HotelReviews?hotelId=2937&pageSize=50&referer=https%3A%2F%2Fwww.agoda.com%2Fvenetian-resort-hotel-casino%2Fhotel%2Flas-vegas-nv-us.html&providerMode=separate,17,2026-06-07T16:23:33.156739+00:00
HVEGAS001,The Venetian Resort Las Vegas,Las Vegas,United States,booking_via_agoda,agoda,3038.0,Booking.com,9ce68b6eeea18fc9,2024-12-30,2024,,,9.0,0.0,10.0,9.0,https://www.agoda.com/api/cronos/property/review/HotelReviews?hotelId=2937&pageSize=50&referer=https%3A%2F%2Fwww.agoda.com%2Fvenetian-resort-hotel-casino%2Fhotel%2Flas-vegas-nv-us.html&providerMode=separate,17,2026-06-07T16:23:33.156739+00:00
HVEGAS001,The Venetian Resort Las Vegas,Las Vegas,United States,booking_via_agoda,agoda,3038.0,Booking.com,7913521725d786d7,2024-12-30,2024,,,10.0,0.0,10.0,10.0,https://www.agoda.com/api/cronos/property/review/HotelReviews?hotelId=2937&pageSize=50&referer=https%3A%2F%2Fwww.agoda.com%2Fvenetian-resort-hotel-casino%2Fhotel%2Flas-vegas-nv-us.html&providerMode=separate,17,2026-06-07T16:23:33.156739+00:00
HVEGAS001,The Venetian Resort Las Vegas,Las Vegas,United States,booking_via_agoda,agoda,3038.0,Booking.com,6d2384d6c9b712b9,2024-12-30,2024,,,10.0,0.0,10.0,10.0,https://www.agoda.com/api/cronos/property/review/HotelReviews?hotelId=2937&pageSize=50&referer=https%3A%2F%2Fwww.agoda.com%2Fvenetian-resort-hotel-casino%2Fhotel%2Flas-vegas-nv-us.html&providerMode=separate,17,2026-06-07T16:23:33.156739+00:00
HVEGAS001,The Venetian Resort Las Vegas,Las Vegas,United States,booking_via_agoda,agoda,3038.0,Booking.com,b790fbae69116cab,2024-12-30,2024,,,10.0,0.0,10.0,10.0,https://www.agoda.com/api/cronos/property/review/HotelReviews?hotelId=2937&pageSize=50&referer=https%3A%2F%2Fwww.agoda.com%2Fvenetian-resort-hotel-casino%2Fhotel%2Flas-vegas-nv-us.html&providerMode=separate,17,2026-06-07T16:23:33.156739+00:00
HVEGAS001,The Venetian Resort Las Vegas,Las Vegas,United States,booking_via_agoda,agoda,3038.0,Booking.com,a6680f53a9c6ba23,2024-12-31,2024,,,8.0,0.0,10.0,8.0,https://www.agoda.com/api/cronos/property/review/HotelReviews?hotelId=2937&pageSize=50&referer=https%3A%2F%2Fwww.agoda.com%2Fvenetian-resort-hotel-casino%2Fhotel%2Flas-vegas-nv-us.html&providerMode=separate,16,2026-06-07T16:23:33.156739+00:00
HVEGAS001,The Venetian Resort Las Vegas,Las Vegas,United States,booking_via_agoda,agoda,3038.0,Booking.com,bff27cb3cce1a759,2024-12-31,2024,,,4.0,0.0,10.0,4.0,https://www.agoda.com/api/cronos/property/review/HotelReviews?hotelId=2937&pageSize=50&referer=https%3A%2F%2Fwww.agoda.com%2Fvenetian-resort-hotel-casino%2Fhotel%2Flas-vegas-nv-us.html&providerMode=separate,16,2026-06-07T16:23:33.156739+00:00
HVEGAS001,The Venetian Resort Las Vegas,Las Vegas,United States,booking_via_agoda,agoda,3038.0,Booking.com,b9eca0a730ca5c22,2024-12-31,2024,,,8.0,0.0,10.0,8.0,https://www.agoda.com/api/cronos/property/review/HotelReviews?hotelId=2937&pageSize=50&referer=https%3A%2F%2Fwww.agoda.com%2Fvenetian-resort-hotel-casino%2Fhotel%2Flas-vegas-nv-us.html&providerMode=separate,17,2026-06-07T16:23:33.156739+00:00
HVEGAS001,The Venetian Resort Las Vegas,Las Vegas,United States,booking_via_agoda,agoda,3038.0,Booking.com,adfa9f82b415ab4e,2024-12-31,2024,,,5.0,0.0,10.0,5.0,https://www.agoda.com/api/cronos/property/review/HotelReviews?hotelId=2937&pageSize=50&referer=https%3A%2F%2Fwww.agoda.com%2Fvenetian-resort-hotel-casino%2Fhotel%2Flas-vegas-nv-us.html&providerMode=separate,17,2026-06-07T16:23:33.156739+00:00
HVEGAS001,The Venetian Resort Las Vegas,Las Vegas,United States,booking_via_agoda,agoda,3038.0,Booking.com,f22f06403cac2ba8,2025-01-01,2025,,,10.0,0.0,10.0,10.0,https://www.agoda.com/api/cronos/property/review/HotelReviews?hotelId=2937&pageSize=50&referer=https%3A%2F%2Fwww.agoda.com%2Fvenetian-resort-hotel-casino%2Fhotel%2Flas-vegas-nv-us.html&providerMode=separate,16,2026-06-07T16:23:33.156739+00:00
HVEGAS001,The Venetian Resort Las Vegas,Las Vegas,United States,booking_via_agoda,agoda,3038.0,Booking.com,364ebdcc4fd9b8f2,2025-01-01,2025,,,9.0,0.0,10.0,9.0,https://www.agoda.com/api/cronos/property/review/HotelReviews?hotelId=2937&pageSize=50&referer=https%3A%2F%2Fwww.agoda.com%2Fvenetian-resort-hotel-casino%2Fhotel%2Flas-vegas-nv-us.html&providerMode=separate,16,2026-06-07T16:23:33.156739+00:00
HVEGAS001,The Venetian Resort Las Vegas,Las Vegas,United States,booking_via_agoda,agoda,3038.0,Booking.com,48c4d9e68faef766,2025-01-01,2025,,,10.0,0.0,10.0,10.0,https://www.agoda.com/api/cronos/property/review/HotelReviews?hotelId=2937&pageSize=50&referer=https%3A%2F%2Fwww.agoda.com%2Fvenetian-resort-hotel-casino%2Fhotel%2Flas-vegas-nv-us.html&providerMode=separate,16,2026-06-07T16:23:33.156739+00:00
HVEGAS001,The Venetian Resort Las Vegas,Las Vegas,United States,booking_via_agoda,agoda,3038.0,Booking.com,4689f6604280aee7,2025-01-02,2025,,,5.0,0.0,10.0,5.0,https://www.agoda.com/api/cronos/property/review/HotelReviews?hotelId=2937&pageSize=50&referer=https%3A%2F%2Fwww.agoda.com%2Fvenetian-resort-hotel-casino%2Fhotel%2Flas-vegas-nv-us.html&providerMode=separate,16,2026-06-07T16:23:33.156739+00:00
HVEGAS001,The Venetian Resort Las Vegas,Las Vegas,United States,booking_via_agoda,agoda,3038.0,Booking.com,68c7093a6b620123,2025-01-02,2025,,,9.0,0.0,10.0,9.0,https://www.agoda.com/api/cronos/property/review/HotelReviews?hotelId=2937&pageSize=50&referer=https%3A%2F%2Fwww.agoda.com%2Fvenetian-resort-hotel-casino%2Fhotel%2Flas-vegas-nv-us.html&providerMode=separate,16,2026-06-07T16:23:33.156739+00:00
HVEGAS001,The Venetian Resort Las Vegas,Las Vegas,United States,booking_via_agoda,agoda,3038.0,Booking.com,7aa6a7a117296aec,2025-01-02,2025,,,10.0,0.0,10.0,10.0,https://www.agoda.com/api/cronos/property/review/HotelReviews?hotelId=2937&pageSize=50&referer=https%3A%2F%2Fwww.agoda.com%2Fvenetian-resort-hotel-casino%2Fhotel%2Flas-vegas-nv-us.html&providerMode=separate,16,2026-06-07T16:23:33.156739+00:00
HVEGAS001,The Venetian Resort Las Vegas,Las Vegas,United States,booking_via_agoda,agoda,3038.0,Booking.com,49faa4fa72e801bc,2025-01-03,2025,,,10.0,0.0,10.0,10.0,https://www.agoda.com/api/cronos/property/review/HotelReviews?hotelId=2937&pageSize=50&referer=https%3A%2F%2Fwww.agoda.com%2Fvenetian-resort-hotel-casino%2Fhotel%2Flas-vegas-nv-us.html&providerMode=separate,16,2026-06-07T16:23:33.156739+00:00
HVEGAS001,The Venetian Resort Las Vegas,Las Vegas,United States,booking_via_agoda,agoda,3038.0,Booking.com,310cc78de57bb629,2025-01-03,2025,,,7.0,0.0,10.0,7.0,https://www.agoda.com/api/cronos/property/review/HotelReviews?hotelId=2937&pageSize=50&referer=https%3A%2F%2Fwww.agoda.com%2Fvenetian-resort-hotel-casino%2Fhotel%2Flas-vegas-nv-us.html&providerMode=separate,16,2026-06-07T16:23:33.156739+00:00
HVEGAS001,The Venetian Resort Las Vegas,Las Vegas,United States,booking_via_agoda,agoda,3038.0,Booking.com,b5050b793458c853,2025-01-03,2025,,,9.0,0.0,10.0,9.0,https://www.agoda.com/api/cronos/property/review/HotelReviews?hotelId=2937&pageSize=50&referer=https%3A%2F%2Fwww.agoda.com%2Fvenetian-resort-hotel-casino%2Fhotel%2Flas-vegas-nv-us.html&providerMode=separate,16,2026-06-07T16:23:33.156739+00:00
HVEGAS001,The Venetian Resort Las Vegas,Las Vegas,United States,booking_via_agoda,agoda,3038.0,Booking.com,509219aa6fcc4c6d,2025-01-03,2025,,,5.0,0.0,10.0,5.0,https://www.agoda.com/api/cronos/property/review/HotelReviews?hotelId=2937&pageSize=50&referer=https%3A%2F%2Fwww.agoda.com%2Fvenetian-resort-hotel-casino%2Fhotel%2Flas-vegas-nv-us.html&providerMode=separate,16,2026-06-07T16:23:33.156739+00:00
HVEGAS001,The Venetian Resort Las Vegas,Las Vegas,United States,booking_via_agoda,agoda,3038.0,Booking.com,4bb0b2a2d939cf45,2025-01-04,2025,,,10.0,0.0,10.0,10.0,https://www.agoda.com/api/cronos/property/review/HotelReviews?hotelId=2937&pageSize=50&referer=https%3A%2F%2Fwww.agoda.com%2Fvenetian-resort-hotel-casino%2Fhotel%2Flas-vegas-nv-us.html&providerMode=separate,16,2026-06-07T16:23:33.156739+00:00
HVEGAS001,The Venetian Resort Las Vegas,Las Vegas,United States,booking_via_agoda,agoda,3038.0,Booking.com,a1c3d62c196e6c84,2025-01-05,2025,,,6.0,0.0,10.0,6.0,https://www.agoda.com/api/cronos/property/review/HotelReviews?hotelId=2937&pageSize=50&referer=https%3A%2F%2Fwww.agoda.com%2Fvenetian-resort-hotel-casino%2Fhotel%2Flas-vegas-nv-us.html&providerMode=separate,16,2026-06-07T16:23:33.156739+00:00
HVEGAS001,The Venetian Resort Las Vegas,Las Vegas,United States,booking_via_agoda,agoda,3038.0,Booking.com,f15cce019edc6d96,2025-01-05,2025,,,10.0,0.0,10.0,10.0,https://www.agoda.com/api/cronos/property/review/HotelReviews?hotelId=2937&pageSize=50&referer=https%3A%2F%2Fwww.agoda.com%2Fvenetian-resort-hotel-casino%2Fhotel%2Flas-vegas-nv-us.html&providerMode=separate,16,2026-06-07T16:23:33.156739+00:00
HVEGAS001,The Venetian Resort Las Vegas,Las Vegas,United States,booking_via_agoda,agoda,3038.0,Booking.com,6f3ce8a13db9f6ff,2025-01-05,2025,,,10.0,0.0,10.0,10.0,https://www.agoda.com/api/cronos/property/review/HotelReviews?hotelId=2937&pageSize=50&referer=https%3A%2F%2Fwww.agoda.com%2Fvenetian-resort-hotel-casino%2Fhotel%2Flas-vegas-nv-us.html&providerMode=separate,16,2026-06-07T16:23:33.156739+00:00
HVEGAS001,The Venetian Resort Las Vegas,Las Vegas,United States,booking_via_agoda,agoda,3038.0,Booking.com,8107224d294ff771,2025-01-06,2025,,,10.0,0.0,10.0,10.0,https://www.agoda.com/api/cronos/property/review/HotelReviews?hotelId=2937&pageSize=50&referer=https%3A%2F%2Fwww.agoda.com%2Fvenetian-resort-hotel-casino%2Fhotel%2Flas-vegas-nv-us.html&providerMode=separate,16,2026-06-07T16:23:33.156739+00:00
HVEGAS001,The Venetian Resort Las Vegas,Las Vegas,United States,booking_via_agoda,agoda,3038.0,Booking.com,7ee6ac0fdb9ac23c,2025-01-06,2025,,,10.0,0.0,10.0,10.0,https://www.agoda.com/api/cronos/property/review/HotelReviews?hotelId=2937&pageSize=50&referer=https%3A%2F%2Fwww.agoda.com%2Fvenetian-resort-hotel-casino%2Fhotel%2Flas-vegas-nv-us.html&providerMode=separate,16,2026-06-07T16:23:33.156739+00:00
HVEGAS001,The Venetian Resort Las Vegas,Las Vegas,United States,booking_via_agoda,agoda,3038.0,Booking.com,02e65ab5e96a6620,2025-01-06,2025,,,5.0,0.0,10.0,5.0,https://www.agoda.com/api/cronos/property/review/HotelReviews?hotelId=2937&pageSize=50&referer=https%3A%2F%2Fwww.agoda.com%2Fvenetian-resort-hotel-casino%2Fhotel%2Flas-vegas-nv-us.html&providerMode=separate,16,2026-06-07T16:23:33.156739+00:00
HVEGAS001,The Venetian Resort Las Vegas,Las Vegas,United States,booking_via_agoda,agoda,3038.0,Booking.com,00751e4aae04f329,2025-01-06,2025,,,7.0,0.0,10.0,7.0,https://www.agoda.com/api/cronos/property/review/HotelReviews?hotelId=2937&pageSize=50&referer=https%3A%2F%2Fwww.agoda.com%2Fvenetian-resort-hotel-casino%2Fhotel%2Flas-vegas-nv-us.html&providerMode=separate,16,2026-06-07T16:23:33.156739+00:00
HVEGAS001,The Venetian Resort Las Vegas,Las Vegas,United States,booking_via_agoda,agoda,3038.0,Booking.com,b7b774000e96c593,2025-01-06,2025,,,10.0,0.0,10.0,10.0,https://www.agoda.com/api/cronos/property/review/HotelReviews?hotelId=2937&pageSize=50&referer=https%3A%2F%2Fwww.agoda.com%2Fvenetian-resort-hotel-casino%2Fhotel%2Flas-vegas-nv-us.html&providerMode=separate,16,2026-06-07T16:23:33.156739+00:00
HVEGAS001,The Venetian Resort Las Vegas,Las Vegas,United States,booking_via_agoda,agoda,3038.0,Booking.com,ae17eefbbf9541d0,2025-01-07,2025,,,8.0,0.0,10.0,8.0,https://www.agoda.com/api/cronos/property/review/HotelReviews?hotelId=2937&pageSize=50&referer=https%3A%2F%2Fwww.agoda.com%2Fvenetian-resort-hotel-casino%2Fhotel%2Flas-vegas-nv-us.html&providerMode=separate,16,2026-06-07T16:23:33.156739+00:00
HVEGAS001,The Venetian Resort Las Vegas,Las Vegas,United States,booking_via_agoda,agoda,3038.0,Booking.com,123d4ba1aebb32df,2025-01-07,2025,,,10.0,0.0,10.0,10.0,https://www.agoda.com/api/cronos/property/review/HotelReviews?hotelId=2937&pageSize=50&referer=https%3A%2F%2Fwww.agoda.com%2Fvenetian-resort-hotel-casino%2Fhotel%2Flas-vegas-nv-us.html&providerMode=separate,16,2026-06-07T16:23:33.156739+00:00
HVEGAS001,The Venetian Resort Las Vegas,Las Vegas,United States,booking_via_agoda,agoda,3038.0,Booking.com,c8a30a7e5451802c,2025-01-07,2025,,,1.0,0.0,10.0,1.0,https://www.agoda.com/api/cronos/property/review/HotelReviews?hotelId=2937&pageSize=50&referer=https%3A%2F%2Fwww.agoda.com%2Fvenetian-resort-hotel-casino%2Fhotel%2Flas-vegas-nv-us.html&providerMode=separate,16,2026-06-07T16:23:33.156739+00:00
HVEGAS001,The Venetian Resort Las Vegas,Las Vegas,United States,booking_via_agoda,agoda,3038.0,Booking.com,05f85637fe7c540e,2025-01-08,2025,,,10.0,0.0,10.0,10.0,https://www.agoda.com/api/cronos/property/review/HotelReviews?hotelId=2937&pageSize=50&referer=https%3A%2F%2Fwww.agoda.com%2Fvenetian-resort-hotel-casino%2Fhotel%2Flas-vegas-nv-us.html&providerMode=separate,16,2026-06-07T16:23:33.156739+00:00
HVEGAS001,The Venetian Resort Las Vegas,Las Vegas,United States,booking_via_agoda,agoda,3038.0,Booking.com,876c231794659617,2025-01-08,2025,,,10.0,0.0,10.0,10.0,https://www.agoda.com/api/cronos/property/review/HotelReviews?hotelId=2937&pageSize=50&referer=https%3A%2F%2Fwww.agoda.com%2Fvenetian-resort-hotel-casino%2Fhotel%2Flas-vegas-nv-us.html&providerMode=separate,16,2026-06-07T16:23:33.156739+00:00
HVEGAS001,The Venetian Resort Las Vegas,Las Vegas,United States,booking_via_agoda,agoda,3038.0,Booking.com,a1501d2c5de2f266,2025-01-13,2025,,,7.0,0.0,10.0,7.0,https://www.agoda.com/api/cronos/property/review/HotelReviews?hotelId=2937&pageSize=50&referer=https%3A%2F%2Fwww.agoda.com%2Fvenetian-resort-hotel-casino%2Fhotel%2Flas-vegas-nv-us.html&providerMode=separate,16,2026-06-07T16:23:33.156739+00:00
HVEGAS001,The Venetian Resort Las Vegas,Las Vegas,United States,booking_via_agoda,agoda,3038.0,Booking.com,186401c0bd264d3e,2025-01-13,2025,,,10.0,0.0,10.0,10.0,https://www.agoda.com/api/cronos/property/review/HotelReviews?hotelId=2937&pageSize=50&referer=https%3A%2F%2Fwww.agoda.com%2Fvenetian-resort-hotel-casino%2Fhotel%2Flas-vegas-nv-us.html&providerMode=separate,16,2026-06-07T16:23:33.156739+00:00
HVEGAS001,The Venetian Resort Las Vegas,Las Vegas,United States,booking_via_agoda,agoda,3038.0,Booking.com,5f902abe4d87ffa3,2025-01-13,2025,,,10.0,0.0,10.0,10.0,https://www.agoda.com/api/cronos/property/review/HotelReviews?hotelId=2937&pageSize=50&referer=https%3A%2F%2Fwww.agoda.com%2Fvenetian-resort-hotel-casino%2Fhotel%2Flas-vegas-nv-us.html&providerMode=separate,16,2026-06-07T16:23:33.156739+00:00
HVEGAS001,The Venetian Resort Las Vegas,Las Vegas,United States,booking_via_agoda,agoda,3038.0,Booking.com,7330ac8ae09ff05b,2025-01-13,2025,,,8.0,0.0,10.0,8.0,https://www.agoda.com/api/cronos/property/review/HotelReviews?hotelId=2937&pageSize=50&referer=https%3A%2F%2Fwww.agoda.com%2Fvenetian-resort-hotel-casino%2Fhotel%2Flas-vegas-nv-us.html&providerMode=separate,16,2026-06-07T16:23:33.156739+00:00
HVEGAS001,The Venetian Resort Las Vegas,Las Vegas,United States,booking_via_agoda,agoda,3038.0,Booking.com,a5e3a33ee8eb7f82,2025-01-13,2025,,,1.0,0.0,10.0,1.0,https://www.agoda.com/api/cronos/property/review/HotelReviews?hotelId=2937&pageSize=50&referer=https%3A%2F%2Fwww.agoda.com%2Fvenetian-resort-hotel-casino%2Fhotel%2Flas-vegas-nv-us.html&providerMode=separate,16,2026-06-07T16:23:33.156739+00:00
HVEGAS001,The Venetian Resort Las Vegas,Las Vegas,United States,booking_via_agoda,agoda,3038.0,Booking.com,82e24d3be6d8204c,2025-01-14,2025,,,9.0,0.0,10.0,9.0,https://www.agoda.com/api/cronos/property/review/HotelReviews?hotelId=2937&pageSize=50&referer=https%3A%2F%2Fwww.agoda.com%2Fvenetian-resort-hotel-casino%2Fhotel%2Flas-vegas-nv-us.html&providerMode=separate,16,2026-06-07T16:23:33.156739+00:00
HVEGAS001,The Venetian Resort Las Vegas,Las Vegas,United States,booking_via_agoda,agoda,3038.0,Booking.com,7bfb5cb66b32627d,2025-01-14,2025,,,5.0,0.0,10.0,5.0,https://www.agoda.com/api/cronos/property/review/HotelReviews?hotelId=2937&pageSize=50&referer=https%3A%2F%2Fwww.agoda.com%2Fvenetian-resort-hotel-casino%2Fhotel%2Flas-vegas-nv-us.html&providerMode=separate,16,2026-06-07T16:23:33.156739+00:00
HVEGAS001,The Venetian Resort Las Vegas,Las Vegas,United States,booking_via_agoda,agoda,3038.0,Booking.com,a08297d9a7d984e8,2025-01-14,2025,,,9.0,0.0,10.0,9.0,https://www.agoda.com/api/cronos/property/review/HotelReviews?hotelId=2937&pageSize=50&referer=https%3A%2F%2Fwww.agoda.com%2Fvenetian-resort-hotel-casino%2Fhotel%2Flas-vegas-nv-us.html&providerMode=separate,16,2026-06-07T16:23:33.156739+00:00
HVEGAS001,The Venetian Resort Las Vegas,Las Vegas,United States,booking_via_agoda,agoda,3038.0,Booking.com,3c23c50c4c5433d1,2025-01-19,2025,,,10.0,0.0,10.0,10.0,https://www.agoda.com/api/cronos/property/review/HotelReviews?hotelId=2937&pageSize=50&referer=https%3A%2F%2Fwww.agoda.com%2Fvenetian-resort-hotel-casino%2Fhotel%2Flas-vegas-nv-us.html&providerMode=separate,16,2026-06-07T16:23:33.156739+00:00
HVEGAS001,The Venetian Resort Las Vegas,Las Vegas,United States,booking_via_agoda,agoda,3038.0,Booking.com,29808b01465376ed,2025-01-19,2025,,,10.0,0.0,10.0,10.0,https://www.agoda.com/api/cronos/property/review/HotelReviews?hotelId=2937&pageSize=50&referer=https%3A%2F%2Fwww.agoda.com%2Fvenetian-resort-hotel-casino%2Fhotel%2Flas-vegas-nv-us.html&providerMode=separate,16,2026-06-07T16:23:33.156739+00:00
HVEGAS001,The Venetian Resort Las Vegas,Las Vegas,United States,booking_via_agoda,agoda,3038.0,Booking.com,c299e2d4f17b550b,2025-01-19,2025,,,10.0,0.0,10.0,10.0,https://www.agoda.com/api/cronos/property/review/HotelReviews?hotelId=2937&pageSize=50&referer=https%3A%2F%2Fwww.agoda.com%2Fvenetian-resort-hotel-casino%2Fhotel%2Flas-vegas-nv-us.html&providerMode=separate,16,2026-06-07T16:23:33.156739+00:00
HVEGAS001,The Venetian Resort Las Vegas,Las Vegas,United States,booking_via_agoda,agoda,3038.0,Booking.com,98a43d5d1de3a07a,2025-01-20,2025,,,10.0,0.0,10.0,10.0,https://www.agoda.com/api/cronos/property/review/HotelReviews?hotelId=2937&pageSize=50&referer=https%3A%2F%2Fwww.agoda.com%2Fvenetian-resort-hotel-casino%2Fhotel%2Flas-vegas-nv-us.html&providerMode=separate,16,2026-06-07T16:23:33.156739+00:00
HVEGAS001,The Venetian Resort Las Vegas,Las Vegas,United States,booking_via_agoda,agoda,3038.0,Booking.com,f54f73f97f702ea0,2025-01-21,2025,,,7.0,0.0,10.0,7.0,https://www.agoda.com/api/cronos/property/review/HotelReviews?hotelId=2937&pageSize=50&referer=https%3A%2F%2Fwww.agoda.com%2Fvenetian-resort-hotel-casino%2Fhotel%2Flas-vegas-nv-us.html&providerMode=separate,16,2026-06-07T16:23:33.156739+00:00
HVEGAS001,The Venetian Resort Las Vegas,Las Vegas,United States,booking_via_agoda,agoda,3038.0,Booking.com,c1b931d542fd8eff,2025-01-21,2025,,,7.0,0.0,10.0,7.0,https://www.agoda.com/api/cronos/property/review/HotelReviews?hotelId=2937&pageSize=50&referer=https%3A%2F%2Fwww.agoda.com%2Fvenetian-resort-hotel-casino%2Fhotel%2Flas-vegas-nv-us.html&providerMode=separate,16,2026-06-07T16:23:33.156739+00:00
HVEGAS001,The Venetian Resort Las Vegas,Las Vegas,United States,booking_via_agoda,agoda,3038.0,Booking.com,0fc77c0bda1bd382,2025-01-21,2025,,,10.0,0.0,10.0,10.0,https://www.agoda.com/api/cronos/property/review/HotelReviews?hotelId=2937&pageSize=50&referer=https%3A%2F%2Fwww.agoda.com%2Fvenetian-resort-hotel-casino%2Fhotel%2Flas-vegas-nv-us.html&providerMode=separate,16,2026-06-07T16:23:33.156739+00:00
HVEGAS001,The Venetian Resort Las Vegas,Las Vegas,United States,booking_via_agoda,agoda,3038.0,Booking.com,ef8360cceb173d40,2025-01-22,2025,,,8.0,0.0,10.0,8.0,https://www.agoda.com/api/cronos/property/review/HotelReviews?hotelId=2937&pageSize=50&referer=https%3A%2F%2Fwww.agoda.com%2Fvenetian-resort-hotel-casino%2Fhotel%2Flas-vegas-nv-us.html&providerMode=separate,16,2026-06-07T16:23:33.156739+00:00
HVEGAS001,The Venetian Resort Las Vegas,Las Vegas,United States,booking_via_agoda,agoda,3038.0,Booking.com,0bd9df56af15b539,2025-01-22,2025,,,9.0,0.0,10.0,9.0,https://www.agoda.com/api/cronos/property/review/HotelReviews?hotelId=2937&pageSize=50&referer=https%3A%2F%2Fwww.agoda.com%2Fvenetian-resort-hotel-casino%2Fhotel%2Flas-vegas-nv-us.html&providerMode=separate,16,2026-06-07T16:23:33.156739+00:00
HVEGAS001,The Venetian Resort Las Vegas,Las Vegas,United States,booking_via_agoda,agoda,3038.0,Booking.com,c224a82a38027221,2025-01-23,2025,,,10.0,0.0,10.0,10.0,https://www.agoda.com/api/cronos/property/review/HotelReviews?hotelId=2937&pageSize=50&referer=https%3A%2F%2Fwww.agoda.com%2Fvenetian-resort-hotel-casino%2Fhotel%2Flas-vegas-nv-us.html&providerMode=separate,16,2026-06-07T16:23:33.156739+00:00
HVEGAS001,The Venetian Resort Las Vegas,Las Vegas,United States,booking_via_agoda,agoda,3038.0,Booking.com,44dcdba13efe7e51,2025-01-25,2025,,,8.0,0.0,10.0,8.0,https://www.agoda.com/api/cronos/property/review/HotelReviews?hotelId=2937&pageSize=50&referer=https%3A%2F%2Fwww.agoda.com%2Fvenetian-resort-hotel-casino%2Fhotel%2Flas-vegas-nv-us.html&providerMode=separate,16,2026-06-07T16:23:33.156739+00:00
HVEGAS001,The Venetian Resort Las Vegas,Las Vegas,United States,booking_via_agoda,agoda,3038.0,Booking.com,2766e0c323901ecc,2025-01-26,2025,,,10.0,0.0,10.0,10.0,https://www.agoda.com/api/cronos/property/review/HotelReviews?hotelId=2937&pageSize=50&referer=https%3A%2F%2Fwww.agoda.com%2Fvenetian-resort-hotel-casino%2Fhotel%2Flas-vegas-nv-us.html&providerMode=separate,16,2026-06-07T16:23:33.156739+00:00
HVEGAS001,The Venetian Resort Las Vegas,Las Vegas,United States,booking_via_agoda,agoda,3038.0,Booking.com,2f28c98453941a61,2025-01-27,2025,,,7.0,0.0,10.0,7.0,https://www.agoda.com/api/cronos/property/review/HotelReviews?hotelId=2937&pageSize=50&referer=https%3A%2F%2Fwww.agoda.com%2Fvenetian-resort-hotel-casino%2Fhotel%2Flas-vegas-nv-us.html&providerMode=separate,16,2026-06-07T16:23:33.156739+00:00
HVEGAS001,The Venetian Resort Las Vegas,Las Vegas,United States,booking_via_agoda,agoda,3038.0,Booking.com,dee4e67ba805bfe9,2025-01-27,2025,,,10.0,0.0,10.0,10.0,https://www.agoda.com/api/cronos/property/review/HotelReviews?hotelId=2937&pageSize=50&referer=https%3A%2F%2Fwww.agoda.com%2Fvenetian-resort-hotel-casino%2Fhotel%2Flas-vegas-nv-us.html&providerMode=separate,16,2026-06-07T16:23:33.156739+00:00
HVEGAS001,The Venetian Resort Las Vegas,Las Vegas,United States,booking_via_agoda,agoda,3038.0,Booking.com,81e9c04c59beae43,2025-01-27,2025,,,10.0,0.0,10.0,10.0,https://www.agoda.com/api/cronos/property/review/HotelReviews?hotelId=2937&pageSize=50&referer=https%3A%2F%2Fwww.agoda.com%2Fvenetian-resort-hotel-casino%2Fhotel%2Flas-vegas-nv-us.html&providerMode=separate,16,2026-06-07T16:23:33.156739+00:00
HVEGAS001,The Venetian Resort Las Vegas,Las Vegas,United States,booking_via_agoda,agoda,3038.0,Booking.com,f7666f8bb9d8116c,2025-01-28,2025,,,8.0,0.0,10.0,8.0,https://www.agoda.com/api/cronos/property/review/HotelReviews?hotelId=2937&pageSize=50&referer=https%3A%2F%2Fwww.agoda.com%2Fvenetian-resort-hotel-casino%2Fhotel%2Flas-vegas-nv-us.html&providerMode=separate,16,2026-06-07T16:23:33.156739+00:00
HVEGAS001,The Venetian Resort Las Vegas,Las Vegas,United States,booking_via_agoda,agoda,3038.0,Booking.com,1b59d69a05b8f67b,2025-01-29,2025,,,10.0,0.0,10.0,10.0,https://www.agoda.com/api/cronos/property/review/HotelReviews?hotelId=2937&pageSize=50&referer=https%3A%2F%2Fwww.agoda.com%2Fvenetian-resort-hotel-casino%2Fhotel%2Flas-vegas-nv-us.html&providerMode=separate,15,2026-06-07T16:23:33.156739+00:00
HVEGAS001,The Venetian Resort Las Vegas,Las Vegas,United States,booking_via_agoda,agoda,3038.0,Booking.com,9160895f0b569f80,2025-01-29,2025,,,10.0,0.0,10.0,10.0,https://www.agoda.com/api/cronos/property/review/HotelReviews?hotelId=2937&pageSize=50&referer=https%3A%2F%2Fwww.agoda.com%2Fvenetian-resort-hotel-casino%2Fhotel%2Flas-vegas-nv-us.html&providerMode=separate,15,2026-06-07T16:23:33.156739+00:00
HVEGAS001,The Venetian Resort Las Vegas,Las Vegas,United States,booking_via_agoda,agoda,3038.0,Booking.com,d6fb4eac070885c8,2025-01-30,2025,,,10.0,0.0,10.0,10.0,https://www.agoda.com/api/cronos/property/review/HotelReviews?hotelId=2937&pageSize=50&referer=https%3A%2F%2Fwww.agoda.com%2Fvenetian-resort-hotel-casino%2Fhotel%2Flas-vegas-nv-us.html&providerMode=separate,15,2026-06-07T16:23:33.156739+00:00
HVEGAS001,The Venetian Resort Las Vegas,Las Vegas,United States,booking_via_agoda,agoda,3038.0,Booking.com,e986b1abda9ba4a6,2025-01-30,2025,,,8.0,0.0,10.0,8.0,https://www.agoda.com/api/cronos/property/review/HotelReviews?hotelId=2937&pageSize=50&referer=https%3A%2F%2Fwww.agoda.com%2Fvenetian-resort-hotel-casino%2Fhotel%2Flas-vegas-nv-us.html&providerMode=separate,15,2026-06-07T16:23:33.156739+00:00
HVEGAS001,The Venetian Resort Las Vegas,Las Vegas,United States,booking_via_agoda,agoda,3038.0,Booking.com,197378cc2fdbde71,2025-01-30,2025,,,8.0,0.0,10.0,8.0,https://www.agoda.com/api/cronos/property/review/HotelReviews?hotelId=2937&pageSize=50&referer=https%3A%2F%2Fwww.agoda.com%2Fvenetian-resort-hotel-casino%2Fhotel%2Flas-vegas-nv-us.html&providerMode=separate,15,2026-06-07T16:23:33.156739+00:00
HVEGAS001,The Venetian Resort Las Vegas,Las Vegas,United States,booking_via_agoda,agoda,3038.0,Booking.com,78a18c5d9ec58f33,2025-01-31,2025,,,8.0,0.0,10.0,8.0,https://www.agoda.com/api/cronos/property/review/HotelReviews?hotelId=2937&pageSize=50&referer=https%3A%2F%2Fwww.agoda.com%2Fvenetian-resort-hotel-casino%2Fhotel%2Flas-vegas-nv-us.html&providerMode=separate,15,2026-06-07T16:23:33.156739+00:00
HVEGAS001,The Venetian Resort Las Vegas,Las Vegas,United States,booking_via_agoda,agoda,3038.0,Booking.com,906bcd479f4fd846,2025-02-01,2025,,,10.0,0.0,10.0,10.0,https://www.agoda.com/api/cronos/property/review/HotelReviews?hotelId=2937&pageSize=50&referer=https%3A%2F%2Fwww.agoda.com%2Fvenetian-resort-hotel-casino%2Fhotel%2Flas-vegas-nv-us.html&providerMode=separate,15,2026-06-07T16:23:33.156739+00:00
HVEGAS001,The Venetian Resort Las Vegas,Las Vegas,United States,booking_via_agoda,agoda,3038.0,Booking.com,32a58f1da44d00d8,2025-02-02,2025,,,9.0,0.0,10.0,9.0,https://www.agoda.com/api/cronos/property/review/HotelReviews?hotelId=2937&pageSize=50&referer=https%3A%2F%2Fwww.agoda.com%2Fvenetian-resort-hotel-casino%2Fhotel%2Flas-vegas-nv-us.html&providerMode=separate,15,2026-06-07T16:23:33.156739+00:00
HVEGAS001,The Venetian Resort Las Vegas,Las Vegas,United States,booking_via_agoda,agoda,3038.0,Booking.com,083951613a18a2f8,2025-02-03,2025,,,10.0,0.0,10.0,10.0,https://www.agoda.com/api/cronos/property/review/HotelReviews?hotelId=2937&pageSize=50&referer=https%3A%2F%2Fwww.agoda.com%2Fvenetian-resort-hotel-casino%2Fhotel%2Flas-vegas-nv-us.html&providerMode=separate,15,2026-06-07T16:23:33.156739+00:00
HVEGAS001,The Venetian Resort Las Vegas,Las Vegas,United States,booking_via_agoda,agoda,3038.0,Booking.com,f2b78861b7b4a381,2025-02-03,2025,,,1.0,0.0,10.0,1.0,https://www.agoda.com/api/cronos/property/review/HotelReviews?hotelId=2937&pageSize=50&referer=https%3A%2F%2Fwww.agoda.com%2Fvenetian-resort-hotel-casino%2Fhotel%2Flas-vegas-nv-us.html&providerMode=separate,15,2026-06-07T16:23:33.156739+00:00
HVEGAS001,The Venetian Resort Las Vegas,Las Vegas,United States,booking_via_agoda,agoda,3038.0,Booking.com,795c29cd47e84108,2025-02-04,2025,,,5.0,0.0,10.0,5.0,https://www.agoda.com/api/cronos/property/review/HotelReviews?hotelId=2937&pageSize=50&referer=https%3A%2F%2Fwww.agoda.com%2Fvenetian-resort-hotel-casino%2Fhotel%2Flas-vegas-nv-us.html&providerMode=separate,15,2026-06-07T16:23:33.156739+00:00
HVEGAS001,The Venetian Resort Las Vegas,Las Vegas,United States,booking_via_agoda,agoda,3038.0,Booking.com,5eab5e35c412118f,2025-02-05,2025,,,10.0,0.0,10.0,10.0,https://www.agoda.com/api/cronos/property/review/HotelReviews?hotelId=2937&pageSize=50&referer=https%3A%2F%2Fwww.agoda.com%2Fvenetian-resort-hotel-casino%2Fhotel%2Flas-vegas-nv-us.html&providerMode=separate,15,2026-06-07T16:23:33.156739+00:00
HVEGAS001,The Venetian Resort Las Vegas,Las Vegas,United States,booking_via_agoda,agoda,3038.0,Booking.com,c866e3b4709684a6,2025-02-05,2025,,,8.0,0.0,10.0,8.0,https://www.agoda.com/api/cronos/property/review/HotelReviews?hotelId=2937&pageSize=50&referer=https%3A%2F%2Fwww.agoda.com%2Fvenetian-resort-hotel-casino%2Fhotel%2Flas-vegas-nv-us.html&providerMode=separate,15,2026-06-07T16:23:33.156739+00:00
HVEGAS001,The Venetian Resort Las Vegas,Las Vegas,United States,booking_via_agoda,agoda,3038.0,Booking.com,6afb556da4534e49,2025-02-06,2025,,,8.0,0.0,10.0,8.0,https://www.agoda.com/api/cronos/property/review/HotelReviews?hotelId=2937&pageSize=50&referer=https%3A%2F%2Fwww.agoda.com%2Fvenetian-resort-hotel-casino%2Fhotel%2Flas-vegas-nv-us.html&providerMode=separate,15,2026-06-07T16:23:33.156739+00:00
HVEGAS001,The Venetian Resort Las Vegas,Las Vegas,United States,booking_via_agoda,agoda,3038.0,Booking.com,7c188d14a007afa3,2025-02-07,2025,,,10.0,0.0,10.0,10.0,https://www.agoda.com/api/cronos/property/review/HotelReviews?hotelId=2937&pageSize=50&referer=https%3A%2F%2Fwww.agoda.com%2Fvenetian-resort-hotel-casino%2Fhotel%2Flas-vegas-nv-us.html&providerMode=separate,15,2026-06-07T16:23:33.156739+00:00
HVEGAS001,The Venetian Resort Las Vegas,Las Vegas,United States,booking_via_agoda,agoda,3038.0,Booking.com,502ee879a2a4ae48,2025-02-09,2025,,,10.0,0.0,10.0,10.0,https://www.agoda.com/api/cronos/property/review/HotelReviews?hotelId=2937&pageSize=50&referer=https%3A%2F%2Fwww.agoda.com%2Fvenetian-resort-hotel-casino%2Fhotel%2Flas-vegas-nv-us.html&providerMode=separate,15,2026-06-07T16:23:33.156739+00:00
HVEGAS001,The Venetian Resort Las Vegas,Las Vegas,United States,booking_via_agoda,agoda,3038.0,Booking.com,9df89e41fd486b7d,2025-02-09,2025,,,6.0,0.0,10.0,6.0,https://www.agoda.com/api/cronos/property/review/HotelReviews?hotelId=2937&pageSize=50&referer=https%3A%2F%2Fwww.agoda.com%2Fvenetian-resort-hotel-casino%2Fhotel%2Flas-vegas-nv-us.html&providerMode=separate,15,2026-06-07T16:23:33.156739+00:00
HVEGAS001,The Venetian Resort Las Vegas,Las Vegas,United States,booking_via_agoda,agoda,3038.0,Booking.com,eadcbf827c603664,2025-02-09,2025,,,10.0,0.0,10.0,10.0,https://www.agoda.com/api/cronos/property/review/HotelReviews?hotelId=2937&pageSize=50&referer=https%3A%2F%2Fwww.agoda.com%2Fvenetian-resort-hotel-casino%2Fhotel%2Flas-vegas-nv-us.html&providerMode=separate,15,2026-06-07T16:23:33.156739+00:00
HVEGAS001,The Venetian Resort Las Vegas,Las Vegas,United States,booking_via_agoda,agoda,3038.0,Booking.com,f674885bfff634e8,2025-02-09,2025,,,1.0,0.0,10.0,1.0,https://www.agoda.com/api/cronos/property/review/HotelReviews?hotelId=2937&pageSize=50&referer=https%3A%2F%2Fwww.agoda.com%2Fvenetian-resort-hotel-casino%2Fhotel%2Flas-vegas-nv-us.html&providerMode=separate,15,2026-06-07T16:23:33.156739+00:00
HVEGAS001,The Venetian Resort Las Vegas,Las Vegas,United States,booking_via_agoda,agoda,3038.0,Booking.com,985a7fdc5d9a1f32,2025-02-10,2025,,,9.0,0.0,10.0,9.0,https://www.agoda.com/api/cronos/property/review/HotelReviews?hotelId=2937&pageSize=50&referer=https%3A%2F%2Fwww.agoda.com%2Fvenetian-resort-hotel-casino%2Fhotel%2Flas-vegas-nv-us.html&providerMode=separate,15,2026-06-07T16:23:33.156739+00:00
HVEGAS001,The Venetian Resort Las Vegas,Las Vegas,United States,booking_via_agoda,agoda,3038.0,Booking.com,b9dde4124c5f6cd4,2025-02-10,2025,,,10.0,0.0,10.0,10.0,https://www.agoda.com/api/cronos/property/review/HotelReviews?hotelId=2937&pageSize=50&referer=https%3A%2F%2Fwww.agoda.com%2Fvenetian-resort-hotel-casino%2Fhotel%2Flas-vegas-nv-us.html&providerMode=separate,15,2026-06-07T16:23:33.156739+00:00
HVEGAS001,The Venetian Resort Las Vegas,Las Vegas,United States,booking_via_agoda,agoda,3038.0,Booking.com,3fc3b8c3957a84fc,2025-02-11,2025,,,7.0,0.0,10.0,7.0,https://www.agoda.com/api/cronos/property/review/HotelReviews?hotelId=2937&pageSize=50&referer=https%3A%2F%2Fwww.agoda.com%2Fvenetian-resort-hotel-casino%2Fhotel%2Flas-vegas-nv-us.html&providerMode=separate,15,2026-06-07T16:23:33.156739+00:00
HVEGAS001,The Venetian Resort Las Vegas,Las Vegas,United States,booking_via_agoda,agoda,3038.0,Booking.com,aaa3353e34568f2d,2025-02-12,2025,,,10.0,0.0,10.0,10.0,https://www.agoda.com/api/cronos/property/review/HotelReviews?hotelId=2937&pageSize=50&referer=https%3A%2F%2Fwww.agoda.com%2Fvenetian-resort-hotel-casino%2Fhotel%2Flas-vegas-nv-us.html&providerMode=separate,15,2026-06-07T16:23:33.156739+00:00
HVEGAS001,The Venetian Resort Las Vegas,Las Vegas,United States,booking_via_agoda,agoda,3038.0,Booking.com,5ca68786ba037477,2025-02-13,2025,,,10.0,0.0,10.0,10.0,https://www.agoda.com/api/cronos/property/review/HotelReviews?hotelId=2937&pageSize=50&referer=https%3A%2F%2Fwww.agoda.com%2Fvenetian-resort-hotel-casino%2Fhotel%2Flas-vegas-nv-us.html&providerMode=separate,15,2026-06-07T16:23:33.156739+00:00
HVEGAS001,The Venetian Resort Las Vegas,Las Vegas,United States,booking_via_agoda,agoda,3038.0,Booking.com,27fc6d789e904b1b,2025-02-13,2025,,,10.0,0.0,10.0,10.0,https://www.agoda.com/api/cronos/property/review/HotelReviews?hotelId=2937&pageSize=50&referer=https%3A%2F%2Fwww.agoda.com%2Fvenetian-resort-hotel-casino%2Fhotel%2Flas-vegas-nv-us.html&providerMode=separate,15,2026-06-07T16:23:33.156739+00:00
HVEGAS001,The Venetian Resort Las Vegas,Las Vegas,United States,booking_via_agoda,agoda,3038.0,Booking.com,b8557018f562f2b8,2025-02-14,2025,,,10.0,0.0,10.0,10.0,https://www.agoda.com/api/cronos/property/review/HotelReviews?hotelId=2937&pageSize=50&referer=https%3A%2F%2Fwww.agoda.com%2Fvenetian-resort-hotel-casino%2Fhotel%2Flas-vegas-nv-us.html&providerMode=separate,15,2026-06-07T16:23:33.156739+00:00
HVEGAS001,The Venetian Resort Las Vegas,Las Vegas,United States,booking_via_agoda,agoda,3038.0,Booking.com,f7da08d2c29ae0b7,2025-02-16,2025,,,10.0,0.0,10.0,10.0,https://www.agoda.com/api/cronos/property/review/HotelReviews?hotelId=2937&pageSize=50&referer=https%3A%2F%2Fwww.agoda.com%2Fvenetian-resort-hotel-casino%2Fhotel%2Flas-vegas-nv-us.html&providerMode=separate,15,2026-06-07T16:23:33.156739+00:00
HVEGAS001,The Venetian Resort Las Vegas,Las Vegas,United States,booking_via_agoda,agoda,3038.0,Booking.com,cc6955f55647a3cc,2025-02-18,2025,,,4.0,0.0,10.0,4.0,https://www.agoda.com/api/cronos/property/review/HotelReviews?hotelId=2937&pageSize=50&referer=https%3A%2F%2Fwww.agoda.com%2Fvenetian-resort-hotel-casino%2Fhotel%2Flas-vegas-nv-us.html&providerMode=separate,15,2026-06-07T16:23:33.156739+00:00
HVEGAS001,The Venetian Resort Las Vegas,Las Vegas,United States,booking_via_agoda,agoda,3038.0,Booking.com,20af2c22679cdeb1,2025-02-18,2025,,,7.0,0.0,10.0,7.0,https://www.agoda.com/api/cronos/property/review/HotelReviews?hotelId=2937&pageSize=50&referer=https%3A%2F%2Fwww.agoda.com%2Fvenetian-resort-hotel-casino%2Fhotel%2Flas-vegas-nv-us.html&providerMode=separate,15,2026-06-07T16:23:33.156739+00:00
HVEGAS001,The Venetian Resort Las Vegas,Las Vegas,United States,booking_via_agoda,agoda,3038.0,Booking.com,81c910d4b939936a,2025-02-18,2025,,,9.0,0.0,10.0,9.0,https://www.agoda.com/api/cronos/property/review/HotelReviews?hotelId=2937&pageSize=50&referer=https%3A%2F%2Fwww.agoda.com%2Fvenetian-resort-hotel-casino%2Fhotel%2Flas-vegas-nv-us.html&providerMode=separate,15,2026-06-07T16:23:33.156739+00:00
HVEGAS001,The Venetian Resort Las Vegas,Las Vegas,United States,booking_via_agoda,agoda,3038.0,Booking.com,9a1da3ae4ca564ed,2025-02-18,2025,,,10.0,0.0,10.0,10.0,https://www.agoda.com/api/cronos/property/review/HotelReviews?hotelId=2937&pageSize=50&referer=https%3A%2F%2Fwww.agoda.com%2Fvenetian-resort-hotel-casino%2Fhotel%2Flas-vegas-nv-us.html&providerMode=separate,15,2026-06-07T16:23:33.156739+00:00
HVEGAS001,The Venetian Resort Las Vegas,Las Vegas,United States,booking_via_agoda,agoda,3038.0,Booking.com,500753816989c33e,2025-02-20,2025,,,10.0,0.0,10.0,10.0,https://www.agoda.com/api/cronos/property/review/HotelReviews?hotelId=2937&pageSize=50&referer=https%3A%2F%2Fwww.agoda.com%2Fvenetian-resort-hotel-casino%2Fhotel%2Flas-vegas-nv-us.html&providerMode=separate,15,2026-06-07T16:23:33.156739+00:00
HVEGAS001,The Venetian Resort Las Vegas,Las Vegas,United States,booking_via_agoda,agoda,3038.0,Booking.com,0e9cb013bbf4bd43,2025-02-22,2025,,,8.0,0.0,10.0,8.0,https://www.agoda.com/api/cronos/property/review/HotelReviews?hotelId=2937&pageSize=50&referer=https%3A%2F%2Fwww.agoda.com%2Fvenetian-resort-hotel-casino%2Fhotel%2Flas-vegas-nv-us.html&providerMode=separate,15,2026-06-07T16:23:33.156739+00:00
HVEGAS001,The Venetian Resort Las Vegas,Las Vegas,United States,booking_via_agoda,agoda,3038.0,Booking.com,f16b9f59f478faae,2025-02-22,2025,,,10.0,0.0,10.0,10.0,https://www.agoda.com/api/cronos/property/review/HotelReviews?hotelId=2937&pageSize=50&referer=https%3A%2F%2Fwww.agoda.com%2Fvenetian-resort-hotel-casino%2Fhotel%2Flas-vegas-nv-us.html&providerMode=separate,15,2026-06-07T16:23:33.156739+00:00
HVEGAS001,The Venetian Resort Las Vegas,Las Vegas,United States,booking_via_agoda,agoda,3038.0,Booking.com,918f2f12403c52b9,2025-02-23,2025,,,10.0,0.0,10.0,10.0,https://www.agoda.com/api/cronos/property/review/HotelReviews?hotelId=2937&pageSize=50&referer=https%3A%2F%2Fwww.agoda.com%2Fvenetian-resort-hotel-casino%2Fhotel%2Flas-vegas-nv-us.html&providerMode=separate,15,2026-06-07T16:23:33.156739+00:00
HVEGAS001,The Venetian Resort Las Vegas,Las Vegas,United States,booking_via_agoda,agoda,3038.0,Booking.com,59ce51a2263be5a4,2025-02-24,2025,,,8.0,0.0,10.0,8.0,https://www.agoda.com/api/cronos/property/review/HotelReviews?hotelId=2937&pageSize=50&referer=https%3A%2F%2Fwww.agoda.com%2Fvenetian-resort-hotel-casino%2Fhotel%2Flas-vegas-nv-us.html&providerMode=separate,15,2026-06-07T16:23:33.156739+00:00
HVEGAS001,The Venetian Resort Las Vegas,Las Vegas,United States,booking_via_agoda,agoda,3038.0,Booking.com,0eb35637a4bedf8f,2025-02-24,2025,,,8.0,0.0,10.0,8.0,https://www.agoda.com/api/cronos/property/review/HotelReviews?hotelId=2937&pageSize=50&referer=https%3A%2F%2Fwww.agoda.com%2Fvenetian-resort-hotel-casino%2Fhotel%2Flas-vegas-nv-us.html&providerMode=separate,15,2026-06-07T16:23:33.156739+00:00
HVEGAS001,The Venetian Resort Las Vegas,Las Vegas,United States,booking_via_agoda,agoda,3038.0,Booking.com,5a62e12c96a8895d,2025-02-24,2025,,,8.0,0.0,10.0,8.0,https://www.agoda.com/api/cronos/property/review/HotelReviews?hotelId=2937&pageSize=50&referer=https%3A%2F%2Fwww.agoda.com%2Fvenetian-resort-hotel-casino%2Fhotel%2Flas-vegas-nv-us.html&providerMode=separate,15,2026-06-07T16:23:33.156739+00:00
HVEGAS001,The Venetian Resort Las Vegas,Las Vegas,United States,booking_via_agoda,agoda,3038.0,Booking.com,739a268cb64b1922,2025-02-24,2025,,,9.0,0.0,10.0,9.0,https://www.agoda.com/api/cronos/property/review/HotelReviews?hotelId=2937&pageSize=50&referer=https%3A%2F%2Fwww.agoda.com%2Fvenetian-resort-hotel-casino%2Fhotel%2Flas-vegas-nv-us.html&providerMode=separate,15,2026-06-07T16:23:33.156739+00:00
HVEGAS001,The Venetian Resort Las Vegas,Las Vegas,United States,booking_via_agoda,agoda,3038.0,Booking.com,444de7e6fbb4e11f,2025-02-25,2025,,,10.0,0.0,10.0,10.0,https://www.agoda.com/api/cronos/property/review/HotelReviews?hotelId=2937&pageSize=50&referer=https%3A%2F%2Fwww.agoda.com%2Fvenetian-resort-hotel-casino%2Fhotel%2Flas-vegas-nv-us.html&providerMode=separate,15,2026-06-07T16:23:33.156739+00:00
HVEGAS001,The Venetian Resort Las Vegas,Las Vegas,United States,booking_via_agoda,agoda,3038.0,Booking.com,581571bce0271520,2025-02-25,2025,,,10.0,0.0,10.0,10.0,https://www.agoda.com/api/cronos/property/review/HotelReviews?hotelId=2937&pageSize=50&referer=https%3A%2F%2Fwww.agoda.com%2Fvenetian-resort-hotel-casino%2Fhotel%2Flas-vegas-nv-us.html&providerMode=separate,15,2026-06-07T16:23:33.156739+00:00
HVEGAS001,The Venetian Resort Las Vegas,Las Vegas,United States,booking_via_agoda,agoda,3038.0,Booking.com,92052d5841d32ec3,2025-02-26,2025,,,7.0,0.0,10.0,7.0,https://www.agoda.com/api/cronos/property/review/HotelReviews?hotelId=2937&pageSize=50&referer=https%3A%2F%2Fwww.agoda.com%2Fvenetian-resort-hotel-casino%2Fhotel%2Flas-vegas-nv-us.html&providerMode=separate,15,2026-06-07T16:23:33.156739+00:00
HVEGAS001,The Venetian Resort Las Vegas,Las Vegas,United States,booking_via_agoda,agoda,3038.0,Booking.com,e64fa9ab2eaff1c5,2025-02-26,2025,,,8.0,0.0,10.0,8.0,https://www.agoda.com/api/cronos/property/review/HotelReviews?hotelId=2937&pageSize=50&referer=https%3A%2F%2Fwww.agoda.com%2Fvenetian-resort-hotel-casino%2Fhotel%2Flas-vegas-nv-us.html&providerMode=separate,15,2026-06-07T16:23:33.156739+00:00
HVEGAS001,The Venetian Resort Las Vegas,Las Vegas,United States,booking_via_agoda,agoda,3038.0,Booking.com,1abbac2f09390868,2025-02-28,2025,,,8.0,0.0,10.0,8.0,https://www.agoda.com/api/cronos/property/review/HotelReviews?hotelId=2937&pageSize=50&referer=https%3A%2F%2Fwww.agoda.com%2Fvenetian-resort-hotel-casino%2Fhotel%2Flas-vegas-nv-us.html&providerMode=separate,15,2026-06-07T16:23:33.156739+00:00
HVEGAS001,The Venetian Resort Las Vegas,Las Vegas,United States,booking_via_agoda,agoda,3038.0,Booking.com,9ad81365b69b0785,2025-02-28,2025,,,9.0,0.0,10.0,9.0,https://www.agoda.com/api/cronos/property/review/HotelReviews?hotelId=2937&pageSize=50&referer=https%3A%2F%2Fwww.agoda.com%2Fvenetian-resort-hotel-casino%2Fhotel%2Flas-vegas-nv-us.html&providerMode=separate,15,2026-06-07T16:23:33.156739+00:00
HVEGAS001,The Venetian Resort Las Vegas,Las Vegas,United States,booking_via_agoda,agoda,3038.0,Booking.com,4a1c09fbce3049b9,2025-03-01,2025,,,10.0,0.0,10.0,10.0,https://www.agoda.com/api/cronos/property/review/HotelReviews?hotelId=2937&pageSize=50&referer=https%3A%2F%2Fwww.agoda.com%2Fvenetian-resort-hotel-casino%2Fhotel%2Flas-vegas-nv-us.html&providerMode=separate,15,2026-06-07T16:23:33.156739+00:00
HVEGAS001,The Venetian Resort Las Vegas,Las Vegas,United States,booking_via_agoda,agoda,3038.0,Booking.com,8c777df26eb950a9,2025-03-02,2025,,,8.0,0.0,10.0,8.0,https://www.agoda.com/api/cronos/property/review/HotelReviews?hotelId=2937&pageSize=50&referer=https%3A%2F%2Fwww.agoda.com%2Fvenetian-resort-hotel-casino%2Fhotel%2Flas-vegas-nv-us.html&providerMode=separate,15,2026-06-07T16:23:33.156739+00:00
HVEGAS001,The Venetian Resort Las Vegas,Las Vegas,United States,booking_via_agoda,agoda,3038.0,Booking.com,9531e6317b9f848c,2025-03-03,2025,,,9.0,0.0,10.0,9.0,https://www.agoda.com/api/cronos/property/review/HotelReviews?hotelId=2937&pageSize=50&referer=https%3A%2F%2Fwww.agoda.com%2Fvenetian-resort-hotel-casino%2Fhotel%2Flas-vegas-nv-us.html&providerMode=separate,15,2026-06-07T16:23:33.156739+00:00
HVEGAS001,The Venetian Resort Las Vegas,Las Vegas,United States,booking_via_agoda,agoda,3038.0,Booking.com,f422b04bfe8a27cb,2025-03-03,2025,,,10.0,0.0,10.0,10.0,https://www.agoda.com/api/cronos/property/review/HotelReviews?hotelId=2937&pageSize=50&referer=https%3A%2F%2Fwww.agoda.com%2Fvenetian-resort-hotel-casino%2Fhotel%2Flas-vegas-nv-us.html&providerMode=separate,15,2026-06-07T16:23:33.156739+00:00
HVEGAS001,The Venetian Resort Las Vegas,Las Vegas,United States,booking_via_agoda,agoda,3038.0,Booking.com,4d41f3d4e320fa23,2025-03-04,2025,,,9.0,0.0,10.0,9.0,https://www.agoda.com/api/cronos/property/review/HotelReviews?hotelId=2937&pageSize=50&referer=https%3A%2F%2Fwww.agoda.com%2Fvenetian-resort-hotel-casino%2Fhotel%2Flas-vegas-nv-us.html&providerMode=separate,14,2026-06-07T16:23:33.156739+00:00
HVEGAS001,The Venetian Resort Las Vegas,Las Vegas,United States,booking_via_agoda,agoda,3038.0,Booking.com,9bae5ca55340be86,2025-03-04,2025,,,8.0,0.0,10.0,8.0,https://www.agoda.com/api/cronos/property/review/HotelReviews?hotelId=2937&pageSize=50&referer=https%3A%2F%2Fwww.agoda.com%2Fvenetian-resort-hotel-casino%2Fhotel%2Flas-vegas-nv-us.html&providerMode=separate,15,2026-06-07T16:23:33.156739+00:00
HVEGAS001,The Venetian Resort Las Vegas,Las Vegas,United States,booking_via_agoda,agoda,3038.0,Booking.com,53f97f7062a6a2c4,2025-03-05,2025,,,1.0,0.0,10.0,1.0,https://www.agoda.com/api/cronos/property/review/HotelReviews?hotelId=2937&pageSize=50&referer=https%3A%2F%2Fwww.agoda.com%2Fvenetian-resort-hotel-casino%2Fhotel%2Flas-vegas-nv-us.html&providerMode=separate,14,2026-06-07T16:23:33.156739+00:00
HVEGAS001,The Venetian Resort Las Vegas,Las Vegas,United States,booking_via_agoda,agoda,3038.0,Booking.com,2164d1f3ec69a5e6,2025-03-07,2025,,,8.0,0.0,10.0,8.0,https://www.agoda.com/api/cronos/property/review/HotelReviews?hotelId=2937&pageSize=50&referer=https%3A%2F%2Fwww.agoda.com%2Fvenetian-resort-hotel-casino%2Fhotel%2Flas-vegas-nv-us.html&providerMode=separate,14,2026-06-07T16:23:33.156739+00:00
HVEGAS001,The Venetian Resort Las Vegas,Las Vegas,United States,booking_via_agoda,agoda,3038.0,Booking.com,3d42213a707f478c,2025-03-08,2025,,,9.0,0.0,10.0,9.0,https://www.agoda.com/api/cronos/property/review/HotelReviews?hotelId=2937&pageSize=50&referer=https%3A%2F%2Fwww.agoda.com%2Fvenetian-resort-hotel-casino%2Fhotel%2Flas-vegas-nv-us.html&providerMode=separate,14,2026-06-07T16:23:33.156739+00:00
HVEGAS001,The Venetian Resort Las Vegas,Las Vegas,United States,booking_via_agoda,agoda,3038.0,Booking.com,80e2d16fb82cdeef,2025-03-08,2025,,,10.0,0.0,10.0,10.0,https://www.agoda.com/api/cronos/property/review/HotelReviews?hotelId=2937&pageSize=50&referer=https%3A%2F%2Fwww.agoda.com%2Fvenetian-resort-hotel-casino%2Fhotel%2Flas-vegas-nv-us.html&providerMode=separate,14,2026-06-07T16:23:33.156739+00:00
HVEGAS001,The Venetian Resort Las Vegas,Las Vegas,United States,booking_via_agoda,agoda,3038.0,Booking.com,12be51ea423e7aee,2025-03-10,2025,,,10.0,0.0,10.0,10.0,https://www.agoda.com/api/cronos/property/review/HotelReviews?hotelId=2937&pageSize=50&referer=https%3A%2F%2Fwww.agoda.com%2Fvenetian-resort-hotel-casino%2Fhotel%2Flas-vegas-nv-us.html&providerMode=separate,14,2026-06-07T16:23:33.156739+00:00
HVEGAS001,The Venetian Resort Las Vegas,Las Vegas,United States,booking_via_agoda,agoda,3038.0,Booking.com,3c3675009e30f173,2025-03-10,2025,,,8.0,0.0,10.0,8.0,https://www.agoda.com/api/cronos/property/review/HotelReviews?hotelId=2937&pageSize=50&referer=https%3A%2F%2Fwww.agoda.com%2Fvenetian-resort-hotel-casino%2Fhotel%2Flas-vegas-nv-us.html&providerMode=separate,14,2026-06-07T16:23:33.156739+00:00
HVEGAS001,The Venetian Resort Las Vegas,Las Vegas,United States,booking_via_agoda,agoda,3038.0,Booking.com,a7f1e8e77cdc29ac,2025-03-11,2025,,,10.0,0.0,10.0,10.0,https://www.agoda.com/api/cronos/property/review/HotelReviews?hotelId=2937&pageSize=50&referer=https%3A%2F%2Fwww.agoda.com%2Fvenetian-resort-hotel-casino%2Fhotel%2Flas-vegas-nv-us.html&providerMode=separate,14,2026-06-07T16:23:33.156739+00:00
HVEGAS001,The Venetian Resort Las Vegas,Las Vegas,United States,booking_via_agoda,agoda,3038.0,Booking.com,52e79aee47998177,2025-03-11,2025,,,10.0,0.0,10.0,10.0,https://www.agoda.com/api/cronos/property/review/HotelReviews?hotelId=2937&pageSize=50&referer=https%3A%2F%2Fwww.agoda.com%2Fvenetian-resort-hotel-casino%2Fhotel%2Flas-vegas-nv-us.html&providerMode=separate,14,2026-06-07T16:23:33.156739+00:00
HVEGAS001,The Venetian Resort Las Vegas,Las Vegas,United States,booking_via_agoda,agoda,3038.0,Booking.com,a76aca26d64c5b0a,2025-03-12,2025,,,10.0,0.0,10.0,10.0,https://www.agoda.com/api/cronos/property/review/HotelReviews?hotelId=2937&pageSize=50&referer=https%3A%2F%2Fwww.agoda.com%2Fvenetian-resort-hotel-casino%2Fhotel%2Flas-vegas-nv-us.html&providerMode=separate,14,2026-06-07T16:23:33.156739+00:00
HVEGAS001,The Venetian Resort Las Vegas,Las Vegas,United States,booking_via_agoda,agoda,3038.0,Booking.com,e5378111a1270989,2025-03-13,2025,,,2.0,0.0,10.0,2.0,https://www.agoda.com/api/cronos/property/review/HotelReviews?hotelId=2937&pageSize=50&referer=https%3A%2F%2Fwww.agoda.com%2Fvenetian-resort-hotel-casino%2Fhotel%2Flas-vegas-nv-us.html&providerMode=separate,14,2026-06-07T16:23:33.156739+00:00
HVEGAS001,The Venetian Resort Las Vegas,Las Vegas,United States,booking_via_agoda,agoda,3038.0,Booking.com,4258cacdb4092561,2025-03-14,2025,,,2.0,0.0,10.0,2.0,https://www.agoda.com/api/cronos/property/review/HotelReviews?hotelId=2937&pageSize=50&referer=https%3A%2F%2Fwww.agoda.com%2Fvenetian-resort-hotel-casino%2Fhotel%2Flas-vegas-nv-us.html&providerMode=separate,14,2026-06-07T16:23:33.156739+00:00
HVEGAS001,The Venetian Resort Las Vegas,Las Vegas,United States,booking_via_agoda,agoda,3038.0,Booking.com,a78b42a25b975c04,2025-03-14,2025,,,10.0,0.0,10.0,10.0,https://www.agoda.com/api/cronos/property/review/HotelReviews?hotelId=2937&pageSize=50&referer=https%3A%2F%2Fwww.agoda.com%2Fvenetian-resort-hotel-casino%2Fhotel%2Flas-vegas-nv-us.html&providerMode=separate,14,2026-06-07T16:23:33.156739+00:00
HVEGAS001,The Venetian Resort Las Vegas,Las Vegas,United States,booking_via_agoda,agoda,3038.0,Booking.com,f3eb7f8e01841fb9,2025-03-15,2025,,,8.0,0.0,10.0,8.0,https://www.agoda.com/api/cronos/property/review/HotelReviews?hotelId=2937&pageSize=50&referer=https%3A%2F%2Fwww.agoda.com%2Fvenetian-resort-hotel-casino%2Fhotel%2Flas-vegas-nv-us.html&providerMode=separate,14,2026-06-07T16:23:33.156739+00:00
HVEGAS001,The Venetian Resort Las Vegas,Las Vegas,United States,booking_via_agoda,agoda,3038.0,Booking.com,b7d3bfcf309caa87,2025-03-15,2025,,,10.0,0.0,10.0,10.0,https://www.agoda.com/api/cronos/property/review/HotelReviews?hotelId=2937&pageSize=50&referer=https%3A%2F%2Fwww.agoda.com%2Fvenetian-resort-hotel-casino%2Fhotel%2Flas-vegas-nv-us.html&providerMode=separate,14,2026-06-07T16:23:33.156739+00:00
HVEGAS001,The Venetian Resort Las Vegas,Las Vegas,United States,booking_via_agoda,agoda,3038.0,Booking.com,315c1c622d370960,2025-03-16,2025,,,8.0,0.0,10.0,8.0,https://www.agoda.com/api/cronos/property/review/HotelReviews?hotelId=2937&pageSize=50&referer=https%3A%2F%2Fwww.agoda.com%2Fvenetian-resort-hotel-casino%2Fhotel%2Flas-vegas-nv-us.html&providerMode=separate,14,2026-06-07T16:23:33.156739+00:00
HVEGAS001,The Venetian Resort Las Vegas,Las Vegas,United States,booking_via_agoda,agoda,3038.0,Booking.com,30bc37055f5a17bb,2025-03-17,2025,,,8.0,0.0,10.0,8.0,https://www.agoda.com/api/cronos/property/review/HotelReviews?hotelId=2937&pageSize=50&referer=https%3A%2F%2Fwww.agoda.com%2Fvenetian-resort-hotel-casino%2Fhotel%2Flas-vegas-nv-us.html&providerMode=separate,14,2026-06-07T16:23:33.156739+00:00
HVEGAS001,The Venetian Resort Las Vegas,Las Vegas,United States,booking_via_agoda,agoda,3038.0,Booking.com,71a35296a89f9b0d,2025-03-17,2025,,,10.0,0.0,10.0,10.0,https://www.agoda.com/api/cronos/property/review/HotelReviews?hotelId=2937&pageSize=50&referer=https%3A%2F%2Fwww.agoda.com%2Fvenetian-resort-hotel-casino%2Fhotel%2Flas-vegas-nv-us.html&providerMode=separate,14,2026-06-07T16:23:33.156739+00:00
HVEGAS001,The Venetian Resort Las Vegas,Las Vegas,United States,booking_via_agoda,agoda,3038.0,Booking.com,e839db9d2c8d768b,2025-03-18,2025,,,10.0,0.0,10.0,10.0,https://www.agoda.com/api/cronos/property/review/HotelReviews?hotelId=2937&pageSize=50&referer=https%3A%2F%2Fwww.agoda.com%2Fvenetian-resort-hotel-casino%2Fhotel%2Flas-vegas-nv-us.html&providerMode=separate,14,2026-06-07T16:23:33.156739+00:00
HVEGAS001,The Venetian Resort Las Vegas,Las Vegas,United States,booking_via_agoda,agoda,3038.0,Booking.com,41aeb367e2eabe6a,2025-03-18,2025,,,9.0,0.0,10.0,9.0,https://www.agoda.com/api/cronos/property/review/HotelReviews?hotelId=2937&pageSize=50&referer=https%3A%2F%2Fwww.agoda.com%2Fvenetian-resort-hotel-casino%2Fhotel%2Flas-vegas-nv-us.html&providerMode=separate,14,2026-06-07T16:23:33.156739+00:00
HVEGAS001,The Venetian Resort Las Vegas,Las Vegas,United States,booking_via_agoda,agoda,3038.0,Booking.com,6b2ba9320ce70e17,2025-03-19,2025,,,8.0,0.0,10.0,8.0,https://www.agoda.com/api/cronos/property/review/HotelReviews?hotelId=2937&pageSize=50&referer=https%3A%2F%2Fwww.agoda.com%2Fvenetian-resort-hotel-casino%2Fhotel%2Flas-vegas-nv-us.html&providerMode=separate,14,2026-06-07T16:23:33.156739+00:00
HVEGAS001,The Venetian Resort Las Vegas,Las Vegas,United States,booking_via_agoda,agoda,3038.0,Booking.com,eb40b525927bc892,2025-03-19,2025,,,8.0,0.0,10.0,8.0,https://www.agoda.com/api/cronos/property/review/HotelReviews?hotelId=2937&pageSize=50&referer=https%3A%2F%2Fwww.agoda.com%2Fvenetian-resort-hotel-casino%2Fhotel%2Flas-vegas-nv-us.html&providerMode=separate,14,2026-06-07T16:23:33.156739+00:00
HVEGAS001,The Venetian Resort Las Vegas,Las Vegas,United States,booking_via_agoda,agoda,3038.0,Booking.com,f04d4cc2d333cc33,2025-03-19,2025,,,10.0,0.0,10.0,10.0,https://www.agoda.com/api/cronos/property/review/HotelReviews?hotelId=2937&pageSize=50&referer=https%3A%2F%2Fwww.agoda.com%2Fvenetian-resort-hotel-casino%2Fhotel%2Flas-vegas-nv-us.html&providerMode=separate,14,2026-06-07T16:23:33.156739+00:00
HVEGAS001,The Venetian Resort Las Vegas,Las Vegas,United States,booking_via_agoda,agoda,3038.0,Booking.com,2f760c086d928529,2025-03-19,2025,,,10.0,0.0,10.0,10.0,https://www.agoda.com/api/cronos/property/review/HotelReviews?hotelId=2937&pageSize=50&referer=https%3A%2F%2Fwww.agoda.com%2Fvenetian-resort-hotel-casino%2Fhotel%2Flas-vegas-nv-us.html&providerMode=separate,14,2026-06-07T16:23:33.156739+00:00
HVEGAS001,The Venetian Resort Las Vegas,Las Vegas,United States,booking_via_agoda,agoda,3038.0,Booking.com,a9f8a4b5f8573246,2025-03-22,2025,,,10.0,0.0,10.0,10.0,https://www.agoda.com/api/cronos/property/review/HotelReviews?hotelId=2937&pageSize=50&referer=https%3A%2F%2Fwww.agoda.com%2Fvenetian-resort-hotel-casino%2Fhotel%2Flas-vegas-nv-us.html&providerMode=separate,14,2026-06-07T16:23:33.156739+00:00
HVEGAS001,The Venetian Resort Las Vegas,Las Vegas,United States,booking_via_agoda,agoda,3038.0,Booking.com,cca40d375d26da7d,2025-03-24,2025,,,10.0,0.0,10.0,10.0,https://www.agoda.com/api/cronos/property/review/HotelReviews?hotelId=2937&pageSize=50&referer=https%3A%2F%2Fwww.agoda.com%2Fvenetian-resort-hotel-casino%2Fhotel%2Flas-vegas-nv-us.html&providerMode=separate,14,2026-06-07T16:23:33.156739+00:00
HVEGAS001,The Venetian Resort Las Vegas,Las Vegas,United States,booking_via_agoda,agoda,3038.0,Booking.com,18314397fd022724,2025-03-24,2025,,,10.0,0.0,10.0,10.0,https://www.agoda.com/api/cronos/property/review/HotelReviews?hotelId=2937&pageSize=50&referer=https%3A%2F%2Fwww.agoda.com%2Fvenetian-resort-hotel-casino%2Fhotel%2Flas-vegas-nv-us.html&providerMode=separate,14,2026-06-07T16:23:33.156739+00:00
HVEGAS001,The Venetian Resort Las Vegas,Las Vegas,United States,booking_via_agoda,agoda,3038.0,Booking.com,e32835fa19690f4a,2025-03-25,2025,,,10.0,0.0,10.0,10.0,https://www.agoda.com/api/cronos/property/review/HotelReviews?hotelId=2937&pageSize=50&referer=https%3A%2F%2Fwww.agoda.com%2Fvenetian-resort-hotel-casino%2Fhotel%2Flas-vegas-nv-us.html&providerMode=separate,14,2026-06-07T16:23:33.156739+00:00
HVEGAS001,The Venetian Resort Las Vegas,Las Vegas,United States,booking_via_agoda,agoda,3038.0,Booking.com,52f061a0b4f4ad65,2025-03-25,2025,,,10.0,0.0,10.0,10.0,https://www.agoda.com/api/cronos/property/review/HotelReviews?hotelId=2937&pageSize=50&referer=https%3A%2F%2Fwww.agoda.com%2Fvenetian-resort-hotel-casino%2Fhotel%2Flas-vegas-nv-us.html&providerMode=separate,14,2026-06-07T16:23:33.156739+00:00
HVEGAS001,The Venetian Resort Las Vegas,Las Vegas,United States,booking_via_agoda,agoda,3038.0,Booking.com,38c9a84f0d13cfca,2025-03-25,2025,,,10.0,0.0,10.0,10.0,https://www.agoda.com/api/cronos/property/review/HotelReviews?hotelId=2937&pageSize=50&referer=https%3A%2F%2Fwww.agoda.com%2Fvenetian-resort-hotel-casino%2Fhotel%2Flas-vegas-nv-us.html&providerMode=separate,14,2026-06-07T16:23:33.156739+00:00
HVEGAS001,The Venetian Resort Las Vegas,Las Vegas,United States,booking_via_agoda,agoda,3038.0,Booking.com,5ad64cb871533493,2025-03-25,2025,,,9.0,0.0,10.0,9.0,https://www.agoda.com/api/cronos/property/review/HotelReviews?hotelId=2937&pageSize=50&referer=https%3A%2F%2Fwww.agoda.com%2Fvenetian-resort-hotel-casino%2Fhotel%2Flas-vegas-nv-us.html&providerMode=separate,14,2026-06-07T16:23:33.156739+00:00
HVEGAS001,The Venetian Resort Las Vegas,Las Vegas,United States,booking_via_agoda,agoda,3038.0,Booking.com,b9121a8190ba1483,2025-03-26,2025,,,10.0,0.0,10.0,10.0,https://www.agoda.com/api/cronos/property/review/HotelReviews?hotelId=2937&pageSize=50&referer=https%3A%2F%2Fwww.agoda.com%2Fvenetian-resort-hotel-casino%2Fhotel%2Flas-vegas-nv-us.html&providerMode=separate,14,2026-06-07T16:23:33.156739+00:00
HVEGAS001,The Venetian Resort Las Vegas,Las Vegas,United States,booking_via_agoda,agoda,3038.0,Booking.com,8dbf83250269ce0b,2025-03-27,2025,,,9.0,0.0,10.0,9.0,https://www.agoda.com/api/cronos/property/review/HotelReviews?hotelId=2937&pageSize=50&referer=https%3A%2F%2Fwww.agoda.com%2Fvenetian-resort-hotel-casino%2Fhotel%2Flas-vegas-nv-us.html&providerMode=separate,14,2026-06-07T16:23:33.156739+00:00
HVEGAS001,The Venetian Resort Las Vegas,Las Vegas,United States,booking_via_agoda,agoda,3038.0,Booking.com,42a19e4c20aea21b,2025-03-27,2025,,,8.0,0.0,10.0,8.0,https://www.agoda.com/api/cronos/property/review/HotelReviews?hotelId=2937&pageSize=50&referer=https%3A%2F%2Fwww.agoda.com%2Fvenetian-resort-hotel-casino%2Fhotel%2Flas-vegas-nv-us.html&providerMode=separate,14,2026-06-07T16:23:33.156739+00:00
HVEGAS001,The Venetian Resort Las Vegas,Las Vegas,United States,booking_via_agoda,agoda,3038.0,Booking.com,7c61495ccd46eabf,2025-03-29,2025,,,10.0,0.0,10.0,10.0,https://www.agoda.com/api/cronos/property/review/HotelReviews?hotelId=2937&pageSize=50&referer=https%3A%2F%2Fwww.agoda.com%2Fvenetian-resort-hotel-casino%2Fhotel%2Flas-vegas-nv-us.html&providerMode=separate,14,2026-06-07T16:23:33.156739+00:00
HVEGAS001,The Venetian Resort Las Vegas,Las Vegas,United States,booking_via_agoda,agoda,3038.0,Booking.com,890fac100c5f212f,2025-03-29,2025,,,10.0,0.0,10.0,10.0,https://www.agoda.com/api/cronos/property/review/HotelReviews?hotelId=2937&pageSize=50&referer=https%3A%2F%2Fwww.agoda.com%2Fvenetian-resort-hotel-casino%2Fhotel%2Flas-vegas-nv-us.html&providerMode=separate,14,2026-06-07T16:23:33.156739+00:00
HVEGAS001,The Venetian Resort Las Vegas,Las Vegas,United States,booking_via_agoda,agoda,3038.0,Booking.com,dbcfc97535cd7e13,2025-03-31,2025,,,6.0,0.0,10.0,6.0,https://www.agoda.com/api/cronos/property/review/HotelReviews?hotelId=2937&pageSize=50&referer=https%3A%2F%2Fwww.agoda.com%2Fvenetian-resort-hotel-casino%2Fhotel%2Flas-vegas-nv-us.html&providerMode=separate,14,2026-06-07T16:23:33.156739+00:00
HVEGAS001,The Venetian Resort Las Vegas,Las Vegas,United States,booking_via_agoda,agoda,3038.0,Booking.com,b1ead532d4e155b1,2025-03-31,2025,,,1.0,0.0,10.0,1.0,https://www.agoda.com/api/cronos/property/review/HotelReviews?hotelId=2937&pageSize=50&referer=https%3A%2F%2Fwww.agoda.com%2Fvenetian-resort-hotel-casino%2Fhotel%2Flas-vegas-nv-us.html&providerMode=separate,14,2026-06-07T16:23:33.156739+00:00
HVEGAS001,The Venetian Resort Las Vegas,Las Vegas,United States,booking_via_agoda,agoda,3038.0,Booking.com,96a9f2d7c95dee24,2025-04-01,2025,,,8.0,0.0,10.0,8.0,https://www.agoda.com/api/cronos/property/review/HotelReviews?hotelId=2937&pageSize=50&referer=https%3A%2F%2Fwww.agoda.com%2Fvenetian-resort-hotel-casino%2Fhotel%2Flas-vegas-nv-us.html&providerMode=separate,14,2026-06-07T16:23:33.156739+00:00
HVEGAS001,The Venetian Resort Las Vegas,Las Vegas,United States,booking_via_agoda,agoda,3038.0,Booking.com,a80b0a12b0c0fc61,2025-04-02,2025,,,10.0,0.0,10.0,10.0,https://www.agoda.com/api/cronos/property/review/HotelReviews?hotelId=2937&pageSize=50&referer=https%3A%2F%2Fwww.agoda.com%2Fvenetian-resort-hotel-casino%2Fhotel%2Flas-vegas-nv-us.html&providerMode=separate,14,2026-06-07T16:23:33.156739+00:00
HVEGAS001,The Venetian Resort Las Vegas,Las Vegas,United States,booking_via_agoda,agoda,3038.0,Booking.com,50993610cf28b0ef,2025-04-02,2025,,,10.0,0.0,10.0,10.0,https://www.agoda.com/api/cronos/property/review/HotelReviews?hotelId=2937&pageSize=50&referer=https%3A%2F%2Fwww.agoda.com%2Fvenetian-resort-hotel-casino%2Fhotel%2Flas-vegas-nv-us.html&providerMode=separate,14,2026-06-07T16:23:33.156739+00:00
HVEGAS001,The Venetian Resort Las Vegas,Las Vegas,United States,booking_via_agoda,agoda,3038.0,Booking.com,969d40cc7f637d9a,2025-04-03,2025,,,10.0,0.0,10.0,10.0,https://www.agoda.com/api/cronos/property/review/HotelReviews?hotelId=2937&pageSize=50&referer=https%3A%2F%2Fwww.agoda.com%2Fvenetian-resort-hotel-casino%2Fhotel%2Flas-vegas-nv-us.html&providerMode=separate,14,2026-06-07T16:23:33.156739+00:00
HVEGAS001,The Venetian Resort Las Vegas,Las Vegas,United States,booking_via_agoda,agoda,3038.0,Booking.com,1725317fd52d057b,2025-04-05,2025,,,10.0,0.0,10.0,10.0,https://www.agoda.com/api/cronos/property/review/HotelReviews?hotelId=2937&pageSize=50&referer=https%3A%2F%2Fwww.agoda.com%2Fvenetian-resort-hotel-casino%2Fhotel%2Flas-vegas-nv-us.html&providerMode=separate,14,2026-06-07T16:23:33.156739+00:00
HVEGAS001,The Venetian Resort Las Vegas,Las Vegas,United States,booking_via_agoda,agoda,3038.0,Booking.com,d818d1b685643a59,2025-04-06,2025,,,10.0,0.0,10.0,10.0,https://www.agoda.com/api/cronos/property/review/HotelReviews?hotelId=2937&pageSize=50&referer=https%3A%2F%2Fwww.agoda.com%2Fvenetian-resort-hotel-casino%2Fhotel%2Flas-vegas-nv-us.html&providerMode=separate,14,2026-06-07T16:23:33.156739+00:00
HVEGAS001,The Venetian Resort Las Vegas,Las Vegas,United States,booking_via_agoda,agoda,3038.0,Booking.com,ae2a0409bdf4dbc2,2025-04-07,2025,,,7.0,0.0,10.0,7.0,https://www.agoda.com/api/cronos/property/review/HotelReviews?hotelId=2937&pageSize=50&referer=https%3A%2F%2Fwww.agoda.com%2Fvenetian-resort-hotel-casino%2Fhotel%2Flas-vegas-nv-us.html&providerMode=separate,14,2026-06-07T16:23:33.156739+00:00
HVEGAS001,The Venetian Resort Las Vegas,Las Vegas,United States,booking_via_agoda,agoda,3038.0,Booking.com,927bcbf76fc3bdca,2025-04-07,2025,,,10.0,0.0,10.0,10.0,https://www.agoda.com/api/cronos/property/review/HotelReviews?hotelId=2937&pageSize=50&referer=https%3A%2F%2Fwww.agoda.com%2Fvenetian-resort-hotel-casino%2Fhotel%2Flas-vegas-nv-us.html&providerMode=separate,14,2026-06-07T16:23:33.156739+00:00
HVEGAS001,The Venetian Resort Las Vegas,Las Vegas,United States,booking_via_agoda,agoda,3038.0,Booking.com,d42f4c243832c180,2025-04-07,2025,,,3.0,0.0,10.0,3.0,https://www.agoda.com/api/cronos/property/review/HotelReviews?hotelId=2937&pageSize=50&referer=https%3A%2F%2Fwww.agoda.com%2Fvenetian-resort-hotel-casino%2Fhotel%2Flas-vegas-nv-us.html&providerMode=separate,14,2026-06-07T16:23:33.156739+00:00
HVEGAS001,The Venetian Resort Las Vegas,Las Vegas,United States,booking_via_agoda,agoda,3038.0,Booking.com,5dc55af9e8d1fd0a,2025-04-08,2025,,,10.0,0.0,10.0,10.0,https://www.agoda.com/api/cronos/property/review/HotelReviews?hotelId=2937&pageSize=50&referer=https%3A%2F%2Fwww.agoda.com%2Fvenetian-resort-hotel-casino%2Fhotel%2Flas-vegas-nv-us.html&providerMode=separate,14,2026-06-07T16:23:33.156739+00:00
HVEGAS001,The Venetian Resort Las Vegas,Las Vegas,United States,booking_via_agoda,agoda,3038.0,Booking.com,0b6f6a8786679ba7,2025-04-10,2025,,,7.0,0.0,10.0,7.0,https://www.agoda.com/api/cronos/property/review/HotelReviews?hotelId=2937&pageSize=50&referer=https%3A%2F%2Fwww.agoda.com%2Fvenetian-resort-hotel-casino%2Fhotel%2Flas-vegas-nv-us.html&providerMode=separate,14,2026-06-07T16:23:33.156739+00:00
HVEGAS001,The Venetian Resort Las Vegas,Las Vegas,United States,booking_via_agoda,agoda,3038.0,Booking.com,45eb33ef5cae4f4c,2025-04-10,2025,,,6.0,0.0,10.0,6.0,https://www.agoda.com/api/cronos/property/review/HotelReviews?hotelId=2937&pageSize=50&referer=https%3A%2F%2Fwww.agoda.com%2Fvenetian-resort-hotel-casino%2Fhotel%2Flas-vegas-nv-us.html&providerMode=separate,14,2026-06-07T16:23:33.156739+00:00
HVEGAS001,The Venetian Resort Las Vegas,Las Vegas,United States,booking_via_agoda,agoda,3038.0,Booking.com,7aab7769dab457c7,2025-04-11,2025,,,10.0,0.0,10.0,10.0,https://www.agoda.com/api/cronos/property/review/HotelReviews?hotelId=2937&pageSize=50&referer=https%3A%2F%2Fwww.agoda.com%2Fvenetian-resort-hotel-casino%2Fhotel%2Flas-vegas-nv-us.html&providerMode=separate,13,2026-06-07T16:23:33.156739+00:00
HVEGAS001,The Venetian Resort Las Vegas,Las Vegas,United States,booking_via_agoda,agoda,3038.0,Booking.com,37d00cd83332205d,2025-04-13,2025,,,10.0,0.0,10.0,10.0,https://www.agoda.com/api/cronos/property/review/HotelReviews?hotelId=2937&pageSize=50&referer=https%3A%2F%2Fwww.agoda.com%2Fvenetian-resort-hotel-casino%2Fhotel%2Flas-vegas-nv-us.html&providerMode=separate,13,2026-06-07T16:23:33.156739+00:00
HVEGAS001,The Venetian Resort Las Vegas,Las Vegas,United States,booking_via_agoda,agoda,3038.0,Booking.com,b77aa6f272f43876,2025-04-13,2025,,,10.0,0.0,10.0,10.0,https://www.agoda.com/api/cronos/property/review/HotelReviews?hotelId=2937&pageSize=50&referer=https%3A%2F%2Fwww.agoda.com%2Fvenetian-resort-hotel-casino%2Fhotel%2Flas-vegas-nv-us.html&providerMode=separate,13,2026-06-07T16:23:33.156739+00:00
HVEGAS001,The Venetian Resort Las Vegas,Las Vegas,United States,booking_via_agoda,agoda,3038.0,Booking.com,accc7e854dcfaa44,2025-04-13,2025,,,10.0,0.0,10.0,10.0,https://www.agoda.com/api/cronos/property/review/HotelReviews?hotelId=2937&pageSize=50&referer=https%3A%2F%2Fwww.agoda.com%2Fvenetian-resort-hotel-casino%2Fhotel%2Flas-vegas-nv-us.html&providerMode=separate,13,2026-06-07T16:23:33.156739+00:00
HVEGAS001,The Venetian Resort Las Vegas,Las Vegas,United States,booking_via_agoda,agoda,3038.0,Booking.com,79d7bc27f5a0d52b,2025-04-13,2025,,,10.0,0.0,10.0,10.0,https://www.agoda.com/api/cronos/property/review/HotelReviews?hotelId=2937&pageSize=50&referer=https%3A%2F%2Fwww.agoda.com%2Fvenetian-resort-hotel-casino%2Fhotel%2Flas-vegas-nv-us.html&providerMode=separate,13,2026-06-07T16:23:33.156739+00:00
HVEGAS001,The Venetian Resort Las Vegas,Las Vegas,United States,booking_via_agoda,agoda,3038.0,Booking.com,e62af51ec9fa9cff,2025-04-13,2025,,,8.0,0.0,10.0,8.0,https://www.agoda.com/api/cronos/property/review/HotelReviews?hotelId=2937&pageSize=50&referer=https%3A%2F%2Fwww.agoda.com%2Fvenetian-resort-hotel-casino%2Fhotel%2Flas-vegas-nv-us.html&providerMode=separate,13,2026-06-07T16:23:33.156739+00:00
HVEGAS001,The Venetian Resort Las Vegas,Las Vegas,United States,booking_via_agoda,agoda,3038.0,Booking.com,cfd01d55c2b2d84a,2025-04-14,2025,,,5.0,0.0,10.0,5.0,https://www.agoda.com/api/cronos/property/review/HotelReviews?hotelId=2937&pageSize=50&referer=https%3A%2F%2Fwww.agoda.com%2Fvenetian-resort-hotel-casino%2Fhotel%2Flas-vegas-nv-us.html&providerMode=separate,13,2026-06-07T16:23:33.156739+00:00
HVEGAS001,The Venetian Resort Las Vegas,Las Vegas,United States,booking_via_agoda,agoda,3038.0,Booking.com,e71f713ce22cecb1,2025-04-15,2025,,,1.0,0.0,10.0,1.0,https://www.agoda.com/api/cronos/property/review/HotelReviews?hotelId=2937&pageSize=50&referer=https%3A%2F%2Fwww.agoda.com%2Fvenetian-resort-hotel-casino%2Fhotel%2Flas-vegas-nv-us.html&providerMode=separate,13,2026-06-07T16:23:33.156739+00:00
HVEGAS001,The Venetian Resort Las Vegas,Las Vegas,United States,booking_via_agoda,agoda,3038.0,Booking.com,655b5ef29cc00d78,2025-04-16,2025,,,7.0,0.0,10.0,7.0,https://www.agoda.com/api/cronos/property/review/HotelReviews?hotelId=2937&pageSize=50&referer=https%3A%2F%2Fwww.agoda.com%2Fvenetian-resort-hotel-casino%2Fhotel%2Flas-vegas-nv-us.html&providerMode=separate,13,2026-06-07T16:23:33.156739+00:00
HVEGAS001,The Venetian Resort Las Vegas,Las Vegas,United States,booking_via_agoda,agoda,3038.0,Booking.com,7ee550d556e57e1b,2025-04-17,2025,,,10.0,0.0,10.0,10.0,https://www.agoda.com/api/cronos/property/review/HotelReviews?hotelId=2937&pageSize=50&referer=https%3A%2F%2Fwww.agoda.com%2Fvenetian-resort-hotel-casino%2Fhotel%2Flas-vegas-nv-us.html&providerMode=separate,13,2026-06-07T16:23:33.156739+00:00
HVEGAS001,The Venetian Resort Las Vegas,Las Vegas,United States,booking_via_agoda,agoda,3038.0,Booking.com,627beb66b425964b,2025-04-21,2025,,,9.0,0.0,10.0,9.0,https://www.agoda.com/api/cronos/property/review/HotelReviews?hotelId=2937&pageSize=50&referer=https%3A%2F%2Fwww.agoda.com%2Fvenetian-resort-hotel-casino%2Fhotel%2Flas-vegas-nv-us.html&providerMode=separate,13,2026-06-07T16:23:33.156739+00:00
HVEGAS001,The Venetian Resort Las Vegas,Las Vegas,United States,booking_via_agoda,agoda,3038.0,Booking.com,3ecf3f51a6f121a9,2025-04-22,2025,,,4.0,0.0,10.0,4.0,https://www.agoda.com/api/cronos/property/review/HotelReviews?hotelId=2937&pageSize=50&referer=https%3A%2F%2Fwww.agoda.com%2Fvenetian-resort-hotel-casino%2Fhotel%2Flas-vegas-nv-us.html&providerMode=separate,13,2026-06-07T16:23:33.156739+00:00
HVEGAS001,The Venetian Resort Las Vegas,Las Vegas,United States,booking_via_agoda,agoda,3038.0,Booking.com,2f07eaf0e7f5e8f3,2025-04-27,2025,,,10.0,0.0,10.0,10.0,https://www.agoda.com/api/cronos/property/review/HotelReviews?hotelId=2937&pageSize=50&referer=https%3A%2F%2Fwww.agoda.com%2Fvenetian-resort-hotel-casino%2Fhotel%2Flas-vegas-nv-us.html&providerMode=separate,13,2026-06-07T16:23:33.156739+00:00
HVEGAS001,The Venetian Resort Las Vegas,Las Vegas,United States,booking_via_agoda,agoda,3038.0,Booking.com,f7bba09be024b79b,2025-04-28,2025,,,10.0,0.0,10.0,10.0,https://www.agoda.com/api/cronos/property/review/HotelReviews?hotelId=2937&pageSize=50&referer=https%3A%2F%2Fwww.agoda.com%2Fvenetian-resort-hotel-casino%2Fhotel%2Flas-vegas-nv-us.html&providerMode=separate,13,2026-06-07T16:23:33.156739+00:00
HVEGAS001,The Venetian Resort Las Vegas,Las Vegas,United States,booking_via_agoda,agoda,3038.0,Booking.com,0f8690819c4d27ec,2025-04-29,2025,,,10.0,0.0,10.0,10.0,https://www.agoda.com/api/cronos/property/review/HotelReviews?hotelId=2937&pageSize=50&referer=https%3A%2F%2Fwww.agoda.com%2Fvenetian-resort-hotel-casino%2Fhotel%2Flas-vegas-nv-us.html&providerMode=separate,13,2026-06-07T16:23:33.156739+00:00
HVEGAS001,The Venetian Resort Las Vegas,Las Vegas,United States,booking_via_agoda,agoda,3038.0,Booking.com,447ae20a84db0e5d,2025-04-29,2025,,,10.0,0.0,10.0,10.0,https://www.agoda.com/api/cronos/property/review/HotelReviews?hotelId=2937&pageSize=50&referer=https%3A%2F%2Fwww.agoda.com%2Fvenetian-resort-hotel-casino%2Fhotel%2Flas-vegas-nv-us.html&providerMode=separate,13,2026-06-07T16:23:33.156739+00:00
HVEGAS001,The Venetian Resort Las Vegas,Las Vegas,United States,booking_via_agoda,agoda,3038.0,Booking.com,c902dff33463a0cd,2025-05-02,2025,,,6.0,0.0,10.0,6.0,https://www.agoda.com/api/cronos/property/review/HotelReviews?hotelId=2937&pageSize=50&referer=https%3A%2F%2Fwww.agoda.com%2Fvenetian-resort-hotel-casino%2Fhotel%2Flas-vegas-nv-us.html&providerMode=separate,13,2026-06-07T16:23:33.156739+00:00
HVEGAS001,The Venetian Resort Las Vegas,Las Vegas,United States,booking_via_agoda,agoda,3038.0,Booking.com,c2ad42c1fe146dd3,2025-05-03,2025,,,10.0,0.0,10.0,10.0,https://www.agoda.com/api/cronos/property/review/HotelReviews?hotelId=2937&pageSize=50&referer=https%3A%2F%2Fwww.agoda.com%2Fvenetian-resort-hotel-casino%2Fhotel%2Flas-vegas-nv-us.html&providerMode=separate,13,2026-06-07T16:23:33.156739+00:00
HVEGAS001,The Venetian Resort Las Vegas,Las Vegas,United States,booking_via_agoda,agoda,3038.0,Booking.com,1ce3f8c32a6d6038,2025-05-03,2025,,,1.0,0.0,10.0,1.0,https://www.agoda.com/api/cronos/property/review/HotelReviews?hotelId=2937&pageSize=50&referer=https%3A%2F%2Fwww.agoda.com%2Fvenetian-resort-hotel-casino%2Fhotel%2Flas-vegas-nv-us.html&providerMode=separate,13,2026-06-07T16:23:33.156739+00:00
HVEGAS001,The Venetian Resort Las Vegas,Las Vegas,United States,booking_via_agoda,agoda,3038.0,Booking.com,c7016bf5f86fc470,2025-05-03,2025,,,8.0,0.0,10.0,8.0,https://www.agoda.com/api/cronos/property/review/HotelReviews?hotelId=2937&pageSize=50&referer=https%3A%2F%2Fwww.agoda.com%2Fvenetian-resort-hotel-casino%2Fhotel%2Flas-vegas-nv-us.html&providerMode=separate,13,2026-06-07T16:23:33.156739+00:00
HVEGAS001,The Venetian Resort Las Vegas,Las Vegas,United States,booking_via_agoda,agoda,3038.0,Booking.com,c1d605646a713a21,2025-05-05,2025,,,7.0,0.0,10.0,7.0,https://www.agoda.com/api/cronos/property/review/HotelReviews?hotelId=2937&pageSize=50&referer=https%3A%2F%2Fwww.agoda.com%2Fvenetian-resort-hotel-casino%2Fhotel%2Flas-vegas-nv-us.html&providerMode=separate,13,2026-06-07T16:23:33.156739+00:00
HVEGAS001,The Venetian Resort Las Vegas,Las Vegas,United States,booking_via_agoda,agoda,3038.0,Booking.com,50a88ad5131dc0e3,2025-05-05,2025,,,10.0,0.0,10.0,10.0,https://www.agoda.com/api/cronos/property/review/HotelReviews?hotelId=2937&pageSize=50&referer=https%3A%2F%2Fwww.agoda.com%2Fvenetian-resort-hotel-casino%2Fhotel%2Flas-vegas-nv-us.html&providerMode=separate,13,2026-06-07T16:23:33.156739+00:00
HVEGAS001,The Venetian Resort Las Vegas,Las Vegas,United States,booking_via_agoda,agoda,3038.0,Booking.com,05fd4eb3c1e56292,2025-05-06,2025,,,8.0,0.0,10.0,8.0,https://www.agoda.com/api/cronos/property/review/HotelReviews?hotelId=2937&pageSize=50&referer=https%3A%2F%2Fwww.agoda.com%2Fvenetian-resort-hotel-casino%2Fhotel%2Flas-vegas-nv-us.html&providerMode=separate,13,2026-06-07T16:23:33.156739+00:00
HVEGAS001,The Venetian Resort Las Vegas,Las Vegas,United States,booking_via_agoda,agoda,3038.0,Booking.com,e56bf9cb3ccddcba,2025-05-07,2025,,,10.0,0.0,10.0,10.0,https://www.agoda.com/api/cronos/property/review/HotelReviews?hotelId=2937&pageSize=50&referer=https%3A%2F%2Fwww.agoda.com%2Fvenetian-resort-hotel-casino%2Fhotel%2Flas-vegas-nv-us.html&providerMode=separate,13,2026-06-07T16:23:33.156739+00:00
HVEGAS001,The Venetian Resort Las Vegas,Las Vegas,United States,booking_via_agoda,agoda,3038.0,Booking.com,5fc79ad377234d53,2025-05-07,2025,,,9.0,0.0,10.0,9.0,https://www.agoda.com/api/cronos/property/review/HotelReviews?hotelId=2937&pageSize=50&referer=https%3A%2F%2Fwww.agoda.com%2Fvenetian-resort-hotel-casino%2Fhotel%2Flas-vegas-nv-us.html&providerMode=separate,13,2026-06-07T16:23:33.156739+00:00
HVEGAS001,The Venetian Resort Las Vegas,Las Vegas,United States,booking_via_agoda,agoda,3038.0,Booking.com,06d8d21ddf6a2947,2025-05-08,2025,,,10.0,0.0,10.0,10.0,https://www.agoda.com/api/cronos/property/review/HotelReviews?hotelId=2937&pageSize=50&referer=https%3A%2F%2Fwww.agoda.com%2Fvenetian-resort-hotel-casino%2Fhotel%2Flas-vegas-nv-us.html&providerMode=separate,13,2026-06-07T16:23:33.156739+00:00
HVEGAS001,The Venetian Resort Las Vegas,Las Vegas,United States,booking_via_agoda,agoda,3038.0,Booking.com,5215ff2b23801357,2025-05-08,2025,,,10.0,0.0,10.0,10.0,https://www.agoda.com/api/cronos/property/review/HotelReviews?hotelId=2937&pageSize=50&referer=https%3A%2F%2Fwww.agoda.com%2Fvenetian-resort-hotel-casino%2Fhotel%2Flas-vegas-nv-us.html&providerMode=separate,13,2026-06-07T16:23:33.156739+00:00
HVEGAS001,The Venetian Resort Las Vegas,Las Vegas,United States,booking_via_agoda,agoda,3038.0,Booking.com,df325146b798f969,2025-05-10,2025,,,9.0,0.0,10.0,9.0,https://www.agoda.com/api/cronos/property/review/HotelReviews?hotelId=2937&pageSize=50&referer=https%3A%2F%2Fwww.agoda.com%2Fvenetian-resort-hotel-casino%2Fhotel%2Flas-vegas-nv-us.html&providerMode=separate,13,2026-06-07T16:23:33.156739+00:00
HVEGAS001,The Venetian Resort Las Vegas,Las Vegas,United States,booking_via_agoda,agoda,3038.0,Booking.com,651cc2e004f25b7c,2025-05-12,2025,,,6.0,0.0,10.0,6.0,https://www.agoda.com/api/cronos/property/review/HotelReviews?hotelId=2937&pageSize=50&referer=https%3A%2F%2Fwww.agoda.com%2Fvenetian-resort-hotel-casino%2Fhotel%2Flas-vegas-nv-us.html&providerMode=separate,13,2026-06-07T16:23:33.156739+00:00
HVEGAS001,The Venetian Resort Las Vegas,Las Vegas,United States,booking_via_agoda,agoda,3038.0,Booking.com,c2f0b57c4ce9e5c1,2025-05-12,2025,,,10.0,0.0,10.0,10.0,https://www.agoda.com/api/cronos/property/review/HotelReviews?hotelId=2937&pageSize=50&referer=https%3A%2F%2Fwww.agoda.com%2Fvenetian-resort-hotel-casino%2Fhotel%2Flas-vegas-nv-us.html&providerMode=separate,13,2026-06-07T16:23:33.156739+00:00
HVEGAS001,The Venetian Resort Las Vegas,Las Vegas,United States,booking_via_agoda,agoda,3038.0,Booking.com,cfbb66232e072a26,2025-05-12,2025,,,2.0,0.0,10.0,2.0,https://www.agoda.com/api/cronos/property/review/HotelReviews?hotelId=2937&pageSize=50&referer=https%3A%2F%2Fwww.agoda.com%2Fvenetian-resort-hotel-casino%2Fhotel%2Flas-vegas-nv-us.html&providerMode=separate,13,2026-06-07T16:23:33.156739+00:00
HVEGAS001,The Venetian Resort Las Vegas,Las Vegas,United States,booking_via_agoda,agoda,3038.0,Booking.com,040dd4dedd2d5919,2025-05-13,2025,,,10.0,0.0,10.0,10.0,https://www.agoda.com/api/cronos/property/review/HotelReviews?hotelId=2937&pageSize=50&referer=https%3A%2F%2Fwww.agoda.com%2Fvenetian-resort-hotel-casino%2Fhotel%2Flas-vegas-nv-us.html&providerMode=separate,13,2026-06-07T16:23:33.156739+00:00
HVEGAS001,The Venetian Resort Las Vegas,Las Vegas,United States,booking_via_agoda,agoda,3038.0,Booking.com,c53c8c55673b5cac,2025-05-13,2025,,,10.0,0.0,10.0,10.0,https://www.agoda.com/api/cronos/property/review/HotelReviews?hotelId=2937&pageSize=50&referer=https%3A%2F%2Fwww.agoda.com%2Fvenetian-resort-hotel-casino%2Fhotel%2Flas-vegas-nv-us.html&providerMode=separate,13,2026-06-07T16:23:33.156739+00:00
HVEGAS001,The Venetian Resort Las Vegas,Las Vegas,United States,booking_via_agoda,agoda,3038.0,Booking.com,6b165fb1231a9845,2025-05-14,2025,,,4.0,0.0,10.0,4.0,https://www.agoda.com/api/cronos/property/review/HotelReviews?hotelId=2937&pageSize=50&referer=https%3A%2F%2Fwww.agoda.com%2Fvenetian-resort-hotel-casino%2Fhotel%2Flas-vegas-nv-us.html&providerMode=separate,13,2026-06-07T16:23:33.156739+00:00
HVEGAS001,The Venetian Resort Las Vegas,Las Vegas,United States,booking_via_agoda,agoda,3038.0,Booking.com,ecf640a722e35231,2025-05-14,2025,,,10.0,0.0,10.0,10.0,https://www.agoda.com/api/cronos/property/review/HotelReviews?hotelId=2937&pageSize=50&referer=https%3A%2F%2Fwww.agoda.com%2Fvenetian-resort-hotel-casino%2Fhotel%2Flas-vegas-nv-us.html&providerMode=separate,13,2026-06-07T16:23:33.156739+00:00
HVEGAS001,The Venetian Resort Las Vegas,Las Vegas,United States,booking_via_agoda,agoda,3038.0,Booking.com,02e583dbb0f4c5e6,2025-05-14,2025,,,8.0,0.0,10.0,8.0,https://www.agoda.com/api/cronos/property/review/HotelReviews?hotelId=2937&pageSize=50&referer=https%3A%2F%2Fwww.agoda.com%2Fvenetian-resort-hotel-casino%2Fhotel%2Flas-vegas-nv-us.html&providerMode=separate,13,2026-06-07T16:23:33.156739+00:00
HVEGAS001,The Venetian Resort Las Vegas,Las Vegas,United States,booking_via_agoda,agoda,3038.0,Booking.com,ba90233d1673e577,2025-05-15,2025,,,10.0,0.0,10.0,10.0,https://www.agoda.com/api/cronos/property/review/HotelReviews?hotelId=2937&pageSize=50&referer=https%3A%2F%2Fwww.agoda.com%2Fvenetian-resort-hotel-casino%2Fhotel%2Flas-vegas-nv-us.html&providerMode=separate,13,2026-06-07T16:23:33.156739+00:00
HVEGAS001,The Venetian Resort Las Vegas,Las Vegas,United States,booking_via_agoda,agoda,3038.0,Booking.com,7de3c138db46c43a,2025-05-15,2025,,,9.0,0.0,10.0,9.0,https://www.agoda.com/api/cronos/property/review/HotelReviews?hotelId=2937&pageSize=50&referer=https%3A%2F%2Fwww.agoda.com%2Fvenetian-resort-hotel-casino%2Fhotel%2Flas-vegas-nv-us.html&providerMode=separate,13,2026-06-07T16:23:33.156739+00:00
HVEGAS001,The Venetian Resort Las Vegas,Las Vegas,United States,booking_via_agoda,agoda,3038.0,Booking.com,8b0879fbfffcd997,2025-05-15,2025,,,10.0,0.0,10.0,10.0,https://www.agoda.com/api/cronos/property/review/HotelReviews?hotelId=2937&pageSize=50&referer=https%3A%2F%2Fwww.agoda.com%2Fvenetian-resort-hotel-casino%2Fhotel%2Flas-vegas-nv-us.html&providerMode=separate,13,2026-06-07T16:23:33.156739+00:00
HVEGAS001,The Venetian Resort Las Vegas,Las Vegas,United States,booking_via_agoda,agoda,3038.0,Booking.com,7e64122bc88f848e,2025-05-17,2025,,,9.0,0.0,10.0,9.0,https://www.agoda.com/api/cronos/property/review/HotelReviews?hotelId=2937&pageSize=50&referer=https%3A%2F%2Fwww.agoda.com%2Fvenetian-resort-hotel-casino%2Fhotel%2Flas-vegas-nv-us.html&providerMode=separate,13,2026-06-07T16:23:33.156739+00:00
HVEGAS001,The Venetian Resort Las Vegas,Las Vegas,United States,booking_via_agoda,agoda,3038.0,Booking.com,3ace5f4ae088e5fd,2025-05-18,2025,,,7.0,0.0,10.0,7.0,https://www.agoda.com/api/cronos/property/review/HotelReviews?hotelId=2937&pageSize=50&referer=https%3A%2F%2Fwww.agoda.com%2Fvenetian-resort-hotel-casino%2Fhotel%2Flas-vegas-nv-us.html&providerMode=separate,13,2026-06-07T16:23:33.156739+00:00
HVEGAS001,The Venetian Resort Las Vegas,Las Vegas,United States,booking_via_agoda,agoda,3038.0,Booking.com,bb404f10fcb6719a,2025-05-18,2025,,,10.0,0.0,10.0,10.0,https://www.agoda.com/api/cronos/property/review/HotelReviews?hotelId=2937&pageSize=50&referer=https%3A%2F%2Fwww.agoda.com%2Fvenetian-resort-hotel-casino%2Fhotel%2Flas-vegas-nv-us.html&providerMode=separate,13,2026-06-07T16:23:33.156739+00:00
HVEGAS001,The Venetian Resort Las Vegas,Las Vegas,United States,booking_via_agoda,agoda,3038.0,Booking.com,385623fb66215a0a,2025-05-24,2025,,,10.0,0.0,10.0,10.0,https://www.agoda.com/api/cronos/property/review/HotelReviews?hotelId=2937&pageSize=50&referer=https%3A%2F%2Fwww.agoda.com%2Fvenetian-resort-hotel-casino%2Fhotel%2Flas-vegas-nv-us.html&providerMode=separate,13,2026-06-07T16:23:33.156739+00:00
HVEGAS001,The Venetian Resort Las Vegas,Las Vegas,United States,booking_via_agoda,agoda,3038.0,Booking.com,7245811a5e530605,2025-05-28,2025,,,4.0,0.0,10.0,4.0,https://www.agoda.com/api/cronos/property/review/HotelReviews?hotelId=2937&pageSize=50&referer=https%3A%2F%2Fwww.agoda.com%2Fvenetian-resort-hotel-casino%2Fhotel%2Flas-vegas-nv-us.html&providerMode=separate,13,2026-06-07T16:23:33.156739+00:00
HVEGAS001,The Venetian Resort Las Vegas,Las Vegas,United States,booking_via_agoda,agoda,3038.0,Booking.com,5034e7252a16bb3f,2025-05-30,2025,,,10.0,0.0,10.0,10.0,https://www.agoda.com/api/cronos/property/review/HotelReviews?hotelId=2937&pageSize=50&referer=https%3A%2F%2Fwww.agoda.com%2Fvenetian-resort-hotel-casino%2Fhotel%2Flas-vegas-nv-us.html&providerMode=separate,13,2026-06-07T16:23:33.156739+00:00
HVEGAS001,The Venetian Resort Las Vegas,Las Vegas,United States,booking_via_agoda,agoda,3038.0,Booking.com,3de61db90c4aee31,2025-05-30,2025,,,10.0,0.0,10.0,10.0,https://www.agoda.com/api/cronos/property/review/HotelReviews?hotelId=2937&pageSize=50&referer=https%3A%2F%2Fwww.agoda.com%2Fvenetian-resort-hotel-casino%2Fhotel%2Flas-vegas-nv-us.html&providerMode=separate,13,2026-06-07T16:23:33.156739+00:00
HVEGAS001,The Venetian Resort Las Vegas,Las Vegas,United States,booking_via_agoda,agoda,3038.0,Booking.com,dfa9d1d40f7d680b,2025-05-30,2025,,,9.0,0.0,10.0,9.0,https://www.agoda.com/api/cronos/property/review/HotelReviews?hotelId=2937&pageSize=50&referer=https%3A%2F%2Fwww.agoda.com%2Fvenetian-resort-hotel-casino%2Fhotel%2Flas-vegas-nv-us.html&providerMode=separate,13,2026-06-07T16:23:33.156739+00:00
HVEGAS001,The Venetian Resort Las Vegas,Las Vegas,United States,booking_via_agoda,agoda,3038.0,Booking.com,beaf4c44944723cb,2025-05-30,2025,,,10.0,0.0,10.0,10.0,https://www.agoda.com/api/cronos/property/review/HotelReviews?hotelId=2937&pageSize=50&referer=https%3A%2F%2Fwww.agoda.com%2Fvenetian-resort-hotel-casino%2Fhotel%2Flas-vegas-nv-us.html&providerMode=separate,13,2026-06-07T16:23:33.156739+00:00
HVEGAS001,The Venetian Resort Las Vegas,Las Vegas,United States,booking_via_agoda,agoda,3038.0,Booking.com,93cb2303b39b0528,2025-05-31,2025,,,4.0,0.0,10.0,4.0,https://www.agoda.com/api/cronos/property/review/HotelReviews?hotelId=2937&pageSize=50&referer=https%3A%2F%2Fwww.agoda.com%2Fvenetian-resort-hotel-casino%2Fhotel%2Flas-vegas-nv-us.html&providerMode=separate,13,2026-06-07T16:23:33.156739+00:00
HVEGAS001,The Venetian Resort Las Vegas,Las Vegas,United States,booking_via_agoda,agoda,3038.0,Booking.com,37280004ee67215a,2025-06-01,2025,,,10.0,0.0,10.0,10.0,https://www.agoda.com/api/cronos/property/review/HotelReviews?hotelId=2937&pageSize=50&referer=https%3A%2F%2Fwww.agoda.com%2Fvenetian-resort-hotel-casino%2Fhotel%2Flas-vegas-nv-us.html&providerMode=separate,13,2026-06-07T16:23:33.156739+00:00
HVEGAS001,The Venetian Resort Las Vegas,Las Vegas,United States,booking_via_agoda,agoda,3038.0,Booking.com,588fb443bd3ff14b,2025-06-03,2025,,,6.0,0.0,10.0,6.0,https://www.agoda.com/api/cronos/property/review/HotelReviews?hotelId=2937&pageSize=50&referer=https%3A%2F%2Fwww.agoda.com%2Fvenetian-resort-hotel-casino%2Fhotel%2Flas-vegas-nv-us.html&providerMode=separate,12,2026-06-07T16:23:33.156739+00:00
HVEGAS001,The Venetian Resort Las Vegas,Las Vegas,United States,booking_via_agoda,agoda,3038.0,Booking.com,47587dff45a454e5,2025-06-03,2025,,,10.0,0.0,10.0,10.0,https://www.agoda.com/api/cronos/property/review/HotelReviews?hotelId=2937&pageSize=50&referer=https%3A%2F%2Fwww.agoda.com%2Fvenetian-resort-hotel-casino%2Fhotel%2Flas-vegas-nv-us.html&providerMode=separate,12,2026-06-07T16:23:33.156739+00:00
HVEGAS001,The Venetian Resort Las Vegas,Las Vegas,United States,booking_via_agoda,agoda,3038.0,Booking.com,c6d230a334cf738e,2025-06-04,2025,,,8.0,0.0,10.0,8.0,https://www.agoda.com/api/cronos/property/review/HotelReviews?hotelId=2937&pageSize=50&referer=https%3A%2F%2Fwww.agoda.com%2Fvenetian-resort-hotel-casino%2Fhotel%2Flas-vegas-nv-us.html&providerMode=separate,12,2026-06-07T16:23:33.156739+00:00
HVEGAS001,The Venetian Resort Las Vegas,Las Vegas,United States,booking_via_agoda,agoda,3038.0,Booking.com,5f60fd1ca22524db,2025-06-05,2025,,,10.0,0.0,10.0,10.0,https://www.agoda.com/api/cronos/property/review/HotelReviews?hotelId=2937&pageSize=50&referer=https%3A%2F%2Fwww.agoda.com%2Fvenetian-resort-hotel-casino%2Fhotel%2Flas-vegas-nv-us.html&providerMode=separate,12,2026-06-07T16:23:33.156739+00:00
HVEGAS001,The Venetian Resort Las Vegas,Las Vegas,United States,booking_via_agoda,agoda,3038.0,Booking.com,67658a10cf9e6b46,2025-06-07,2025,,,8.0,0.0,10.0,8.0,https://www.agoda.com/api/cronos/property/review/HotelReviews?hotelId=2937&pageSize=50&referer=https%3A%2F%2Fwww.agoda.com%2Fvenetian-resort-hotel-casino%2Fhotel%2Flas-vegas-nv-us.html&providerMode=separate,12,2026-06-07T16:23:33.156739+00:00
HVEGAS001,The Venetian Resort Las Vegas,Las Vegas,United States,booking_via_agoda,agoda,3038.0,Booking.com,0b308857817e319a,2025-06-07,2025,,,10.0,0.0,10.0,10.0,https://www.agoda.com/api/cronos/property/review/HotelReviews?hotelId=2937&pageSize=50&referer=https%3A%2F%2Fwww.agoda.com%2Fvenetian-resort-hotel-casino%2Fhotel%2Flas-vegas-nv-us.html&providerMode=separate,12,2026-06-07T16:23:33.156739+00:00
HVEGAS001,The Venetian Resort Las Vegas,Las Vegas,United States,booking_via_agoda,agoda,3038.0,Booking.com,f5cdb99ca71dea24,2025-06-10,2025,,,9.0,0.0,10.0,9.0,https://www.agoda.com/api/cronos/property/review/HotelReviews?hotelId=2937&pageSize=50&referer=https%3A%2F%2Fwww.agoda.com%2Fvenetian-resort-hotel-casino%2Fhotel%2Flas-vegas-nv-us.html&providerMode=separate,12,2026-06-07T16:23:33.156739+00:00
HVEGAS001,The Venetian Resort Las Vegas,Las Vegas,United States,booking_via_agoda,agoda,3038.0,Booking.com,ff30cc7a0b0670bb,2025-06-11,2025,,,9.0,0.0,10.0,9.0,https://www.agoda.com/api/cronos/property/review/HotelReviews?hotelId=2937&pageSize=50&referer=https%3A%2F%2Fwww.agoda.com%2Fvenetian-resort-hotel-casino%2Fhotel%2Flas-vegas-nv-us.html&providerMode=separate,12,2026-06-07T16:23:33.156739+00:00
HVEGAS001,The Venetian Resort Las Vegas,Las Vegas,United States,booking_via_agoda,agoda,3038.0,Booking.com,ceaa976c79942647,2025-06-12,2025,,,4.0,0.0,10.0,4.0,https://www.agoda.com/api/cronos/property/review/HotelReviews?hotelId=2937&pageSize=50&referer=https%3A%2F%2Fwww.agoda.com%2Fvenetian-resort-hotel-casino%2Fhotel%2Flas-vegas-nv-us.html&providerMode=separate,12,2026-06-07T16:23:33.156739+00:00
HVEGAS001,The Venetian Resort Las Vegas,Las Vegas,United States,booking_via_agoda,agoda,3038.0,Booking.com,4a3f459e147b98b8,2025-06-16,2025,,,9.0,0.0,10.0,9.0,https://www.agoda.com/api/cronos/property/review/HotelReviews?hotelId=2937&pageSize=50&referer=https%3A%2F%2Fwww.agoda.com%2Fvenetian-resort-hotel-casino%2Fhotel%2Flas-vegas-nv-us.html&providerMode=separate,12,2026-06-07T16:23:33.156739+00:00
HVEGAS001,The Venetian Resort Las Vegas,Las Vegas,United States,booking_via_agoda,agoda,3038.0,Booking.com,63ba65fa20eb0684,2025-06-16,2025,,,8.0,0.0,10.0,8.0,https://www.agoda.com/api/cronos/property/review/HotelReviews?hotelId=2937&pageSize=50&referer=https%3A%2F%2Fwww.agoda.com%2Fvenetian-resort-hotel-casino%2Fhotel%2Flas-vegas-nv-us.html&providerMode=separate,12,2026-06-07T16:23:33.156739+00:00
HVEGAS001,The Venetian Resort Las Vegas,Las Vegas,United States,booking_via_agoda,agoda,3038.0,Booking.com,f230c8af6fe44a2c,2025-06-17,2025,,,10.0,0.0,10.0,10.0,https://www.agoda.com/api/cronos/property/review/HotelReviews?hotelId=2937&pageSize=50&referer=https%3A%2F%2Fwww.agoda.com%2Fvenetian-resort-hotel-casino%2Fhotel%2Flas-vegas-nv-us.html&providerMode=separate,12,2026-06-07T16:23:33.156739+00:00
HVEGAS001,The Venetian Resort Las Vegas,Las Vegas,United States,booking_via_agoda,agoda,3038.0,Booking.com,9950413e5d854341,2025-06-18,2025,,,9.0,0.0,10.0,9.0,https://www.agoda.com/api/cronos/property/review/HotelReviews?hotelId=2937&pageSize=50&referer=https%3A%2F%2Fwww.agoda.com%2Fvenetian-resort-hotel-casino%2Fhotel%2Flas-vegas-nv-us.html&providerMode=separate,12,2026-06-07T16:23:33.156739+00:00
HVEGAS001,The Venetian Resort Las Vegas,Las Vegas,United States,booking_via_agoda,agoda,3038.0,Booking.com,46d4ee7f95c39443,2025-06-18,2025,,,10.0,0.0,10.0,10.0,https://www.agoda.com/api/cronos/property/review/HotelReviews?hotelId=2937&pageSize=50&referer=https%3A%2F%2Fwww.agoda.com%2Fvenetian-resort-hotel-casino%2Fhotel%2Flas-vegas-nv-us.html&providerMode=separate,12,2026-06-07T16:23:33.156739+00:00
HVEGAS001,The Venetian Resort Las Vegas,Las Vegas,United States,booking_via_agoda,agoda,3038.0,Booking.com,689c2a00280d5e94,2025-06-19,2025,,,10.0,0.0,10.0,10.0,https://www.agoda.com/api/cronos/property/review/HotelReviews?hotelId=2937&pageSize=50&referer=https%3A%2F%2Fwww.agoda.com%2Fvenetian-resort-hotel-casino%2Fhotel%2Flas-vegas-nv-us.html&providerMode=separate,12,2026-06-07T16:23:33.156739+00:00
HVEGAS001,The Venetian Resort Las Vegas,Las Vegas,United States,booking_via_agoda,agoda,3038.0,Booking.com,38b7388f541dae61,2025-06-19,2025,,,9.0,0.0,10.0,9.0,https://www.agoda.com/api/cronos/property/review/HotelReviews?hotelId=2937&pageSize=50&referer=https%3A%2F%2Fwww.agoda.com%2Fvenetian-resort-hotel-casino%2Fhotel%2Flas-vegas-nv-us.html&providerMode=separate,12,2026-06-07T16:23:33.156739+00:00
HVEGAS001,The Venetian Resort Las Vegas,Las Vegas,United States,booking_via_agoda,agoda,3038.0,Booking.com,953508e9b04ec345,2025-06-20,2025,,,10.0,0.0,10.0,10.0,https://www.agoda.com/api/cronos/property/review/HotelReviews?hotelId=2937&pageSize=50&referer=https%3A%2F%2Fwww.agoda.com%2Fvenetian-resort-hotel-casino%2Fhotel%2Flas-vegas-nv-us.html&providerMode=separate,12,2026-06-07T16:23:33.156739+00:00
HVEGAS001,The Venetian Resort Las Vegas,Las Vegas,United States,booking_via_agoda,agoda,3038.0,Booking.com,d3bc89be98260b42,2025-06-20,2025,,,10.0,0.0,10.0,10.0,https://www.agoda.com/api/cronos/property/review/HotelReviews?hotelId=2937&pageSize=50&referer=https%3A%2F%2Fwww.agoda.com%2Fvenetian-resort-hotel-casino%2Fhotel%2Flas-vegas-nv-us.html&providerMode=separate,12,2026-06-07T16:23:33.156739+00:00
HVEGAS001,The Venetian Resort Las Vegas,Las Vegas,United States,booking_via_agoda,agoda,3038.0,Booking.com,d87b0ef75cb561a1,2025-06-20,2025,,,10.0,0.0,10.0,10.0,https://www.agoda.com/api/cronos/property/review/HotelReviews?hotelId=2937&pageSize=50&referer=https%3A%2F%2Fwww.agoda.com%2Fvenetian-resort-hotel-casino%2Fhotel%2Flas-vegas-nv-us.html&providerMode=separate,12,2026-06-07T16:23:33.156739+00:00
HVEGAS001,The Venetian Resort Las Vegas,Las Vegas,United States,booking_via_agoda,agoda,3038.0,Booking.com,ff33a8a04ef19c63,2025-06-21,2025,,,9.0,0.0,10.0,9.0,https://www.agoda.com/api/cronos/property/review/HotelReviews?hotelId=2937&pageSize=50&referer=https%3A%2F%2Fwww.agoda.com%2Fvenetian-resort-hotel-casino%2Fhotel%2Flas-vegas-nv-us.html&providerMode=separate,12,2026-06-07T16:23:33.156739+00:00
HVEGAS001,The Venetian Resort Las Vegas,Las Vegas,United States,booking_via_agoda,agoda,3038.0,Booking.com,32436d4f6e425231,2025-06-21,2025,,,10.0,0.0,10.0,10.0,https://www.agoda.com/api/cronos/property/review/HotelReviews?hotelId=2937&pageSize=50&referer=https%3A%2F%2Fwww.agoda.com%2Fvenetian-resort-hotel-casino%2Fhotel%2Flas-vegas-nv-us.html&providerMode=separate,12,2026-06-07T16:23:33.156739+00:00
HVEGAS001,The Venetian Resort Las Vegas,Las Vegas,United States,booking_via_agoda,agoda,3038.0,Booking.com,f30e8e78a5a76ef5,2025-06-22,2025,,,10.0,0.0,10.0,10.0,https://www.agoda.com/api/cronos/property/review/HotelReviews?hotelId=2937&pageSize=50&referer=https%3A%2F%2Fwww.agoda.com%2Fvenetian-resort-hotel-casino%2Fhotel%2Flas-vegas-nv-us.html&providerMode=separate,12,2026-06-07T16:23:33.156739+00:00
HVEGAS001,The Venetian Resort Las Vegas,Las Vegas,United States,booking_via_agoda,agoda,3038.0,Booking.com,59efae4a9cc32bfc,2025-06-23,2025,,,10.0,0.0,10.0,10.0,https://www.agoda.com/api/cronos/property/review/HotelReviews?hotelId=2937&pageSize=50&referer=https%3A%2F%2Fwww.agoda.com%2Fvenetian-resort-hotel-casino%2Fhotel%2Flas-vegas-nv-us.html&providerMode=separate,12,2026-06-07T16:23:33.156739+00:00
HVEGAS001,The Venetian Resort Las Vegas,Las Vegas,United States,booking_via_agoda,agoda,3038.0,Booking.com,e7bcdd92ee1bf681,2025-06-23,2025,,,10.0,0.0,10.0,10.0,https://www.agoda.com/api/cronos/property/review/HotelReviews?hotelId=2937&pageSize=50&referer=https%3A%2F%2Fwww.agoda.com%2Fvenetian-resort-hotel-casino%2Fhotel%2Flas-vegas-nv-us.html&providerMode=separate,12,2026-06-07T16:23:33.156739+00:00
HVEGAS001,The Venetian Resort Las Vegas,Las Vegas,United States,booking_via_agoda,agoda,3038.0,Booking.com,fe307f0307fbb21a,2025-06-24,2025,,,8.0,0.0,10.0,8.0,https://www.agoda.com/api/cronos/property/review/HotelReviews?hotelId=2937&pageSize=50&referer=https%3A%2F%2Fwww.agoda.com%2Fvenetian-resort-hotel-casino%2Fhotel%2Flas-vegas-nv-us.html&providerMode=separate,12,2026-06-07T16:23:33.156739+00:00
HVEGAS001,The Venetian Resort Las Vegas,Las Vegas,United States,booking_via_agoda,agoda,3038.0,Booking.com,49dbf1e875efe408,2025-06-24,2025,,,10.0,0.0,10.0,10.0,https://www.agoda.com/api/cronos/property/review/HotelReviews?hotelId=2937&pageSize=50&referer=https%3A%2F%2Fwww.agoda.com%2Fvenetian-resort-hotel-casino%2Fhotel%2Flas-vegas-nv-us.html&providerMode=separate,12,2026-06-07T16:23:33.156739+00:00
HVEGAS001,The Venetian Resort Las Vegas,Las Vegas,United States,booking_via_agoda,agoda,3038.0,Booking.com,e98c3e8100a46694,2025-06-26,2025,,,4.0,0.0,10.0,4.0,https://www.agoda.com/api/cronos/property/review/HotelReviews?hotelId=2937&pageSize=50&referer=https%3A%2F%2Fwww.agoda.com%2Fvenetian-resort-hotel-casino%2Fhotel%2Flas-vegas-nv-us.html&providerMode=separate,12,2026-06-07T16:23:33.156739+00:00
HVEGAS001,The Venetian Resort Las Vegas,Las Vegas,United States,booking_via_agoda,agoda,3038.0,Booking.com,0c750cab9fa2d7b3,2025-06-27,2025,,,8.0,0.0,10.0,8.0,https://www.agoda.com/api/cronos/property/review/HotelReviews?hotelId=2937&pageSize=50&referer=https%3A%2F%2Fwww.agoda.com%2Fvenetian-resort-hotel-casino%2Fhotel%2Flas-vegas-nv-us.html&providerMode=separate,12,2026-06-07T16:23:33.156739+00:00
HVEGAS001,The Venetian Resort Las Vegas,Las Vegas,United States,booking_via_agoda,agoda,3038.0,Booking.com,0fdeb3f9acf43dee,2025-06-29,2025,,,10.0,0.0,10.0,10.0,https://www.agoda.com/api/cronos/property/review/HotelReviews?hotelId=2937&pageSize=50&referer=https%3A%2F%2Fwww.agoda.com%2Fvenetian-resort-hotel-casino%2Fhotel%2Flas-vegas-nv-us.html&providerMode=separate,12,2026-06-07T16:23:33.156739+00:00
HVEGAS001,The Venetian Resort Las Vegas,Las Vegas,United States,booking_via_agoda,agoda,3038.0,Booking.com,3908052204ac633b,2025-06-30,2025,,,9.0,0.0,10.0,9.0,https://www.agoda.com/api/cronos/property/review/HotelReviews?hotelId=2937&pageSize=50&referer=https%3A%2F%2Fwww.agoda.com%2Fvenetian-resort-hotel-casino%2Fhotel%2Flas-vegas-nv-us.html&providerMode=separate,12,2026-06-07T16:23:33.156739+00:00
HVEGAS001,The Venetian Resort Las Vegas,Las Vegas,United States,booking_via_agoda,agoda,3038.0,Booking.com,61db99f6d36292ee,2025-06-30,2025,,,9.0,0.0,10.0,9.0,https://www.agoda.com/api/cronos/property/review/HotelReviews?hotelId=2937&pageSize=50&referer=https%3A%2F%2Fwww.agoda.com%2Fvenetian-resort-hotel-casino%2Fhotel%2Flas-vegas-nv-us.html&providerMode=separate,12,2026-06-07T16:23:33.156739+00:00
HVEGAS001,The Venetian Resort Las Vegas,Las Vegas,United States,booking_via_agoda,agoda,3038.0,Booking.com,961a0c4c13dde335,2025-06-30,2025,,,1.0,0.0,10.0,1.0,https://www.agoda.com/api/cronos/property/review/HotelReviews?hotelId=2937&pageSize=50&referer=https%3A%2F%2Fwww.agoda.com%2Fvenetian-resort-hotel-casino%2Fhotel%2Flas-vegas-nv-us.html&providerMode=separate,12,2026-06-07T16:23:33.156739+00:00
HVEGAS001,The Venetian Resort Las Vegas,Las Vegas,United States,booking_via_agoda,agoda,3038.0,Booking.com,96b639e3ce10afe3,2025-07-01,2025,,,9.0,0.0,10.0,9.0,https://www.agoda.com/api/cronos/property/review/HotelReviews?hotelId=2937&pageSize=50&referer=https%3A%2F%2Fwww.agoda.com%2Fvenetian-resort-hotel-casino%2Fhotel%2Flas-vegas-nv-us.html&providerMode=separate,12,2026-06-07T16:23:33.156739+00:00
HVEGAS001,The Venetian Resort Las Vegas,Las Vegas,United States,booking_via_agoda,agoda,3038.0,Booking.com,e1b965b882d6e58e,2025-07-01,2025,,,8.0,0.0,10.0,8.0,https://www.agoda.com/api/cronos/property/review/HotelReviews?hotelId=2937&pageSize=50&referer=https%3A%2F%2Fwww.agoda.com%2Fvenetian-resort-hotel-casino%2Fhotel%2Flas-vegas-nv-us.html&providerMode=separate,12,2026-06-07T16:23:33.156739+00:00
HVEGAS001,The Venetian Resort Las Vegas,Las Vegas,United States,booking_via_agoda,agoda,3038.0,Booking.com,c98f760c7846317f,2025-07-01,2025,,,10.0,0.0,10.0,10.0,https://www.agoda.com/api/cronos/property/review/HotelReviews?hotelId=2937&pageSize=50&referer=https%3A%2F%2Fwww.agoda.com%2Fvenetian-resort-hotel-casino%2Fhotel%2Flas-vegas-nv-us.html&providerMode=separate,12,2026-06-07T16:23:33.156739+00:00
HVEGAS001,The Venetian Resort Las Vegas,Las Vegas,United States,booking_via_agoda,agoda,3038.0,Booking.com,26f040a69618ffa2,2025-07-02,2025,,,10.0,0.0,10.0,10.0,https://www.agoda.com/api/cronos/property/review/HotelReviews?hotelId=2937&pageSize=50&referer=https%3A%2F%2Fwww.agoda.com%2Fvenetian-resort-hotel-casino%2Fhotel%2Flas-vegas-nv-us.html&providerMode=separate,12,2026-06-07T16:23:33.156739+00:00
HVEGAS001,The Venetian Resort Las Vegas,Las Vegas,United States,booking_via_agoda,agoda,3038.0,Booking.com,01b65495c5bbd8b7,2025-07-02,2025,,,10.0,0.0,10.0,10.0,https://www.agoda.com/api/cronos/property/review/HotelReviews?hotelId=2937&pageSize=50&referer=https%3A%2F%2Fwww.agoda.com%2Fvenetian-resort-hotel-casino%2Fhotel%2Flas-vegas-nv-us.html&providerMode=separate,12,2026-06-07T16:23:33.156739+00:00
HVEGAS001,The Venetian Resort Las Vegas,Las Vegas,United States,booking_via_agoda,agoda,3038.0,Booking.com,4d1978a9dbab1ad6,2025-07-02,2025,,,10.0,0.0,10.0,10.0,https://www.agoda.com/api/cronos/property/review/HotelReviews?hotelId=2937&pageSize=50&referer=https%3A%2F%2Fwww.agoda.com%2Fvenetian-resort-hotel-casino%2Fhotel%2Flas-vegas-nv-us.html&providerMode=separate,12,2026-06-07T16:23:33.156739+00:00
HVEGAS001,The Venetian Resort Las Vegas,Las Vegas,United States,booking_via_agoda,agoda,3038.0,Booking.com,7efef5ca701a94b5,2025-07-03,2025,,,8.0,0.0,10.0,8.0,https://www.agoda.com/api/cronos/property/review/HotelReviews?hotelId=2937&pageSize=50&referer=https%3A%2F%2Fwww.agoda.com%2Fvenetian-resort-hotel-casino%2Fhotel%2Flas-vegas-nv-us.html&providerMode=separate,12,2026-06-07T16:23:33.156739+00:00
HVEGAS001,The Venetian Resort Las Vegas,Las Vegas,United States,booking_via_agoda,agoda,3038.0,Booking.com,bafa23073d53c59f,2025-07-04,2025,,,8.0,0.0,10.0,8.0,https://www.agoda.com/api/cronos/property/review/HotelReviews?hotelId=2937&pageSize=50&referer=https%3A%2F%2Fwww.agoda.com%2Fvenetian-resort-hotel-casino%2Fhotel%2Flas-vegas-nv-us.html&providerMode=separate,12,2026-06-07T16:23:33.156739+00:00
HVEGAS001,The Venetian Resort Las Vegas,Las Vegas,United States,booking_via_agoda,agoda,3038.0,Booking.com,9fe8a8e3403b25bf,2025-07-05,2025,,,1.0,0.0,10.0,1.0,https://www.agoda.com/api/cronos/property/review/HotelReviews?hotelId=2937&pageSize=50&referer=https%3A%2F%2Fwww.agoda.com%2Fvenetian-resort-hotel-casino%2Fhotel%2Flas-vegas-nv-us.html&providerMode=separate,12,2026-06-07T16:23:33.156739+00:00
HVEGAS001,The Venetian Resort Las Vegas,Las Vegas,United States,booking_via_agoda,agoda,3038.0,Booking.com,dad6387a001d7fc3,2025-07-06,2025,,,10.0,0.0,10.0,10.0,https://www.agoda.com/api/cronos/property/review/HotelReviews?hotelId=2937&pageSize=50&referer=https%3A%2F%2Fwww.agoda.com%2Fvenetian-resort-hotel-casino%2Fhotel%2Flas-vegas-nv-us.html&providerMode=separate,12,2026-06-07T16:23:33.156739+00:00
HVEGAS001,The Venetian Resort Las Vegas,Las Vegas,United States,booking_via_agoda,agoda,3038.0,Booking.com,b70213364525ecc6,2025-07-07,2025,,,10.0,0.0,10.0,10.0,https://www.agoda.com/api/cronos/property/review/HotelReviews?hotelId=2937&pageSize=50&referer=https%3A%2F%2Fwww.agoda.com%2Fvenetian-resort-hotel-casino%2Fhotel%2Flas-vegas-nv-us.html&providerMode=separate,12,2026-06-07T16:23:33.156739+00:00
HVEGAS001,The Venetian Resort Las Vegas,Las Vegas,United States,booking_via_agoda,agoda,3038.0,Booking.com,b5261af743b72603,2025-07-08,2025,,,9.0,0.0,10.0,9.0,https://www.agoda.com/api/cronos/property/review/HotelReviews?hotelId=2937&pageSize=50&referer=https%3A%2F%2Fwww.agoda.com%2Fvenetian-resort-hotel-casino%2Fhotel%2Flas-vegas-nv-us.html&providerMode=separate,12,2026-06-07T16:23:33.156739+00:00
HVEGAS001,The Venetian Resort Las Vegas,Las Vegas,United States,booking_via_agoda,agoda,3038.0,Booking.com,c5ddffb9bcf77b68,2025-07-08,2025,,,10.0,0.0,10.0,10.0,https://www.agoda.com/api/cronos/property/review/HotelReviews?hotelId=2937&pageSize=50&referer=https%3A%2F%2Fwww.agoda.com%2Fvenetian-resort-hotel-casino%2Fhotel%2Flas-vegas-nv-us.html&providerMode=separate,12,2026-06-07T16:23:33.156739+00:00
HVEGAS001,The Venetian Resort Las Vegas,Las Vegas,United States,booking_via_agoda,agoda,3038.0,Booking.com,b6ef5a7ff932d3a5,2025-07-09,2025,,,10.0,0.0,10.0,10.0,https://www.agoda.com/api/cronos/property/review/HotelReviews?hotelId=2937&pageSize=50&referer=https%3A%2F%2Fwww.agoda.com%2Fvenetian-resort-hotel-casino%2Fhotel%2Flas-vegas-nv-us.html&providerMode=separate,12,2026-06-07T16:23:33.156739+00:00
HVEGAS001,The Venetian Resort Las Vegas,Las Vegas,United States,booking_via_agoda,agoda,3038.0,Booking.com,eafc3dceba39536e,2025-07-09,2025,,,10.0,0.0,10.0,10.0,https://www.agoda.com/api/cronos/property/review/HotelReviews?hotelId=2937&pageSize=50&referer=https%3A%2F%2Fwww.agoda.com%2Fvenetian-resort-hotel-casino%2Fhotel%2Flas-vegas-nv-us.html&providerMode=separate,12,2026-06-07T16:23:33.156739+00:00
HVEGAS001,The Venetian Resort Las Vegas,Las Vegas,United States,booking_via_agoda,agoda,3038.0,Booking.com,fc4fea088f969305,2025-07-11,2025,,,8.0,0.0,10.0,8.0,https://www.agoda.com/api/cronos/property/review/HotelReviews?hotelId=2937&pageSize=50&referer=https%3A%2F%2Fwww.agoda.com%2Fvenetian-resort-hotel-casino%2Fhotel%2Flas-vegas-nv-us.html&providerMode=separate,12,2026-06-07T16:23:33.156739+00:00
HVEGAS001,The Venetian Resort Las Vegas,Las Vegas,United States,booking_via_agoda,agoda,3038.0,Booking.com,3d33e8266abd0be7,2025-07-11,2025,,,9.0,0.0,10.0,9.0,https://www.agoda.com/api/cronos/property/review/HotelReviews?hotelId=2937&pageSize=50&referer=https%3A%2F%2Fwww.agoda.com%2Fvenetian-resort-hotel-casino%2Fhotel%2Flas-vegas-nv-us.html&providerMode=separate,12,2026-06-07T16:23:33.156739+00:00
HVEGAS001,The Venetian Resort Las Vegas,Las Vegas,United States,booking_via_agoda,agoda,3038.0,Booking.com,797a157f569e0da3,2025-07-12,2025,,,9.0,0.0,10.0,9.0,https://www.agoda.com/api/cronos/property/review/HotelReviews?hotelId=2937&pageSize=50&referer=https%3A%2F%2Fwww.agoda.com%2Fvenetian-resort-hotel-casino%2Fhotel%2Flas-vegas-nv-us.html&providerMode=separate,12,2026-06-07T16:23:33.156739+00:00
HVEGAS001,The Venetian Resort Las Vegas,Las Vegas,United States,booking_via_agoda,agoda,3038.0,Booking.com,915a26fb01f5061e,2025-07-13,2025,,,8.0,0.0,10.0,8.0,https://www.agoda.com/api/cronos/property/review/HotelReviews?hotelId=2937&pageSize=50&referer=https%3A%2F%2Fwww.agoda.com%2Fvenetian-resort-hotel-casino%2Fhotel%2Flas-vegas-nv-us.html&providerMode=separate,11,2026-06-07T16:23:33.156739+00:00
HVEGAS001,The Venetian Resort Las Vegas,Las Vegas,United States,booking_via_agoda,agoda,3038.0,Booking.com,7cbf49b10a1c53a6,2025-07-13,2025,,,8.0,0.0,10.0,8.0,https://www.agoda.com/api/cronos/property/review/HotelReviews?hotelId=2937&pageSize=50&referer=https%3A%2F%2Fwww.agoda.com%2Fvenetian-resort-hotel-casino%2Fhotel%2Flas-vegas-nv-us.html&providerMode=separate,11,2026-06-07T16:23:33.156739+00:00
HVEGAS001,The Venetian Resort Las Vegas,Las Vegas,United States,booking_via_agoda,agoda,3038.0,Booking.com,038f88269b67e9c9,2025-07-13,2025,,,10.0,0.0,10.0,10.0,https://www.agoda.com/api/cronos/property/review/HotelReviews?hotelId=2937&pageSize=50&referer=https%3A%2F%2Fwww.agoda.com%2Fvenetian-resort-hotel-casino%2Fhotel%2Flas-vegas-nv-us.html&providerMode=separate,11,2026-06-07T16:23:33.156739+00:00
HVEGAS001,The Venetian Resort Las Vegas,Las Vegas,United States,booking_via_agoda,agoda,3038.0,Booking.com,815568b7b1dd5660,2025-07-14,2025,,,1.0,0.0,10.0,1.0,https://www.agoda.com/api/cronos/property/review/HotelReviews?hotelId=2937&pageSize=50&referer=https%3A%2F%2Fwww.agoda.com%2Fvenetian-resort-hotel-casino%2Fhotel%2Flas-vegas-nv-us.html&providerMode=separate,11,2026-06-07T16:23:33.156739+00:00
HVEGAS001,The Venetian Resort Las Vegas,Las Vegas,United States,booking_via_agoda,agoda,3038.0,Booking.com,1ab4838aaad76f74,2025-07-14,2025,,,9.0,0.0,10.0,9.0,https://www.agoda.com/api/cronos/property/review/HotelReviews?hotelId=2937&pageSize=50&referer=https%3A%2F%2Fwww.agoda.com%2Fvenetian-resort-hotel-casino%2Fhotel%2Flas-vegas-nv-us.html&providerMode=separate,11,2026-06-07T16:23:33.156739+00:00
HVEGAS001,The Venetian Resort Las Vegas,Las Vegas,United States,booking_via_agoda,agoda,3038.0,Booking.com,198d51d42f311686,2025-07-15,2025,,,10.0,0.0,10.0,10.0,https://www.agoda.com/api/cronos/property/review/HotelReviews?hotelId=2937&pageSize=50&referer=https%3A%2F%2Fwww.agoda.com%2Fvenetian-resort-hotel-casino%2Fhotel%2Flas-vegas-nv-us.html&providerMode=separate,11,2026-06-07T16:23:33.156739+00:00
HVEGAS001,The Venetian Resort Las Vegas,Las Vegas,United States,booking_via_agoda,agoda,3038.0,Booking.com,d406b6982d50d3a1,2025-07-15,2025,,,10.0,0.0,10.0,10.0,https://www.agoda.com/api/cronos/property/review/HotelReviews?hotelId=2937&pageSize=50&referer=https%3A%2F%2Fwww.agoda.com%2Fvenetian-resort-hotel-casino%2Fhotel%2Flas-vegas-nv-us.html&providerMode=separate,11,2026-06-07T16:23:33.156739+00:00
HVEGAS001,The Venetian Resort Las Vegas,Las Vegas,United States,booking_via_agoda,agoda,3038.0,Booking.com,0eb393475a533cd8,2025-07-18,2025,,,10.0,0.0,10.0,10.0,https://www.agoda.com/api/cronos/property/review/HotelReviews?hotelId=2937&pageSize=50&referer=https%3A%2F%2Fwww.agoda.com%2Fvenetian-resort-hotel-casino%2Fhotel%2Flas-vegas-nv-us.html&providerMode=separate,11,2026-06-07T16:23:33.156739+00:00
HVEGAS001,The Venetian Resort Las Vegas,Las Vegas,United States,booking_via_agoda,agoda,3038.0,Booking.com,79d9c0802bed9816,2025-07-19,2025,,,10.0,0.0,10.0,10.0,https://www.agoda.com/api/cronos/property/review/HotelReviews?hotelId=2937&pageSize=50&referer=https%3A%2F%2Fwww.agoda.com%2Fvenetian-resort-hotel-casino%2Fhotel%2Flas-vegas-nv-us.html&providerMode=separate,11,2026-06-07T16:23:33.156739+00:00
HVEGAS001,The Venetian Resort Las Vegas,Las Vegas,United States,booking_via_agoda,agoda,3038.0,Booking.com,707258eada36b9d8,2025-07-19,2025,,,10.0,0.0,10.0,10.0,https://www.agoda.com/api/cronos/property/review/HotelReviews?hotelId=2937&pageSize=50&referer=https%3A%2F%2Fwww.agoda.com%2Fvenetian-resort-hotel-casino%2Fhotel%2Flas-vegas-nv-us.html&providerMode=separate,11,2026-06-07T16:23:33.156739+00:00
HVEGAS001,The Venetian Resort Las Vegas,Las Vegas,United States,booking_via_agoda,agoda,3038.0,Booking.com,4b20c19ad071744f,2025-07-20,2025,,,8.0,0.0,10.0,8.0,https://www.agoda.com/api/cronos/property/review/HotelReviews?hotelId=2937&pageSize=50&referer=https%3A%2F%2Fwww.agoda.com%2Fvenetian-resort-hotel-casino%2Fhotel%2Flas-vegas-nv-us.html&providerMode=separate,11,2026-06-07T16:23:33.156739+00:00
HVEGAS001,The Venetian Resort Las Vegas,Las Vegas,United States,booking_via_agoda,agoda,3038.0,Booking.com,d2227201a34783aa,2025-07-20,2025,,,10.0,0.0,10.0,10.0,https://www.agoda.com/api/cronos/property/review/HotelReviews?hotelId=2937&pageSize=50&referer=https%3A%2F%2Fwww.agoda.com%2Fvenetian-resort-hotel-casino%2Fhotel%2Flas-vegas-nv-us.html&providerMode=separate,11,2026-06-07T16:23:33.156739+00:00
HVEGAS001,The Venetian Resort Las Vegas,Las Vegas,United States,booking_via_agoda,agoda,3038.0,Booking.com,fd457c2ff4ea2aac,2025-07-20,2025,,,9.0,0.0,10.0,9.0,https://www.agoda.com/api/cronos/property/review/HotelReviews?hotelId=2937&pageSize=50&referer=https%3A%2F%2Fwww.agoda.com%2Fvenetian-resort-hotel-casino%2Fhotel%2Flas-vegas-nv-us.html&providerMode=separate,11,2026-06-07T16:23:33.156739+00:00
HVEGAS001,The Venetian Resort Las Vegas,Las Vegas,United States,booking_via_agoda,agoda,3038.0,Booking.com,10f40187cf1ed909,2025-07-22,2025,,,4.0,0.0,10.0,4.0,https://www.agoda.com/api/cronos/property/review/HotelReviews?hotelId=2937&pageSize=50&referer=https%3A%2F%2Fwww.agoda.com%2Fvenetian-resort-hotel-casino%2Fhotel%2Flas-vegas-nv-us.html&providerMode=separate,11,2026-06-07T16:23:33.156739+00:00
HVEGAS001,The Venetian Resort Las Vegas,Las Vegas,United States,booking_via_agoda,agoda,3038.0,Booking.com,ac041497247b1762,2025-07-24,2025,,,1.0,0.0,10.0,1.0,https://www.agoda.com/api/cronos/property/review/HotelReviews?hotelId=2937&pageSize=50&referer=https%3A%2F%2Fwww.agoda.com%2Fvenetian-resort-hotel-casino%2Fhotel%2Flas-vegas-nv-us.html&providerMode=separate,11,2026-06-07T16:23:33.156739+00:00
HVEGAS001,The Venetian Resort Las Vegas,Las Vegas,United States,booking_via_agoda,agoda,3038.0,Booking.com,42c1e24c298b3553,2025-07-24,2025,,,1.0,0.0,10.0,1.0,https://www.agoda.com/api/cronos/property/review/HotelReviews?hotelId=2937&pageSize=50&referer=https%3A%2F%2Fwww.agoda.com%2Fvenetian-resort-hotel-casino%2Fhotel%2Flas-vegas-nv-us.html&providerMode=separate,11,2026-06-07T16:23:33.156739+00:00
HVEGAS001,The Venetian Resort Las Vegas,Las Vegas,United States,booking_via_agoda,agoda,3038.0,Booking.com,dc8c6bc152e3faa3,2025-07-25,2025,,,7.0,0.0,10.0,7.0,https://www.agoda.com/api/cronos/property/review/HotelReviews?hotelId=2937&pageSize=50&referer=https%3A%2F%2Fwww.agoda.com%2Fvenetian-resort-hotel-casino%2Fhotel%2Flas-vegas-nv-us.html&providerMode=separate,11,2026-06-07T16:23:33.156739+00:00
HVEGAS001,The Venetian Resort Las Vegas,Las Vegas,United States,booking_via_agoda,agoda,3038.0,Booking.com,f0c1d34a73e33741,2025-07-25,2025,,,8.0,0.0,10.0,8.0,https://www.agoda.com/api/cronos/property/review/HotelReviews?hotelId=2937&pageSize=50&referer=https%3A%2F%2Fwww.agoda.com%2Fvenetian-resort-hotel-casino%2Fhotel%2Flas-vegas-nv-us.html&providerMode=separate,11,2026-06-07T16:23:33.156739+00:00
HVEGAS001,The Venetian Resort Las Vegas,Las Vegas,United States,booking_via_agoda,agoda,3038.0,Booking.com,f7af52deaac2410c,2025-07-26,2025,,,9.0,0.0,10.0,9.0,https://www.agoda.com/api/cronos/property/review/HotelReviews?hotelId=2937&pageSize=50&referer=https%3A%2F%2Fwww.agoda.com%2Fvenetian-resort-hotel-casino%2Fhotel%2Flas-vegas-nv-us.html&providerMode=separate,11,2026-06-07T16:23:33.156739+00:00
HVEGAS001,The Venetian Resort Las Vegas,Las Vegas,United States,booking_via_agoda,agoda,3038.0,Booking.com,47d70006c4af267b,2025-07-26,2025,,,10.0,0.0,10.0,10.0,https://www.agoda.com/api/cronos/property/review/HotelReviews?hotelId=2937&pageSize=50&referer=https%3A%2F%2Fwww.agoda.com%2Fvenetian-resort-hotel-casino%2Fhotel%2Flas-vegas-nv-us.html&providerMode=separate,11,2026-06-07T16:23:33.156739+00:00
HVEGAS001,The Venetian Resort Las Vegas,Las Vegas,United States,booking_via_agoda,agoda,3038.0,Booking.com,a2eddb724d96aca5,2025-07-27,2025,,,8.0,0.0,10.0,8.0,https://www.agoda.com/api/cronos/property/review/HotelReviews?hotelId=2937&pageSize=50&referer=https%3A%2F%2Fwww.agoda.com%2Fvenetian-resort-hotel-casino%2Fhotel%2Flas-vegas-nv-us.html&providerMode=separate,11,2026-06-07T16:23:33.156739+00:00
HVEGAS001,The Venetian Resort Las Vegas,Las Vegas,United States,booking_via_agoda,agoda,3038.0,Booking.com,df82ac0ae7af3438,2025-07-27,2025,,,10.0,0.0,10.0,10.0,https://www.agoda.com/api/cronos/property/review/HotelReviews?hotelId=2937&pageSize=50&referer=https%3A%2F%2Fwww.agoda.com%2Fvenetian-resort-hotel-casino%2Fhotel%2Flas-vegas-nv-us.html&providerMode=separate,11,2026-06-07T16:23:33.156739+00:00
HVEGAS001,The Venetian Resort Las Vegas,Las Vegas,United States,booking_via_agoda,agoda,3038.0,Booking.com,50b097e584977ecb,2025-07-27,2025,,,10.0,0.0,10.0,10.0,https://www.agoda.com/api/cronos/property/review/HotelReviews?hotelId=2937&pageSize=50&referer=https%3A%2F%2Fwww.agoda.com%2Fvenetian-resort-hotel-casino%2Fhotel%2Flas-vegas-nv-us.html&providerMode=separate,11,2026-06-07T16:23:33.156739+00:00
HVEGAS001,The Venetian Resort Las Vegas,Las Vegas,United States,booking_via_agoda,agoda,3038.0,Booking.com,79e178c7deec46eb,2025-07-28,2025,,,4.0,0.0,10.0,4.0,https://www.agoda.com/api/cronos/property/review/HotelReviews?hotelId=2937&pageSize=50&referer=https%3A%2F%2Fwww.agoda.com%2Fvenetian-resort-hotel-casino%2Fhotel%2Flas-vegas-nv-us.html&providerMode=separate,11,2026-06-07T16:23:33.156739+00:00
HVEGAS001,The Venetian Resort Las Vegas,Las Vegas,United States,booking_via_agoda,agoda,3038.0,Booking.com,e3527b9b7cb05b61,2025-07-28,2025,,,10.0,0.0,10.0,10.0,https://www.agoda.com/api/cronos/property/review/HotelReviews?hotelId=2937&pageSize=50&referer=https%3A%2F%2Fwww.agoda.com%2Fvenetian-resort-hotel-casino%2Fhotel%2Flas-vegas-nv-us.html&providerMode=separate,11,2026-06-07T16:23:33.156739+00:00
HVEGAS001,The Venetian Resort Las Vegas,Las Vegas,United States,booking_via_agoda,agoda,3038.0,Booking.com,2228bead4c265d6e,2025-07-29,2025,,,10.0,0.0,10.0,10.0,https://www.agoda.com/api/cronos/property/review/HotelReviews?hotelId=2937&pageSize=50&referer=https%3A%2F%2Fwww.agoda.com%2Fvenetian-resort-hotel-casino%2Fhotel%2Flas-vegas-nv-us.html&providerMode=separate,11,2026-06-07T16:23:33.156739+00:00
HVEGAS001,The Venetian Resort Las Vegas,Las Vegas,United States,booking_via_agoda,agoda,3038.0,Booking.com,ac8d44572d6c54df,2025-07-29,2025,,,10.0,0.0,10.0,10.0,https://www.agoda.com/api/cronos/property/review/HotelReviews?hotelId=2937&pageSize=50&referer=https%3A%2F%2Fwww.agoda.com%2Fvenetian-resort-hotel-casino%2Fhotel%2Flas-vegas-nv-us.html&providerMode=separate,11,2026-06-07T16:23:33.156739+00:00
HVEGAS001,The Venetian Resort Las Vegas,Las Vegas,United States,booking_via_agoda,agoda,3038.0,Booking.com,c605861bcdf5cfae,2025-08-01,2025,,,9.0,0.0,10.0,9.0,https://www.agoda.com/api/cronos/property/review/HotelReviews?hotelId=2937&pageSize=50&referer=https%3A%2F%2Fwww.agoda.com%2Fvenetian-resort-hotel-casino%2Fhotel%2Flas-vegas-nv-us.html&providerMode=separate,11,2026-06-07T16:23:33.156739+00:00
HVEGAS001,The Venetian Resort Las Vegas,Las Vegas,United States,booking_via_agoda,agoda,3038.0,Booking.com,14feeba1c6734b58,2025-08-02,2025,,,10.0,0.0,10.0,10.0,https://www.agoda.com/api/cronos/property/review/HotelReviews?hotelId=2937&pageSize=50&referer=https%3A%2F%2Fwww.agoda.com%2Fvenetian-resort-hotel-casino%2Fhotel%2Flas-vegas-nv-us.html&providerMode=separate,11,2026-06-07T16:23:33.156739+00:00
HVEGAS001,The Venetian Resort Las Vegas,Las Vegas,United States,booking_via_agoda,agoda,3038.0,Booking.com,16d49c36ffb3fa39,2025-08-05,2025,,,9.0,0.0,10.0,9.0,https://www.agoda.com/api/cronos/property/review/HotelReviews?hotelId=2937&pageSize=50&referer=https%3A%2F%2Fwww.agoda.com%2Fvenetian-resort-hotel-casino%2Fhotel%2Flas-vegas-nv-us.html&providerMode=separate,11,2026-06-07T16:23:33.156739+00:00
HVEGAS001,The Venetian Resort Las Vegas,Las Vegas,United States,booking_via_agoda,agoda,3038.0,Booking.com,ac75608f554698eb,2025-08-05,2025,,,8.0,0.0,10.0,8.0,https://www.agoda.com/api/cronos/property/review/HotelReviews?hotelId=2937&pageSize=50&referer=https%3A%2F%2Fwww.agoda.com%2Fvenetian-resort-hotel-casino%2Fhotel%2Flas-vegas-nv-us.html&providerMode=separate,11,2026-06-07T16:23:33.156739+00:00
HVEGAS001,The Venetian Resort Las Vegas,Las Vegas,United States,booking_via_agoda,agoda,3038.0,Booking.com,5d8f8a49c2b95024,2025-08-05,2025,,,8.0,0.0,10.0,8.0,https://www.agoda.com/api/cronos/property/review/HotelReviews?hotelId=2937&pageSize=50&referer=https%3A%2F%2Fwww.agoda.com%2Fvenetian-resort-hotel-casino%2Fhotel%2Flas-vegas-nv-us.html&providerMode=separate,11,2026-06-07T16:23:33.156739+00:00
HVEGAS001,The Venetian Resort Las Vegas,Las Vegas,United States,booking_via_agoda,agoda,3038.0,Booking.com,9ba3a55213871a49,2025-08-05,2025,,,5.0,0.0,10.0,5.0,https://www.agoda.com/api/cronos/property/review/HotelReviews?hotelId=2937&pageSize=50&referer=https%3A%2F%2Fwww.agoda.com%2Fvenetian-resort-hotel-casino%2Fhotel%2Flas-vegas-nv-us.html&providerMode=separate,11,2026-06-07T16:23:33.156739+00:00
HVEGAS001,The Venetian Resort Las Vegas,Las Vegas,United States,booking_via_agoda,agoda,3038.0,Booking.com,c14d321cad90b78f,2025-08-05,2025,,,4.0,0.0,10.0,4.0,https://www.agoda.com/api/cronos/property/review/HotelReviews?hotelId=2937&pageSize=50&referer=https%3A%2F%2Fwww.agoda.com%2Fvenetian-resort-hotel-casino%2Fhotel%2Flas-vegas-nv-us.html&providerMode=separate,11,2026-06-07T16:23:33.156739+00:00
HVEGAS001,The Venetian Resort Las Vegas,Las Vegas,United States,booking_via_agoda,agoda,3038.0,Booking.com,726675c72f23b50c,2025-08-07,2025,,,6.0,0.0,10.0,6.0,https://www.agoda.com/api/cronos/property/review/HotelReviews?hotelId=2937&pageSize=50&referer=https%3A%2F%2Fwww.agoda.com%2Fvenetian-resort-hotel-casino%2Fhotel%2Flas-vegas-nv-us.html&providerMode=separate,11,2026-06-07T16:23:33.156739+00:00
HVEGAS001,The Venetian Resort Las Vegas,Las Vegas,United States,booking_via_agoda,agoda,3038.0,Booking.com,50858860f9db0748,2025-08-07,2025,,,7.0,0.0,10.0,7.0,https://www.agoda.com/api/cronos/property/review/HotelReviews?hotelId=2937&pageSize=50&referer=https%3A%2F%2Fwww.agoda.com%2Fvenetian-resort-hotel-casino%2Fhotel%2Flas-vegas-nv-us.html&providerMode=separate,11,2026-06-07T16:23:33.156739+00:00
HVEGAS001,The Venetian Resort Las Vegas,Las Vegas,United States,booking_via_agoda,agoda,3038.0,Booking.com,894bbba61828b4e4,2025-08-08,2025,,,9.0,0.0,10.0,9.0,https://www.agoda.com/api/cronos/property/review/HotelReviews?hotelId=2937&pageSize=50&referer=https%3A%2F%2Fwww.agoda.com%2Fvenetian-resort-hotel-casino%2Fhotel%2Flas-vegas-nv-us.html&providerMode=separate,11,2026-06-07T16:23:33.156739+00:00
HVEGAS001,The Venetian Resort Las Vegas,Las Vegas,United States,booking_via_agoda,agoda,3038.0,Booking.com,ed6ef70645a55520,2025-08-08,2025,,,8.0,0.0,10.0,8.0,https://www.agoda.com/api/cronos/property/review/HotelReviews?hotelId=2937&pageSize=50&referer=https%3A%2F%2Fwww.agoda.com%2Fvenetian-resort-hotel-casino%2Fhotel%2Flas-vegas-nv-us.html&providerMode=separate,11,2026-06-07T16:23:33.156739+00:00
HVEGAS001,The Venetian Resort Las Vegas,Las Vegas,United States,booking_via_agoda,agoda,3038.0,Booking.com,90066eb9750bb4af,2025-08-09,2025,,,6.0,0.0,10.0,6.0,https://www.agoda.com/api/cronos/property/review/HotelReviews?hotelId=2937&pageSize=50&referer=https%3A%2F%2Fwww.agoda.com%2Fvenetian-resort-hotel-casino%2Fhotel%2Flas-vegas-nv-us.html&providerMode=separate,11,2026-06-07T16:23:33.156739+00:00
HVEGAS001,The Venetian Resort Las Vegas,Las Vegas,United States,booking_via_agoda,agoda,3038.0,Booking.com,e267d2e69b18547e,2025-08-09,2025,,,10.0,0.0,10.0,10.0,https://www.agoda.com/api/cronos/property/review/HotelReviews?hotelId=2937&pageSize=50&referer=https%3A%2F%2Fwww.agoda.com%2Fvenetian-resort-hotel-casino%2Fhotel%2Flas-vegas-nv-us.html&providerMode=separate,11,2026-06-07T16:23:33.156739+00:00
HVEGAS001,The Venetian Resort Las Vegas,Las Vegas,United States,booking_via_agoda,agoda,3038.0,Booking.com,e1801b5a8a465192,2025-08-10,2025,,,9.0,0.0,10.0,9.0,https://www.agoda.com/api/cronos/property/review/HotelReviews?hotelId=2937&pageSize=50&referer=https%3A%2F%2Fwww.agoda.com%2Fvenetian-resort-hotel-casino%2Fhotel%2Flas-vegas-nv-us.html&providerMode=separate,11,2026-06-07T16:23:33.156739+00:00
HVEGAS001,The Venetian Resort Las Vegas,Las Vegas,United States,booking_via_agoda,agoda,3038.0,Booking.com,5d1ee1e2acb53cc2,2025-08-10,2025,,,10.0,0.0,10.0,10.0,https://www.agoda.com/api/cronos/property/review/HotelReviews?hotelId=2937&pageSize=50&referer=https%3A%2F%2Fwww.agoda.com%2Fvenetian-resort-hotel-casino%2Fhotel%2Flas-vegas-nv-us.html&providerMode=separate,11,2026-06-07T16:23:33.156739+00:00
HVEGAS001,The Venetian Resort Las Vegas,Las Vegas,United States,booking_via_agoda,agoda,3038.0,Booking.com,2abd05ff3192472c,2025-08-11,2025,,,10.0,0.0,10.0,10.0,https://www.agoda.com/api/cronos/property/review/HotelReviews?hotelId=2937&pageSize=50&referer=https%3A%2F%2Fwww.agoda.com%2Fvenetian-resort-hotel-casino%2Fhotel%2Flas-vegas-nv-us.html&providerMode=separate,11,2026-06-07T16:23:33.156739+00:00
HVEGAS001,The Venetian Resort Las Vegas,Las Vegas,United States,booking_via_agoda,agoda,3038.0,Booking.com,b6f3e1b28b7f8cc1,2025-08-11,2025,,,10.0,0.0,10.0,10.0,https://www.agoda.com/api/cronos/property/review/HotelReviews?hotelId=2937&pageSize=50&referer=https%3A%2F%2Fwww.agoda.com%2Fvenetian-resort-hotel-casino%2Fhotel%2Flas-vegas-nv-us.html&providerMode=separate,11,2026-06-07T16:23:33.156739+00:00
HVEGAS001,The Venetian Resort Las Vegas,Las Vegas,United States,booking_via_agoda,agoda,3038.0,Booking.com,a6267cd87dea25ea,2025-08-11,2025,,,9.0,0.0,10.0,9.0,https://www.agoda.com/api/cronos/property/review/HotelReviews?hotelId=2937&pageSize=50&referer=https%3A%2F%2Fwww.agoda.com%2Fvenetian-resort-hotel-casino%2Fhotel%2Flas-vegas-nv-us.html&providerMode=separate,11,2026-06-07T16:23:33.156739+00:00
HVEGAS001,The Venetian Resort Las Vegas,Las Vegas,United States,booking_via_agoda,agoda,3038.0,Booking.com,08e25630d9cf3489,2025-08-11,2025,,,7.0,0.0,10.0,7.0,https://www.agoda.com/api/cronos/property/review/HotelReviews?hotelId=2937&pageSize=50&referer=https%3A%2F%2Fwww.agoda.com%2Fvenetian-resort-hotel-casino%2Fhotel%2Flas-vegas-nv-us.html&providerMode=separate,11,2026-06-07T16:23:33.156739+00:00
HVEGAS001,The Venetian Resort Las Vegas,Las Vegas,United States,booking_via_agoda,agoda,3038.0,Booking.com,cb279fcef1db6fb5,2025-08-11,2025,,,10.0,0.0,10.0,10.0,https://www.agoda.com/api/cronos/property/review/HotelReviews?hotelId=2937&pageSize=50&referer=https%3A%2F%2Fwww.agoda.com%2Fvenetian-resort-hotel-casino%2Fhotel%2Flas-vegas-nv-us.html&providerMode=separate,11,2026-06-07T16:23:33.156739+00:00
HVEGAS001,The Venetian Resort Las Vegas,Las Vegas,United States,booking_via_agoda,agoda,3038.0,Booking.com,bf419727f19ed015,2025-08-12,2025,,,2.0,0.0,10.0,2.0,https://www.agoda.com/api/cronos/property/review/HotelReviews?hotelId=2937&pageSize=50&referer=https%3A%2F%2Fwww.agoda.com%2Fvenetian-resort-hotel-casino%2Fhotel%2Flas-vegas-nv-us.html&providerMode=separate,11,2026-06-07T16:23:33.156739+00:00
HVEGAS001,The Venetian Resort Las Vegas,Las Vegas,United States,booking_via_agoda,agoda,3038.0,Booking.com,b4a9db97de4c8b7e,2025-08-12,2025,,,10.0,0.0,10.0,10.0,https://www.agoda.com/api/cronos/property/review/HotelReviews?hotelId=2937&pageSize=50&referer=https%3A%2F%2Fwww.agoda.com%2Fvenetian-resort-hotel-casino%2Fhotel%2Flas-vegas-nv-us.html&providerMode=separate,11,2026-06-07T16:23:33.156739+00:00
HVEGAS001,The Venetian Resort Las Vegas,Las Vegas,United States,booking_via_agoda,agoda,3038.0,Booking.com,b50f68de03147802,2025-08-13,2025,,,10.0,0.0,10.0,10.0,https://www.agoda.com/api/cronos/property/review/HotelReviews?hotelId=2937&pageSize=50&referer=https%3A%2F%2Fwww.agoda.com%2Fvenetian-resort-hotel-casino%2Fhotel%2Flas-vegas-nv-us.html&providerMode=separate,11,2026-06-07T16:23:33.156739+00:00
HVEGAS001,The Venetian Resort Las Vegas,Las Vegas,United States,booking_via_agoda,agoda,3038.0,Booking.com,a11f2076af1c20f0,2025-08-14,2025,,,8.0,0.0,10.0,8.0,https://www.agoda.com/api/cronos/property/review/HotelReviews?hotelId=2937&pageSize=50&referer=https%3A%2F%2Fwww.agoda.com%2Fvenetian-resort-hotel-casino%2Fhotel%2Flas-vegas-nv-us.html&providerMode=separate,10,2026-06-07T16:23:33.156739+00:00
HVEGAS001,The Venetian Resort Las Vegas,Las Vegas,United States,booking_via_agoda,agoda,3038.0,Booking.com,c034cf4f139d5f6f,2025-08-14,2025,,,10.0,0.0,10.0,10.0,https://www.agoda.com/api/cronos/property/review/HotelReviews?hotelId=2937&pageSize=50&referer=https%3A%2F%2Fwww.agoda.com%2Fvenetian-resort-hotel-casino%2Fhotel%2Flas-vegas-nv-us.html&providerMode=separate,10,2026-06-07T16:23:33.156739+00:00
HVEGAS001,The Venetian Resort Las Vegas,Las Vegas,United States,booking_via_agoda,agoda,3038.0,Booking.com,4bd549a5f540aec6,2025-08-14,2025,,,8.0,0.0,10.0,8.0,https://www.agoda.com/api/cronos/property/review/HotelReviews?hotelId=2937&pageSize=50&referer=https%3A%2F%2Fwww.agoda.com%2Fvenetian-resort-hotel-casino%2Fhotel%2Flas-vegas-nv-us.html&providerMode=separate,10,2026-06-07T16:23:33.156739+00:00
HVEGAS001,The Venetian Resort Las Vegas,Las Vegas,United States,booking_via_agoda,agoda,3038.0,Booking.com,b97cd23f114e2b5b,2025-08-14,2025,,,9.0,0.0,10.0,9.0,https://www.agoda.com/api/cronos/property/review/HotelReviews?hotelId=2937&pageSize=50&referer=https%3A%2F%2Fwww.agoda.com%2Fvenetian-resort-hotel-casino%2Fhotel%2Flas-vegas-nv-us.html&providerMode=separate,10,2026-06-07T16:23:33.156739+00:00
HVEGAS001,The Venetian Resort Las Vegas,Las Vegas,United States,booking_via_agoda,agoda,3038.0,Booking.com,8297ed063da1632e,2025-08-14,2025,,,9.0,0.0,10.0,9.0,https://www.agoda.com/api/cronos/property/review/HotelReviews?hotelId=2937&pageSize=50&referer=https%3A%2F%2Fwww.agoda.com%2Fvenetian-resort-hotel-casino%2Fhotel%2Flas-vegas-nv-us.html&providerMode=separate,10,2026-06-07T16:23:33.156739+00:00
HVEGAS001,The Venetian Resort Las Vegas,Las Vegas,United States,booking_via_agoda,agoda,3038.0,Booking.com,cb6aac57b8fc1f76,2025-08-15,2025,,,9.0,0.0,10.0,9.0,https://www.agoda.com/api/cronos/property/review/HotelReviews?hotelId=2937&pageSize=50&referer=https%3A%2F%2Fwww.agoda.com%2Fvenetian-resort-hotel-casino%2Fhotel%2Flas-vegas-nv-us.html&providerMode=separate,10,2026-06-07T16:23:33.156739+00:00
HVEGAS001,The Venetian Resort Las Vegas,Las Vegas,United States,booking_via_agoda,agoda,3038.0,Booking.com,fcb9df03461432cb,2025-08-15,2025,,,10.0,0.0,10.0,10.0,https://www.agoda.com/api/cronos/property/review/HotelReviews?hotelId=2937&pageSize=50&referer=https%3A%2F%2Fwww.agoda.com%2Fvenetian-resort-hotel-casino%2Fhotel%2Flas-vegas-nv-us.html&providerMode=separate,10,2026-06-07T16:23:33.156739+00:00
HVEGAS001,The Venetian Resort Las Vegas,Las Vegas,United States,booking_via_agoda,agoda,3038.0,Booking.com,a456a36dc31b9eb9,2025-08-15,2025,,,10.0,0.0,10.0,10.0,https://www.agoda.com/api/cronos/property/review/HotelReviews?hotelId=2937&pageSize=50&referer=https%3A%2F%2Fwww.agoda.com%2Fvenetian-resort-hotel-casino%2Fhotel%2Flas-vegas-nv-us.html&providerMode=separate,10,2026-06-07T16:23:33.156739+00:00
HVEGAS001,The Venetian Resort Las Vegas,Las Vegas,United States,booking_via_agoda,agoda,3038.0,Booking.com,b5d0a324c075dd70,2025-08-15,2025,,,7.0,0.0,10.0,7.0,https://www.agoda.com/api/cronos/property/review/HotelReviews?hotelId=2937&pageSize=50&referer=https%3A%2F%2Fwww.agoda.com%2Fvenetian-resort-hotel-casino%2Fhotel%2Flas-vegas-nv-us.html&providerMode=separate,10,2026-06-07T16:23:33.156739+00:00
HVEGAS001,The Venetian Resort Las Vegas,Las Vegas,United States,booking_via_agoda,agoda,3038.0,Booking.com,21cf1beb3cef5f63,2025-08-16,2025,,,10.0,0.0,10.0,10.0,https://www.agoda.com/api/cronos/property/review/HotelReviews?hotelId=2937&pageSize=50&referer=https%3A%2F%2Fwww.agoda.com%2Fvenetian-resort-hotel-casino%2Fhotel%2Flas-vegas-nv-us.html&providerMode=separate,10,2026-06-07T16:23:33.156739+00:00
HVEGAS001,The Venetian Resort Las Vegas,Las Vegas,United States,booking_via_agoda,agoda,3038.0,Booking.com,6834d8c62a21ac5f,2025-08-16,2025,,,10.0,0.0,10.0,10.0,https://www.agoda.com/api/cronos/property/review/HotelReviews?hotelId=2937&pageSize=50&referer=https%3A%2F%2Fwww.agoda.com%2Fvenetian-resort-hotel-casino%2Fhotel%2Flas-vegas-nv-us.html&providerMode=separate,10,2026-06-07T16:23:33.156739+00:00
HVEGAS001,The Venetian Resort Las Vegas,Las Vegas,United States,booking_via_agoda,agoda,3038.0,Booking.com,420ae3cc1e5fda57,2025-08-17,2025,,,10.0,0.0,10.0,10.0,https://www.agoda.com/api/cronos/property/review/HotelReviews?hotelId=2937&pageSize=50&referer=https%3A%2F%2Fwww.agoda.com%2Fvenetian-resort-hotel-casino%2Fhotel%2Flas-vegas-nv-us.html&providerMode=separate,10,2026-06-07T16:23:33.156739+00:00
HVEGAS001,The Venetian Resort Las Vegas,Las Vegas,United States,booking_via_agoda,agoda,3038.0,Booking.com,e4ae4c5eead7b52d,2025-08-17,2025,,,10.0,0.0,10.0,10.0,https://www.agoda.com/api/cronos/property/review/HotelReviews?hotelId=2937&pageSize=50&referer=https%3A%2F%2Fwww.agoda.com%2Fvenetian-resort-hotel-casino%2Fhotel%2Flas-vegas-nv-us.html&providerMode=separate,10,2026-06-07T16:23:33.156739+00:00
HVEGAS001,The Venetian Resort Las Vegas,Las Vegas,United States,booking_via_agoda,agoda,3038.0,Booking.com,4f5928a15ead8e72,2025-08-17,2025,,,10.0,0.0,10.0,10.0,https://www.agoda.com/api/cronos/property/review/HotelReviews?hotelId=2937&pageSize=50&referer=https%3A%2F%2Fwww.agoda.com%2Fvenetian-resort-hotel-casino%2Fhotel%2Flas-vegas-nv-us.html&providerMode=separate,10,2026-06-07T16:23:33.156739+00:00
HVEGAS001,The Venetian Resort Las Vegas,Las Vegas,United States,booking_via_agoda,agoda,3038.0,Booking.com,4f843b7b2a9431d4,2025-08-18,2025,,,10.0,0.0,10.0,10.0,https://www.agoda.com/api/cronos/property/review/HotelReviews?hotelId=2937&pageSize=50&referer=https%3A%2F%2Fwww.agoda.com%2Fvenetian-resort-hotel-casino%2Fhotel%2Flas-vegas-nv-us.html&providerMode=separate,10,2026-06-07T16:23:33.156739+00:00
HVEGAS001,The Venetian Resort Las Vegas,Las Vegas,United States,booking_via_agoda,agoda,3038.0,Booking.com,6cd50b0afecff46c,2025-08-18,2025,,,2.0,0.0,10.0,2.0,https://www.agoda.com/api/cronos/property/review/HotelReviews?hotelId=2937&pageSize=50&referer=https%3A%2F%2Fwww.agoda.com%2Fvenetian-resort-hotel-casino%2Fhotel%2Flas-vegas-nv-us.html&providerMode=separate,10,2026-06-07T16:23:33.156739+00:00
HVEGAS001,The Venetian Resort Las Vegas,Las Vegas,United States,booking_via_agoda,agoda,3038.0,Booking.com,838dc83b9e32f8be,2025-08-19,2025,,,6.0,0.0,10.0,6.0,https://www.agoda.com/api/cronos/property/review/HotelReviews?hotelId=2937&pageSize=50&referer=https%3A%2F%2Fwww.agoda.com%2Fvenetian-resort-hotel-casino%2Fhotel%2Flas-vegas-nv-us.html&providerMode=separate,10,2026-06-07T16:23:33.156739+00:00
HVEGAS001,The Venetian Resort Las Vegas,Las Vegas,United States,booking_via_agoda,agoda,3038.0,Booking.com,b1efff8fa8e215be,2025-08-19,2025,,,8.0,0.0,10.0,8.0,https://www.agoda.com/api/cronos/property/review/HotelReviews?hotelId=2937&pageSize=50&referer=https%3A%2F%2Fwww.agoda.com%2Fvenetian-resort-hotel-casino%2Fhotel%2Flas-vegas-nv-us.html&providerMode=separate,10,2026-06-07T16:23:33.156739+00:00
HVEGAS001,The Venetian Resort Las Vegas,Las Vegas,United States,booking_via_agoda,agoda,3038.0,Booking.com,24ae5bedac7d95a7,2025-08-20,2025,,,1.0,0.0,10.0,1.0,https://www.agoda.com/api/cronos/property/review/HotelReviews?hotelId=2937&pageSize=50&referer=https%3A%2F%2Fwww.agoda.com%2Fvenetian-resort-hotel-casino%2Fhotel%2Flas-vegas-nv-us.html&providerMode=separate,10,2026-06-07T16:23:33.156739+00:00
HVEGAS001,The Venetian Resort Las Vegas,Las Vegas,United States,booking_via_agoda,agoda,3038.0,Booking.com,3d18aed24359a265,2025-08-20,2025,,,9.0,0.0,10.0,9.0,https://www.agoda.com/api/cronos/property/review/HotelReviews?hotelId=2937&pageSize=50&referer=https%3A%2F%2Fwww.agoda.com%2Fvenetian-resort-hotel-casino%2Fhotel%2Flas-vegas-nv-us.html&providerMode=separate,10,2026-06-07T16:23:33.156739+00:00
HVEGAS001,The Venetian Resort Las Vegas,Las Vegas,United States,booking_via_agoda,agoda,3038.0,Booking.com,97e938a8d1968740,2025-08-20,2025,,,9.0,0.0,10.0,9.0,https://www.agoda.com/api/cronos/property/review/HotelReviews?hotelId=2937&pageSize=50&referer=https%3A%2F%2Fwww.agoda.com%2Fvenetian-resort-hotel-casino%2Fhotel%2Flas-vegas-nv-us.html&providerMode=separate,10,2026-06-07T16:23:33.156739+00:00
HVEGAS001,The Venetian Resort Las Vegas,Las Vegas,United States,booking_via_agoda,agoda,3038.0,Booking.com,b0cfa9a07118fa99,2025-08-21,2025,,,1.0,0.0,10.0,1.0,https://www.agoda.com/api/cronos/property/review/HotelReviews?hotelId=2937&pageSize=50&referer=https%3A%2F%2Fwww.agoda.com%2Fvenetian-resort-hotel-casino%2Fhotel%2Flas-vegas-nv-us.html&providerMode=separate,10,2026-06-07T16:23:33.156739+00:00
HVEGAS001,The Venetian Resort Las Vegas,Las Vegas,United States,booking_via_agoda,agoda,3038.0,Booking.com,71772e3104ad03d4,2025-08-22,2025,,,8.0,0.0,10.0,8.0,https://www.agoda.com/api/cronos/property/review/HotelReviews?hotelId=2937&pageSize=50&referer=https%3A%2F%2Fwww.agoda.com%2Fvenetian-resort-hotel-casino%2Fhotel%2Flas-vegas-nv-us.html&providerMode=separate,10,2026-06-07T16:23:33.156739+00:00
HVEGAS001,The Venetian Resort Las Vegas,Las Vegas,United States,booking_via_agoda,agoda,3038.0,Booking.com,35a454d7910e75ed,2025-08-22,2025,,,7.0,0.0,10.0,7.0,https://www.agoda.com/api/cronos/property/review/HotelReviews?hotelId=2937&pageSize=50&referer=https%3A%2F%2Fwww.agoda.com%2Fvenetian-resort-hotel-casino%2Fhotel%2Flas-vegas-nv-us.html&providerMode=separate,10,2026-06-07T16:23:33.156739+00:00
HVEGAS001,The Venetian Resort Las Vegas,Las Vegas,United States,booking_via_agoda,agoda,3038.0,Booking.com,8e3fbd3e822bb3b7,2025-08-23,2025,,,9.0,0.0,10.0,9.0,https://www.agoda.com/api/cronos/property/review/HotelReviews?hotelId=2937&pageSize=50&referer=https%3A%2F%2Fwww.agoda.com%2Fvenetian-resort-hotel-casino%2Fhotel%2Flas-vegas-nv-us.html&providerMode=separate,10,2026-06-07T16:23:33.156739+00:00
HVEGAS001,The Venetian Resort Las Vegas,Las Vegas,United States,booking_via_agoda,agoda,3038.0,Booking.com,a976c0f9117ca38e,2025-08-23,2025,,,7.0,0.0,10.0,7.0,https://www.agoda.com/api/cronos/property/review/HotelReviews?hotelId=2937&pageSize=50&referer=https%3A%2F%2Fwww.agoda.com%2Fvenetian-resort-hotel-casino%2Fhotel%2Flas-vegas-nv-us.html&providerMode=separate,10,2026-06-07T16:23:33.156739+00:00
HVEGAS001,The Venetian Resort Las Vegas,Las Vegas,United States,booking_via_agoda,agoda,3038.0,Booking.com,6e6e2f4cc0284632,2025-08-23,2025,,,10.0,0.0,10.0,10.0,https://www.agoda.com/api/cronos/property/review/HotelReviews?hotelId=2937&pageSize=50&referer=https%3A%2F%2Fwww.agoda.com%2Fvenetian-resort-hotel-casino%2Fhotel%2Flas-vegas-nv-us.html&providerMode=separate,10,2026-06-07T16:23:33.156739+00:00
HVEGAS001,The Venetian Resort Las Vegas,Las Vegas,United States,booking_via_agoda,agoda,3038.0,Booking.com,5bddd06af4faea12,2025-08-24,2025,,,6.0,0.0,10.0,6.0,https://www.agoda.com/api/cronos/property/review/HotelReviews?hotelId=2937&pageSize=50&referer=https%3A%2F%2Fwww.agoda.com%2Fvenetian-resort-hotel-casino%2Fhotel%2Flas-vegas-nv-us.html&providerMode=separate,10,2026-06-07T16:23:33.156739+00:00
HVEGAS001,The Venetian Resort Las Vegas,Las Vegas,United States,booking_via_agoda,agoda,3038.0,Booking.com,f9b1ea319d4753cc,2025-08-24,2025,,,8.0,0.0,10.0,8.0,https://www.agoda.com/api/cronos/property/review/HotelReviews?hotelId=2937&pageSize=50&referer=https%3A%2F%2Fwww.agoda.com%2Fvenetian-resort-hotel-casino%2Fhotel%2Flas-vegas-nv-us.html&providerMode=separate,10,2026-06-07T16:23:33.156739+00:00
HVEGAS001,The Venetian Resort Las Vegas,Las Vegas,United States,booking_via_agoda,agoda,3038.0,Booking.com,65e145061ea96c6e,2025-08-24,2025,,,8.0,0.0,10.0,8.0,https://www.agoda.com/api/cronos/property/review/HotelReviews?hotelId=2937&pageSize=50&referer=https%3A%2F%2Fwww.agoda.com%2Fvenetian-resort-hotel-casino%2Fhotel%2Flas-vegas-nv-us.html&providerMode=separate,10,2026-06-07T16:23:33.156739+00:00
HVEGAS001,The Venetian Resort Las Vegas,Las Vegas,United States,booking_via_agoda,agoda,3038.0,Booking.com,f0d5f06ebd51affe,2025-08-25,2025,,,10.0,0.0,10.0,10.0,https://www.agoda.com/api/cronos/property/review/HotelReviews?hotelId=2937&pageSize=50&referer=https%3A%2F%2Fwww.agoda.com%2Fvenetian-resort-hotel-casino%2Fhotel%2Flas-vegas-nv-us.html&providerMode=separate,10,2026-06-07T16:23:33.156739+00:00
HVEGAS001,The Venetian Resort Las Vegas,Las Vegas,United States,booking_via_agoda,agoda,3038.0,Booking.com,c999bba2b90a554b,2025-08-25,2025,,,10.0,0.0,10.0,10.0,https://www.agoda.com/api/cronos/property/review/HotelReviews?hotelId=2937&pageSize=50&referer=https%3A%2F%2Fwww.agoda.com%2Fvenetian-resort-hotel-casino%2Fhotel%2Flas-vegas-nv-us.html&providerMode=separate,10,2026-06-07T16:23:33.156739+00:00
HVEGAS001,The Venetian Resort Las Vegas,Las Vegas,United States,booking_via_agoda,agoda,3038.0,Booking.com,05e1de1fc5f1348b,2025-08-26,2025,,,1.0,0.0,10.0,1.0,https://www.agoda.com/api/cronos/property/review/HotelReviews?hotelId=2937&pageSize=50&referer=https%3A%2F%2Fwww.agoda.com%2Fvenetian-resort-hotel-casino%2Fhotel%2Flas-vegas-nv-us.html&providerMode=separate,10,2026-06-07T16:23:33.156739+00:00
HVEGAS001,The Venetian Resort Las Vegas,Las Vegas,United States,booking_via_agoda,agoda,3038.0,Booking.com,431d1cdb4ec39cda,2025-08-26,2025,,,1.0,0.0,10.0,1.0,https://www.agoda.com/api/cronos/property/review/HotelReviews?hotelId=2937&pageSize=50&referer=https%3A%2F%2Fwww.agoda.com%2Fvenetian-resort-hotel-casino%2Fhotel%2Flas-vegas-nv-us.html&providerMode=separate,10,2026-06-07T16:23:33.156739+00:00
HVEGAS001,The Venetian Resort Las Vegas,Las Vegas,United States,booking_via_agoda,agoda,3038.0,Booking.com,9e8bb133efca4caf,2025-08-26,2025,,,8.0,0.0,10.0,8.0,https://www.agoda.com/api/cronos/property/review/HotelReviews?hotelId=2937&pageSize=50&referer=https%3A%2F%2Fwww.agoda.com%2Fvenetian-resort-hotel-casino%2Fhotel%2Flas-vegas-nv-us.html&providerMode=separate,10,2026-06-07T16:23:33.156739+00:00
HVEGAS001,The Venetian Resort Las Vegas,Las Vegas,United States,booking_via_agoda,agoda,3038.0,Booking.com,a29275847cb37a39,2025-08-27,2025,,,10.0,0.0,10.0,10.0,https://www.agoda.com/api/cronos/property/review/HotelReviews?hotelId=2937&pageSize=50&referer=https%3A%2F%2Fwww.agoda.com%2Fvenetian-resort-hotel-casino%2Fhotel%2Flas-vegas-nv-us.html&providerMode=separate,10,2026-06-07T16:23:33.156739+00:00
HVEGAS001,The Venetian Resort Las Vegas,Las Vegas,United States,booking_via_agoda,agoda,3038.0,Booking.com,0956aba7a96cf4d6,2025-08-27,2025,,,10.0,0.0,10.0,10.0,https://www.agoda.com/api/cronos/property/review/HotelReviews?hotelId=2937&pageSize=50&referer=https%3A%2F%2Fwww.agoda.com%2Fvenetian-resort-hotel-casino%2Fhotel%2Flas-vegas-nv-us.html&providerMode=separate,10,2026-06-07T16:23:33.156739+00:00
HVEGAS001,The Venetian Resort Las Vegas,Las Vegas,United States,booking_via_agoda,agoda,3038.0,Booking.com,ab271cafd5b7d688,2025-08-28,2025,,,9.0,0.0,10.0,9.0,https://www.agoda.com/api/cronos/property/review/HotelReviews?hotelId=2937&pageSize=50&referer=https%3A%2F%2Fwww.agoda.com%2Fvenetian-resort-hotel-casino%2Fhotel%2Flas-vegas-nv-us.html&providerMode=separate,10,2026-06-07T16:23:33.156739+00:00
HVEGAS001,The Venetian Resort Las Vegas,Las Vegas,United States,booking_via_agoda,agoda,3038.0,Booking.com,3f48906c9b98a676,2025-08-28,2025,,,10.0,0.0,10.0,10.0,https://www.agoda.com/api/cronos/property/review/HotelReviews?hotelId=2937&pageSize=50&referer=https%3A%2F%2Fwww.agoda.com%2Fvenetian-resort-hotel-casino%2Fhotel%2Flas-vegas-nv-us.html&providerMode=separate,10,2026-06-07T16:23:33.156739+00:00
HVEGAS001,The Venetian Resort Las Vegas,Las Vegas,United States,booking_via_agoda,agoda,3038.0,Booking.com,d2a83ab1d36dd3d9,2025-08-29,2025,,,9.0,0.0,10.0,9.0,https://www.agoda.com/api/cronos/property/review/HotelReviews?hotelId=2937&pageSize=50&referer=https%3A%2F%2Fwww.agoda.com%2Fvenetian-resort-hotel-casino%2Fhotel%2Flas-vegas-nv-us.html&providerMode=separate,10,2026-06-07T16:23:33.156739+00:00
HVEGAS001,The Venetian Resort Las Vegas,Las Vegas,United States,booking_via_agoda,agoda,3038.0,Booking.com,a20e259906895a46,2025-08-31,2025,,,9.0,0.0,10.0,9.0,https://www.agoda.com/api/cronos/property/review/HotelReviews?hotelId=2937&pageSize=50&referer=https%3A%2F%2Fwww.agoda.com%2Fvenetian-resort-hotel-casino%2Fhotel%2Flas-vegas-nv-us.html&providerMode=separate,10,2026-06-07T16:23:33.156739+00:00
HVEGAS001,The Venetian Resort Las Vegas,Las Vegas,United States,booking_via_agoda,agoda,3038.0,Booking.com,9c5b87955a11b6ff,2025-08-31,2025,,,10.0,0.0,10.0,10.0,https://www.agoda.com/api/cronos/property/review/HotelReviews?hotelId=2937&pageSize=50&referer=https%3A%2F%2Fwww.agoda.com%2Fvenetian-resort-hotel-casino%2Fhotel%2Flas-vegas-nv-us.html&providerMode=separate,10,2026-06-07T16:23:33.156739+00:00
HVEGAS001,The Venetian Resort Las Vegas,Las Vegas,United States,booking_via_agoda,agoda,3038.0,Booking.com,a79c261bf9618ba0,2025-09-01,2025,,,8.0,0.0,10.0,8.0,https://www.agoda.com/api/cronos/property/review/HotelReviews?hotelId=2937&pageSize=50&referer=https%3A%2F%2Fwww.agoda.com%2Fvenetian-resort-hotel-casino%2Fhotel%2Flas-vegas-nv-us.html&providerMode=separate,10,2026-06-07T16:23:33.156739+00:00
HVEGAS001,The Venetian Resort Las Vegas,Las Vegas,United States,booking_via_agoda,agoda,3038.0,Booking.com,211810c5311efac9,2025-09-01,2025,,,9.0,0.0,10.0,9.0,https://www.agoda.com/api/cronos/property/review/HotelReviews?hotelId=2937&pageSize=50&referer=https%3A%2F%2Fwww.agoda.com%2Fvenetian-resort-hotel-casino%2Fhotel%2Flas-vegas-nv-us.html&providerMode=separate,10,2026-06-07T16:23:33.156739+00:00
HVEGAS001,The Venetian Resort Las Vegas,Las Vegas,United States,booking_via_agoda,agoda,3038.0,Booking.com,dc147e0aa076221f,2025-09-04,2025,,,8.0,0.0,10.0,8.0,https://www.agoda.com/api/cronos/property/review/HotelReviews?hotelId=2937&pageSize=50&referer=https%3A%2F%2Fwww.agoda.com%2Fvenetian-resort-hotel-casino%2Fhotel%2Flas-vegas-nv-us.html&providerMode=separate,10,2026-06-07T16:23:33.156739+00:00
HVEGAS001,The Venetian Resort Las Vegas,Las Vegas,United States,booking_via_agoda,agoda,3038.0,Booking.com,3a9e64f72fa77d3a,2025-09-05,2025,,,7.0,0.0,10.0,7.0,https://www.agoda.com/api/cronos/property/review/HotelReviews?hotelId=2937&pageSize=50&referer=https%3A%2F%2Fwww.agoda.com%2Fvenetian-resort-hotel-casino%2Fhotel%2Flas-vegas-nv-us.html&providerMode=separate,10,2026-06-07T16:23:33.156739+00:00
HVEGAS001,The Venetian Resort Las Vegas,Las Vegas,United States,booking_via_agoda,agoda,3038.0,Booking.com,577898e45d2b21c3,2025-09-05,2025,,,3.0,0.0,10.0,3.0,https://www.agoda.com/api/cronos/property/review/HotelReviews?hotelId=2937&pageSize=50&referer=https%3A%2F%2Fwww.agoda.com%2Fvenetian-resort-hotel-casino%2Fhotel%2Flas-vegas-nv-us.html&providerMode=separate,10,2026-06-07T16:23:33.156739+00:00
HVEGAS001,The Venetian Resort Las Vegas,Las Vegas,United States,booking_via_agoda,agoda,3038.0,Booking.com,05cae315bc3a7d75,2025-09-05,2025,,,3.0,0.0,10.0,3.0,https://www.agoda.com/api/cronos/property/review/HotelReviews?hotelId=2937&pageSize=50&referer=https%3A%2F%2Fwww.agoda.com%2Fvenetian-resort-hotel-casino%2Fhotel%2Flas-vegas-nv-us.html&providerMode=separate,10,2026-06-07T16:23:33.156739+00:00
HVEGAS001,The Venetian Resort Las Vegas,Las Vegas,United States,booking_via_agoda,agoda,3038.0,Booking.com,054cff61c409ab6f,2025-09-05,2025,,,7.0,0.0,10.0,7.0,https://www.agoda.com/api/cronos/property/review/HotelReviews?hotelId=2937&pageSize=50&referer=https%3A%2F%2Fwww.agoda.com%2Fvenetian-resort-hotel-casino%2Fhotel%2Flas-vegas-nv-us.html&providerMode=separate,10,2026-06-07T16:23:33.156739+00:00
HVEGAS001,The Venetian Resort Las Vegas,Las Vegas,United States,booking_via_agoda,agoda,3038.0,Booking.com,e2dfea416a3b4066,2025-09-05,2025,,,10.0,0.0,10.0,10.0,https://www.agoda.com/api/cronos/property/review/HotelReviews?hotelId=2937&pageSize=50&referer=https%3A%2F%2Fwww.agoda.com%2Fvenetian-resort-hotel-casino%2Fhotel%2Flas-vegas-nv-us.html&providerMode=separate,10,2026-06-07T16:23:33.156739+00:00
HVEGAS001,The Venetian Resort Las Vegas,Las Vegas,United States,booking_via_agoda,agoda,3038.0,Booking.com,4b5ccb916d6f9550,2025-09-06,2025,,,10.0,0.0,10.0,10.0,https://www.agoda.com/api/cronos/property/review/HotelReviews?hotelId=2937&pageSize=50&referer=https%3A%2F%2Fwww.agoda.com%2Fvenetian-resort-hotel-casino%2Fhotel%2Flas-vegas-nv-us.html&providerMode=separate,9,2026-06-07T16:23:33.156739+00:00
HVEGAS001,The Venetian Resort Las Vegas,Las Vegas,United States,booking_via_agoda,agoda,3038.0,Booking.com,1896c40a6ce738d6,2025-09-06,2025,,,6.0,0.0,10.0,6.0,https://www.agoda.com/api/cronos/property/review/HotelReviews?hotelId=2937&pageSize=50&referer=https%3A%2F%2Fwww.agoda.com%2Fvenetian-resort-hotel-casino%2Fhotel%2Flas-vegas-nv-us.html&providerMode=separate,9,2026-06-07T16:23:33.156739+00:00
HVEGAS001,The Venetian Resort Las Vegas,Las Vegas,United States,booking_via_agoda,agoda,3038.0,Booking.com,2664a9c1a3aea97c,2025-09-06,2025,,,10.0,0.0,10.0,10.0,https://www.agoda.com/api/cronos/property/review/HotelReviews?hotelId=2937&pageSize=50&referer=https%3A%2F%2Fwww.agoda.com%2Fvenetian-resort-hotel-casino%2Fhotel%2Flas-vegas-nv-us.html&providerMode=separate,9,2026-06-07T16:23:33.156739+00:00
HVEGAS001,The Venetian Resort Las Vegas,Las Vegas,United States,booking_via_agoda,agoda,3038.0,Booking.com,ad015e0f9bec7eb9,2025-09-06,2025,,,10.0,0.0,10.0,10.0,https://www.agoda.com/api/cronos/property/review/HotelReviews?hotelId=2937&pageSize=50&referer=https%3A%2F%2Fwww.agoda.com%2Fvenetian-resort-hotel-casino%2Fhotel%2Flas-vegas-nv-us.html&providerMode=separate,9,2026-06-07T16:23:33.156739+00:00
HVEGAS001,The Venetian Resort Las Vegas,Las Vegas,United States,booking_via_agoda,agoda,3038.0,Booking.com,edd64e119a645ef6,2025-09-08,2025,,,9.0,0.0,10.0,9.0,https://www.agoda.com/api/cronos/property/review/HotelReviews?hotelId=2937&pageSize=50&referer=https%3A%2F%2Fwww.agoda.com%2Fvenetian-resort-hotel-casino%2Fhotel%2Flas-vegas-nv-us.html&providerMode=separate,9,2026-06-07T16:23:33.156739+00:00
HVEGAS001,The Venetian Resort Las Vegas,Las Vegas,United States,booking_via_agoda,agoda,3038.0,Booking.com,d67d84e9dce86324,2025-09-08,2025,,,10.0,0.0,10.0,10.0,https://www.agoda.com/api/cronos/property/review/HotelReviews?hotelId=2937&pageSize=50&referer=https%3A%2F%2Fwww.agoda.com%2Fvenetian-resort-hotel-casino%2Fhotel%2Flas-vegas-nv-us.html&providerMode=separate,9,2026-06-07T16:23:33.156739+00:00
HVEGAS001,The Venetian Resort Las Vegas,Las Vegas,United States,booking_via_agoda,agoda,3038.0,Booking.com,b0598ce5eade3127,2025-09-08,2025,,,8.0,0.0,10.0,8.0,https://www.agoda.com/api/cronos/property/review/HotelReviews?hotelId=2937&pageSize=50&referer=https%3A%2F%2Fwww.agoda.com%2Fvenetian-resort-hotel-casino%2Fhotel%2Flas-vegas-nv-us.html&providerMode=separate,9,2026-06-07T16:23:33.156739+00:00
HVEGAS001,The Venetian Resort Las Vegas,Las Vegas,United States,booking_via_agoda,agoda,3038.0,Booking.com,5b48bf7492812897,2025-09-09,2025,,,8.0,0.0,10.0,8.0,https://www.agoda.com/api/cronos/property/review/HotelReviews?hotelId=2937&pageSize=50&referer=https%3A%2F%2Fwww.agoda.com%2Fvenetian-resort-hotel-casino%2Fhotel%2Flas-vegas-nv-us.html&providerMode=separate,9,2026-06-07T16:23:33.156739+00:00
HVEGAS001,The Venetian Resort Las Vegas,Las Vegas,United States,booking_via_agoda,agoda,3038.0,Booking.com,23df8ec068b05b7e,2025-09-11,2025,,,10.0,0.0,10.0,10.0,https://www.agoda.com/api/cronos/property/review/HotelReviews?hotelId=2937&pageSize=50&referer=https%3A%2F%2Fwww.agoda.com%2Fvenetian-resort-hotel-casino%2Fhotel%2Flas-vegas-nv-us.html&providerMode=separate,9,2026-06-07T16:23:33.156739+00:00
HVEGAS001,The Venetian Resort Las Vegas,Las Vegas,United States,booking_via_agoda,agoda,3038.0,Booking.com,7584c876e3cabcc3,2025-09-12,2025,,,10.0,0.0,10.0,10.0,https://www.agoda.com/api/cronos/property/review/HotelReviews?hotelId=2937&pageSize=50&referer=https%3A%2F%2Fwww.agoda.com%2Fvenetian-resort-hotel-casino%2Fhotel%2Flas-vegas-nv-us.html&providerMode=separate,9,2026-06-07T16:23:33.156739+00:00
HVEGAS001,The Venetian Resort Las Vegas,Las Vegas,United States,booking_via_agoda,agoda,3038.0,Booking.com,fe4808a6713f410c,2025-09-13,2025,,,9.0,0.0,10.0,9.0,https://www.agoda.com/api/cronos/property/review/HotelReviews?hotelId=2937&pageSize=50&referer=https%3A%2F%2Fwww.agoda.com%2Fvenetian-resort-hotel-casino%2Fhotel%2Flas-vegas-nv-us.html&providerMode=separate,9,2026-06-07T16:23:33.156739+00:00
HVEGAS001,The Venetian Resort Las Vegas,Las Vegas,United States,booking_via_agoda,agoda,3038.0,Booking.com,c1394520cd5fc585,2025-09-13,2025,,,10.0,0.0,10.0,10.0,https://www.agoda.com/api/cronos/property/review/HotelReviews?hotelId=2937&pageSize=50&referer=https%3A%2F%2Fwww.agoda.com%2Fvenetian-resort-hotel-casino%2Fhotel%2Flas-vegas-nv-us.html&providerMode=separate,9,2026-06-07T16:23:33.156739+00:00
HVEGAS001,The Venetian Resort Las Vegas,Las Vegas,United States,booking_via_agoda,agoda,3038.0,Booking.com,5b6b1ad96e27b7bc,2025-09-14,2025,,,7.0,0.0,10.0,7.0,https://www.agoda.com/api/cronos/property/review/HotelReviews?hotelId=2937&pageSize=50&referer=https%3A%2F%2Fwww.agoda.com%2Fvenetian-resort-hotel-casino%2Fhotel%2Flas-vegas-nv-us.html&providerMode=separate,9,2026-06-07T16:23:33.156739+00:00
HVEGAS001,The Venetian Resort Las Vegas,Las Vegas,United States,booking_via_agoda,agoda,3038.0,Booking.com,90b0d434234ac5f9,2025-09-14,2025,,,10.0,0.0,10.0,10.0,https://www.agoda.com/api/cronos/property/review/HotelReviews?hotelId=2937&pageSize=50&referer=https%3A%2F%2Fwww.agoda.com%2Fvenetian-resort-hotel-casino%2Fhotel%2Flas-vegas-nv-us.html&providerMode=separate,9,2026-06-07T16:23:33.156739+00:00
HVEGAS001,The Venetian Resort Las Vegas,Las Vegas,United States,booking_via_agoda,agoda,3038.0,Booking.com,25b65fea9acd3069,2025-09-15,2025,,,10.0,0.0,10.0,10.0,https://www.agoda.com/api/cronos/property/review/HotelReviews?hotelId=2937&pageSize=50&referer=https%3A%2F%2Fwww.agoda.com%2Fvenetian-resort-hotel-casino%2Fhotel%2Flas-vegas-nv-us.html&providerMode=separate,9,2026-06-07T16:23:33.156739+00:00
HVEGAS001,The Venetian Resort Las Vegas,Las Vegas,United States,booking_via_agoda,agoda,3038.0,Booking.com,f9c642f2fb9e5747,2025-09-15,2025,,,10.0,0.0,10.0,10.0,https://www.agoda.com/api/cronos/property/review/HotelReviews?hotelId=2937&pageSize=50&referer=https%3A%2F%2Fwww.agoda.com%2Fvenetian-resort-hotel-casino%2Fhotel%2Flas-vegas-nv-us.html&providerMode=separate,9,2026-06-07T16:23:33.156739+00:00
HVEGAS001,The Venetian Resort Las Vegas,Las Vegas,United States,booking_via_agoda,agoda,3038.0,Booking.com,431052bbde9a84b7,2025-09-15,2025,,,10.0,0.0,10.0,10.0,https://www.agoda.com/api/cronos/property/review/HotelReviews?hotelId=2937&pageSize=50&referer=https%3A%2F%2Fwww.agoda.com%2Fvenetian-resort-hotel-casino%2Fhotel%2Flas-vegas-nv-us.html&providerMode=separate,9,2026-06-07T16:23:33.156739+00:00
HVEGAS001,The Venetian Resort Las Vegas,Las Vegas,United States,booking_via_agoda,agoda,3038.0,Booking.com,d70951cefb83e16f,2025-09-17,2025,,,9.0,0.0,10.0,9.0,https://www.agoda.com/api/cronos/property/review/HotelReviews?hotelId=2937&pageSize=50&referer=https%3A%2F%2Fwww.agoda.com%2Fvenetian-resort-hotel-casino%2Fhotel%2Flas-vegas-nv-us.html&providerMode=separate,9,2026-06-07T16:23:33.156739+00:00
HVEGAS001,The Venetian Resort Las Vegas,Las Vegas,United States,booking_via_agoda,agoda,3038.0,Booking.com,ce79f81ce06b8393,2025-09-17,2025,,,10.0,0.0,10.0,10.0,https://www.agoda.com/api/cronos/property/review/HotelReviews?hotelId=2937&pageSize=50&referer=https%3A%2F%2Fwww.agoda.com%2Fvenetian-resort-hotel-casino%2Fhotel%2Flas-vegas-nv-us.html&providerMode=separate,9,2026-06-07T16:23:33.156739+00:00
HVEGAS001,The Venetian Resort Las Vegas,Las Vegas,United States,booking_via_agoda,agoda,3038.0,Booking.com,af614d1d66c5591b,2025-09-18,2025,,,4.0,0.0,10.0,4.0,https://www.agoda.com/api/cronos/property/review/HotelReviews?hotelId=2937&pageSize=50&referer=https%3A%2F%2Fwww.agoda.com%2Fvenetian-resort-hotel-casino%2Fhotel%2Flas-vegas-nv-us.html&providerMode=separate,9,2026-06-07T16:23:33.156739+00:00
HVEGAS001,The Venetian Resort Las Vegas,Las Vegas,United States,booking_via_agoda,agoda,3038.0,Booking.com,f7863c163c91caec,2025-09-19,2025,,,10.0,0.0,10.0,10.0,https://www.agoda.com/api/cronos/property/review/HotelReviews?hotelId=2937&pageSize=50&referer=https%3A%2F%2Fwww.agoda.com%2Fvenetian-resort-hotel-casino%2Fhotel%2Flas-vegas-nv-us.html&providerMode=separate,9,2026-06-07T16:23:33.156739+00:00
HVEGAS001,The Venetian Resort Las Vegas,Las Vegas,United States,booking_via_agoda,agoda,3038.0,Booking.com,f593f5b8195f3cd0,2025-09-19,2025,,,9.0,0.0,10.0,9.0,https://www.agoda.com/api/cronos/property/review/HotelReviews?hotelId=2937&pageSize=50&referer=https%3A%2F%2Fwww.agoda.com%2Fvenetian-resort-hotel-casino%2Fhotel%2Flas-vegas-nv-us.html&providerMode=separate,9,2026-06-07T16:23:33.156739+00:00
HVEGAS001,The Venetian Resort Las Vegas,Las Vegas,United States,booking_via_agoda,agoda,3038.0,Booking.com,0c70ccf14389b83c,2025-09-20,2025,,,9.0,0.0,10.0,9.0,https://www.agoda.com/api/cronos/property/review/HotelReviews?hotelId=2937&pageSize=50&referer=https%3A%2F%2Fwww.agoda.com%2Fvenetian-resort-hotel-casino%2Fhotel%2Flas-vegas-nv-us.html&providerMode=separate,9,2026-06-07T16:23:33.156739+00:00
HVEGAS001,The Venetian Resort Las Vegas,Las Vegas,United States,booking_via_agoda,agoda,3038.0,Booking.com,c36fdd83859eff0c,2025-09-21,2025,,,8.0,0.0,10.0,8.0,https://www.agoda.com/api/cronos/property/review/HotelReviews?hotelId=2937&pageSize=50&referer=https%3A%2F%2Fwww.agoda.com%2Fvenetian-resort-hotel-casino%2Fhotel%2Flas-vegas-nv-us.html&providerMode=separate,9,2026-06-07T16:23:33.156739+00:00
HVEGAS001,The Venetian Resort Las Vegas,Las Vegas,United States,booking_via_agoda,agoda,3038.0,Booking.com,aefa5e704d7b733d,2025-09-23,2025,,,10.0,0.0,10.0,10.0,https://www.agoda.com/api/cronos/property/review/HotelReviews?hotelId=2937&pageSize=50&referer=https%3A%2F%2Fwww.agoda.com%2Fvenetian-resort-hotel-casino%2Fhotel%2Flas-vegas-nv-us.html&providerMode=separate,9,2026-06-07T16:23:33.156739+00:00
HVEGAS001,The Venetian Resort Las Vegas,Las Vegas,United States,booking_via_agoda,agoda,3038.0,Booking.com,72e4e7b1c734a6de,2025-09-24,2025,,,5.0,0.0,10.0,5.0,https://www.agoda.com/api/cronos/property/review/HotelReviews?hotelId=2937&pageSize=50&referer=https%3A%2F%2Fwww.agoda.com%2Fvenetian-resort-hotel-casino%2Fhotel%2Flas-vegas-nv-us.html&providerMode=separate,9,2026-06-07T16:23:33.156739+00:00
HVEGAS001,The Venetian Resort Las Vegas,Las Vegas,United States,booking_via_agoda,agoda,3038.0,Booking.com,2988e31a532aea8b,2025-09-24,2025,,,10.0,0.0,10.0,10.0,https://www.agoda.com/api/cronos/property/review/HotelReviews?hotelId=2937&pageSize=50&referer=https%3A%2F%2Fwww.agoda.com%2Fvenetian-resort-hotel-casino%2Fhotel%2Flas-vegas-nv-us.html&providerMode=separate,9,2026-06-07T16:23:33.156739+00:00
HVEGAS001,The Venetian Resort Las Vegas,Las Vegas,United States,booking_via_agoda,agoda,3038.0,Booking.com,7ee34a91b862ed8c,2025-09-25,2025,,,9.0,0.0,10.0,9.0,https://www.agoda.com/api/cronos/property/review/HotelReviews?hotelId=2937&pageSize=50&referer=https%3A%2F%2Fwww.agoda.com%2Fvenetian-resort-hotel-casino%2Fhotel%2Flas-vegas-nv-us.html&providerMode=separate,9,2026-06-07T16:23:33.156739+00:00
HVEGAS001,The Venetian Resort Las Vegas,Las Vegas,United States,booking_via_agoda,agoda,3038.0,Booking.com,31d8dc9c6628dc9e,2025-09-27,2025,,,6.0,0.0,10.0,6.0,https://www.agoda.com/api/cronos/property/review/HotelReviews?hotelId=2937&pageSize=50&referer=https%3A%2F%2Fwww.agoda.com%2Fvenetian-resort-hotel-casino%2Fhotel%2Flas-vegas-nv-us.html&providerMode=separate,9,2026-06-07T16:23:33.156739+00:00
HVEGAS001,The Venetian Resort Las Vegas,Las Vegas,United States,booking_via_agoda,agoda,3038.0,Booking.com,dd78b5d8a6920077,2025-09-28,2025,,,9.0,0.0,10.0,9.0,https://www.agoda.com/api/cronos/property/review/HotelReviews?hotelId=2937&pageSize=50&referer=https%3A%2F%2Fwww.agoda.com%2Fvenetian-resort-hotel-casino%2Fhotel%2Flas-vegas-nv-us.html&providerMode=separate,9,2026-06-07T16:23:33.156739+00:00
HVEGAS001,The Venetian Resort Las Vegas,Las Vegas,United States,booking_via_agoda,agoda,3038.0,Booking.com,7a850e26067f9fed,2025-09-28,2025,,,5.0,0.0,10.0,5.0,https://www.agoda.com/api/cronos/property/review/HotelReviews?hotelId=2937&pageSize=50&referer=https%3A%2F%2Fwww.agoda.com%2Fvenetian-resort-hotel-casino%2Fhotel%2Flas-vegas-nv-us.html&providerMode=separate,9,2026-06-07T16:23:33.156739+00:00
HVEGAS001,The Venetian Resort Las Vegas,Las Vegas,United States,booking_via_agoda,agoda,3038.0,Booking.com,7e70241504564108,2025-09-29,2025,,,7.0,0.0,10.0,7.0,https://www.agoda.com/api/cronos/property/review/HotelReviews?hotelId=2937&pageSize=50&referer=https%3A%2F%2Fwww.agoda.com%2Fvenetian-resort-hotel-casino%2Fhotel%2Flas-vegas-nv-us.html&providerMode=separate,9,2026-06-07T16:23:33.156739+00:00
HVEGAS001,The Venetian Resort Las Vegas,Las Vegas,United States,booking_via_agoda,agoda,3038.0,Booking.com,382e639a4e9d855d,2025-09-29,2025,,,9.0,0.0,10.0,9.0,https://www.agoda.com/api/cronos/property/review/HotelReviews?hotelId=2937&pageSize=50&referer=https%3A%2F%2Fwww.agoda.com%2Fvenetian-resort-hotel-casino%2Fhotel%2Flas-vegas-nv-us.html&providerMode=separate,9,2026-06-07T16:23:33.156739+00:00
HVEGAS001,The Venetian Resort Las Vegas,Las Vegas,United States,booking_via_agoda,agoda,3038.0,Booking.com,145d627d4c0a911a,2025-09-29,2025,,,10.0,0.0,10.0,10.0,https://www.agoda.com/api/cronos/property/review/HotelReviews?hotelId=2937&pageSize=50&referer=https%3A%2F%2Fwww.agoda.com%2Fvenetian-resort-hotel-casino%2Fhotel%2Flas-vegas-nv-us.html&providerMode=separate,9,2026-06-07T16:23:33.156739+00:00
HVEGAS001,The Venetian Resort Las Vegas,Las Vegas,United States,booking_via_agoda,agoda,3038.0,Booking.com,1a41851ad9ceed3a,2025-10-01,2025,,,9.0,0.0,10.0,9.0,https://www.agoda.com/api/cronos/property/review/HotelReviews?hotelId=2937&pageSize=50&referer=https%3A%2F%2Fwww.agoda.com%2Fvenetian-resort-hotel-casino%2Fhotel%2Flas-vegas-nv-us.html&providerMode=separate,9,2026-06-07T16:23:33.156739+00:00
HVEGAS001,The Venetian Resort Las Vegas,Las Vegas,United States,booking_via_agoda,agoda,3038.0,Booking.com,922f21cbecfc913e,2025-10-01,2025,,,9.0,0.0,10.0,9.0,https://www.agoda.com/api/cronos/property/review/HotelReviews?hotelId=2937&pageSize=50&referer=https%3A%2F%2Fwww.agoda.com%2Fvenetian-resort-hotel-casino%2Fhotel%2Flas-vegas-nv-us.html&providerMode=separate,9,2026-06-07T16:23:33.156739+00:00
HVEGAS001,The Venetian Resort Las Vegas,Las Vegas,United States,booking_via_agoda,agoda,3038.0,Booking.com,83dca4b5881ccef2,2025-10-04,2025,,,7.0,0.0,10.0,7.0,https://www.agoda.com/api/cronos/property/review/HotelReviews?hotelId=2937&pageSize=50&referer=https%3A%2F%2Fwww.agoda.com%2Fvenetian-resort-hotel-casino%2Fhotel%2Flas-vegas-nv-us.html&providerMode=separate,9,2026-06-07T16:23:33.156739+00:00
HVEGAS001,The Venetian Resort Las Vegas,Las Vegas,United States,booking_via_agoda,agoda,3038.0,Booking.com,cf258dbe1030f2fb,2025-10-05,2025,,,10.0,0.0,10.0,10.0,https://www.agoda.com/api/cronos/property/review/HotelReviews?hotelId=2937&pageSize=50&referer=https%3A%2F%2Fwww.agoda.com%2Fvenetian-resort-hotel-casino%2Fhotel%2Flas-vegas-nv-us.html&providerMode=separate,9,2026-06-07T16:23:33.156739+00:00
HVEGAS001,The Venetian Resort Las Vegas,Las Vegas,United States,booking_via_agoda,agoda,3038.0,Booking.com,32c374322094ccaf,2025-10-05,2025,,,10.0,0.0,10.0,10.0,https://www.agoda.com/api/cronos/property/review/HotelReviews?hotelId=2937&pageSize=50&referer=https%3A%2F%2Fwww.agoda.com%2Fvenetian-resort-hotel-casino%2Fhotel%2Flas-vegas-nv-us.html&providerMode=separate,9,2026-06-07T16:23:33.156739+00:00
HVEGAS001,The Venetian Resort Las Vegas,Las Vegas,United States,booking_via_agoda,agoda,3038.0,Booking.com,5f15bfcdd235d226,2025-10-05,2025,,,10.0,0.0,10.0,10.0,https://www.agoda.com/api/cronos/property/review/HotelReviews?hotelId=2937&pageSize=50&referer=https%3A%2F%2Fwww.agoda.com%2Fvenetian-resort-hotel-casino%2Fhotel%2Flas-vegas-nv-us.html&providerMode=separate,9,2026-06-07T16:23:33.156739+00:00
HVEGAS001,The Venetian Resort Las Vegas,Las Vegas,United States,booking_via_agoda,agoda,3038.0,Booking.com,90d049c9c6242bd0,2025-10-05,2025,,,10.0,0.0,10.0,10.0,https://www.agoda.com/api/cronos/property/review/HotelReviews?hotelId=2937&pageSize=50&referer=https%3A%2F%2Fwww.agoda.com%2Fvenetian-resort-hotel-casino%2Fhotel%2Flas-vegas-nv-us.html&providerMode=separate,9,2026-06-07T16:23:33.156739+00:00
HVEGAS001,The Venetian Resort Las Vegas,Las Vegas,United States,booking_via_agoda,agoda,3038.0,Booking.com,0ac9895276acec6f,2025-10-05,2025,,,10.0,0.0,10.0,10.0,https://www.agoda.com/api/cronos/property/review/HotelReviews?hotelId=2937&pageSize=50&referer=https%3A%2F%2Fwww.agoda.com%2Fvenetian-resort-hotel-casino%2Fhotel%2Flas-vegas-nv-us.html&providerMode=separate,9,2026-06-07T16:23:33.156739+00:00
HVEGAS001,The Venetian Resort Las Vegas,Las Vegas,United States,booking_via_agoda,agoda,3038.0,Booking.com,0a3ed7fe3f123542,2025-10-07,2025,,,9.0,0.0,10.0,9.0,https://www.agoda.com/api/cronos/property/review/HotelReviews?hotelId=2937&pageSize=50&referer=https%3A%2F%2Fwww.agoda.com%2Fvenetian-resort-hotel-casino%2Fhotel%2Flas-vegas-nv-us.html&providerMode=separate,9,2026-06-07T16:23:33.156739+00:00
HVEGAS001,The Venetian Resort Las Vegas,Las Vegas,United States,booking_via_agoda,agoda,3038.0,Booking.com,4043f86dbffcca34,2025-10-07,2025,,,9.0,0.0,10.0,9.0,https://www.agoda.com/api/cronos/property/review/HotelReviews?hotelId=2937&pageSize=50&referer=https%3A%2F%2Fwww.agoda.com%2Fvenetian-resort-hotel-casino%2Fhotel%2Flas-vegas-nv-us.html&providerMode=separate,9,2026-06-07T16:23:33.156739+00:00
HVEGAS001,The Venetian Resort Las Vegas,Las Vegas,United States,booking_via_agoda,agoda,3038.0,Booking.com,e863824c2d517b72,2025-10-07,2025,,,10.0,0.0,10.0,10.0,https://www.agoda.com/api/cronos/property/review/HotelReviews?hotelId=2937&pageSize=50&referer=https%3A%2F%2Fwww.agoda.com%2Fvenetian-resort-hotel-casino%2Fhotel%2Flas-vegas-nv-us.html&providerMode=separate,9,2026-06-07T16:23:33.156739+00:00
HVEGAS001,The Venetian Resort Las Vegas,Las Vegas,United States,booking_via_agoda,agoda,3038.0,Booking.com,bb210321bc7d4f33,2025-10-08,2025,,,9.0,0.0,10.0,9.0,https://www.agoda.com/api/cronos/property/review/HotelReviews?hotelId=2937&pageSize=50&referer=https%3A%2F%2Fwww.agoda.com%2Fvenetian-resort-hotel-casino%2Fhotel%2Flas-vegas-nv-us.html&providerMode=separate,9,2026-06-07T16:23:33.156739+00:00
HVEGAS001,The Venetian Resort Las Vegas,Las Vegas,United States,booking_via_agoda,agoda,3038.0,Booking.com,bd3a0f42f317278d,2025-10-08,2025,,,10.0,0.0,10.0,10.0,https://www.agoda.com/api/cronos/property/review/HotelReviews?hotelId=2937&pageSize=50&referer=https%3A%2F%2Fwww.agoda.com%2Fvenetian-resort-hotel-casino%2Fhotel%2Flas-vegas-nv-us.html&providerMode=separate,9,2026-06-07T16:23:33.156739+00:00
HVEGAS001,The Venetian Resort Las Vegas,Las Vegas,United States,booking_via_agoda,agoda,3038.0,Booking.com,d5f2824425133e33,2025-10-09,2025,,,5.0,0.0,10.0,5.0,https://www.agoda.com/api/cronos/property/review/HotelReviews?hotelId=2937&pageSize=50&referer=https%3A%2F%2Fwww.agoda.com%2Fvenetian-resort-hotel-casino%2Fhotel%2Flas-vegas-nv-us.html&providerMode=separate,9,2026-06-07T16:23:33.156739+00:00
HVEGAS001,The Venetian Resort Las Vegas,Las Vegas,United States,booking_via_agoda,agoda,3038.0,Booking.com,6acea3911e818b88,2025-10-10,2025,,,10.0,0.0,10.0,10.0,https://www.agoda.com/api/cronos/property/review/HotelReviews?hotelId=2937&pageSize=50&referer=https%3A%2F%2Fwww.agoda.com%2Fvenetian-resort-hotel-casino%2Fhotel%2Flas-vegas-nv-us.html&providerMode=separate,9,2026-06-07T16:23:33.156739+00:00
HVEGAS001,The Venetian Resort Las Vegas,Las Vegas,United States,booking_via_agoda,agoda,3038.0,Booking.com,601b751ba480e31d,2025-10-10,2025,,,6.0,0.0,10.0,6.0,https://www.agoda.com/api/cronos/property/review/HotelReviews?hotelId=2937&pageSize=50&referer=https%3A%2F%2Fwww.agoda.com%2Fvenetian-resort-hotel-casino%2Fhotel%2Flas-vegas-nv-us.html&providerMode=separate,9,2026-06-07T16:23:33.156739+00:00
HVEGAS001,The Venetian Resort Las Vegas,Las Vegas,United States,booking_via_agoda,agoda,3038.0,Booking.com,a78f42bc52f6d0ff,2025-10-11,2025,,,7.0,0.0,10.0,7.0,https://www.agoda.com/api/cronos/property/review/HotelReviews?hotelId=2937&pageSize=50&referer=https%3A%2F%2Fwww.agoda.com%2Fvenetian-resort-hotel-casino%2Fhotel%2Flas-vegas-nv-us.html&providerMode=separate,8,2026-06-07T16:23:33.156739+00:00
HVEGAS001,The Venetian Resort Las Vegas,Las Vegas,United States,booking_via_agoda,agoda,3038.0,Booking.com,1cd3493034f73afc,2025-10-11,2025,,,9.0,0.0,10.0,9.0,https://www.agoda.com/api/cronos/property/review/HotelReviews?hotelId=2937&pageSize=50&referer=https%3A%2F%2Fwww.agoda.com%2Fvenetian-resort-hotel-casino%2Fhotel%2Flas-vegas-nv-us.html&providerMode=separate,8,2026-06-07T16:23:33.156739+00:00
HVEGAS001,The Venetian Resort Las Vegas,Las Vegas,United States,booking_via_agoda,agoda,3038.0,Booking.com,cdae661fa78b9ff9,2025-10-11,2025,,,9.0,0.0,10.0,9.0,https://www.agoda.com/api/cronos/property/review/HotelReviews?hotelId=2937&pageSize=50&referer=https%3A%2F%2Fwww.agoda.com%2Fvenetian-resort-hotel-casino%2Fhotel%2Flas-vegas-nv-us.html&providerMode=separate,8,2026-06-07T16:23:33.156739+00:00
HVEGAS001,The Venetian Resort Las Vegas,Las Vegas,United States,booking_via_agoda,agoda,3038.0,Booking.com,0f3a568f972d264d,2025-10-11,2025,,,9.0,0.0,10.0,9.0,https://www.agoda.com/api/cronos/property/review/HotelReviews?hotelId=2937&pageSize=50&referer=https%3A%2F%2Fwww.agoda.com%2Fvenetian-resort-hotel-casino%2Fhotel%2Flas-vegas-nv-us.html&providerMode=separate,8,2026-06-07T16:23:33.156739+00:00
HVEGAS001,The Venetian Resort Las Vegas,Las Vegas,United States,booking_via_agoda,agoda,3038.0,Booking.com,d44809cb588ca80a,2025-10-12,2025,,,10.0,0.0,10.0,10.0,https://www.agoda.com/api/cronos/property/review/HotelReviews?hotelId=2937&pageSize=50&referer=https%3A%2F%2Fwww.agoda.com%2Fvenetian-resort-hotel-casino%2Fhotel%2Flas-vegas-nv-us.html&providerMode=separate,8,2026-06-07T16:23:33.156739+00:00
HVEGAS001,The Venetian Resort Las Vegas,Las Vegas,United States,booking_via_agoda,agoda,3038.0,Booking.com,e82f59260c19180f,2025-10-12,2025,,,7.0,0.0,10.0,7.0,https://www.agoda.com/api/cronos/property/review/HotelReviews?hotelId=2937&pageSize=50&referer=https%3A%2F%2Fwww.agoda.com%2Fvenetian-resort-hotel-casino%2Fhotel%2Flas-vegas-nv-us.html&providerMode=separate,8,2026-06-07T16:23:33.156739+00:00
HVEGAS001,The Venetian Resort Las Vegas,Las Vegas,United States,booking_via_agoda,agoda,3038.0,Booking.com,5c51d777a975c9f5,2025-10-12,2025,,,10.0,0.0,10.0,10.0,https://www.agoda.com/api/cronos/property/review/HotelReviews?hotelId=2937&pageSize=50&referer=https%3A%2F%2Fwww.agoda.com%2Fvenetian-resort-hotel-casino%2Fhotel%2Flas-vegas-nv-us.html&providerMode=separate,8,2026-06-07T16:23:33.156739+00:00
HVEGAS001,The Venetian Resort Las Vegas,Las Vegas,United States,booking_via_agoda,agoda,3038.0,Booking.com,8cba2e4ccf10cc32,2025-10-13,2025,,,10.0,0.0,10.0,10.0,https://www.agoda.com/api/cronos/property/review/HotelReviews?hotelId=2937&pageSize=50&referer=https%3A%2F%2Fwww.agoda.com%2Fvenetian-resort-hotel-casino%2Fhotel%2Flas-vegas-nv-us.html&providerMode=separate,8,2026-06-07T16:23:33.156739+00:00
HVEGAS001,The Venetian Resort Las Vegas,Las Vegas,United States,booking_via_agoda,agoda,3038.0,Booking.com,03a11b5173b1bdf7,2025-10-13,2025,,,10.0,0.0,10.0,10.0,https://www.agoda.com/api/cronos/property/review/HotelReviews?hotelId=2937&pageSize=50&referer=https%3A%2F%2Fwww.agoda.com%2Fvenetian-resort-hotel-casino%2Fhotel%2Flas-vegas-nv-us.html&providerMode=separate,8,2026-06-07T16:23:33.156739+00:00
HVEGAS001,The Venetian Resort Las Vegas,Las Vegas,United States,booking_via_agoda,agoda,3038.0,Booking.com,f66a547fdbf21082,2025-10-13,2025,,,8.0,0.0,10.0,8.0,https://www.agoda.com/api/cronos/property/review/HotelReviews?hotelId=2937&pageSize=50&referer=https%3A%2F%2Fwww.agoda.com%2Fvenetian-resort-hotel-casino%2Fhotel%2Flas-vegas-nv-us.html&providerMode=separate,8,2026-06-07T16:23:33.156739+00:00
HVEGAS001,The Venetian Resort Las Vegas,Las Vegas,United States,booking_via_agoda,agoda,3038.0,Booking.com,006be882dcd35c29,2025-10-13,2025,,,9.0,0.0,10.0,9.0,https://www.agoda.com/api/cronos/property/review/HotelReviews?hotelId=2937&pageSize=50&referer=https%3A%2F%2Fwww.agoda.com%2Fvenetian-resort-hotel-casino%2Fhotel%2Flas-vegas-nv-us.html&providerMode=separate,8,2026-06-07T16:23:33.156739+00:00
HVEGAS001,The Venetian Resort Las Vegas,Las Vegas,United States,booking_via_agoda,agoda,3038.0,Booking.com,6dbfef2052bc0141,2025-10-13,2025,,,10.0,0.0,10.0,10.0,https://www.agoda.com/api/cronos/property/review/HotelReviews?hotelId=2937&pageSize=50&referer=https%3A%2F%2Fwww.agoda.com%2Fvenetian-resort-hotel-casino%2Fhotel%2Flas-vegas-nv-us.html&providerMode=separate,8,2026-06-07T16:23:33.156739+00:00
HVEGAS001,The Venetian Resort Las Vegas,Las Vegas,United States,booking_via_agoda,agoda,3038.0,Booking.com,06e2be1aa573558d,2025-10-14,2025,,,10.0,0.0,10.0,10.0,https://www.agoda.com/api/cronos/property/review/HotelReviews?hotelId=2937&pageSize=50&referer=https%3A%2F%2Fwww.agoda.com%2Fvenetian-resort-hotel-casino%2Fhotel%2Flas-vegas-nv-us.html&providerMode=separate,8,2026-06-07T16:23:33.156739+00:00
HVEGAS001,The Venetian Resort Las Vegas,Las Vegas,United States,booking_via_agoda,agoda,3038.0,Booking.com,f01eda9a8a5e84c2,2025-10-17,2025,,,10.0,0.0,10.0,10.0,https://www.agoda.com/api/cronos/property/review/HotelReviews?hotelId=2937&pageSize=50&referer=https%3A%2F%2Fwww.agoda.com%2Fvenetian-resort-hotel-casino%2Fhotel%2Flas-vegas-nv-us.html&providerMode=separate,8,2026-06-07T16:23:33.156739+00:00
HVEGAS001,The Venetian Resort Las Vegas,Las Vegas,United States,booking_via_agoda,agoda,3038.0,Booking.com,2915d8e465d602bf,2025-10-19,2025,,,10.0,0.0,10.0,10.0,https://www.agoda.com/api/cronos/property/review/HotelReviews?hotelId=2937&pageSize=50&referer=https%3A%2F%2Fwww.agoda.com%2Fvenetian-resort-hotel-casino%2Fhotel%2Flas-vegas-nv-us.html&providerMode=separate,8,2026-06-07T16:23:33.156739+00:00
HVEGAS001,The Venetian Resort Las Vegas,Las Vegas,United States,booking_via_agoda,agoda,3038.0,Booking.com,dac944159dbbf4a6,2025-10-19,2025,,,10.0,0.0,10.0,10.0,https://www.agoda.com/api/cronos/property/review/HotelReviews?hotelId=2937&pageSize=50&referer=https%3A%2F%2Fwww.agoda.com%2Fvenetian-resort-hotel-casino%2Fhotel%2Flas-vegas-nv-us.html&providerMode=separate,8,2026-06-07T16:23:33.156739+00:00
HVEGAS001,The Venetian Resort Las Vegas,Las Vegas,United States,booking_via_agoda,agoda,3038.0,Booking.com,eb709bddbe6f8ec1,2025-10-19,2025,,,10.0,0.0,10.0,10.0,https://www.agoda.com/api/cronos/property/review/HotelReviews?hotelId=2937&pageSize=50&referer=https%3A%2F%2Fwww.agoda.com%2Fvenetian-resort-hotel-casino%2Fhotel%2Flas-vegas-nv-us.html&providerMode=separate,8,2026-06-07T16:23:33.156739+00:00
HVEGAS001,The Venetian Resort Las Vegas,Las Vegas,United States,booking_via_agoda,agoda,3038.0,Booking.com,075da6c45fe432a6,2025-10-20,2025,,,10.0,0.0,10.0,10.0,https://www.agoda.com/api/cronos/property/review/HotelReviews?hotelId=2937&pageSize=50&referer=https%3A%2F%2Fwww.agoda.com%2Fvenetian-resort-hotel-casino%2Fhotel%2Flas-vegas-nv-us.html&providerMode=separate,8,2026-06-07T16:23:33.156739+00:00
HVEGAS001,The Venetian Resort Las Vegas,Las Vegas,United States,booking_via_agoda,agoda,3038.0,Booking.com,734a5e76f7ea69ee,2025-10-21,2025,,,10.0,0.0,10.0,10.0,https://www.agoda.com/api/cronos/property/review/HotelReviews?hotelId=2937&pageSize=50&referer=https%3A%2F%2Fwww.agoda.com%2Fvenetian-resort-hotel-casino%2Fhotel%2Flas-vegas-nv-us.html&providerMode=separate,8,2026-06-07T16:23:33.156739+00:00
HVEGAS001,The Venetian Resort Las Vegas,Las Vegas,United States,booking_via_agoda,agoda,3038.0,Booking.com,9a8e382cc640ebc6,2025-10-21,2025,,,7.0,0.0,10.0,7.0,https://www.agoda.com/api/cronos/property/review/HotelReviews?hotelId=2937&pageSize=50&referer=https%3A%2F%2Fwww.agoda.com%2Fvenetian-resort-hotel-casino%2Fhotel%2Flas-vegas-nv-us.html&providerMode=separate,8,2026-06-07T16:23:33.156739+00:00
HVEGAS001,The Venetian Resort Las Vegas,Las Vegas,United States,booking_via_agoda,agoda,3038.0,Booking.com,9860ee4a0cb8f2e0,2025-10-22,2025,,,8.0,0.0,10.0,8.0,https://www.agoda.com/api/cronos/property/review/HotelReviews?hotelId=2937&pageSize=50&referer=https%3A%2F%2Fwww.agoda.com%2Fvenetian-resort-hotel-casino%2Fhotel%2Flas-vegas-nv-us.html&providerMode=separate,8,2026-06-07T16:23:33.156739+00:00
HVEGAS001,The Venetian Resort Las Vegas,Las Vegas,United States,booking_via_agoda,agoda,3038.0,Booking.com,d13b376b645a6db0,2025-10-22,2025,,,10.0,0.0,10.0,10.0,https://www.agoda.com/api/cronos/property/review/HotelReviews?hotelId=2937&pageSize=50&referer=https%3A%2F%2Fwww.agoda.com%2Fvenetian-resort-hotel-casino%2Fhotel%2Flas-vegas-nv-us.html&providerMode=separate,8,2026-06-07T16:23:33.156739+00:00
HVEGAS001,The Venetian Resort Las Vegas,Las Vegas,United States,booking_via_agoda,agoda,3038.0,Booking.com,96b58b040a43b7cd,2025-10-22,2025,,,10.0,0.0,10.0,10.0,https://www.agoda.com/api/cronos/property/review/HotelReviews?hotelId=2937&pageSize=50&referer=https%3A%2F%2Fwww.agoda.com%2Fvenetian-resort-hotel-casino%2Fhotel%2Flas-vegas-nv-us.html&providerMode=separate,8,2026-06-07T16:23:33.156739+00:00
HVEGAS001,The Venetian Resort Las Vegas,Las Vegas,United States,booking_via_agoda,agoda,3038.0,Booking.com,2ffd00787709ba70,2025-10-22,2025,,,10.0,0.0,10.0,10.0,https://www.agoda.com/api/cronos/property/review/HotelReviews?hotelId=2937&pageSize=50&referer=https%3A%2F%2Fwww.agoda.com%2Fvenetian-resort-hotel-casino%2Fhotel%2Flas-vegas-nv-us.html&providerMode=separate,8,2026-06-07T16:23:33.156739+00:00
HVEGAS001,The Venetian Resort Las Vegas,Las Vegas,United States,booking_via_agoda,agoda,3038.0,Booking.com,2ccb905b8430dc03,2025-10-23,2025,,,10.0,0.0,10.0,10.0,https://www.agoda.com/api/cronos/property/review/HotelReviews?hotelId=2937&pageSize=50&referer=https%3A%2F%2Fwww.agoda.com%2Fvenetian-resort-hotel-casino%2Fhotel%2Flas-vegas-nv-us.html&providerMode=separate,8,2026-06-07T16:23:33.156739+00:00
HVEGAS001,The Venetian Resort Las Vegas,Las Vegas,United States,booking_via_agoda,agoda,3038.0,Booking.com,680e02a8ac8d2675,2025-10-24,2025,,,10.0,0.0,10.0,10.0,https://www.agoda.com/api/cronos/property/review/HotelReviews?hotelId=2937&pageSize=50&referer=https%3A%2F%2Fwww.agoda.com%2Fvenetian-resort-hotel-casino%2Fhotel%2Flas-vegas-nv-us.html&providerMode=separate,8,2026-06-07T16:23:33.156739+00:00
HVEGAS001,The Venetian Resort Las Vegas,Las Vegas,United States,booking_via_agoda,agoda,3038.0,Booking.com,86ff152af671f64d,2025-10-24,2025,,,10.0,0.0,10.0,10.0,https://www.agoda.com/api/cronos/property/review/HotelReviews?hotelId=2937&pageSize=50&referer=https%3A%2F%2Fwww.agoda.com%2Fvenetian-resort-hotel-casino%2Fhotel%2Flas-vegas-nv-us.html&providerMode=separate,8,2026-06-07T16:23:33.156739+00:00
HVEGAS001,The Venetian Resort Las Vegas,Las Vegas,United States,booking_via_agoda,agoda,3038.0,Booking.com,9d51c678d95346ba,2025-10-25,2025,,,7.0,0.0,10.0,7.0,https://www.agoda.com/api/cronos/property/review/HotelReviews?hotelId=2937&pageSize=50&referer=https%3A%2F%2Fwww.agoda.com%2Fvenetian-resort-hotel-casino%2Fhotel%2Flas-vegas-nv-us.html&providerMode=separate,8,2026-06-07T16:23:33.156739+00:00
HVEGAS001,The Venetian Resort Las Vegas,Las Vegas,United States,booking_via_agoda,agoda,3038.0,Booking.com,9b70dea48ed50022,2025-10-25,2025,,,10.0,0.0,10.0,10.0,https://www.agoda.com/api/cronos/property/review/HotelReviews?hotelId=2937&pageSize=50&referer=https%3A%2F%2Fwww.agoda.com%2Fvenetian-resort-hotel-casino%2Fhotel%2Flas-vegas-nv-us.html&providerMode=separate,8,2026-06-07T16:23:33.156739+00:00
HVEGAS001,The Venetian Resort Las Vegas,Las Vegas,United States,booking_via_agoda,agoda,3038.0,Booking.com,b0643abe992e57b6,2025-10-25,2025,,,10.0,0.0,10.0,10.0,https://www.agoda.com/api/cronos/property/review/HotelReviews?hotelId=2937&pageSize=50&referer=https%3A%2F%2Fwww.agoda.com%2Fvenetian-resort-hotel-casino%2Fhotel%2Flas-vegas-nv-us.html&providerMode=separate,8,2026-06-07T16:23:33.156739+00:00
HVEGAS001,The Venetian Resort Las Vegas,Las Vegas,United States,booking_via_agoda,agoda,3038.0,Booking.com,7a90bcbb35f07b0d,2025-10-25,2025,,,9.0,0.0,10.0,9.0,https://www.agoda.com/api/cronos/property/review/HotelReviews?hotelId=2937&pageSize=50&referer=https%3A%2F%2Fwww.agoda.com%2Fvenetian-resort-hotel-casino%2Fhotel%2Flas-vegas-nv-us.html&providerMode=separate,8,2026-06-07T16:23:33.156739+00:00
HVEGAS001,The Venetian Resort Las Vegas,Las Vegas,United States,booking_via_agoda,agoda,3038.0,Booking.com,85456841bc02ad62,2025-10-25,2025,,,8.0,0.0,10.0,8.0,https://www.agoda.com/api/cronos/property/review/HotelReviews?hotelId=2937&pageSize=50&referer=https%3A%2F%2Fwww.agoda.com%2Fvenetian-resort-hotel-casino%2Fhotel%2Flas-vegas-nv-us.html&providerMode=separate,8,2026-06-07T16:23:33.156739+00:00
HVEGAS001,The Venetian Resort Las Vegas,Las Vegas,United States,booking_via_agoda,agoda,3038.0,Booking.com,9a1bdae2e895e688,2025-10-26,2025,,,10.0,0.0,10.0,10.0,https://www.agoda.com/api/cronos/property/review/HotelReviews?hotelId=2937&pageSize=50&referer=https%3A%2F%2Fwww.agoda.com%2Fvenetian-resort-hotel-casino%2Fhotel%2Flas-vegas-nv-us.html&providerMode=separate,8,2026-06-07T16:23:33.156739+00:00
HVEGAS001,The Venetian Resort Las Vegas,Las Vegas,United States,booking_via_agoda,agoda,3038.0,Booking.com,eb11dce58de426ff,2025-10-26,2025,,,10.0,0.0,10.0,10.0,https://www.agoda.com/api/cronos/property/review/HotelReviews?hotelId=2937&pageSize=50&referer=https%3A%2F%2Fwww.agoda.com%2Fvenetian-resort-hotel-casino%2Fhotel%2Flas-vegas-nv-us.html&providerMode=separate,8,2026-06-07T16:23:33.156739+00:00
HVEGAS001,The Venetian Resort Las Vegas,Las Vegas,United States,booking_via_agoda,agoda,3038.0,Booking.com,15ba40b641f27e18,2025-10-26,2025,,,10.0,0.0,10.0,10.0,https://www.agoda.com/api/cronos/property/review/HotelReviews?hotelId=2937&pageSize=50&referer=https%3A%2F%2Fwww.agoda.com%2Fvenetian-resort-hotel-casino%2Fhotel%2Flas-vegas-nv-us.html&providerMode=separate,8,2026-06-07T16:23:33.156739+00:00
HVEGAS001,The Venetian Resort Las Vegas,Las Vegas,United States,booking_via_agoda,agoda,3038.0,Booking.com,a9ca483c0705bf6a,2025-10-26,2025,,,9.0,0.0,10.0,9.0,https://www.agoda.com/api/cronos/property/review/HotelReviews?hotelId=2937&pageSize=50&referer=https%3A%2F%2Fwww.agoda.com%2Fvenetian-resort-hotel-casino%2Fhotel%2Flas-vegas-nv-us.html&providerMode=separate,8,2026-06-07T16:23:33.156739+00:00
HVEGAS001,The Venetian Resort Las Vegas,Las Vegas,United States,booking_via_agoda,agoda,3038.0,Booking.com,44f8ace6c862bd82,2025-10-27,2025,,,9.0,0.0,10.0,9.0,https://www.agoda.com/api/cronos/property/review/HotelReviews?hotelId=2937&pageSize=50&referer=https%3A%2F%2Fwww.agoda.com%2Fvenetian-resort-hotel-casino%2Fhotel%2Flas-vegas-nv-us.html&providerMode=separate,8,2026-06-07T16:23:33.156739+00:00
HVEGAS001,The Venetian Resort Las Vegas,Las Vegas,United States,booking_via_agoda,agoda,3038.0,Booking.com,c8a32125afd3aaa2,2025-10-27,2025,,,10.0,0.0,10.0,10.0,https://www.agoda.com/api/cronos/property/review/HotelReviews?hotelId=2937&pageSize=50&referer=https%3A%2F%2Fwww.agoda.com%2Fvenetian-resort-hotel-casino%2Fhotel%2Flas-vegas-nv-us.html&providerMode=separate,8,2026-06-07T16:23:33.156739+00:00
HVEGAS001,The Venetian Resort Las Vegas,Las Vegas,United States,booking_via_agoda,agoda,3038.0,Booking.com,891613d4b6ec8331,2025-10-27,2025,,,10.0,0.0,10.0,10.0,https://www.agoda.com/api/cronos/property/review/HotelReviews?hotelId=2937&pageSize=50&referer=https%3A%2F%2Fwww.agoda.com%2Fvenetian-resort-hotel-casino%2Fhotel%2Flas-vegas-nv-us.html&providerMode=separate,8,2026-06-07T16:23:33.156739+00:00
HVEGAS001,The Venetian Resort Las Vegas,Las Vegas,United States,booking_via_agoda,agoda,3038.0,Booking.com,e1d10eb81cd7ef78,2025-10-28,2025,,,10.0,0.0,10.0,10.0,https://www.agoda.com/api/cronos/property/review/HotelReviews?hotelId=2937&pageSize=50&referer=https%3A%2F%2Fwww.agoda.com%2Fvenetian-resort-hotel-casino%2Fhotel%2Flas-vegas-nv-us.html&providerMode=separate,8,2026-06-07T16:23:33.156739+00:00
HVEGAS001,The Venetian Resort Las Vegas,Las Vegas,United States,booking_via_agoda,agoda,3038.0,Booking.com,d80d6ea47e888f26,2025-10-29,2025,,,10.0,0.0,10.0,10.0,https://www.agoda.com/api/cronos/property/review/HotelReviews?hotelId=2937&pageSize=50&referer=https%3A%2F%2Fwww.agoda.com%2Fvenetian-resort-hotel-casino%2Fhotel%2Flas-vegas-nv-us.html&providerMode=separate,8,2026-06-07T16:23:33.156739+00:00
HVEGAS001,The Venetian Resort Las Vegas,Las Vegas,United States,booking_via_agoda,agoda,3038.0,Booking.com,b59e5e6d93bfa0ee,2025-10-29,2025,,,9.0,0.0,10.0,9.0,https://www.agoda.com/api/cronos/property/review/HotelReviews?hotelId=2937&pageSize=50&referer=https%3A%2F%2Fwww.agoda.com%2Fvenetian-resort-hotel-casino%2Fhotel%2Flas-vegas-nv-us.html&providerMode=separate,8,2026-06-07T16:23:33.156739+00:00
HVEGAS001,The Venetian Resort Las Vegas,Las Vegas,United States,booking_via_agoda,agoda,3038.0,Booking.com,5cbeb3e0a9d5d6aa,2025-10-29,2025,,,10.0,0.0,10.0,10.0,https://www.agoda.com/api/cronos/property/review/HotelReviews?hotelId=2937&pageSize=50&referer=https%3A%2F%2Fwww.agoda.com%2Fvenetian-resort-hotel-casino%2Fhotel%2Flas-vegas-nv-us.html&providerMode=separate,8,2026-06-07T16:23:33.156739+00:00
HVEGAS001,The Venetian Resort Las Vegas,Las Vegas,United States,booking_via_agoda,agoda,3038.0,Booking.com,53dc657884303e17,2025-10-30,2025,,,10.0,0.0,10.0,10.0,https://www.agoda.com/api/cronos/property/review/HotelReviews?hotelId=2937&pageSize=50&referer=https%3A%2F%2Fwww.agoda.com%2Fvenetian-resort-hotel-casino%2Fhotel%2Flas-vegas-nv-us.html&providerMode=separate,8,2026-06-07T16:23:33.156739+00:00
HVEGAS001,The Venetian Resort Las Vegas,Las Vegas,United States,booking_via_agoda,agoda,3038.0,Booking.com,4b668eba38b10a5f,2025-10-30,2025,,,10.0,0.0,10.0,10.0,https://www.agoda.com/api/cronos/property/review/HotelReviews?hotelId=2937&pageSize=50&referer=https%3A%2F%2Fwww.agoda.com%2Fvenetian-resort-hotel-casino%2Fhotel%2Flas-vegas-nv-us.html&providerMode=separate,8,2026-06-07T16:23:33.156739+00:00
HVEGAS001,The Venetian Resort Las Vegas,Las Vegas,United States,booking_via_agoda,agoda,3038.0,Booking.com,0b3bd1ec4f0bda2b,2025-10-31,2025,,,10.0,0.0,10.0,10.0,https://www.agoda.com/api/cronos/property/review/HotelReviews?hotelId=2937&pageSize=50&referer=https%3A%2F%2Fwww.agoda.com%2Fvenetian-resort-hotel-casino%2Fhotel%2Flas-vegas-nv-us.html&providerMode=separate,8,2026-06-07T16:23:33.156739+00:00
HVEGAS001,The Venetian Resort Las Vegas,Las Vegas,United States,booking_via_agoda,agoda,3038.0,Booking.com,c219c1a21cd9df36,2025-10-31,2025,,,6.0,0.0,10.0,6.0,https://www.agoda.com/api/cronos/property/review/HotelReviews?hotelId=2937&pageSize=50&referer=https%3A%2F%2Fwww.agoda.com%2Fvenetian-resort-hotel-casino%2Fhotel%2Flas-vegas-nv-us.html&providerMode=separate,8,2026-06-07T16:23:33.156739+00:00
HVEGAS001,The Venetian Resort Las Vegas,Las Vegas,United States,booking_via_agoda,agoda,3038.0,Booking.com,a2590426c02ae1b9,2025-10-31,2025,,,9.0,0.0,10.0,9.0,https://www.agoda.com/api/cronos/property/review/HotelReviews?hotelId=2937&pageSize=50&referer=https%3A%2F%2Fwww.agoda.com%2Fvenetian-resort-hotel-casino%2Fhotel%2Flas-vegas-nv-us.html&providerMode=separate,8,2026-06-07T16:23:33.156739+00:00
HVEGAS001,The Venetian Resort Las Vegas,Las Vegas,United States,booking_via_agoda,agoda,3038.0,Booking.com,df3e2c65776e50fe,2025-10-31,2025,,,8.0,0.0,10.0,8.0,https://www.agoda.com/api/cronos/property/review/HotelReviews?hotelId=2937&pageSize=50&referer=https%3A%2F%2Fwww.agoda.com%2Fvenetian-resort-hotel-casino%2Fhotel%2Flas-vegas-nv-us.html&providerMode=separate,8,2026-06-07T16:23:33.156739+00:00
HVEGAS001,The Venetian Resort Las Vegas,Las Vegas,United States,booking_via_agoda,agoda,3038.0,Booking.com,7966543cb15d9f6f,2025-11-01,2025,,,8.0,0.0,10.0,8.0,https://www.agoda.com/api/cronos/property/review/HotelReviews?hotelId=2937&pageSize=50&referer=https%3A%2F%2Fwww.agoda.com%2Fvenetian-resort-hotel-casino%2Fhotel%2Flas-vegas-nv-us.html&providerMode=separate,7,2026-06-07T16:23:33.156739+00:00
HVEGAS001,The Venetian Resort Las Vegas,Las Vegas,United States,booking_via_agoda,agoda,3038.0,Booking.com,6bfb78afdaaff592,2025-11-01,2025,,,9.0,0.0,10.0,9.0,https://www.agoda.com/api/cronos/property/review/HotelReviews?hotelId=2937&pageSize=50&referer=https%3A%2F%2Fwww.agoda.com%2Fvenetian-resort-hotel-casino%2Fhotel%2Flas-vegas-nv-us.html&providerMode=separate,7,2026-06-07T16:23:33.156739+00:00
HVEGAS001,The Venetian Resort Las Vegas,Las Vegas,United States,booking_via_agoda,agoda,3038.0,Booking.com,08a05faf1958db49,2025-11-01,2025,,,8.0,0.0,10.0,8.0,https://www.agoda.com/api/cronos/property/review/HotelReviews?hotelId=2937&pageSize=50&referer=https%3A%2F%2Fwww.agoda.com%2Fvenetian-resort-hotel-casino%2Fhotel%2Flas-vegas-nv-us.html&providerMode=separate,8,2026-06-07T16:23:33.156739+00:00
HVEGAS001,The Venetian Resort Las Vegas,Las Vegas,United States,booking_via_agoda,agoda,3038.0,Booking.com,9ab4f30c12163204,2025-11-02,2025,,,10.0,0.0,10.0,10.0,https://www.agoda.com/api/cronos/property/review/HotelReviews?hotelId=2937&pageSize=50&referer=https%3A%2F%2Fwww.agoda.com%2Fvenetian-resort-hotel-casino%2Fhotel%2Flas-vegas-nv-us.html&providerMode=separate,7,2026-06-07T16:23:33.156739+00:00
HVEGAS001,The Venetian Resort Las Vegas,Las Vegas,United States,booking_via_agoda,agoda,3038.0,Booking.com,9b64f587af8c889a,2025-11-02,2025,,,8.0,0.0,10.0,8.0,https://www.agoda.com/api/cronos/property/review/HotelReviews?hotelId=2937&pageSize=50&referer=https%3A%2F%2Fwww.agoda.com%2Fvenetian-resort-hotel-casino%2Fhotel%2Flas-vegas-nv-us.html&providerMode=separate,7,2026-06-07T16:23:33.156739+00:00
HVEGAS001,The Venetian Resort Las Vegas,Las Vegas,United States,booking_via_agoda,agoda,3038.0,Booking.com,06501cdfe235838b,2025-11-02,2025,,,10.0,0.0,10.0,10.0,https://www.agoda.com/api/cronos/property/review/HotelReviews?hotelId=2937&pageSize=50&referer=https%3A%2F%2Fwww.agoda.com%2Fvenetian-resort-hotel-casino%2Fhotel%2Flas-vegas-nv-us.html&providerMode=separate,7,2026-06-07T16:23:33.156739+00:00
HVEGAS001,The Venetian Resort Las Vegas,Las Vegas,United States,booking_via_agoda,agoda,3038.0,Booking.com,cbea320a8adcf14d,2025-11-03,2025,,,10.0,0.0,10.0,10.0,https://www.agoda.com/api/cronos/property/review/HotelReviews?hotelId=2937&pageSize=50&referer=https%3A%2F%2Fwww.agoda.com%2Fvenetian-resort-hotel-casino%2Fhotel%2Flas-vegas-nv-us.html&providerMode=separate,7,2026-06-07T16:23:33.156739+00:00
HVEGAS001,The Venetian Resort Las Vegas,Las Vegas,United States,booking_via_agoda,agoda,3038.0,Booking.com,77d8df1b66e60ea0,2025-11-03,2025,,,10.0,0.0,10.0,10.0,https://www.agoda.com/api/cronos/property/review/HotelReviews?hotelId=2937&pageSize=50&referer=https%3A%2F%2Fwww.agoda.com%2Fvenetian-resort-hotel-casino%2Fhotel%2Flas-vegas-nv-us.html&providerMode=separate,7,2026-06-07T16:23:33.156739+00:00
HVEGAS001,The Venetian Resort Las Vegas,Las Vegas,United States,booking_via_agoda,agoda,3038.0,Booking.com,b3902013acf67c98,2025-11-03,2025,,,10.0,0.0,10.0,10.0,https://www.agoda.com/api/cronos/property/review/HotelReviews?hotelId=2937&pageSize=50&referer=https%3A%2F%2Fwww.agoda.com%2Fvenetian-resort-hotel-casino%2Fhotel%2Flas-vegas-nv-us.html&providerMode=separate,7,2026-06-07T16:23:33.156739+00:00
HVEGAS001,The Venetian Resort Las Vegas,Las Vegas,United States,booking_via_agoda,agoda,3038.0,Booking.com,9ee3ba5deb965086,2025-11-04,2025,,,1.0,0.0,10.0,1.0,https://www.agoda.com/api/cronos/property/review/HotelReviews?hotelId=2937&pageSize=50&referer=https%3A%2F%2Fwww.agoda.com%2Fvenetian-resort-hotel-casino%2Fhotel%2Flas-vegas-nv-us.html&providerMode=separate,7,2026-06-07T16:23:33.156739+00:00
HVEGAS001,The Venetian Resort Las Vegas,Las Vegas,United States,booking_via_agoda,agoda,3038.0,Booking.com,a0e875bf9c4697f8,2025-11-05,2025,,,10.0,0.0,10.0,10.0,https://www.agoda.com/api/cronos/property/review/HotelReviews?hotelId=2937&pageSize=50&referer=https%3A%2F%2Fwww.agoda.com%2Fvenetian-resort-hotel-casino%2Fhotel%2Flas-vegas-nv-us.html&providerMode=separate,7,2026-06-07T16:23:33.156739+00:00
HVEGAS001,The Venetian Resort Las Vegas,Las Vegas,United States,booking_via_agoda,agoda,3038.0,Booking.com,bda5dbcb6fdaa011,2025-11-07,2025,,,10.0,0.0,10.0,10.0,https://www.agoda.com/api/cronos/property/review/HotelReviews?hotelId=2937&pageSize=50&referer=https%3A%2F%2Fwww.agoda.com%2Fvenetian-resort-hotel-casino%2Fhotel%2Flas-vegas-nv-us.html&providerMode=separate,7,2026-06-07T16:23:33.156739+00:00
HVEGAS001,The Venetian Resort Las Vegas,Las Vegas,United States,booking_via_agoda,agoda,3038.0,Booking.com,ce6695bdbbb7f5ac,2025-11-07,2025,,,10.0,0.0,10.0,10.0,https://www.agoda.com/api/cronos/property/review/HotelReviews?hotelId=2937&pageSize=50&referer=https%3A%2F%2Fwww.agoda.com%2Fvenetian-resort-hotel-casino%2Fhotel%2Flas-vegas-nv-us.html&providerMode=separate,7,2026-06-07T16:23:33.156739+00:00
HVEGAS001,The Venetian Resort Las Vegas,Las Vegas,United States,booking_via_agoda,agoda,3038.0,Booking.com,8c0287b04b9c0442,2025-11-08,2025,,,10.0,0.0,10.0,10.0,https://www.agoda.com/api/cronos/property/review/HotelReviews?hotelId=2937&pageSize=50&referer=https%3A%2F%2Fwww.agoda.com%2Fvenetian-resort-hotel-casino%2Fhotel%2Flas-vegas-nv-us.html&providerMode=separate,7,2026-06-07T16:23:33.156739+00:00
HVEGAS001,The Venetian Resort Las Vegas,Las Vegas,United States,booking_via_agoda,agoda,3038.0,Booking.com,6a420c387b2fb888,2025-11-11,2025,,,10.0,0.0,10.0,10.0,https://www.agoda.com/api/cronos/property/review/HotelReviews?hotelId=2937&pageSize=50&referer=https%3A%2F%2Fwww.agoda.com%2Fvenetian-resort-hotel-casino%2Fhotel%2Flas-vegas-nv-us.html&providerMode=separate,7,2026-06-07T16:23:33.156739+00:00
HVEGAS001,The Venetian Resort Las Vegas,Las Vegas,United States,booking_via_agoda,agoda,3038.0,Booking.com,c110965ee04a9ccc,2025-11-11,2025,,,10.0,0.0,10.0,10.0,https://www.agoda.com/api/cronos/property/review/HotelReviews?hotelId=2937&pageSize=50&referer=https%3A%2F%2Fwww.agoda.com%2Fvenetian-resort-hotel-casino%2Fhotel%2Flas-vegas-nv-us.html&providerMode=separate,7,2026-06-07T16:23:33.156739+00:00
HVEGAS001,The Venetian Resort Las Vegas,Las Vegas,United States,booking_via_agoda,agoda,3038.0,Booking.com,c256827447aa62ba,2025-11-13,2025,,,10.0,0.0,10.0,10.0,https://www.agoda.com/api/cronos/property/review/HotelReviews?hotelId=2937&pageSize=50&referer=https%3A%2F%2Fwww.agoda.com%2Fvenetian-resort-hotel-casino%2Fhotel%2Flas-vegas-nv-us.html&providerMode=separate,7,2026-06-07T16:23:33.156739+00:00
HVEGAS001,The Venetian Resort Las Vegas,Las Vegas,United States,booking_via_agoda,agoda,3038.0,Booking.com,9a8d673fc1328026,2025-11-13,2025,,,1.0,0.0,10.0,1.0,https://www.agoda.com/api/cronos/property/review/HotelReviews?hotelId=2937&pageSize=50&referer=https%3A%2F%2Fwww.agoda.com%2Fvenetian-resort-hotel-casino%2Fhotel%2Flas-vegas-nv-us.html&providerMode=separate,7,2026-06-07T16:23:33.156739+00:00
HVEGAS001,The Venetian Resort Las Vegas,Las Vegas,United States,booking_via_agoda,agoda,3038.0,Booking.com,e46f613b7f6512b6,2025-11-14,2025,,,8.0,0.0,10.0,8.0,https://www.agoda.com/api/cronos/property/review/HotelReviews?hotelId=2937&pageSize=50&referer=https%3A%2F%2Fwww.agoda.com%2Fvenetian-resort-hotel-casino%2Fhotel%2Flas-vegas-nv-us.html&providerMode=separate,7,2026-06-07T16:23:33.156739+00:00
HVEGAS001,The Venetian Resort Las Vegas,Las Vegas,United States,booking_via_agoda,agoda,3038.0,Booking.com,839d893278320a96,2025-11-16,2025,,,1.0,0.0,10.0,1.0,https://www.agoda.com/api/cronos/property/review/HotelReviews?hotelId=2937&pageSize=50&referer=https%3A%2F%2Fwww.agoda.com%2Fvenetian-resort-hotel-casino%2Fhotel%2Flas-vegas-nv-us.html&providerMode=separate,7,2026-06-07T16:23:33.156739+00:00
HVEGAS001,The Venetian Resort Las Vegas,Las Vegas,United States,booking_via_agoda,agoda,3038.0,Booking.com,231a20c2ae31b43c,2025-11-16,2025,,,10.0,0.0,10.0,10.0,https://www.agoda.com/api/cronos/property/review/HotelReviews?hotelId=2937&pageSize=50&referer=https%3A%2F%2Fwww.agoda.com%2Fvenetian-resort-hotel-casino%2Fhotel%2Flas-vegas-nv-us.html&providerMode=separate,7,2026-06-07T16:23:33.156739+00:00
HVEGAS001,The Venetian Resort Las Vegas,Las Vegas,United States,booking_via_agoda,agoda,3038.0,Booking.com,3c9bef634658463c,2025-11-17,2025,,,10.0,0.0,10.0,10.0,https://www.agoda.com/api/cronos/property/review/HotelReviews?hotelId=2937&pageSize=50&referer=https%3A%2F%2Fwww.agoda.com%2Fvenetian-resort-hotel-casino%2Fhotel%2Flas-vegas-nv-us.html&providerMode=separate,7,2026-06-07T16:23:33.156739+00:00
HVEGAS001,The Venetian Resort Las Vegas,Las Vegas,United States,booking_via_agoda,agoda,3038.0,Booking.com,a63c072443db6d95,2025-11-17,2025,,,9.0,0.0,10.0,9.0,https://www.agoda.com/api/cronos/property/review/HotelReviews?hotelId=2937&pageSize=50&referer=https%3A%2F%2Fwww.agoda.com%2Fvenetian-resort-hotel-casino%2Fhotel%2Flas-vegas-nv-us.html&providerMode=separate,7,2026-06-07T16:23:33.156739+00:00
HVEGAS001,The Venetian Resort Las Vegas,Las Vegas,United States,booking_via_agoda,agoda,3038.0,Booking.com,2203fb9a653c10d2,2025-11-18,2025,,,9.0,0.0,10.0,9.0,https://www.agoda.com/api/cronos/property/review/HotelReviews?hotelId=2937&pageSize=50&referer=https%3A%2F%2Fwww.agoda.com%2Fvenetian-resort-hotel-casino%2Fhotel%2Flas-vegas-nv-us.html&providerMode=separate,7,2026-06-07T16:23:33.156739+00:00
HVEGAS001,The Venetian Resort Las Vegas,Las Vegas,United States,booking_via_agoda,agoda,3038.0,Booking.com,e69c92f0ef9e880f,2025-11-18,2025,,,10.0,0.0,10.0,10.0,https://www.agoda.com/api/cronos/property/review/HotelReviews?hotelId=2937&pageSize=50&referer=https%3A%2F%2Fwww.agoda.com%2Fvenetian-resort-hotel-casino%2Fhotel%2Flas-vegas-nv-us.html&providerMode=separate,7,2026-06-07T16:23:33.156739+00:00
HVEGAS001,The Venetian Resort Las Vegas,Las Vegas,United States,booking_via_agoda,agoda,3038.0,Booking.com,444f280288dc4fb9,2025-11-19,2025,,,10.0,0.0,10.0,10.0,https://www.agoda.com/api/cronos/property/review/HotelReviews?hotelId=2937&pageSize=50&referer=https%3A%2F%2Fwww.agoda.com%2Fvenetian-resort-hotel-casino%2Fhotel%2Flas-vegas-nv-us.html&providerMode=separate,7,2026-06-07T16:23:33.156739+00:00
HVEGAS001,The Venetian Resort Las Vegas,Las Vegas,United States,booking_via_agoda,agoda,3038.0,Booking.com,46363536a0e0bd46,2025-11-19,2025,,,10.0,0.0,10.0,10.0,https://www.agoda.com/api/cronos/property/review/HotelReviews?hotelId=2937&pageSize=50&referer=https%3A%2F%2Fwww.agoda.com%2Fvenetian-resort-hotel-casino%2Fhotel%2Flas-vegas-nv-us.html&providerMode=separate,7,2026-06-07T16:23:33.156739+00:00
HVEGAS001,The Venetian Resort Las Vegas,Las Vegas,United States,booking_via_agoda,agoda,3038.0,Booking.com,e16cd28859123e63,2025-11-19,2025,,,10.0,0.0,10.0,10.0,https://www.agoda.com/api/cronos/property/review/HotelReviews?hotelId=2937&pageSize=50&referer=https%3A%2F%2Fwww.agoda.com%2Fvenetian-resort-hotel-casino%2Fhotel%2Flas-vegas-nv-us.html&providerMode=separate,7,2026-06-07T16:23:33.156739+00:00
HVEGAS001,The Venetian Resort Las Vegas,Las Vegas,United States,booking_via_agoda,agoda,3038.0,Booking.com,6228269738f30eec,2025-11-19,2025,,,10.0,0.0,10.0,10.0,https://www.agoda.com/api/cronos/property/review/HotelReviews?hotelId=2937&pageSize=50&referer=https%3A%2F%2Fwww.agoda.com%2Fvenetian-resort-hotel-casino%2Fhotel%2Flas-vegas-nv-us.html&providerMode=separate,7,2026-06-07T16:23:33.156739+00:00
HVEGAS001,The Venetian Resort Las Vegas,Las Vegas,United States,booking_via_agoda,agoda,3038.0,Booking.com,353f0b269ddef7de,2025-11-20,2025,,,10.0,0.0,10.0,10.0,https://www.agoda.com/api/cronos/property/review/HotelReviews?hotelId=2937&pageSize=50&referer=https%3A%2F%2Fwww.agoda.com%2Fvenetian-resort-hotel-casino%2Fhotel%2Flas-vegas-nv-us.html&providerMode=separate,7,2026-06-07T16:23:33.156739+00:00
HVEGAS001,The Venetian Resort Las Vegas,Las Vegas,United States,booking_via_agoda,agoda,3038.0,Booking.com,0c28648378380a0c,2025-11-20,2025,,,10.0,0.0,10.0,10.0,https://www.agoda.com/api/cronos/property/review/HotelReviews?hotelId=2937&pageSize=50&referer=https%3A%2F%2Fwww.agoda.com%2Fvenetian-resort-hotel-casino%2Fhotel%2Flas-vegas-nv-us.html&providerMode=separate,7,2026-06-07T16:23:33.156739+00:00
HVEGAS001,The Venetian Resort Las Vegas,Las Vegas,United States,booking_via_agoda,agoda,3038.0,Booking.com,efc1b44f153f2405,2025-11-20,2025,,,1.0,0.0,10.0,1.0,https://www.agoda.com/api/cronos/property/review/HotelReviews?hotelId=2937&pageSize=50&referer=https%3A%2F%2Fwww.agoda.com%2Fvenetian-resort-hotel-casino%2Fhotel%2Flas-vegas-nv-us.html&providerMode=separate,7,2026-06-07T16:23:33.156739+00:00
HVEGAS001,The Venetian Resort Las Vegas,Las Vegas,United States,booking_via_agoda,agoda,3038.0,Booking.com,05bcda2de3cd4639,2025-11-20,2025,,,10.0,0.0,10.0,10.0,https://www.agoda.com/api/cronos/property/review/HotelReviews?hotelId=2937&pageSize=50&referer=https%3A%2F%2Fwww.agoda.com%2Fvenetian-resort-hotel-casino%2Fhotel%2Flas-vegas-nv-us.html&providerMode=separate,7,2026-06-07T16:23:33.156739+00:00
HVEGAS001,The Venetian Resort Las Vegas,Las Vegas,United States,booking_via_agoda,agoda,3038.0,Booking.com,7a10aafa04d6dcea,2025-11-20,2025,,,10.0,0.0,10.0,10.0,https://www.agoda.com/api/cronos/property/review/HotelReviews?hotelId=2937&pageSize=50&referer=https%3A%2F%2Fwww.agoda.com%2Fvenetian-resort-hotel-casino%2Fhotel%2Flas-vegas-nv-us.html&providerMode=separate,7,2026-06-07T16:23:33.156739+00:00
HVEGAS001,The Venetian Resort Las Vegas,Las Vegas,United States,booking_via_agoda,agoda,3038.0,Booking.com,d72ec52c6615214e,2025-11-21,2025,,,10.0,0.0,10.0,10.0,https://www.agoda.com/api/cronos/property/review/HotelReviews?hotelId=2937&pageSize=50&referer=https%3A%2F%2Fwww.agoda.com%2Fvenetian-resort-hotel-casino%2Fhotel%2Flas-vegas-nv-us.html&providerMode=separate,7,2026-06-07T16:23:33.156739+00:00
HVEGAS001,The Venetian Resort Las Vegas,Las Vegas,United States,booking_via_agoda,agoda,3038.0,Booking.com,2dbac1d485b7725d,2025-11-21,2025,,,10.0,0.0,10.0,10.0,https://www.agoda.com/api/cronos/property/review/HotelReviews?hotelId=2937&pageSize=50&referer=https%3A%2F%2Fwww.agoda.com%2Fvenetian-resort-hotel-casino%2Fhotel%2Flas-vegas-nv-us.html&providerMode=separate,7,2026-06-07T16:23:33.156739+00:00
HVEGAS001,The Venetian Resort Las Vegas,Las Vegas,United States,booking_via_agoda,agoda,3038.0,Booking.com,c634b70095a97b7f,2025-11-22,2025,,,10.0,0.0,10.0,10.0,https://www.agoda.com/api/cronos/property/review/HotelReviews?hotelId=2937&pageSize=50&referer=https%3A%2F%2Fwww.agoda.com%2Fvenetian-resort-hotel-casino%2Fhotel%2Flas-vegas-nv-us.html&providerMode=separate,7,2026-06-07T16:23:33.156739+00:00
HVEGAS001,The Venetian Resort Las Vegas,Las Vegas,United States,booking_via_agoda,agoda,3038.0,Booking.com,acd2d126da57801c,2025-11-23,2025,,,9.0,0.0,10.0,9.0,https://www.agoda.com/api/cronos/property/review/HotelReviews?hotelId=2937&pageSize=50&referer=https%3A%2F%2Fwww.agoda.com%2Fvenetian-resort-hotel-casino%2Fhotel%2Flas-vegas-nv-us.html&providerMode=separate,7,2026-06-07T16:23:33.156739+00:00
HVEGAS001,The Venetian Resort Las Vegas,Las Vegas,United States,booking_via_agoda,agoda,3038.0,Booking.com,33f852c87b2c33ba,2025-11-24,2025,,,10.0,0.0,10.0,10.0,https://www.agoda.com/api/cronos/property/review/HotelReviews?hotelId=2937&pageSize=50&referer=https%3A%2F%2Fwww.agoda.com%2Fvenetian-resort-hotel-casino%2Fhotel%2Flas-vegas-nv-us.html&providerMode=separate,7,2026-06-07T16:23:33.156739+00:00
HVEGAS001,The Venetian Resort Las Vegas,Las Vegas,United States,booking_via_agoda,agoda,3038.0,Booking.com,accf38e49af0681c,2025-11-24,2025,,,10.0,0.0,10.0,10.0,https://www.agoda.com/api/cronos/property/review/HotelReviews?hotelId=2937&pageSize=50&referer=https%3A%2F%2Fwww.agoda.com%2Fvenetian-resort-hotel-casino%2Fhotel%2Flas-vegas-nv-us.html&providerMode=separate,7,2026-06-07T16:23:33.156739+00:00
HVEGAS001,The Venetian Resort Las Vegas,Las Vegas,United States,booking_via_agoda,agoda,3038.0,Booking.com,2c22ce4c45ce4f92,2025-11-25,2025,,,9.0,0.0,10.0,9.0,https://www.agoda.com/api/cronos/property/review/HotelReviews?hotelId=2937&pageSize=50&referer=https%3A%2F%2Fwww.agoda.com%2Fvenetian-resort-hotel-casino%2Fhotel%2Flas-vegas-nv-us.html&providerMode=separate,7,2026-06-07T16:23:33.156739+00:00
HVEGAS001,The Venetian Resort Las Vegas,Las Vegas,United States,booking_via_agoda,agoda,3038.0,Booking.com,e8cb1af695f88c54,2025-11-27,2025,,,9.0,0.0,10.0,9.0,https://www.agoda.com/api/cronos/property/review/HotelReviews?hotelId=2937&pageSize=50&referer=https%3A%2F%2Fwww.agoda.com%2Fvenetian-resort-hotel-casino%2Fhotel%2Flas-vegas-nv-us.html&providerMode=separate,7,2026-06-07T16:23:33.156739+00:00
HVEGAS001,The Venetian Resort Las Vegas,Las Vegas,United States,booking_via_agoda,agoda,3038.0,Booking.com,1dda31e5f5666c84,2025-11-27,2025,,,9.0,0.0,10.0,9.0,https://www.agoda.com/api/cronos/property/review/HotelReviews?hotelId=2937&pageSize=50&referer=https%3A%2F%2Fwww.agoda.com%2Fvenetian-resort-hotel-casino%2Fhotel%2Flas-vegas-nv-us.html&providerMode=separate,7,2026-06-07T16:23:33.156739+00:00
HVEGAS001,The Venetian Resort Las Vegas,Las Vegas,United States,booking_via_agoda,agoda,3038.0,Booking.com,4655b59f4e39a3d0,2025-11-27,2025,,,10.0,0.0,10.0,10.0,https://www.agoda.com/api/cronos/property/review/HotelReviews?hotelId=2937&pageSize=50&referer=https%3A%2F%2Fwww.agoda.com%2Fvenetian-resort-hotel-casino%2Fhotel%2Flas-vegas-nv-us.html&providerMode=separate,7,2026-06-07T16:23:33.156739+00:00
HVEGAS001,The Venetian Resort Las Vegas,Las Vegas,United States,booking_via_agoda,agoda,3038.0,Booking.com,b935b3b2851e6345,2025-11-28,2025,,,8.0,0.0,10.0,8.0,https://www.agoda.com/api/cronos/property/review/HotelReviews?hotelId=2937&pageSize=50&referer=https%3A%2F%2Fwww.agoda.com%2Fvenetian-resort-hotel-casino%2Fhotel%2Flas-vegas-nv-us.html&providerMode=separate,7,2026-06-07T16:23:33.156739+00:00
HVEGAS001,The Venetian Resort Las Vegas,Las Vegas,United States,booking_via_agoda,agoda,3038.0,Booking.com,b322cc102aa0be63,2025-11-28,2025,,,10.0,0.0,10.0,10.0,https://www.agoda.com/api/cronos/property/review/HotelReviews?hotelId=2937&pageSize=50&referer=https%3A%2F%2Fwww.agoda.com%2Fvenetian-resort-hotel-casino%2Fhotel%2Flas-vegas-nv-us.html&providerMode=separate,7,2026-06-07T16:23:33.156739+00:00
HVEGAS001,The Venetian Resort Las Vegas,Las Vegas,United States,booking_via_agoda,agoda,3038.0,Booking.com,206f1bb371792667,2025-11-28,2025,,,9.0,0.0,10.0,9.0,https://www.agoda.com/api/cronos/property/review/HotelReviews?hotelId=2937&pageSize=50&referer=https%3A%2F%2Fwww.agoda.com%2Fvenetian-resort-hotel-casino%2Fhotel%2Flas-vegas-nv-us.html&providerMode=separate,7,2026-06-07T16:23:33.156739+00:00
HVEGAS001,The Venetian Resort Las Vegas,Las Vegas,United States,booking_via_agoda,agoda,3038.0,Booking.com,36d60f6ce01ac769,2025-11-29,2025,,,10.0,0.0,10.0,10.0,https://www.agoda.com/api/cronos/property/review/HotelReviews?hotelId=2937&pageSize=50&referer=https%3A%2F%2Fwww.agoda.com%2Fvenetian-resort-hotel-casino%2Fhotel%2Flas-vegas-nv-us.html&providerMode=separate,7,2026-06-07T16:23:33.156739+00:00
HVEGAS001,The Venetian Resort Las Vegas,Las Vegas,United States,booking_via_agoda,agoda,3038.0,Booking.com,9507f0d196430008,2025-11-29,2025,,,9.0,0.0,10.0,9.0,https://www.agoda.com/api/cronos/property/review/HotelReviews?hotelId=2937&pageSize=50&referer=https%3A%2F%2Fwww.agoda.com%2Fvenetian-resort-hotel-casino%2Fhotel%2Flas-vegas-nv-us.html&providerMode=separate,7,2026-06-07T16:23:33.156739+00:00
HVEGAS001,The Venetian Resort Las Vegas,Las Vegas,United States,booking_via_agoda,agoda,3038.0,Booking.com,ec64f53d026e4021,2025-12-01,2025,,,1.0,0.0,10.0,1.0,https://www.agoda.com/api/cronos/property/review/HotelReviews?hotelId=2937&pageSize=50&referer=https%3A%2F%2Fwww.agoda.com%2Fvenetian-resort-hotel-casino%2Fhotel%2Flas-vegas-nv-us.html&providerMode=separate,7,2026-06-07T16:23:33.156739+00:00
HVEGAS001,The Venetian Resort Las Vegas,Las Vegas,United States,booking_via_agoda,agoda,3038.0,Booking.com,8b83d009d703138e,2025-12-02,2025,,,8.0,0.0,10.0,8.0,https://www.agoda.com/api/cronos/property/review/HotelReviews?hotelId=2937&pageSize=50&referer=https%3A%2F%2Fwww.agoda.com%2Fvenetian-resort-hotel-casino%2Fhotel%2Flas-vegas-nv-us.html&providerMode=separate,7,2026-06-07T16:23:33.156739+00:00
HVEGAS001,The Venetian Resort Las Vegas,Las Vegas,United States,booking_via_agoda,agoda,3038.0,Booking.com,6ade8414b2bb535e,2025-12-03,2025,,,10.0,0.0,10.0,10.0,https://www.agoda.com/api/cronos/property/review/HotelReviews?hotelId=2937&pageSize=50&referer=https%3A%2F%2Fwww.agoda.com%2Fvenetian-resort-hotel-casino%2Fhotel%2Flas-vegas-nv-us.html&providerMode=separate,6,2026-06-07T16:23:33.156739+00:00
HVEGAS001,The Venetian Resort Las Vegas,Las Vegas,United States,booking_via_agoda,agoda,3038.0,Booking.com,166204cd5c44436f,2025-12-03,2025,,,5.0,0.0,10.0,5.0,https://www.agoda.com/api/cronos/property/review/HotelReviews?hotelId=2937&pageSize=50&referer=https%3A%2F%2Fwww.agoda.com%2Fvenetian-resort-hotel-casino%2Fhotel%2Flas-vegas-nv-us.html&providerMode=separate,6,2026-06-07T16:23:33.156739+00:00
HVEGAS001,The Venetian Resort Las Vegas,Las Vegas,United States,booking_via_agoda,agoda,3038.0,Booking.com,51d2ff85342b43bc,2025-12-04,2025,,,7.0,0.0,10.0,7.0,https://www.agoda.com/api/cronos/property/review/HotelReviews?hotelId=2937&pageSize=50&referer=https%3A%2F%2Fwww.agoda.com%2Fvenetian-resort-hotel-casino%2Fhotel%2Flas-vegas-nv-us.html&providerMode=separate,6,2026-06-07T16:23:33.156739+00:00
HVEGAS001,The Venetian Resort Las Vegas,Las Vegas,United States,booking_via_agoda,agoda,3038.0,Booking.com,5f0f9b0f7a590d1a,2025-12-05,2025,,,9.0,0.0,10.0,9.0,https://www.agoda.com/api/cronos/property/review/HotelReviews?hotelId=2937&pageSize=50&referer=https%3A%2F%2Fwww.agoda.com%2Fvenetian-resort-hotel-casino%2Fhotel%2Flas-vegas-nv-us.html&providerMode=separate,6,2026-06-07T16:23:33.156739+00:00
HVEGAS001,The Venetian Resort Las Vegas,Las Vegas,United States,booking_via_agoda,agoda,3038.0,Booking.com,cfb56081e31bf2ed,2025-12-05,2025,,,9.0,0.0,10.0,9.0,https://www.agoda.com/api/cronos/property/review/HotelReviews?hotelId=2937&pageSize=50&referer=https%3A%2F%2Fwww.agoda.com%2Fvenetian-resort-hotel-casino%2Fhotel%2Flas-vegas-nv-us.html&providerMode=separate,6,2026-06-07T16:23:33.156739+00:00
HVEGAS001,The Venetian Resort Las Vegas,Las Vegas,United States,booking_via_agoda,agoda,3038.0,Booking.com,c59d1766b76f6e69,2025-12-06,2025,,,2.0,0.0,10.0,2.0,https://www.agoda.com/api/cronos/property/review/HotelReviews?hotelId=2937&pageSize=50&referer=https%3A%2F%2Fwww.agoda.com%2Fvenetian-resort-hotel-casino%2Fhotel%2Flas-vegas-nv-us.html&providerMode=separate,6,2026-06-07T16:23:33.156739+00:00
HVEGAS001,The Venetian Resort Las Vegas,Las Vegas,United States,booking_via_agoda,agoda,3038.0,Booking.com,71370eb6c30f83d7,2025-12-08,2025,,,10.0,0.0,10.0,10.0,https://www.agoda.com/api/cronos/property/review/HotelReviews?hotelId=2937&pageSize=50&referer=https%3A%2F%2Fwww.agoda.com%2Fvenetian-resort-hotel-casino%2Fhotel%2Flas-vegas-nv-us.html&providerMode=separate,6,2026-06-07T16:23:33.156739+00:00
HVEGAS001,The Venetian Resort Las Vegas,Las Vegas,United States,booking_via_agoda,agoda,3038.0,Booking.com,6ac178c7591a59e6,2025-12-09,2025,,,10.0,0.0,10.0,10.0,https://www.agoda.com/api/cronos/property/review/HotelReviews?hotelId=2937&pageSize=50&referer=https%3A%2F%2Fwww.agoda.com%2Fvenetian-resort-hotel-casino%2Fhotel%2Flas-vegas-nv-us.html&providerMode=separate,6,2026-06-07T16:23:33.156739+00:00
HVEGAS001,The Venetian Resort Las Vegas,Las Vegas,United States,booking_via_agoda,agoda,3038.0,Booking.com,0e504466cfb98b74,2025-12-09,2025,,,10.0,0.0,10.0,10.0,https://www.agoda.com/api/cronos/property/review/HotelReviews?hotelId=2937&pageSize=50&referer=https%3A%2F%2Fwww.agoda.com%2Fvenetian-resort-hotel-casino%2Fhotel%2Flas-vegas-nv-us.html&providerMode=separate,6,2026-06-07T16:23:33.156739+00:00
HVEGAS001,The Venetian Resort Las Vegas,Las Vegas,United States,booking_via_agoda,agoda,3038.0,Booking.com,933ebb636c284947,2025-12-09,2025,,,10.0,0.0,10.0,10.0,https://www.agoda.com/api/cronos/property/review/HotelReviews?hotelId=2937&pageSize=50&referer=https%3A%2F%2Fwww.agoda.com%2Fvenetian-resort-hotel-casino%2Fhotel%2Flas-vegas-nv-us.html&providerMode=separate,6,2026-06-07T16:23:33.156739+00:00
HVEGAS001,The Venetian Resort Las Vegas,Las Vegas,United States,booking_via_agoda,agoda,3038.0,Booking.com,d1b1e07f2360757a,2025-12-09,2025,,,10.0,0.0,10.0,10.0,https://www.agoda.com/api/cronos/property/review/HotelReviews?hotelId=2937&pageSize=50&referer=https%3A%2F%2Fwww.agoda.com%2Fvenetian-resort-hotel-casino%2Fhotel%2Flas-vegas-nv-us.html&providerMode=separate,6,2026-06-07T16:23:33.156739+00:00
HVEGAS001,The Venetian Resort Las Vegas,Las Vegas,United States,booking_via_agoda,agoda,3038.0,Booking.com,860dc3ff4eb79446,2025-12-10,2025,,,10.0,0.0,10.0,10.0,https://www.agoda.com/api/cronos/property/review/HotelReviews?hotelId=2937&pageSize=50&referer=https%3A%2F%2Fwww.agoda.com%2Fvenetian-resort-hotel-casino%2Fhotel%2Flas-vegas-nv-us.html&providerMode=separate,6,2026-06-07T16:23:33.156739+00:00
HVEGAS001,The Venetian Resort Las Vegas,Las Vegas,United States,booking_via_agoda,agoda,3038.0,Booking.com,542bb8d6fab64b44,2025-12-11,2025,,,10.0,0.0,10.0,10.0,https://www.agoda.com/api/cronos/property/review/HotelReviews?hotelId=2937&pageSize=50&referer=https%3A%2F%2Fwww.agoda.com%2Fvenetian-resort-hotel-casino%2Fhotel%2Flas-vegas-nv-us.html&providerMode=separate,6,2026-06-07T16:23:33.156739+00:00
HVEGAS001,The Venetian Resort Las Vegas,Las Vegas,United States,booking_via_agoda,agoda,3038.0,Booking.com,363207e0d3245e3c,2025-12-12,2025,,,10.0,0.0,10.0,10.0,https://www.agoda.com/api/cronos/property/review/HotelReviews?hotelId=2937&pageSize=50&referer=https%3A%2F%2Fwww.agoda.com%2Fvenetian-resort-hotel-casino%2Fhotel%2Flas-vegas-nv-us.html&providerMode=separate,6,2026-06-07T16:23:33.156739+00:00
HVEGAS001,The Venetian Resort Las Vegas,Las Vegas,United States,booking_via_agoda,agoda,3038.0,Booking.com,c49ff497cc26eec7,2025-12-13,2025,,,10.0,0.0,10.0,10.0,https://www.agoda.com/api/cronos/property/review/HotelReviews?hotelId=2937&pageSize=50&referer=https%3A%2F%2Fwww.agoda.com%2Fvenetian-resort-hotel-casino%2Fhotel%2Flas-vegas-nv-us.html&providerMode=separate,6,2026-06-07T16:23:33.156739+00:00
HVEGAS001,The Venetian Resort Las Vegas,Las Vegas,United States,booking_via_agoda,agoda,3038.0,Booking.com,fb5ca26d8d600929,2025-12-15,2025,,,7.0,0.0,10.0,7.0,https://www.agoda.com/api/cronos/property/review/HotelReviews?hotelId=2937&pageSize=50&referer=https%3A%2F%2Fwww.agoda.com%2Fvenetian-resort-hotel-casino%2Fhotel%2Flas-vegas-nv-us.html&providerMode=separate,6,2026-06-07T16:23:33.156739+00:00
HVEGAS001,The Venetian Resort Las Vegas,Las Vegas,United States,booking_via_agoda,agoda,3038.0,Booking.com,c503f1a72137107b,2025-12-16,2025,,,9.0,0.0,10.0,9.0,https://www.agoda.com/api/cronos/property/review/HotelReviews?hotelId=2937&pageSize=50&referer=https%3A%2F%2Fwww.agoda.com%2Fvenetian-resort-hotel-casino%2Fhotel%2Flas-vegas-nv-us.html&providerMode=separate,6,2026-06-07T16:23:33.156739+00:00
HVEGAS001,The Venetian Resort Las Vegas,Las Vegas,United States,booking_via_agoda,agoda,3038.0,Booking.com,80c6a1306193cfb1,2025-12-17,2025,,,10.0,0.0,10.0,10.0,https://www.agoda.com/api/cronos/property/review/HotelReviews?hotelId=2937&pageSize=50&referer=https%3A%2F%2Fwww.agoda.com%2Fvenetian-resort-hotel-casino%2Fhotel%2Flas-vegas-nv-us.html&providerMode=separate,6,2026-06-07T16:23:33.156739+00:00
HVEGAS001,The Venetian Resort Las Vegas,Las Vegas,United States,booking_via_agoda,agoda,3038.0,Booking.com,98c54a8768f7b025,2025-12-18,2025,,,8.0,0.0,10.0,8.0,https://www.agoda.com/api/cronos/property/review/HotelReviews?hotelId=2937&pageSize=50&referer=https%3A%2F%2Fwww.agoda.com%2Fvenetian-resort-hotel-casino%2Fhotel%2Flas-vegas-nv-us.html&providerMode=separate,6,2026-06-07T16:23:33.156739+00:00
HVEGAS001,The Venetian Resort Las Vegas,Las Vegas,United States,booking_via_agoda,agoda,3038.0,Booking.com,3eff7810b1453519,2025-12-18,2025,,,10.0,0.0,10.0,10.0,https://www.agoda.com/api/cronos/property/review/HotelReviews?hotelId=2937&pageSize=50&referer=https%3A%2F%2Fwww.agoda.com%2Fvenetian-resort-hotel-casino%2Fhotel%2Flas-vegas-nv-us.html&providerMode=separate,6,2026-06-07T16:23:33.156739+00:00
HVEGAS001,The Venetian Resort Las Vegas,Las Vegas,United States,booking_via_agoda,agoda,3038.0,Booking.com,5c75ad2a35cb4049,2025-12-18,2025,,,8.0,0.0,10.0,8.0,https://www.agoda.com/api/cronos/property/review/HotelReviews?hotelId=2937&pageSize=50&referer=https%3A%2F%2Fwww.agoda.com%2Fvenetian-resort-hotel-casino%2Fhotel%2Flas-vegas-nv-us.html&providerMode=separate,6,2026-06-07T16:23:33.156739+00:00
HVEGAS001,The Venetian Resort Las Vegas,Las Vegas,United States,booking_via_agoda,agoda,3038.0,Booking.com,38a5e7494f276c02,2025-12-18,2025,,,10.0,0.0,10.0,10.0,https://www.agoda.com/api/cronos/property/review/HotelReviews?hotelId=2937&pageSize=50&referer=https%3A%2F%2Fwww.agoda.com%2Fvenetian-resort-hotel-casino%2Fhotel%2Flas-vegas-nv-us.html&providerMode=separate,6,2026-06-07T16:23:33.156739+00:00
HVEGAS001,The Venetian Resort Las Vegas,Las Vegas,United States,booking_via_agoda,agoda,3038.0,Booking.com,1429e6341ada9e54,2025-12-18,2025,,,10.0,0.0,10.0,10.0,https://www.agoda.com/api/cronos/property/review/HotelReviews?hotelId=2937&pageSize=50&referer=https%3A%2F%2Fwww.agoda.com%2Fvenetian-resort-hotel-casino%2Fhotel%2Flas-vegas-nv-us.html&providerMode=separate,6,2026-06-07T16:23:33.156739+00:00
HVEGAS001,The Venetian Resort Las Vegas,Las Vegas,United States,booking_via_agoda,agoda,3038.0,Booking.com,319d2718c3d89f09,2025-12-19,2025,,,1.0,0.0,10.0,1.0,https://www.agoda.com/api/cronos/property/review/HotelReviews?hotelId=2937&pageSize=50&referer=https%3A%2F%2Fwww.agoda.com%2Fvenetian-resort-hotel-casino%2Fhotel%2Flas-vegas-nv-us.html&providerMode=separate,6,2026-06-07T16:23:33.156739+00:00
HVEGAS001,The Venetian Resort Las Vegas,Las Vegas,United States,booking_via_agoda,agoda,3038.0,Booking.com,8f20003f89b399cf,2025-12-19,2025,,,9.0,0.0,10.0,9.0,https://www.agoda.com/api/cronos/property/review/HotelReviews?hotelId=2937&pageSize=50&referer=https%3A%2F%2Fwww.agoda.com%2Fvenetian-resort-hotel-casino%2Fhotel%2Flas-vegas-nv-us.html&providerMode=separate,6,2026-06-07T16:23:33.156739+00:00
HVEGAS001,The Venetian Resort Las Vegas,Las Vegas,United States,booking_via_agoda,agoda,3038.0,Booking.com,4d65e6cdaa26c315,2025-12-21,2025,,,10.0,0.0,10.0,10.0,https://www.agoda.com/api/cronos/property/review/HotelReviews?hotelId=2937&pageSize=50&referer=https%3A%2F%2Fwww.agoda.com%2Fvenetian-resort-hotel-casino%2Fhotel%2Flas-vegas-nv-us.html&providerMode=separate,6,2026-06-07T16:23:33.156739+00:00
HVEGAS001,The Venetian Resort Las Vegas,Las Vegas,United States,booking_via_agoda,agoda,3038.0,Booking.com,89249ed2a6a09146,2025-12-22,2025,,,10.0,0.0,10.0,10.0,https://www.agoda.com/api/cronos/property/review/HotelReviews?hotelId=2937&pageSize=50&referer=https%3A%2F%2Fwww.agoda.com%2Fvenetian-resort-hotel-casino%2Fhotel%2Flas-vegas-nv-us.html&providerMode=separate,6,2026-06-07T16:23:33.156739+00:00
HVEGAS001,The Venetian Resort Las Vegas,Las Vegas,United States,booking_via_agoda,agoda,3038.0,Booking.com,b05e7610fa8d6e82,2025-12-23,2025,,,6.0,0.0,10.0,6.0,https://www.agoda.com/api/cronos/property/review/HotelReviews?hotelId=2937&pageSize=50&referer=https%3A%2F%2Fwww.agoda.com%2Fvenetian-resort-hotel-casino%2Fhotel%2Flas-vegas-nv-us.html&providerMode=separate,6,2026-06-07T16:23:33.156739+00:00
HVEGAS001,The Venetian Resort Las Vegas,Las Vegas,United States,booking_via_agoda,agoda,3038.0,Booking.com,7ab5c555e7900119,2025-12-24,2025,,,10.0,0.0,10.0,10.0,https://www.agoda.com/api/cronos/property/review/HotelReviews?hotelId=2937&pageSize=50&referer=https%3A%2F%2Fwww.agoda.com%2Fvenetian-resort-hotel-casino%2Fhotel%2Flas-vegas-nv-us.html&providerMode=separate,6,2026-06-07T16:23:33.156739+00:00
HVEGAS001,The Venetian Resort Las Vegas,Las Vegas,United States,booking_via_agoda,agoda,3038.0,Booking.com,ec8dade777646b88,2025-12-24,2025,,,10.0,0.0,10.0,10.0,https://www.agoda.com/api/cronos/property/review/HotelReviews?hotelId=2937&pageSize=50&referer=https%3A%2F%2Fwww.agoda.com%2Fvenetian-resort-hotel-casino%2Fhotel%2Flas-vegas-nv-us.html&providerMode=separate,6,2026-06-07T16:23:33.156739+00:00
HVEGAS001,The Venetian Resort Las Vegas,Las Vegas,United States,booking_via_agoda,agoda,3038.0,Booking.com,8d1b50890ed3efb2,2025-12-25,2025,,,10.0,0.0,10.0,10.0,https://www.agoda.com/api/cronos/property/review/HotelReviews?hotelId=2937&pageSize=50&referer=https%3A%2F%2Fwww.agoda.com%2Fvenetian-resort-hotel-casino%2Fhotel%2Flas-vegas-nv-us.html&providerMode=separate,6,2026-06-07T16:23:33.156739+00:00
HVEGAS001,The Venetian Resort Las Vegas,Las Vegas,United States,booking_via_agoda,agoda,3038.0,Booking.com,ad597d01dc123c1f,2025-12-25,2025,,,10.0,0.0,10.0,10.0,https://www.agoda.com/api/cronos/property/review/HotelReviews?hotelId=2937&pageSize=50&referer=https%3A%2F%2Fwww.agoda.com%2Fvenetian-resort-hotel-casino%2Fhotel%2Flas-vegas-nv-us.html&providerMode=separate,6,2026-06-07T16:23:33.156739+00:00
HVEGAS001,The Venetian Resort Las Vegas,Las Vegas,United States,booking_via_agoda,agoda,3038.0,Booking.com,3a65c076c5dbfa73,2025-12-25,2025,,,9.0,0.0,10.0,9.0,https://www.agoda.com/api/cronos/property/review/HotelReviews?hotelId=2937&pageSize=50&referer=https%3A%2F%2Fwww.agoda.com%2Fvenetian-resort-hotel-casino%2Fhotel%2Flas-vegas-nv-us.html&providerMode=separate,6,2026-06-07T16:23:33.156739+00:00
HVEGAS001,The Venetian Resort Las Vegas,Las Vegas,United States,booking_via_agoda,agoda,3038.0,Booking.com,4391b78f93708421,2025-12-25,2025,,,10.0,0.0,10.0,10.0,https://www.agoda.com/api/cronos/property/review/HotelReviews?hotelId=2937&pageSize=50&referer=https%3A%2F%2Fwww.agoda.com%2Fvenetian-resort-hotel-casino%2Fhotel%2Flas-vegas-nv-us.html&providerMode=separate,6,2026-06-07T16:23:33.156739+00:00
HVEGAS001,The Venetian Resort Las Vegas,Las Vegas,United States,booking_via_agoda,agoda,3038.0,Booking.com,06c2b8a9470d3ccc,2025-12-26,2025,,,10.0,0.0,10.0,10.0,https://www.agoda.com/api/cronos/property/review/HotelReviews?hotelId=2937&pageSize=50&referer=https%3A%2F%2Fwww.agoda.com%2Fvenetian-resort-hotel-casino%2Fhotel%2Flas-vegas-nv-us.html&providerMode=separate,6,2026-06-07T16:23:33.156739+00:00
HVEGAS001,The Venetian Resort Las Vegas,Las Vegas,United States,booking_via_agoda,agoda,3038.0,Booking.com,a07d1fc98639e279,2025-12-26,2025,,,9.0,0.0,10.0,9.0,https://www.agoda.com/api/cronos/property/review/HotelReviews?hotelId=2937&pageSize=50&referer=https%3A%2F%2Fwww.agoda.com%2Fvenetian-resort-hotel-casino%2Fhotel%2Flas-vegas-nv-us.html&providerMode=separate,6,2026-06-07T16:23:33.156739+00:00
HVEGAS001,The Venetian Resort Las Vegas,Las Vegas,United States,booking_via_agoda,agoda,3038.0,Booking.com,a0ad6c8879bc07c4,2025-12-26,2025,,,1.0,0.0,10.0,1.0,https://www.agoda.com/api/cronos/property/review/HotelReviews?hotelId=2937&pageSize=50&referer=https%3A%2F%2Fwww.agoda.com%2Fvenetian-resort-hotel-casino%2Fhotel%2Flas-vegas-nv-us.html&providerMode=separate,6,2026-06-07T16:23:33.156739+00:00
HVEGAS001,The Venetian Resort Las Vegas,Las Vegas,United States,booking_via_agoda,agoda,3038.0,Booking.com,95cc0c82cb8c64dd,2025-12-26,2025,,,5.0,0.0,10.0,5.0,https://www.agoda.com/api/cronos/property/review/HotelReviews?hotelId=2937&pageSize=50&referer=https%3A%2F%2Fwww.agoda.com%2Fvenetian-resort-hotel-casino%2Fhotel%2Flas-vegas-nv-us.html&providerMode=separate,6,2026-06-07T16:23:33.156739+00:00
HVEGAS001,The Venetian Resort Las Vegas,Las Vegas,United States,booking_via_agoda,agoda,3038.0,Booking.com,4645d13e13e934b1,2025-12-27,2025,,,8.0,0.0,10.0,8.0,https://www.agoda.com/api/cronos/property/review/HotelReviews?hotelId=2937&pageSize=50&referer=https%3A%2F%2Fwww.agoda.com%2Fvenetian-resort-hotel-casino%2Fhotel%2Flas-vegas-nv-us.html&providerMode=separate,6,2026-06-07T16:23:33.156739+00:00
HVEGAS001,The Venetian Resort Las Vegas,Las Vegas,United States,booking_via_agoda,agoda,3038.0,Booking.com,785e696d4607c952,2025-12-27,2025,,,10.0,0.0,10.0,10.0,https://www.agoda.com/api/cronos/property/review/HotelReviews?hotelId=2937&pageSize=50&referer=https%3A%2F%2Fwww.agoda.com%2Fvenetian-resort-hotel-casino%2Fhotel%2Flas-vegas-nv-us.html&providerMode=separate,6,2026-06-07T16:23:33.156739+00:00
HVEGAS001,The Venetian Resort Las Vegas,Las Vegas,United States,booking_via_agoda,agoda,3038.0,Booking.com,dc0ffe56af6d3465,2025-12-27,2025,,,8.0,0.0,10.0,8.0,https://www.agoda.com/api/cronos/property/review/HotelReviews?hotelId=2937&pageSize=50&referer=https%3A%2F%2Fwww.agoda.com%2Fvenetian-resort-hotel-casino%2Fhotel%2Flas-vegas-nv-us.html&providerMode=separate,6,2026-06-07T16:23:33.156739+00:00
HVEGAS001,The Venetian Resort Las Vegas,Las Vegas,United States,booking_via_agoda,agoda,3038.0,Booking.com,9ca7e73b1388ec2b,2025-12-28,2025,,,9.0,0.0,10.0,9.0,https://www.agoda.com/api/cronos/property/review/HotelReviews?hotelId=2937&pageSize=50&referer=https%3A%2F%2Fwww.agoda.com%2Fvenetian-resort-hotel-casino%2Fhotel%2Flas-vegas-nv-us.html&providerMode=separate,6,2026-06-07T16:23:33.156739+00:00
HVEGAS001,The Venetian Resort Las Vegas,Las Vegas,United States,booking_via_agoda,agoda,3038.0,Booking.com,5cad9805e6d215a1,2025-12-28,2025,,,2.0,0.0,10.0,2.0,https://www.agoda.com/api/cronos/property/review/HotelReviews?hotelId=2937&pageSize=50&referer=https%3A%2F%2Fwww.agoda.com%2Fvenetian-resort-hotel-casino%2Fhotel%2Flas-vegas-nv-us.html&providerMode=separate,6,2026-06-07T16:23:33.156739+00:00
HVEGAS001,The Venetian Resort Las Vegas,Las Vegas,United States,booking_via_agoda,agoda,3038.0,Booking.com,6133c9f0a69ef3f4,2025-12-28,2025,,,10.0,0.0,10.0,10.0,https://www.agoda.com/api/cronos/property/review/HotelReviews?hotelId=2937&pageSize=50&referer=https%3A%2F%2Fwww.agoda.com%2Fvenetian-resort-hotel-casino%2Fhotel%2Flas-vegas-nv-us.html&providerMode=separate,6,2026-06-07T16:23:33.156739+00:00
HVEGAS001,The Venetian Resort Las Vegas,Las Vegas,United States,booking_via_agoda,agoda,3038.0,Booking.com,c8437a06ac7ae49d,2025-12-28,2025,,,10.0,0.0,10.0,10.0,https://www.agoda.com/api/cronos/property/review/HotelReviews?hotelId=2937&pageSize=50&referer=https%3A%2F%2Fwww.agoda.com%2Fvenetian-resort-hotel-casino%2Fhotel%2Flas-vegas-nv-us.html&providerMode=separate,6,2026-06-07T16:23:33.156739+00:00
HVEGAS001,The Venetian Resort Las Vegas,Las Vegas,United States,booking_via_agoda,agoda,3038.0,Booking.com,6299f5db80b872a0,2025-12-29,2025,,,10.0,0.0,10.0,10.0,https://www.agoda.com/api/cronos/property/review/HotelReviews?hotelId=2937&pageSize=50&referer=https%3A%2F%2Fwww.agoda.com%2Fvenetian-resort-hotel-casino%2Fhotel%2Flas-vegas-nv-us.html&providerMode=separate,6,2026-06-07T16:23:33.156739+00:00
HVEGAS001,The Venetian Resort Las Vegas,Las Vegas,United States,booking_via_agoda,agoda,3038.0,Booking.com,9095561d4d6ed957,2025-12-30,2025,,,10.0,0.0,10.0,10.0,https://www.agoda.com/api/cronos/property/review/HotelReviews?hotelId=2937&pageSize=50&referer=https%3A%2F%2Fwww.agoda.com%2Fvenetian-resort-hotel-casino%2Fhotel%2Flas-vegas-nv-us.html&providerMode=separate,6,2026-06-07T16:23:33.156739+00:00
HVEGAS001,The Venetian Resort Las Vegas,Las Vegas,United States,booking_via_agoda,agoda,3038.0,Booking.com,27d8d46a31fb8906,2025-12-30,2025,,,9.0,0.0,10.0,9.0,https://www.agoda.com/api/cronos/property/review/HotelReviews?hotelId=2937&pageSize=50&referer=https%3A%2F%2Fwww.agoda.com%2Fvenetian-resort-hotel-casino%2Fhotel%2Flas-vegas-nv-us.html&providerMode=separate,6,2026-06-07T16:23:33.156739+00:00
HVEGAS001,The Venetian Resort Las Vegas,Las Vegas,United States,booking_via_agoda,agoda,3038.0,Booking.com,744de0b257d70b9b,2025-12-30,2025,,,8.0,0.0,10.0,8.0,https://www.agoda.com/api/cronos/property/review/HotelReviews?hotelId=2937&pageSize=50&referer=https%3A%2F%2Fwww.agoda.com%2Fvenetian-resort-hotel-casino%2Fhotel%2Flas-vegas-nv-us.html&providerMode=separate,6,2026-06-07T16:23:33.156739+00:00
HVEGAS001,The Venetian Resort Las Vegas,Las Vegas,United States,booking_via_agoda,agoda,3038.0,Booking.com,0b3e4bc806cc654c,2025-12-31,2025,,,8.0,0.0,10.0,8.0,https://www.agoda.com/api/cronos/property/review/HotelReviews?hotelId=2937&pageSize=50&referer=https%3A%2F%2Fwww.agoda.com%2Fvenetian-resort-hotel-casino%2Fhotel%2Flas-vegas-nv-us.html&providerMode=separate,5,2026-06-07T16:23:33.156739+00:00
HVEGAS001,The Venetian Resort Las Vegas,Las Vegas,United States,booking_via_agoda,agoda,3038.0,Booking.com,db5ca43e0cb2e901,2025-12-31,2025,,,10.0,0.0,10.0,10.0,https://www.agoda.com/api/cronos/property/review/HotelReviews?hotelId=2937&pageSize=50&referer=https%3A%2F%2Fwww.agoda.com%2Fvenetian-resort-hotel-casino%2Fhotel%2Flas-vegas-nv-us.html&providerMode=separate,5,2026-06-07T16:23:33.156739+00:00
HVEGAS001,The Venetian Resort Las Vegas,Las Vegas,United States,booking_via_agoda,agoda,3038.0,Booking.com,8f8ce1a609d658d6,2025-12-31,2025,,,2.0,0.0,10.0,2.0,https://www.agoda.com/api/cronos/property/review/HotelReviews?hotelId=2937&pageSize=50&referer=https%3A%2F%2Fwww.agoda.com%2Fvenetian-resort-hotel-casino%2Fhotel%2Flas-vegas-nv-us.html&providerMode=separate,5,2026-06-07T16:23:33.156739+00:00
HVEGAS001,The Venetian Resort Las Vegas,Las Vegas,United States,booking_via_agoda,agoda,3038.0,Booking.com,7baa75dbd1ef8d80,2025-12-31,2025,,,9.0,0.0,10.0,9.0,https://www.agoda.com/api/cronos/property/review/HotelReviews?hotelId=2937&pageSize=50&referer=https%3A%2F%2Fwww.agoda.com%2Fvenetian-resort-hotel-casino%2Fhotel%2Flas-vegas-nv-us.html&providerMode=separate,6,2026-06-07T16:23:33.156739+00:00
HVEGAS001,The Venetian Resort Las Vegas,Las Vegas,United States,priceline,priceline,,Priceline,da350d33994e6008,2024-12-04,2024,,,8.0,0.0,10.0,8.0,https://www.priceline.com/hotel-deals/en-us/P3000015284/H60761/the-venetian-resort-las-vegas.ssp,1,2026-06-07T16:23:56.492658+00:00
HVEGAS001,The Venetian Resort Las Vegas,Las Vegas,United States,priceline,priceline,,Priceline,4d3dfa37c0e93670,2024-12-16,2024,,,10.0,0.0,10.0,10.0,https://www.priceline.com/hotel-deals/en-us/P3000015284/H60761/the-venetian-resort-las-vegas.ssp,1,2026-06-07T16:23:56.492658+00:00
HVEGAS001,The Venetian Resort Las Vegas,Las Vegas,United States,priceline,priceline,,Priceline,dd084ad0db7e6931,2024-12-23,2024,,,9.0,0.0,10.0,9.0,https://www.priceline.com/hotel-deals/en-us/P3000015284/H60761/the-venetian-resort-las-vegas.ssp,1,2026-06-07T16:23:56.492658+00:00
HVEGAS001,The Venetian Resort Las Vegas,Las Vegas,United States,priceline,priceline,,Priceline,c883c228f02a352c,2024-12-24,2024,,,10.0,0.0,10.0,10.0,https://www.priceline.com/hotel-deals/en-us/P3000015284/H60761/the-venetian-resort-las-vegas.ssp,1,2026-06-07T16:23:56.492658+00:00
HVEGAS001,The Venetian Resort Las Vegas,Las Vegas,United States,priceline,priceline,,Priceline,458fdebf91369d81,2024-12-25,2024,,,10.0,0.0,10.0,10.0,https://www.priceline.com/hotel-deals/en-us/P3000015284/H60761/the-venetian-resort-las-vegas.ssp,1,2026-06-07T16:23:56.492658+00:00
HVEGAS001,The Venetian Resort Las Vegas,Las Vegas,United States,priceline,priceline,,Priceline,47bcd7b621bc0c0d,2024-12-31,2024,,,7.0,0.0,10.0,7.0,https://www.priceline.com/hotel-deals/en-us/P3000015284/H60761/the-venetian-resort-las-vegas.ssp,1,2026-06-07T16:23:56.492658+00:00
HVEGAS001,The Venetian Resort Las Vegas,Las Vegas,United States,priceline,priceline,,Priceline,b9ed4a2ef1526155,2025-01-09,2025,,,10.0,0.0,10.0,10.0,https://www.priceline.com/hotel-deals/en-us/P3000015284/H60761/the-venetian-resort-las-vegas.ssp,1,2026-06-07T16:23:56.492658+00:00
HVEGAS001,The Venetian Resort Las Vegas,Las Vegas,United States,priceline,priceline,,Priceline,63a271cc7a656734,2025-01-16,2025,,,5.0,0.0,10.0,5.0,https://www.priceline.com/hotel-deals/en-us/P3000015284/H60761/the-venetian-resort-las-vegas.ssp,1,2026-06-07T16:23:56.492658+00:00
HVEGAS001,The Venetian Resort Las Vegas,Las Vegas,United States,priceline,priceline,,Priceline,e0cc1f094187056f,2025-01-16,2025,,,10.0,0.0,10.0,10.0,https://www.priceline.com/hotel-deals/en-us/P3000015284/H60761/the-venetian-resort-las-vegas.ssp,1,2026-06-07T16:23:56.492658+00:00
HVEGAS001,The Venetian Resort Las Vegas,Las Vegas,United States,priceline,priceline,,Priceline,6caf1fbc355a8928,2025-02-06,2025,,,9.0,0.0,10.0,9.0,https://www.priceline.com/hotel-deals/en-us/P3000015284/H60761/the-venetian-resort-las-vegas.ssp,1,2026-06-07T16:23:56.492658+00:00
HVEGAS001,The Venetian Resort Las Vegas,Las Vegas,United States,priceline,priceline,,Priceline,ef456f8b75e0c271,2025-02-18,2025,,,2.0,0.0,10.0,2.0,https://www.priceline.com/hotel-deals/en-us/P3000015284/H60761/the-venetian-resort-las-vegas.ssp,1,2026-06-07T16:23:56.492658+00:00
HVEGAS001,The Venetian Resort Las Vegas,Las Vegas,United States,priceline,priceline,,Priceline,996f02de3d1cf9d7,2025-02-24,2025,,,10.0,0.0,10.0,10.0,https://www.priceline.com/hotel-deals/en-us/P3000015284/H60761/the-venetian-resort-las-vegas.ssp,1,2026-06-07T16:23:56.492658+00:00
HVEGAS001,The Venetian Resort Las Vegas,Las Vegas,United States,priceline,priceline,,Priceline,33e3cc24a4daabfa,2025-03-17,2025,,,5.0,0.0,10.0,5.0,https://www.priceline.com/hotel-deals/en-us/P3000015284/H60761/the-venetian-resort-las-vegas.ssp,1,2026-06-07T16:23:56.492658+00:00
HVEGAS001,The Venetian Resort Las Vegas,Las Vegas,United States,priceline,priceline,,Priceline,a726d21c49bffc71,2025-03-19,2025,,,10.0,0.0,10.0,10.0,https://www.priceline.com/hotel-deals/en-us/P3000015284/H60761/the-venetian-resort-las-vegas.ssp,1,2026-06-07T16:23:56.492658+00:00
HVEGAS001,The Venetian Resort Las Vegas,Las Vegas,United States,priceline,priceline,,Priceline,752df7b3520ab7b4,2025-03-27,2025,,,10.0,0.0,10.0,10.0,https://www.priceline.com/hotel-deals/en-us/P3000015284/H60761/the-venetian-resort-las-vegas.ssp,1,2026-06-07T16:23:56.492658+00:00
HVEGAS001,The Venetian Resort Las Vegas,Las Vegas,United States,priceline,priceline,,Priceline,40f5d48869b5fd64,2025-03-31,2025,,,10.0,0.0,10.0,10.0,https://www.priceline.com/hotel-deals/en-us/P3000015284/H60761/the-venetian-resort-las-vegas.ssp,1,2026-06-07T16:23:56.492658+00:00
HVEGAS001,The Venetian Resort Las Vegas,Las Vegas,United States,priceline,priceline,,Priceline,0a04a23d222733bf,2025-04-02,2025,,,3.0,0.0,10.0,3.0,https://www.priceline.com/hotel-deals/en-us/P3000015284/H60761/the-venetian-resort-las-vegas.ssp,1,2026-06-07T16:23:56.492658+00:00
HVEGAS001,The Venetian Resort Las Vegas,Las Vegas,United States,priceline,priceline,,Priceline,66e11dc00a00a620,2025-04-18,2025,,,10.0,0.0,10.0,10.0,https://www.priceline.com/hotel-deals/en-us/P3000015284/H60761/the-venetian-resort-las-vegas.ssp,1,2026-06-07T16:23:56.492658+00:00
HVEGAS001,The Venetian Resort Las Vegas,Las Vegas,United States,priceline,priceline,,Priceline,250249d4d06e4136,2025-04-18,2025,,,10.0,0.0,10.0,10.0,https://www.priceline.com/hotel-deals/en-us/P3000015284/H60761/the-venetian-resort-las-vegas.ssp,1,2026-06-07T16:23:56.492658+00:00
HVEGAS001,The Venetian Resort Las Vegas,Las Vegas,United States,priceline,priceline,,Priceline,0066ec598eb22e96,2025-04-21,2025,,,10.0,0.0,10.0,10.0,https://www.priceline.com/hotel-deals/en-us/P3000015284/H60761/the-venetian-resort-las-vegas.ssp,1,2026-06-07T16:23:56.492658+00:00
HVEGAS001,The Venetian Resort Las Vegas,Las Vegas,United States,priceline,priceline,,Priceline,5554c395d32e8efc,2025-04-25,2025,,,10.0,0.0,10.0,10.0,https://www.priceline.com/hotel-deals/en-us/P3000015284/H60761/the-venetian-resort-las-vegas.ssp,1,2026-06-07T16:23:56.492658+00:00
HVEGAS001,The Venetian Resort Las Vegas,Las Vegas,United States,priceline,priceline,,Priceline,b08b3de236f997e7,2025-06-06,2025,,,8.0,0.0,10.0,8.0,https://www.priceline.com/hotel-deals/en-us/P3000015284/H60761/the-venetian-resort-las-vegas.ssp,1,2026-06-07T16:23:56.492658+00:00
HVEGAS001,The Venetian Resort Las Vegas,Las Vegas,United States,priceline,priceline,,Priceline,8e066fcab64eb84b,2025-06-09,2025,,,1.0,0.0,10.0,1.0,https://www.priceline.com/hotel-deals/en-us/P3000015284/H60761/the-venetian-resort-las-vegas.ssp,1,2026-06-07T16:23:56.492658+00:00
HVEGAS001,The Venetian Resort Las Vegas,Las Vegas,United States,priceline,priceline,,Priceline,581e3f58c5b4cb09,2025-06-09,2025,,,10.0,0.0,10.0,10.0,https://www.priceline.com/hotel-deals/en-us/P3000015284/H60761/the-venetian-resort-las-vegas.ssp,1,2026-06-07T16:23:56.492658+00:00
HVEGAS001,The Venetian Resort Las Vegas,Las Vegas,United States,priceline,priceline,,Priceline,afad5eef745ea9e1,2025-06-26,2025,,,10.0,0.0,10.0,10.0,https://www.priceline.com/hotel-deals/en-us/P3000015284/H60761/the-venetian-resort-las-vegas.ssp,1,2026-06-07T16:23:56.492658+00:00
HVEGAS001,The Venetian Resort Las Vegas,Las Vegas,United States,priceline,priceline,,Priceline,61454c13a0981dcb,2025-07-01,2025,,,10.0,0.0,10.0,10.0,https://www.priceline.com/hotel-deals/en-us/P3000015284/H60761/the-venetian-resort-las-vegas.ssp,1,2026-06-07T16:23:56.492658+00:00
HVEGAS001,The Venetian Resort Las Vegas,Las Vegas,United States,priceline,priceline,,Priceline,2187ed0636bd2c66,2025-07-07,2025,,,9.0,0.0,10.0,9.0,https://www.priceline.com/hotel-deals/en-us/P3000015284/H60761/the-venetian-resort-las-vegas.ssp,1,2026-06-07T16:23:56.492658+00:00
HVEGAS001,The Venetian Resort Las Vegas,Las Vegas,United States,priceline,priceline,,Priceline,38334dc68f909ab0,2025-07-07,2025,,,9.0,0.0,10.0,9.0,https://www.priceline.com/hotel-deals/en-us/P3000015284/H60761/the-venetian-resort-las-vegas.ssp,1,2026-06-07T16:23:56.492658+00:00
HVEGAS001,The Venetian Resort Las Vegas,Las Vegas,United States,priceline,priceline,,Priceline,01a3023e56e9e90f,2025-07-16,2025,,,8.0,0.0,10.0,8.0,https://www.priceline.com/hotel-deals/en-us/P3000015284/H60761/the-venetian-resort-las-vegas.ssp,1,2026-06-07T16:23:56.492658+00:00
HVEGAS001,The Venetian Resort Las Vegas,Las Vegas,United States,priceline,priceline,,Priceline,fe3c1958b506de2b,2025-07-28,2025,,,10.0,0.0,10.0,10.0,https://www.priceline.com/hotel-deals/en-us/P3000015284/H60761/the-venetian-resort-las-vegas.ssp,1,2026-06-07T16:23:56.492658+00:00
HVEGAS001,The Venetian Resort Las Vegas,Las Vegas,United States,priceline,priceline,,Priceline,cd2f94cd825addb6,2025-07-28,2025,,,10.0,0.0,10.0,10.0,https://www.priceline.com/hotel-deals/en-us/P3000015284/H60761/the-venetian-resort-las-vegas.ssp,1,2026-06-07T16:23:56.492658+00:00
HVEGAS001,The Venetian Resort Las Vegas,Las Vegas,United States,priceline,priceline,,Priceline,f224a59309da8484,2025-08-04,2025,,,10.0,0.0,10.0,10.0,https://www.priceline.com/hotel-deals/en-us/P3000015284/H60761/the-venetian-resort-las-vegas.ssp,1,2026-06-07T16:23:56.492658+00:00
HVEGAS001,The Venetian Resort Las Vegas,Las Vegas,United States,priceline,priceline,,Priceline,bbde34bd34971505,2025-08-11,2025,,,10.0,0.0,10.0,10.0,https://www.priceline.com/hotel-deals/en-us/P3000015284/H60761/the-venetian-resort-las-vegas.ssp,1,2026-06-07T16:23:56.492658+00:00
HVEGAS001,The Venetian Resort Las Vegas,Las Vegas,United States,priceline,priceline,,Priceline,90e847261dfd3d8c,2025-08-12,2025,,,2.0,0.0,10.0,2.0,https://www.priceline.com/hotel-deals/en-us/P3000015284/H60761/the-venetian-resort-las-vegas.ssp,1,2026-06-07T16:23:56.492658+00:00
HVEGAS001,The Venetian Resort Las Vegas,Las Vegas,United States,priceline,priceline,,Priceline,8166279eb3aa2743,2025-08-18,2025,,,9.0,0.0,10.0,9.0,https://www.priceline.com/hotel-deals/en-us/P3000015284/H60761/the-venetian-resort-las-vegas.ssp,1,2026-06-07T16:23:56.492658+00:00
HVEGAS001,The Venetian Resort Las Vegas,Las Vegas,United States,priceline,priceline,,Priceline,33fe6e538c4e0e9a,2025-09-03,2025,,,10.0,0.0,10.0,10.0,https://www.priceline.com/hotel-deals/en-us/P3000015284/H60761/the-venetian-resort-las-vegas.ssp,1,2026-06-07T16:23:56.492658+00:00
HVEGAS001,The Venetian Resort Las Vegas,Las Vegas,United States,priceline,priceline,,Priceline,825ab331bf7f73cb,2025-09-15,2025,,,7.0,0.0,10.0,7.0,https://www.priceline.com/hotel-deals/en-us/P3000015284/H60761/the-venetian-resort-las-vegas.ssp,1,2026-06-07T16:23:56.492658+00:00
HVEGAS001,The Venetian Resort Las Vegas,Las Vegas,United States,priceline,priceline,,Priceline,2651922db5b300d7,2025-09-17,2025,,,8.0,0.0,10.0,8.0,https://www.priceline.com/hotel-deals/en-us/P3000015284/H60761/the-venetian-resort-las-vegas.ssp,1,2026-06-07T16:23:56.492658+00:00
HVEGAS001,The Venetian Resort Las Vegas,Las Vegas,United States,priceline,priceline,,Priceline,b9874704208ce1a1,2025-09-18,2025,,,10.0,0.0,10.0,10.0,https://www.priceline.com/hotel-deals/en-us/P3000015284/H60761/the-venetian-resort-las-vegas.ssp,1,2026-06-07T16:23:56.492658+00:00
HVEGAS001,The Venetian Resort Las Vegas,Las Vegas,United States,priceline,priceline,,Priceline,2f3e08eb2bfd9802,2025-09-18,2025,,,10.0,0.0,10.0,10.0,https://www.priceline.com/hotel-deals/en-us/P3000015284/H60761/the-venetian-resort-las-vegas.ssp,1,2026-06-07T16:23:56.492658+00:00
HVEGAS001,The Venetian Resort Las Vegas,Las Vegas,United States,priceline,priceline,,Priceline,9e77148036638139,2025-09-26,2025,,,10.0,0.0,10.0,10.0,https://www.priceline.com/hotel-deals/en-us/P3000015284/H60761/the-venetian-resort-las-vegas.ssp,1,2026-06-07T16:23:56.492658+00:00
HVEGAS001,The Venetian Resort Las Vegas,Las Vegas,United States,priceline,priceline,,Priceline,7f6887ddff594fb0,2025-09-29,2025,,,9.0,0.0,10.0,9.0,https://www.priceline.com/hotel-deals/en-us/P3000015284/H60761/the-venetian-resort-las-vegas.ssp,1,2026-06-07T16:23:56.492658+00:00
HVEGAS001,The Venetian Resort Las Vegas,Las Vegas,United States,priceline,priceline,,Priceline,10ceb6eb34edb221,2025-09-29,2025,,,9.0,0.0,10.0,9.0,https://www.priceline.com/hotel-deals/en-us/P3000015284/H60761/the-venetian-resort-las-vegas.ssp,1,2026-06-07T16:23:56.492658+00:00
HVEGAS001,The Venetian Resort Las Vegas,Las Vegas,United States,priceline,priceline,,Priceline,8f7b7822efac09bc,2025-10-09,2025,,,9.0,0.0,10.0,9.0,https://www.priceline.com/hotel-deals/en-us/P3000015284/H60761/the-venetian-resort-las-vegas.ssp,1,2026-06-07T16:23:56.492658+00:00
HVEGAS001,The Venetian Resort Las Vegas,Las Vegas,United States,priceline,priceline,,Priceline,ea0d37a804dfbb4f,2025-12-05,2025,,,7.0,0.0,10.0,7.0,https://www.priceline.com/hotel-deals/en-us/P3000015284/H60761/the-venetian-resort-las-vegas.ssp,1,2026-06-07T16:23:56.492658+00:00
HVEGAS001,The Venetian Resort Las Vegas,Las Vegas,United States,priceline,priceline,,Priceline,fed693580f4c1858,2025-12-13,2025,,,10.0,0.0,10.0,10.0,https://www.priceline.com/hotel-deals/en-us/P3000015284/H60761/the-venetian-resort-las-vegas.ssp,1,2026-06-07T16:23:56.492658+00:00
HVEGAS001,The Venetian Resort Las Vegas,Las Vegas,United States,tripcom,tripcom,,Trip.com,363a3f8f3ec91bef,2024-01-01,2024,2023-12-01,2023.0,7.5,0.0,10.0,7.5,https://www.trip.com/hotels/las-vegas-hotel-detail-737263/the-venetian-resort-las-vegas/?pageSize=20,21,2026-06-07T16:23:08.088844+00:00
HVEGAS001,The Venetian Resort Las Vegas,Las Vegas,United States,tripcom,tripcom,,Trip.com,8bd522bc50320a23,2024-01-05,2024,2024-01-01,2024.0,10.0,0.0,10.0,10.0,https://www.trip.com/hotels/las-vegas-hotel-detail-737263/the-venetian-resort-las-vegas/?pageSize=20,11,2026-06-07T16:23:08.088844+00:00
HVEGAS001,The Venetian Resort Las Vegas,Las Vegas,United States,tripcom,tripcom,,Trip.com,4ae9808a445e8a3b,2024-01-05,2024,2024-01-01,2024.0,9.0,0.0,10.0,9.0,https://www.trip.com/hotels/las-vegas-hotel-detail-737263/the-venetian-resort-las-vegas/?pageSize=20,13,2026-06-07T16:23:08.088844+00:00
HVEGAS001,The Venetian Resort Las Vegas,Las Vegas,United States,tripcom,tripcom,,Trip.com,9a962c651b36bac7,2024-01-05,2024,2024-01-01,2024.0,10.0,0.0,10.0,10.0,https://www.trip.com/hotels/las-vegas-hotel-detail-737263/the-venetian-resort-las-vegas/?pageSize=20,23,2026-06-07T16:23:08.088844+00:00
HVEGAS001,The Venetian Resort Las Vegas,Las Vegas,United States,tripcom,tripcom,,Trip.com,6689e7c76f7ac934,2024-01-06,2024,2023-12-01,2023.0,8.5,0.0,10.0,8.5,https://www.trip.com/hotels/las-vegas-hotel-detail-737263/the-venetian-resort-las-vegas/?pageSize=20,5,2026-06-07T16:23:08.088844+00:00
HVEGAS001,The Venetian Resort Las Vegas,Las Vegas,United States,tripcom,tripcom,,Trip.com,2214274bf85289b0,2024-01-08,2024,2024-01-01,2024.0,8.0,0.0,10.0,8.0,https://www.trip.com/hotels/las-vegas-hotel-detail-737263/the-venetian-resort-las-vegas/?pageSize=20,13,2026-06-07T16:23:08.088844+00:00
HVEGAS001,The Venetian Resort Las Vegas,Las Vegas,United States,tripcom,tripcom,,Trip.com,9802d0b42f52a267,2024-01-09,2024,2024-01-01,2024.0,6.0,0.0,10.0,6.0,https://www.trip.com/hotels/las-vegas-hotel-detail-737263/the-venetian-resort-las-vegas/?pageSize=20,6,2026-06-07T16:23:08.088844+00:00
HVEGAS001,The Venetian Resort Las Vegas,Las Vegas,United States,tripcom,tripcom,,Trip.com,600ef8a9e662f605,2024-01-09,2024,2024-01-01,2024.0,8.5,0.0,10.0,8.5,https://www.trip.com/hotels/las-vegas-hotel-detail-737263/the-venetian-resort-las-vegas/?pageSize=20,11,2026-06-07T16:23:08.088844+00:00
HVEGAS001,The Venetian Resort Las Vegas,Las Vegas,United States,tripcom,tripcom,,Trip.com,43807d9721c78eb3,2024-01-09,2024,2023-11-01,2023.0,10.0,0.0,10.0,10.0,https://www.trip.com/hotels/las-vegas-hotel-detail-737263/the-venetian-resort-las-vegas/?pageSize=20,12,2026-06-07T16:23:08.088844+00:00
HVEGAS001,The Venetian Resort Las Vegas,Las Vegas,United States,tripcom,tripcom,,Trip.com,4e6312ef19908ab1,2024-01-10,2024,2023-12-01,2023.0,10.0,0.0,10.0,10.0,https://www.trip.com/hotels/las-vegas-hotel-detail-737263/the-venetian-resort-las-vegas/?pageSize=20,12,2026-06-07T16:23:08.088844+00:00
HVEGAS001,The Venetian Resort Las Vegas,Las Vegas,United States,tripcom,tripcom,,Trip.com,b9954fb0e4e471b5,2024-01-10,2024,2024-01-01,2024.0,8.0,0.0,10.0,8.0,https://www.trip.com/hotels/las-vegas-hotel-detail-737263/the-venetian-resort-las-vegas/?pageSize=20,22,2026-06-07T16:23:08.088844+00:00
HVEGAS001,The Venetian Resort Las Vegas,Las Vegas,United States,tripcom,tripcom,,Trip.com,a55b575c3a5ba945,2024-01-12,2024,2024-01-01,2024.0,10.0,0.0,10.0,10.0,https://www.trip.com/hotels/las-vegas-hotel-detail-737263/the-venetian-resort-las-vegas/?pageSize=20,11,2026-06-07T16:23:08.088844+00:00
HVEGAS001,The Venetian Resort Las Vegas,Las Vegas,United States,tripcom,tripcom,,Trip.com,27a44e9cfdc19963,2024-01-12,2024,2024-01-01,2024.0,10.0,0.0,10.0,10.0,https://www.trip.com/hotels/las-vegas-hotel-detail-737263/the-venetian-resort-las-vegas/?pageSize=20,23,2026-06-07T16:23:08.088844+00:00
HVEGAS001,The Venetian Resort Las Vegas,Las Vegas,United States,tripcom,tripcom,,Trip.com,b69dd8e3e25a2af8,2024-01-13,2024,2023-12-01,2023.0,10.0,0.0,10.0,10.0,https://www.trip.com/hotels/las-vegas-hotel-detail-737263/the-venetian-resort-las-vegas/?pageSize=20,23,2026-06-07T16:23:08.088844+00:00
HVEGAS001,The Venetian Resort Las Vegas,Las Vegas,United States,tripcom,tripcom,,Trip.com,2b8f47b11471d6f4,2024-01-13,2024,2024-01-01,2024.0,10.0,0.0,10.0,10.0,https://www.trip.com/hotels/las-vegas-hotel-detail-737263/the-venetian-resort-las-vegas/?pageSize=20,24,2026-06-07T16:23:08.088844+00:00
HVEGAS001,The Venetian Resort Las Vegas,Las Vegas,United States,tripcom,tripcom,,Trip.com,3b9025f47863acbc,2024-01-14,2024,2024-01-01,2024.0,9.0,0.0,10.0,9.0,https://www.trip.com/hotels/las-vegas-hotel-detail-737263/the-venetian-resort-las-vegas/?pageSize=20,7,2026-06-07T16:23:08.088844+00:00
HVEGAS001,The Venetian Resort Las Vegas,Las Vegas,United States,tripcom,tripcom,,Trip.com,3cfe452dbf596fa1,2024-01-14,2024,2024-01-01,2024.0,8.0,0.0,10.0,8.0,https://www.trip.com/hotels/las-vegas-hotel-detail-737263/the-venetian-resort-las-vegas/?pageSize=20,11,2026-06-07T16:23:08.088844+00:00
HVEGAS001,The Venetian Resort Las Vegas,Las Vegas,United States,tripcom,tripcom,,Trip.com,8227158542dcdec6,2024-01-14,2024,2024-01-01,2024.0,10.0,0.0,10.0,10.0,https://www.trip.com/hotels/las-vegas-hotel-detail-737263/the-venetian-resort-las-vegas/?pageSize=20,11,2026-06-07T16:23:08.088844+00:00
HVEGAS001,The Venetian Resort Las Vegas,Las Vegas,United States,tripcom,tripcom,,Trip.com,e60aaf0da9d10816,2024-01-14,2024,2024-01-01,2024.0,10.0,0.0,10.0,10.0,https://www.trip.com/hotels/las-vegas-hotel-detail-737263/the-venetian-resort-las-vegas/?pageSize=20,15,2026-06-07T16:23:08.088844+00:00
HVEGAS001,The Venetian Resort Las Vegas,Las Vegas,United States,tripcom,tripcom,,Trip.com,b68aa41e3cd0248b,2024-01-14,2024,2024-01-01,2024.0,10.0,0.0,10.0,10.0,https://www.trip.com/hotels/las-vegas-hotel-detail-737263/the-venetian-resort-las-vegas/?pageSize=20,19,2026-06-07T16:23:08.088844+00:00
HVEGAS001,The Venetian Resort Las Vegas,Las Vegas,United States,tripcom,tripcom,,Trip.com,da1cf116a8771bb7,2024-01-14,2024,2023-10-01,2023.0,10.0,0.0,10.0,10.0,https://www.trip.com/hotels/las-vegas-hotel-detail-737263/the-venetian-resort-las-vegas/?pageSize=20,24,2026-06-07T16:23:08.088844+00:00
HVEGAS001,The Venetian Resort Las Vegas,Las Vegas,United States,tripcom,tripcom,,Trip.com,ba918c723bbbd7ff,2024-01-15,2024,2024-01-01,2024.0,10.0,0.0,10.0,10.0,https://www.trip.com/hotels/las-vegas-hotel-detail-737263/the-venetian-resort-las-vegas/?pageSize=20,6,2026-06-07T16:23:08.088844+00:00
HVEGAS001,The Venetian Resort Las Vegas,Las Vegas,United States,tripcom,tripcom,,Trip.com,cbd36dfd08f5dbbb,2024-01-15,2024,2024-01-01,2024.0,10.0,0.0,10.0,10.0,https://www.trip.com/hotels/las-vegas-hotel-detail-737263/the-venetian-resort-las-vegas/?pageSize=20,11,2026-06-07T16:23:08.088844+00:00
HVEGAS001,The Venetian Resort Las Vegas,Las Vegas,United States,tripcom,tripcom,,Trip.com,2580e9863c90b814,2024-01-15,2024,2024-01-01,2024.0,8.0,0.0,10.0,8.0,https://www.trip.com/hotels/las-vegas-hotel-detail-737263/the-venetian-resort-las-vegas/?pageSize=20,13,2026-06-07T16:23:08.088844+00:00
HVEGAS001,The Venetian Resort Las Vegas,Las Vegas,United States,tripcom,tripcom,,Trip.com,740f86134244a3e3,2024-01-17,2024,2023-10-01,2023.0,10.0,0.0,10.0,10.0,https://www.trip.com/hotels/las-vegas-hotel-detail-737263/the-venetian-resort-las-vegas/?pageSize=20,21,2026-06-07T16:23:08.088844+00:00
HVEGAS001,The Venetian Resort Las Vegas,Las Vegas,United States,tripcom,tripcom,,Trip.com,9a4ccbc4736418cd,2024-01-18,2024,2024-01-01,2024.0,7.0,0.0,10.0,7.0,https://www.trip.com/hotels/las-vegas-hotel-detail-737263/the-venetian-resort-las-vegas/?pageSize=20,6,2026-06-07T16:23:08.088844+00:00
HVEGAS001,The Venetian Resort Las Vegas,Las Vegas,United States,tripcom,tripcom,,Trip.com,249312f458a5148e,2024-01-18,2024,2023-12-01,2023.0,10.0,0.0,10.0,10.0,https://www.trip.com/hotels/las-vegas-hotel-detail-737263/the-venetian-resort-las-vegas/?pageSize=20,11,2026-06-07T16:23:08.088844+00:00
HVEGAS001,The Venetian Resort Las Vegas,Las Vegas,United States,tripcom,tripcom,,Trip.com,b0dc6929db01d4d7,2024-01-19,2024,2024-01-01,2024.0,10.0,0.0,10.0,10.0,https://www.trip.com/hotels/las-vegas-hotel-detail-737263/the-venetian-resort-las-vegas/?pageSize=20,5,2026-06-07T16:23:08.088844+00:00
HVEGAS001,The Venetian Resort Las Vegas,Las Vegas,United States,tripcom,tripcom,,Trip.com,d761143e28309b3d,2024-01-27,2024,2023-12-01,2023.0,8.5,0.0,10.0,8.5,https://www.trip.com/hotels/las-vegas-hotel-detail-737263/the-venetian-resort-las-vegas/?pageSize=20,12,2026-06-07T16:23:08.088844+00:00
HVEGAS001,The Venetian Resort Las Vegas,Las Vegas,United States,tripcom,tripcom,,Trip.com,bc9100dd62e37c69,2024-01-31,2024,2024-01-01,2024.0,8.0,0.0,10.0,8.0,https://www.trip.com/hotels/las-vegas-hotel-detail-737263/the-venetian-resort-las-vegas/?pageSize=20,11,2026-06-07T16:23:08.088844+00:00
HVEGAS001,The Venetian Resort Las Vegas,Las Vegas,United States,tripcom,tripcom,,Trip.com,82c902066b84ceb2,2024-02-03,2024,2024-01-01,2024.0,10.0,0.0,10.0,10.0,https://www.trip.com/hotels/las-vegas-hotel-detail-737263/the-venetian-resort-las-vegas/?pageSize=20,11,2026-06-07T16:23:08.088844+00:00
HVEGAS001,The Venetian Resort Las Vegas,Las Vegas,United States,tripcom,tripcom,,Trip.com,656a1aa2f03d99af,2024-02-04,2024,2024-01-01,2024.0,5.5,0.0,10.0,5.5,https://www.trip.com/hotels/las-vegas-hotel-detail-737263/the-venetian-resort-las-vegas/?pageSize=20,13,2026-06-07T16:23:08.088844+00:00
HVEGAS001,The Venetian Resort Las Vegas,Las Vegas,United States,tripcom,tripcom,,Trip.com,eef190644863802e,2024-02-16,2024,2024-02-01,2024.0,8.0,0.0,10.0,8.0,https://www.trip.com/hotels/las-vegas-hotel-detail-737263/the-venetian-resort-las-vegas/?pageSize=20,13,2026-06-07T16:23:08.088844+00:00
HVEGAS001,The Venetian Resort Las Vegas,Las Vegas,United States,tripcom,tripcom,,Trip.com,86ce65320dd9e46c,2024-02-16,2024,2024-01-01,2024.0,10.0,0.0,10.0,10.0,https://www.trip.com/hotels/las-vegas-hotel-detail-737263/the-venetian-resort-las-vegas/?pageSize=20,15,2026-06-07T16:23:08.088844+00:00
HVEGAS001,The Venetian Resort Las Vegas,Las Vegas,United States,tripcom,tripcom,,Trip.com,aa18ea91fa72c45a,2024-02-20,2024,2024-02-01,2024.0,10.0,0.0,10.0,10.0,https://www.trip.com/hotels/las-vegas-hotel-detail-737263/the-venetian-resort-las-vegas/?pageSize=20,14,2026-06-07T16:23:08.088844+00:00
HVEGAS001,The Venetian Resort Las Vegas,Las Vegas,United States,tripcom,tripcom,,Trip.com,60c44a7e61cd15f7,2024-02-20,2024,2024-01-01,2024.0,10.0,0.0,10.0,10.0,https://www.trip.com/hotels/las-vegas-hotel-detail-737263/the-venetian-resort-las-vegas/?pageSize=20,15,2026-06-07T16:23:08.088844+00:00
HVEGAS001,The Venetian Resort Las Vegas,Las Vegas,United States,tripcom,tripcom,,Trip.com,fe3e6327452e1ef1,2024-02-22,2024,2024-02-01,2024.0,6.0,0.0,10.0,6.0,https://www.trip.com/hotels/las-vegas-hotel-detail-737263/the-venetian-resort-las-vegas/?pageSize=20,5,2026-06-07T16:23:08.088844+00:00
HVEGAS001,The Venetian Resort Las Vegas,Las Vegas,United States,tripcom,tripcom,,Trip.com,b393c44fd758bfe8,2024-02-23,2024,2024-02-01,2024.0,10.0,0.0,10.0,10.0,https://www.trip.com/hotels/las-vegas-hotel-detail-737263/the-venetian-resort-las-vegas/?pageSize=20,13,2026-06-07T16:23:08.088844+00:00
HVEGAS001,The Venetian Resort Las Vegas,Las Vegas,United States,tripcom,tripcom,,Trip.com,a8d678e17d8316b0,2024-02-23,2024,2024-02-01,2024.0,8.0,0.0,10.0,8.0,https://www.trip.com/hotels/las-vegas-hotel-detail-737263/the-venetian-resort-las-vegas/?pageSize=20,13,2026-06-07T16:23:08.088844+00:00
HVEGAS001,The Venetian Resort Las Vegas,Las Vegas,United States,tripcom,tripcom,,Trip.com,1a698340a3ed5dcd,2024-02-23,2024,2024-02-01,2024.0,10.0,0.0,10.0,10.0,https://www.trip.com/hotels/las-vegas-hotel-detail-737263/the-venetian-resort-las-vegas/?pageSize=20,13,2026-06-07T16:23:08.088844+00:00
HVEGAS001,The Venetian Resort Las Vegas,Las Vegas,United States,tripcom,tripcom,,Trip.com,855f6b03bf26d2da,2024-02-26,2024,2024-02-01,2024.0,9.0,0.0,10.0,9.0,https://www.trip.com/hotels/las-vegas-hotel-detail-737263/the-venetian-resort-las-vegas/?pageSize=20,11,2026-06-07T16:23:08.088844+00:00
HVEGAS001,The Venetian Resort Las Vegas,Las Vegas,United States,tripcom,tripcom,,Trip.com,7c2efa271a56c827,2024-02-28,2024,2024-02-01,2024.0,8.0,0.0,10.0,8.0,https://www.trip.com/hotels/las-vegas-hotel-detail-737263/the-venetian-resort-las-vegas/?pageSize=20,13,2026-06-07T16:23:08.088844+00:00
HVEGAS001,The Venetian Resort Las Vegas,Las Vegas,United States,tripcom,tripcom,,Trip.com,c6b8720d7236e78e,2024-03-03,2024,2024-02-01,2024.0,10.0,0.0,10.0,10.0,https://www.trip.com/hotels/las-vegas-hotel-detail-737263/the-venetian-resort-las-vegas/?pageSize=20,13,2026-06-07T16:23:08.088844+00:00
HVEGAS001,The Venetian Resort Las Vegas,Las Vegas,United States,tripcom,tripcom,,Trip.com,f9b44ebb4e15c56a,2024-03-03,2024,2024-02-01,2024.0,8.0,0.0,10.0,8.0,https://www.trip.com/hotels/las-vegas-hotel-detail-737263/the-venetian-resort-las-vegas/?pageSize=20,14,2026-06-07T16:23:08.088844+00:00
HVEGAS001,The Venetian Resort Las Vegas,Las Vegas,United States,tripcom,tripcom,,Trip.com,ff9b2e9df9d55e29,2024-03-10,2024,2024-02-01,2024.0,8.0,0.0,10.0,8.0,https://www.trip.com/hotels/las-vegas-hotel-detail-737263/the-venetian-resort-las-vegas/?pageSize=20,11,2026-06-07T16:23:08.088844+00:00
HVEGAS001,The Venetian Resort Las Vegas,Las Vegas,United States,tripcom,tripcom,,Trip.com,6ab74ec5f8e45101,2024-03-13,2024,2024-01-01,2024.0,7.0,0.0,10.0,7.0,https://www.trip.com/hotels/las-vegas-hotel-detail-737263/the-venetian-resort-las-vegas/?pageSize=20,24,2026-06-07T16:23:08.088844+00:00
HVEGAS001,The Venetian Resort Las Vegas,Las Vegas,United States,tripcom,tripcom,,Trip.com,827b3af4f698eecc,2024-03-16,2024,2024-03-01,2024.0,10.0,0.0,10.0,10.0,https://www.trip.com/hotels/las-vegas-hotel-detail-737263/the-venetian-resort-las-vegas/?pageSize=20,10,2026-06-07T16:23:08.088844+00:00
HVEGAS001,The Venetian Resort Las Vegas,Las Vegas,United States,tripcom,tripcom,,Trip.com,19bfe4b203ee126b,2024-03-17,2024,2024-03-01,2024.0,10.0,0.0,10.0,10.0,https://www.trip.com/hotels/las-vegas-hotel-detail-737263/the-venetian-resort-las-vegas/?pageSize=20,12,2026-06-07T16:23:08.088844+00:00
HVEGAS001,The Venetian Resort Las Vegas,Las Vegas,United States,tripcom,tripcom,,Trip.com,d3574c78977bd03d,2024-03-20,2024,2024-03-01,2024.0,10.0,0.0,10.0,10.0,https://www.trip.com/hotels/las-vegas-hotel-detail-737263/the-venetian-resort-las-vegas/?pageSize=20,11,2026-06-07T16:23:08.088844+00:00
HVEGAS001,The Venetian Resort Las Vegas,Las Vegas,United States,tripcom,tripcom,,Trip.com,b45314f0550d0401,2024-03-21,2024,2023-12-01,2023.0,10.0,0.0,10.0,10.0,https://www.trip.com/hotels/las-vegas-hotel-detail-737263/the-venetian-resort-las-vegas/?pageSize=20,21,2026-06-07T16:23:08.088844+00:00
HVEGAS001,The Venetian Resort Las Vegas,Las Vegas,United States,tripcom,tripcom,,Trip.com,b9b4aff1c1a405fa,2024-03-25,2024,2024-03-01,2024.0,10.0,0.0,10.0,10.0,https://www.trip.com/hotels/las-vegas-hotel-detail-737263/the-venetian-resort-las-vegas/?pageSize=20,12,2026-06-07T16:23:08.088844+00:00
HVEGAS001,The Venetian Resort Las Vegas,Las Vegas,United States,tripcom,tripcom,,Trip.com,843a04e0d5f8f0d5,2024-04-01,2024,2024-01-01,2024.0,7.5,0.0,10.0,7.5,https://www.trip.com/hotels/las-vegas-hotel-detail-737263/the-venetian-resort-las-vegas/?pageSize=20,21,2026-06-07T16:23:08.088844+00:00
HVEGAS001,The Venetian Resort Las Vegas,Las Vegas,United States,tripcom,tripcom,,Trip.com,be458173fc8d176b,2024-04-02,2024,2024-01-01,2024.0,10.0,0.0,10.0,10.0,https://www.trip.com/hotels/las-vegas-hotel-detail-737263/the-venetian-resort-las-vegas/?pageSize=20,22,2026-06-07T16:23:08.088844+00:00
HVEGAS001,The Venetian Resort Las Vegas,Las Vegas,United States,tripcom,tripcom,,Trip.com,e7bcaf0ab16b8ad7,2024-04-04,2024,2024-03-01,2024.0,10.0,0.0,10.0,10.0,https://www.trip.com/hotels/las-vegas-hotel-detail-737263/the-venetian-resort-las-vegas/?pageSize=20,19,2026-06-07T16:23:08.088844+00:00
HVEGAS001,The Venetian Resort Las Vegas,Las Vegas,United States,tripcom,tripcom,,Trip.com,b431c09f05b5d528,2024-04-05,2024,2024-01-01,2024.0,10.0,0.0,10.0,10.0,https://www.trip.com/hotels/las-vegas-hotel-detail-737263/the-venetian-resort-las-vegas/?pageSize=20,23,2026-06-07T16:23:08.088844+00:00
HVEGAS001,The Venetian Resort Las Vegas,Las Vegas,United States,tripcom,tripcom,,Trip.com,d38c809bef60a2ba,2024-04-05,2024,2024-01-01,2024.0,8.5,0.0,10.0,8.5,https://www.trip.com/hotels/las-vegas-hotel-detail-737263/the-venetian-resort-las-vegas/?pageSize=20,24,2026-06-07T16:23:08.088844+00:00
HVEGAS001,The Venetian Resort Las Vegas,Las Vegas,United States,tripcom,tripcom,,Trip.com,b20dadc363a57770,2024-04-06,2024,2024-01-01,2024.0,10.0,0.0,10.0,10.0,https://www.trip.com/hotels/las-vegas-hotel-detail-737263/the-venetian-resort-las-vegas/?pageSize=20,11,2026-06-07T16:23:08.088844+00:00
HVEGAS001,The Venetian Resort Las Vegas,Las Vegas,United States,tripcom,tripcom,,Trip.com,ebf33662bba7fd6d,2024-04-06,2024,2024-03-01,2024.0,10.0,0.0,10.0,10.0,https://www.trip.com/hotels/las-vegas-hotel-detail-737263/the-venetian-resort-las-vegas/?pageSize=20,12,2026-06-07T16:23:08.088844+00:00
HVEGAS001,The Venetian Resort Las Vegas,Las Vegas,United States,tripcom,tripcom,,Trip.com,332a4b6df9b68f9a,2024-04-07,2024,2024-04-01,2024.0,10.0,0.0,10.0,10.0,https://www.trip.com/hotels/las-vegas-hotel-detail-737263/the-venetian-resort-las-vegas/?pageSize=20,6,2026-06-07T16:23:08.088844+00:00
HVEGAS001,The Venetian Resort Las Vegas,Las Vegas,United States,tripcom,tripcom,,Trip.com,e865d7c38f87a113,2024-04-11,2024,2024-04-01,2024.0,8.0,0.0,10.0,8.0,https://www.trip.com/hotels/las-vegas-hotel-detail-737263/the-venetian-resort-las-vegas/?pageSize=20,6,2026-06-07T16:23:08.088844+00:00
HVEGAS001,The Venetian Resort Las Vegas,Las Vegas,United States,tripcom,tripcom,,Trip.com,9e3c6430c97ac159,2024-04-12,2024,2024-03-01,2024.0,9.5,0.0,10.0,9.5,https://www.trip.com/hotels/las-vegas-hotel-detail-737263/the-venetian-resort-las-vegas/?pageSize=20,22,2026-06-07T16:23:08.088844+00:00
HVEGAS001,The Venetian Resort Las Vegas,Las Vegas,United States,tripcom,tripcom,,Trip.com,883679b4ae8a2b2d,2024-04-20,2024,2024-01-01,2024.0,7.5,0.0,10.0,7.5,https://www.trip.com/hotels/las-vegas-hotel-detail-737263/the-venetian-resort-las-vegas/?pageSize=20,15,2026-06-07T16:23:08.088844+00:00
HVEGAS001,The Venetian Resort Las Vegas,Las Vegas,United States,tripcom,tripcom,,Trip.com,3cfd20654c1ea9bd,2024-04-22,2024,2024-02-01,2024.0,9.7,0.0,10.0,9.7,https://www.trip.com/hotels/las-vegas-hotel-detail-737263/the-venetian-resort-las-vegas/?pageSize=20,10,2026-06-07T16:23:08.088844+00:00
HVEGAS001,The Venetian Resort Las Vegas,Las Vegas,United States,tripcom,tripcom,,Trip.com,4331c55404345c19,2024-04-22,2024,2024-02-01,2024.0,10.0,0.0,10.0,10.0,https://www.trip.com/hotels/las-vegas-hotel-detail-737263/the-venetian-resort-las-vegas/?pageSize=20,23,2026-06-07T16:23:08.088844+00:00
HVEGAS001,The Venetian Resort Las Vegas,Las Vegas,United States,tripcom,tripcom,,Trip.com,2bdd6ed04805ba6d,2024-04-27,2024,2024-04-01,2024.0,9.5,0.0,10.0,9.5,https://www.trip.com/hotels/las-vegas-hotel-detail-737263/the-venetian-resort-las-vegas/?pageSize=20,5,2026-06-07T16:23:08.088844+00:00
HVEGAS001,The Venetian Resort Las Vegas,Las Vegas,United States,tripcom,tripcom,,Trip.com,2094766992501bd2,2024-04-29,2024,2024-04-01,2024.0,10.0,0.0,10.0,10.0,https://www.trip.com/hotels/las-vegas-hotel-detail-737263/the-venetian-resort-las-vegas/?pageSize=20,10,2026-06-07T16:23:08.088844+00:00
HVEGAS001,The Venetian Resort Las Vegas,Las Vegas,United States,tripcom,tripcom,,Trip.com,df439480068164a5,2024-05-04,2024,2024-02-01,2024.0,10.0,0.0,10.0,10.0,https://www.trip.com/hotels/las-vegas-hotel-detail-737263/the-venetian-resort-las-vegas/?pageSize=20,21,2026-06-07T16:23:08.088844+00:00
HVEGAS001,The Venetian Resort Las Vegas,Las Vegas,United States,tripcom,tripcom,,Trip.com,1665f1192ceb86ba,2024-05-07,2024,2024-03-01,2024.0,7.5,0.0,10.0,7.5,https://www.trip.com/hotels/las-vegas-hotel-detail-737263/the-venetian-resort-las-vegas/?pageSize=20,22,2026-06-07T16:23:08.088844+00:00
HVEGAS001,The Venetian Resort Las Vegas,Las Vegas,United States,tripcom,tripcom,,Trip.com,a5fa27eb1dadb441,2024-05-09,2024,2024-04-01,2024.0,10.0,0.0,10.0,10.0,https://www.trip.com/hotels/las-vegas-hotel-detail-737263/the-venetian-resort-las-vegas/?pageSize=20,20,2026-06-07T16:23:08.088844+00:00
HVEGAS001,The Venetian Resort Las Vegas,Las Vegas,United States,tripcom,tripcom,,Trip.com,ed84de20f5569bbb,2024-05-10,2024,2024-02-01,2024.0,9.5,0.0,10.0,9.5,https://www.trip.com/hotels/las-vegas-hotel-detail-737263/the-venetian-resort-las-vegas/?pageSize=20,24,2026-06-07T16:23:08.088844+00:00
HVEGAS001,The Venetian Resort Las Vegas,Las Vegas,United States,tripcom,tripcom,,Trip.com,10057f6ba76c08f2,2024-05-10,2024,2024-02-01,2024.0,10.0,0.0,10.0,10.0,https://www.trip.com/hotels/las-vegas-hotel-detail-737263/the-venetian-resort-las-vegas/?pageSize=20,24,2026-06-07T16:23:08.088844+00:00
HVEGAS001,The Venetian Resort Las Vegas,Las Vegas,United States,tripcom,tripcom,,Trip.com,718df062d3516995,2024-05-13,2024,2024-05-01,2024.0,9.0,0.0,10.0,9.0,https://www.trip.com/hotels/las-vegas-hotel-detail-737263/the-venetian-resort-las-vegas/?pageSize=20,22,2026-06-07T16:23:08.088844+00:00
HVEGAS001,The Venetian Resort Las Vegas,Las Vegas,United States,tripcom,tripcom,,Trip.com,8d531923cc97c47e,2024-05-16,2024,2024-05-01,2024.0,10.0,0.0,10.0,10.0,https://www.trip.com/hotels/las-vegas-hotel-detail-737263/the-venetian-resort-las-vegas/?pageSize=20,24,2026-06-07T16:23:08.088844+00:00
HVEGAS001,The Venetian Resort Las Vegas,Las Vegas,United States,tripcom,tripcom,,Trip.com,0077867d726357ee,2024-05-24,2024,2024-05-01,2024.0,10.0,0.0,10.0,10.0,https://www.trip.com/hotels/las-vegas-hotel-detail-737263/the-venetian-resort-las-vegas/?pageSize=20,20,2026-06-07T16:23:08.088844+00:00
HVEGAS001,The Venetian Resort Las Vegas,Las Vegas,United States,tripcom,tripcom,,Trip.com,5815ff2dcf1b1c80,2024-05-30,2024,2024-05-01,2024.0,10.0,0.0,10.0,10.0,https://www.trip.com/hotels/las-vegas-hotel-detail-737263/the-venetian-resort-las-vegas/?pageSize=20,13,2026-06-07T16:23:08.088844+00:00
HVEGAS001,The Venetian Resort Las Vegas,Las Vegas,United States,tripcom,tripcom,,Trip.com,15584e6c56328f3c,2024-05-31,2024,2024-05-01,2024.0,9.5,0.0,10.0,9.5,https://www.trip.com/hotels/las-vegas-hotel-detail-737263/the-venetian-resort-las-vegas/?pageSize=20,5,2026-06-07T16:23:08.088844+00:00
HVEGAS001,The Venetian Resort Las Vegas,Las Vegas,United States,tripcom,tripcom,,Trip.com,267cd2be33ed2b31,2024-05-31,2024,2024-05-01,2024.0,10.0,0.0,10.0,10.0,https://www.trip.com/hotels/las-vegas-hotel-detail-737263/the-venetian-resort-las-vegas/?pageSize=20,12,2026-06-07T16:23:08.088844+00:00
HVEGAS001,The Venetian Resort Las Vegas,Las Vegas,United States,tripcom,tripcom,,Trip.com,a8754395b7d1c22e,2024-05-31,2024,2024-05-01,2024.0,9.0,0.0,10.0,9.0,https://www.trip.com/hotels/las-vegas-hotel-detail-737263/the-venetian-resort-las-vegas/?pageSize=20,15,2026-06-07T16:23:08.088844+00:00
HVEGAS001,The Venetian Resort Las Vegas,Las Vegas,United States,tripcom,tripcom,,Trip.com,52657a4754c75839,2024-05-31,2024,2024-05-01,2024.0,9.5,0.0,10.0,9.5,https://www.trip.com/hotels/las-vegas-hotel-detail-737263/the-venetian-resort-las-vegas/?pageSize=20,15,2026-06-07T16:23:08.088844+00:00
HVEGAS001,The Venetian Resort Las Vegas,Las Vegas,United States,tripcom,tripcom,,Trip.com,ecb48f9df204c600,2024-06-02,2024,2024-05-01,2024.0,10.0,0.0,10.0,10.0,https://www.trip.com/hotels/las-vegas-hotel-detail-737263/the-venetian-resort-las-vegas/?pageSize=20,7,2026-06-07T16:23:08.088844+00:00
HVEGAS001,The Venetian Resort Las Vegas,Las Vegas,United States,tripcom,tripcom,,Trip.com,7dde996d65217f21,2024-06-03,2024,2024-05-01,2024.0,10.0,0.0,10.0,10.0,https://www.trip.com/hotels/las-vegas-hotel-detail-737263/the-venetian-resort-las-vegas/?pageSize=20,12,2026-06-07T16:23:08.088844+00:00
HVEGAS001,The Venetian Resort Las Vegas,Las Vegas,United States,tripcom,tripcom,,Trip.com,2ba6826fdfda1a93,2024-06-05,2024,2024-05-01,2024.0,10.0,0.0,10.0,10.0,https://www.trip.com/hotels/las-vegas-hotel-detail-737263/the-venetian-resort-las-vegas/?pageSize=20,6,2026-06-07T16:23:08.088844+00:00
HVEGAS001,The Venetian Resort Las Vegas,Las Vegas,United States,tripcom,tripcom,,Trip.com,afc72521dabec50c,2024-06-07,2024,2024-03-01,2024.0,10.0,0.0,10.0,10.0,https://www.trip.com/hotels/las-vegas-hotel-detail-737263/the-venetian-resort-las-vegas/?pageSize=20,24,2026-06-07T16:23:08.088844+00:00
HVEGAS001,The Venetian Resort Las Vegas,Las Vegas,United States,tripcom,tripcom,,Trip.com,764704f469435259,2024-06-08,2024,2024-06-01,2024.0,10.0,0.0,10.0,10.0,https://www.trip.com/hotels/las-vegas-hotel-detail-737263/the-venetian-resort-las-vegas/?pageSize=20,12,2026-06-07T16:23:08.088844+00:00
HVEGAS001,The Venetian Resort Las Vegas,Las Vegas,United States,tripcom,tripcom,,Trip.com,b00a266621ca5d29,2024-06-10,2024,2024-04-01,2024.0,8.0,0.0,10.0,8.0,https://www.trip.com/hotels/las-vegas-hotel-detail-737263/the-venetian-resort-las-vegas/?pageSize=20,10,2026-06-07T16:23:08.088844+00:00
HVEGAS001,The Venetian Resort Las Vegas,Las Vegas,United States,tripcom,tripcom,,Trip.com,175b7a5e3e7871b5,2024-06-12,2024,2024-06-01,2024.0,6.0,0.0,10.0,6.0,https://www.trip.com/hotels/las-vegas-hotel-detail-737263/the-venetian-resort-las-vegas/?pageSize=20,6,2026-06-07T16:23:08.088844+00:00
HVEGAS001,The Venetian Resort Las Vegas,Las Vegas,United States,tripcom,tripcom,,Trip.com,07187bfd6abce226,2024-06-14,2024,2024-06-01,2024.0,10.0,0.0,10.0,10.0,https://www.trip.com/hotels/las-vegas-hotel-detail-737263/the-venetian-resort-las-vegas/?pageSize=20,22,2026-06-07T16:23:08.088844+00:00
HVEGAS001,The Venetian Resort Las Vegas,Las Vegas,United States,tripcom,tripcom,,Trip.com,959cc1a2867eff46,2024-06-17,2024,2024-06-01,2024.0,10.0,0.0,10.0,10.0,https://www.trip.com/hotels/las-vegas-hotel-detail-737263/the-venetian-resort-las-vegas/?pageSize=20,4,2026-06-07T16:23:08.088844+00:00
HVEGAS001,The Venetian Resort Las Vegas,Las Vegas,United States,tripcom,tripcom,,Trip.com,4c3f880d6d3727b3,2024-06-17,2024,2024-06-01,2024.0,10.0,0.0,10.0,10.0,https://www.trip.com/hotels/las-vegas-hotel-detail-737263/the-venetian-resort-las-vegas/?pageSize=20,12,2026-06-07T16:23:08.088844+00:00
HVEGAS001,The Venetian Resort Las Vegas,Las Vegas,United States,tripcom,tripcom,,Trip.com,ae7b82c1b542c3ae,2024-06-19,2024,2024-05-01,2024.0,9.0,0.0,10.0,9.0,https://www.trip.com/hotels/las-vegas-hotel-detail-737263/the-venetian-resort-las-vegas/?pageSize=20,5,2026-06-07T16:23:08.088844+00:00
HVEGAS001,The Venetian Resort Las Vegas,Las Vegas,United States,tripcom,tripcom,,Trip.com,fd2a9739f4ff8193,2024-06-24,2024,2024-06-01,2024.0,10.0,0.0,10.0,10.0,https://www.trip.com/hotels/las-vegas-hotel-detail-737263/the-venetian-resort-las-vegas/?pageSize=20,17,2026-06-07T16:23:08.088844+00:00
HVEGAS001,The Venetian Resort Las Vegas,Las Vegas,United States,tripcom,tripcom,,Trip.com,3a0ef06b24986d2b,2024-06-25,2024,2024-06-01,2024.0,8.5,0.0,10.0,8.5,https://www.trip.com/hotels/las-vegas-hotel-detail-737263/the-venetian-resort-las-vegas/?pageSize=20,11,2026-06-07T16:23:08.088844+00:00
HVEGAS001,The Venetian Resort Las Vegas,Las Vegas,United States,tripcom,tripcom,,Trip.com,9a9a33791ac22bbd,2024-07-01,2024,2024-06-01,2024.0,10.0,0.0,10.0,10.0,https://www.trip.com/hotels/las-vegas-hotel-detail-737263/the-venetian-resort-las-vegas/?pageSize=20,19,2026-06-07T16:23:08.088844+00:00
HVEGAS001,The Venetian Resort Las Vegas,Las Vegas,United States,tripcom,tripcom,,Trip.com,f3c4be50a6b3d7e0,2024-07-02,2024,2024-06-01,2024.0,10.0,0.0,10.0,10.0,https://www.trip.com/hotels/las-vegas-hotel-detail-737263/the-venetian-resort-las-vegas/?pageSize=20,10,2026-06-07T16:23:08.088844+00:00
HVEGAS001,The Venetian Resort Las Vegas,Las Vegas,United States,tripcom,tripcom,,Trip.com,57441bf1c1989d96,2024-07-02,2024,2024-06-01,2024.0,9.5,0.0,10.0,9.5,https://www.trip.com/hotels/las-vegas-hotel-detail-737263/the-venetian-resort-las-vegas/?pageSize=20,10,2026-06-07T16:23:08.088844+00:00
HVEGAS001,The Venetian Resort Las Vegas,Las Vegas,United States,tripcom,tripcom,,Trip.com,6be8b74435f68fc3,2024-07-07,2024,2024-06-01,2024.0,9.0,0.0,10.0,9.0,https://www.trip.com/hotels/las-vegas-hotel-detail-737263/the-venetian-resort-las-vegas/?pageSize=20,10,2026-06-07T16:23:08.088844+00:00
HVEGAS001,The Venetian Resort Las Vegas,Las Vegas,United States,tripcom,tripcom,,Trip.com,9baaa30d6edddbfd,2024-07-07,2024,2024-07-01,2024.0,9.7,0.0,10.0,9.7,https://www.trip.com/hotels/las-vegas-hotel-detail-737263/the-venetian-resort-las-vegas/?pageSize=20,11,2026-06-07T16:23:08.088844+00:00
HVEGAS001,The Venetian Resort Las Vegas,Las Vegas,United States,tripcom,tripcom,,Trip.com,d5fca84876d8c726,2024-07-10,2024,2024-07-01,2024.0,9.0,0.0,10.0,9.0,https://www.trip.com/hotels/las-vegas-hotel-detail-737263/the-venetian-resort-las-vegas/?pageSize=20,4,2026-06-07T16:23:08.088844+00:00
HVEGAS001,The Venetian Resort Las Vegas,Las Vegas,United States,tripcom,tripcom,,Trip.com,1aa9b2a03fcf68d4,2024-07-13,2024,2024-07-01,2024.0,9.5,0.0,10.0,9.5,https://www.trip.com/hotels/las-vegas-hotel-detail-737263/the-venetian-resort-las-vegas/?pageSize=20,21,2026-06-07T16:23:08.088844+00:00
HVEGAS001,The Venetian Resort Las Vegas,Las Vegas,United States,tripcom,tripcom,,Trip.com,baaeee89cf1fa8b0,2024-07-14,2024,2024-06-01,2024.0,10.0,0.0,10.0,10.0,https://www.trip.com/hotels/las-vegas-hotel-detail-737263/the-venetian-resort-las-vegas/?pageSize=20,23,2026-06-07T16:23:08.088844+00:00
HVEGAS001,The Venetian Resort Las Vegas,Las Vegas,United States,tripcom,tripcom,,Trip.com,bb2760eecf7fe500,2024-07-16,2024,2024-04-01,2024.0,10.0,0.0,10.0,10.0,https://www.trip.com/hotels/las-vegas-hotel-detail-737263/the-venetian-resort-las-vegas/?pageSize=20,23,2026-06-07T16:23:08.088844+00:00
HVEGAS001,The Venetian Resort Las Vegas,Las Vegas,United States,tripcom,tripcom,,Trip.com,e9c9d2e19f00b626,2024-07-20,2024,2024-07-01,2024.0,10.0,0.0,10.0,10.0,https://www.trip.com/hotels/las-vegas-hotel-detail-737263/the-venetian-resort-las-vegas/?pageSize=20,4,2026-06-07T16:23:08.088844+00:00
HVEGAS001,The Venetian Resort Las Vegas,Las Vegas,United States,tripcom,tripcom,,Trip.com,42d19c6d9fb0d5a6,2024-07-21,2024,2024-05-01,2024.0,9.0,0.0,10.0,9.0,https://www.trip.com/hotels/las-vegas-hotel-detail-737263/the-venetian-resort-las-vegas/?pageSize=20,24,2026-06-07T16:23:08.088844+00:00
HVEGAS001,The Venetian Resort Las Vegas,Las Vegas,United States,tripcom,tripcom,,Trip.com,08809fc143ecb528,2024-07-23,2024,2024-07-01,2024.0,8.5,0.0,10.0,8.5,https://www.trip.com/hotels/las-vegas-hotel-detail-737263/the-venetian-resort-las-vegas/?pageSize=20,4,2026-06-07T16:23:08.088844+00:00
HVEGAS001,The Venetian Resort Las Vegas,Las Vegas,United States,tripcom,tripcom,,Trip.com,1aa7c95e409af3bb,2024-07-23,2024,2024-07-01,2024.0,9.0,0.0,10.0,9.0,https://www.trip.com/hotels/las-vegas-hotel-detail-737263/the-venetian-resort-las-vegas/?pageSize=20,10,2026-06-07T16:23:08.088844+00:00
HVEGAS001,The Venetian Resort Las Vegas,Las Vegas,United States,tripcom,tripcom,,Trip.com,7217eb379dcecb71,2024-07-24,2024,2024-07-01,2024.0,7.0,0.0,10.0,7.0,https://www.trip.com/hotels/las-vegas-hotel-detail-737263/the-venetian-resort-las-vegas/?pageSize=20,6,2026-06-07T16:23:08.088844+00:00
HVEGAS001,The Venetian Resort Las Vegas,Las Vegas,United States,tripcom,tripcom,,Trip.com,b10c449adeaa4c74,2024-07-24,2024,2024-07-01,2024.0,5.0,0.0,10.0,5.0,https://www.trip.com/hotels/las-vegas-hotel-detail-737263/the-venetian-resort-las-vegas/?pageSize=20,11,2026-06-07T16:23:08.088844+00:00
HVEGAS001,The Venetian Resort Las Vegas,Las Vegas,United States,tripcom,tripcom,,Trip.com,ad4bd0133f85bdec,2024-07-24,2024,2024-07-01,2024.0,10.0,0.0,10.0,10.0,https://www.trip.com/hotels/las-vegas-hotel-detail-737263/the-venetian-resort-las-vegas/?pageSize=20,23,2026-06-07T16:23:08.088844+00:00
HVEGAS001,The Venetian Resort Las Vegas,Las Vegas,United States,tripcom,tripcom,,Trip.com,80fac21085424f6a,2024-07-25,2024,2024-07-01,2024.0,10.0,0.0,10.0,10.0,https://www.trip.com/hotels/las-vegas-hotel-detail-737263/the-venetian-resort-las-vegas/?pageSize=20,18,2026-06-07T16:23:08.088844+00:00
HVEGAS001,The Venetian Resort Las Vegas,Las Vegas,United States,tripcom,tripcom,,Trip.com,1e77d93d631011bc,2024-07-25,2024,2024-07-01,2024.0,8.5,0.0,10.0,8.5,https://www.trip.com/hotels/las-vegas-hotel-detail-737263/the-venetian-resort-las-vegas/?pageSize=20,22,2026-06-07T16:23:08.088844+00:00
HVEGAS001,The Venetian Resort Las Vegas,Las Vegas,United States,tripcom,tripcom,,Trip.com,5e2a0562ed12a420,2024-07-26,2024,2024-07-01,2024.0,9.5,0.0,10.0,9.5,https://www.trip.com/hotels/las-vegas-hotel-detail-737263/the-venetian-resort-las-vegas/?pageSize=20,6,2026-06-07T16:23:08.088844+00:00
HVEGAS001,The Venetian Resort Las Vegas,Las Vegas,United States,tripcom,tripcom,,Trip.com,dde97883cfbd72ef,2024-07-26,2024,2024-07-01,2024.0,8.7,0.0,10.0,8.7,https://www.trip.com/hotels/las-vegas-hotel-detail-737263/the-venetian-resort-las-vegas/?pageSize=20,9,2026-06-07T16:23:08.088844+00:00
HVEGAS001,The Venetian Resort Las Vegas,Las Vegas,United States,tripcom,tripcom,,Trip.com,8072a663f669f0c9,2024-07-27,2024,2024-07-01,2024.0,4.0,0.0,10.0,4.0,https://www.trip.com/hotels/las-vegas-hotel-detail-737263/the-venetian-resort-las-vegas/?pageSize=20,12,2026-06-07T16:23:08.088844+00:00
HVEGAS001,The Venetian Resort Las Vegas,Las Vegas,United States,tripcom,tripcom,,Trip.com,41dd7a68d08c6b45,2024-07-28,2024,2024-07-01,2024.0,10.0,0.0,10.0,10.0,https://www.trip.com/hotels/las-vegas-hotel-detail-737263/the-venetian-resort-las-vegas/?pageSize=20,18,2026-06-07T16:23:08.088844+00:00
HVEGAS001,The Venetian Resort Las Vegas,Las Vegas,United States,tripcom,tripcom,,Trip.com,f866f66d44064a16,2024-07-28,2024,2024-07-01,2024.0,10.0,0.0,10.0,10.0,https://www.trip.com/hotels/las-vegas-hotel-detail-737263/the-venetian-resort-las-vegas/?pageSize=20,23,2026-06-07T16:23:08.088844+00:00
HVEGAS001,The Venetian Resort Las Vegas,Las Vegas,United States,tripcom,tripcom,,Trip.com,69c9980872ef90ce,2024-07-29,2024,2024-07-01,2024.0,10.0,0.0,10.0,10.0,https://www.trip.com/hotels/las-vegas-hotel-detail-737263/the-venetian-resort-las-vegas/?pageSize=20,21,2026-06-07T16:23:08.088844+00:00
HVEGAS001,The Venetian Resort Las Vegas,Las Vegas,United States,tripcom,tripcom,,Trip.com,833694302d1c3cda,2024-07-30,2024,2024-07-01,2024.0,8.0,0.0,10.0,8.0,https://www.trip.com/hotels/las-vegas-hotel-detail-737263/the-venetian-resort-las-vegas/?pageSize=20,5,2026-06-07T16:23:08.088844+00:00
HVEGAS001,The Venetian Resort Las Vegas,Las Vegas,United States,tripcom,tripcom,,Trip.com,0e36cab18d4658d4,2024-07-31,2024,2024-07-01,2024.0,8.5,0.0,10.0,8.5,https://www.trip.com/hotels/las-vegas-hotel-detail-737263/the-venetian-resort-las-vegas/?pageSize=20,5,2026-06-07T16:23:08.088844+00:00
HVEGAS001,The Venetian Resort Las Vegas,Las Vegas,United States,tripcom,tripcom,,Trip.com,0fd45eb4789ab1b3,2024-08-01,2024,2024-07-01,2024.0,9.0,0.0,10.0,9.0,https://www.trip.com/hotels/las-vegas-hotel-detail-737263/the-venetian-resort-las-vegas/?pageSize=20,18,2026-06-07T16:23:08.088844+00:00
HVEGAS001,The Venetian Resort Las Vegas,Las Vegas,United States,tripcom,tripcom,,Trip.com,059059004f84fdef,2024-08-01,2024,2024-07-01,2024.0,10.0,0.0,10.0,10.0,https://www.trip.com/hotels/las-vegas-hotel-detail-737263/the-venetian-resort-las-vegas/?pageSize=20,20,2026-06-07T16:23:08.088844+00:00
HVEGAS001,The Venetian Resort Las Vegas,Las Vegas,United States,tripcom,tripcom,,Trip.com,658d42a3f0d5056a,2024-08-02,2024,2024-07-01,2024.0,10.0,0.0,10.0,10.0,https://www.trip.com/hotels/las-vegas-hotel-detail-737263/the-venetian-resort-las-vegas/?pageSize=20,9,2026-06-07T16:23:08.088844+00:00
HVEGAS001,The Venetian Resort Las Vegas,Las Vegas,United States,tripcom,tripcom,,Trip.com,6dceb059e1b4f0e9,2024-08-02,2024,2024-07-01,2024.0,10.0,0.0,10.0,10.0,https://www.trip.com/hotels/las-vegas-hotel-detail-737263/the-venetian-resort-las-vegas/?pageSize=20,9,2026-06-07T16:23:08.088844+00:00
HVEGAS001,The Venetian Resort Las Vegas,Las Vegas,United States,tripcom,tripcom,,Trip.com,186cb0bd7f8e902d,2024-08-03,2024,2024-06-01,2024.0,10.0,0.0,10.0,10.0,https://www.trip.com/hotels/las-vegas-hotel-detail-737263/the-venetian-resort-las-vegas/?pageSize=20,23,2026-06-07T16:23:08.088844+00:00
HVEGAS001,The Venetian Resort Las Vegas,Las Vegas,United States,tripcom,tripcom,,Trip.com,00a8289b0961e0f6,2024-08-05,2024,2024-05-01,2024.0,10.0,0.0,10.0,10.0,https://www.trip.com/hotels/las-vegas-hotel-detail-737263/the-venetian-resort-las-vegas/?pageSize=20,22,2026-06-07T16:23:08.088844+00:00
HVEGAS001,The Venetian Resort Las Vegas,Las Vegas,United States,tripcom,tripcom,,Trip.com,cef3d4f7de2ebe56,2024-08-05,2024,2024-07-01,2024.0,10.0,0.0,10.0,10.0,https://www.trip.com/hotels/las-vegas-hotel-detail-737263/the-venetian-resort-las-vegas/?pageSize=20,22,2026-06-07T16:23:08.088844+00:00
HVEGAS001,The Venetian Resort Las Vegas,Las Vegas,United States,tripcom,tripcom,,Trip.com,fb2a420ce20cf225,2024-08-07,2024,2024-06-01,2024.0,9.0,0.0,10.0,9.0,https://www.trip.com/hotels/las-vegas-hotel-detail-737263/the-venetian-resort-las-vegas/?pageSize=20,10,2026-06-07T16:23:08.088844+00:00
HVEGAS001,The Venetian Resort Las Vegas,Las Vegas,United States,tripcom,tripcom,,Trip.com,81f7f39e2ff8d5e7,2024-08-07,2024,2024-08-01,2024.0,10.0,0.0,10.0,10.0,https://www.trip.com/hotels/las-vegas-hotel-detail-737263/the-venetian-resort-las-vegas/?pageSize=20,19,2026-06-07T16:23:08.088844+00:00
HVEGAS001,The Venetian Resort Las Vegas,Las Vegas,United States,tripcom,tripcom,,Trip.com,2fc1dc994684e146,2024-08-07,2024,2024-07-01,2024.0,10.0,0.0,10.0,10.0,https://www.trip.com/hotels/las-vegas-hotel-detail-737263/the-venetian-resort-las-vegas/?pageSize=20,20,2026-06-07T16:23:08.088844+00:00
HVEGAS001,The Venetian Resort Las Vegas,Las Vegas,United States,tripcom,tripcom,,Trip.com,ba56a9d45aaa2a9b,2024-08-09,2024,2024-08-01,2024.0,9.5,0.0,10.0,9.5,https://www.trip.com/hotels/las-vegas-hotel-detail-737263/the-venetian-resort-las-vegas/?pageSize=20,17,2026-06-07T16:23:08.088844+00:00
HVEGAS001,The Venetian Resort Las Vegas,Las Vegas,United States,tripcom,tripcom,,Trip.com,fe650867471cb5e1,2024-08-09,2024,2024-07-01,2024.0,10.0,0.0,10.0,10.0,https://www.trip.com/hotels/las-vegas-hotel-detail-737263/the-venetian-resort-las-vegas/?pageSize=20,18,2026-06-07T16:23:08.088844+00:00
HVEGAS001,The Venetian Resort Las Vegas,Las Vegas,United States,tripcom,tripcom,,Trip.com,5a695349f4df4718,2024-08-10,2024,2024-06-01,2024.0,6.0,0.0,10.0,6.0,https://www.trip.com/hotels/las-vegas-hotel-detail-737263/the-venetian-resort-las-vegas/?pageSize=20,10,2026-06-07T16:23:08.088844+00:00
HVEGAS001,The Venetian Resort Las Vegas,Las Vegas,United States,tripcom,tripcom,,Trip.com,d41d2f31b835ebff,2024-08-11,2024,2024-08-01,2024.0,10.0,0.0,10.0,10.0,https://www.trip.com/hotels/las-vegas-hotel-detail-737263/the-venetian-resort-las-vegas/?pageSize=20,18,2026-06-07T16:23:08.088844+00:00
HVEGAS001,The Venetian Resort Las Vegas,Las Vegas,United States,tripcom,tripcom,,Trip.com,56385a5af00144d8,2024-08-11,2024,2024-05-01,2024.0,10.0,0.0,10.0,10.0,https://www.trip.com/hotels/las-vegas-hotel-detail-737263/the-venetian-resort-las-vegas/?pageSize=20,24,2026-06-07T16:23:08.088844+00:00
HVEGAS001,The Venetian Resort Las Vegas,Las Vegas,United States,tripcom,tripcom,,Trip.com,4bc49ab3ef497852,2024-08-12,2024,2024-08-01,2024.0,9.5,0.0,10.0,9.5,https://www.trip.com/hotels/las-vegas-hotel-detail-737263/the-venetian-resort-las-vegas/?pageSize=20,5,2026-06-07T16:23:08.088844+00:00
HVEGAS001,The Venetian Resort Las Vegas,Las Vegas,United States,tripcom,tripcom,,Trip.com,b7ac998e9312b47b,2024-08-13,2024,2024-08-01,2024.0,9.5,0.0,10.0,9.5,https://www.trip.com/hotels/las-vegas-hotel-detail-737263/the-venetian-resort-las-vegas/?pageSize=20,11,2026-06-07T16:23:08.088844+00:00
HVEGAS001,The Venetian Resort Las Vegas,Las Vegas,United States,tripcom,tripcom,,Trip.com,a47f774ef9ab3703,2024-08-14,2024,2024-08-01,2024.0,10.0,0.0,10.0,10.0,https://www.trip.com/hotels/las-vegas-hotel-detail-737263/the-venetian-resort-las-vegas/?pageSize=20,18,2026-06-07T16:23:08.088844+00:00
HVEGAS001,The Venetian Resort Las Vegas,Las Vegas,United States,tripcom,tripcom,,Trip.com,409dbe1e737c3d08,2024-08-15,2024,2024-08-01,2024.0,10.0,0.0,10.0,10.0,https://www.trip.com/hotels/las-vegas-hotel-detail-737263/the-venetian-resort-las-vegas/?pageSize=20,17,2026-06-07T16:23:08.088844+00:00
HVEGAS001,The Venetian Resort Las Vegas,Las Vegas,United States,tripcom,tripcom,,Trip.com,24b4d507ba192565,2024-08-16,2024,2024-07-01,2024.0,10.0,0.0,10.0,10.0,https://www.trip.com/hotels/las-vegas-hotel-detail-737263/the-venetian-resort-las-vegas/?pageSize=20,9,2026-06-07T16:23:08.088844+00:00
HVEGAS001,The Venetian Resort Las Vegas,Las Vegas,United States,tripcom,tripcom,,Trip.com,2495894888faa4ef,2024-08-18,2024,2024-08-01,2024.0,10.0,0.0,10.0,10.0,https://www.trip.com/hotels/las-vegas-hotel-detail-737263/the-venetian-resort-las-vegas/?pageSize=20,9,2026-06-07T16:23:08.088844+00:00
HVEGAS001,The Venetian Resort Las Vegas,Las Vegas,United States,tripcom,tripcom,,Trip.com,cbf2f61b6f19e623,2024-08-18,2024,2024-08-01,2024.0,8.0,0.0,10.0,8.0,https://www.trip.com/hotels/las-vegas-hotel-detail-737263/the-venetian-resort-las-vegas/?pageSize=20,22,2026-06-07T16:23:08.088844+00:00
HVEGAS001,The Venetian Resort Las Vegas,Las Vegas,United States,tripcom,tripcom,,Trip.com,7c61d667211b0aeb,2024-08-19,2024,2024-07-01,2024.0,10.0,0.0,10.0,10.0,https://www.trip.com/hotels/las-vegas-hotel-detail-737263/the-venetian-resort-las-vegas/?pageSize=20,9,2026-06-07T16:23:08.088844+00:00
HVEGAS001,The Venetian Resort Las Vegas,Las Vegas,United States,tripcom,tripcom,,Trip.com,4d478cc62f7070c9,2024-08-20,2024,2024-08-01,2024.0,10.0,0.0,10.0,10.0,https://www.trip.com/hotels/las-vegas-hotel-detail-737263/the-venetian-resort-las-vegas/?pageSize=20,5,2026-06-07T16:23:08.088844+00:00
HVEGAS001,The Venetian Resort Las Vegas,Las Vegas,United States,tripcom,tripcom,,Trip.com,529138284d34edf4,2024-08-20,2024,2024-08-01,2024.0,10.0,0.0,10.0,10.0,https://www.trip.com/hotels/las-vegas-hotel-detail-737263/the-venetian-resort-las-vegas/?pageSize=20,11,2026-06-07T16:23:08.088844+00:00
HVEGAS001,The Venetian Resort Las Vegas,Las Vegas,United States,tripcom,tripcom,,Trip.com,b5f424c0484967f5,2024-08-20,2024,2024-08-01,2024.0,10.0,0.0,10.0,10.0,https://www.trip.com/hotels/las-vegas-hotel-detail-737263/the-venetian-resort-las-vegas/?pageSize=20,22,2026-06-07T16:23:08.088844+00:00
HVEGAS001,The Venetian Resort Las Vegas,Las Vegas,United States,tripcom,tripcom,,Trip.com,ce3e08dce5593a1f,2024-08-21,2024,2024-08-01,2024.0,8.2,0.0,10.0,8.2,https://www.trip.com/hotels/las-vegas-hotel-detail-737263/the-venetian-resort-las-vegas/?pageSize=20,21,2026-06-07T16:23:08.088844+00:00
HVEGAS001,The Venetian Resort Las Vegas,Las Vegas,United States,tripcom,tripcom,,Trip.com,33cf9b53ca57c5a2,2024-08-22,2024,2024-08-01,2024.0,9.5,0.0,10.0,9.5,https://www.trip.com/hotels/las-vegas-hotel-detail-737263/the-venetian-resort-las-vegas/?pageSize=20,6,2026-06-07T16:23:08.088844+00:00
HVEGAS001,The Venetian Resort Las Vegas,Las Vegas,United States,tripcom,tripcom,,Trip.com,e166c68f958f278f,2024-08-22,2024,2024-08-01,2024.0,10.0,0.0,10.0,10.0,https://www.trip.com/hotels/las-vegas-hotel-detail-737263/the-venetian-resort-las-vegas/?pageSize=20,11,2026-06-07T16:23:08.088844+00:00
HVEGAS001,The Venetian Resort Las Vegas,Las Vegas,United States,tripcom,tripcom,,Trip.com,0477630ac46b3737,2024-08-24,2024,2024-08-01,2024.0,10.0,0.0,10.0,10.0,https://www.trip.com/hotels/las-vegas-hotel-detail-737263/the-venetian-resort-las-vegas/?pageSize=20,19,2026-06-07T16:23:08.088844+00:00
HVEGAS001,The Venetian Resort Las Vegas,Las Vegas,United States,tripcom,tripcom,,Trip.com,94bcc22edcc8e01d,2024-08-27,2024,2024-08-01,2024.0,10.0,0.0,10.0,10.0,https://www.trip.com/hotels/las-vegas-hotel-detail-737263/the-venetian-resort-las-vegas/?pageSize=20,9,2026-06-07T16:23:08.088844+00:00
HVEGAS001,The Venetian Resort Las Vegas,Las Vegas,United States,tripcom,tripcom,,Trip.com,78cea582ed79d508,2024-08-31,2024,2024-08-01,2024.0,10.0,0.0,10.0,10.0,https://www.trip.com/hotels/las-vegas-hotel-detail-737263/the-venetian-resort-las-vegas/?pageSize=20,4,2026-06-07T16:23:08.088844+00:00
HVEGAS001,The Venetian Resort Las Vegas,Las Vegas,United States,tripcom,tripcom,,Trip.com,1dfd9efe7dc6b85c,2024-09-05,2024,2024-08-01,2024.0,8.0,0.0,10.0,8.0,https://www.trip.com/hotels/las-vegas-hotel-detail-737263/the-venetian-resort-las-vegas/?pageSize=20,4,2026-06-07T16:23:08.088844+00:00
HVEGAS001,The Venetian Resort Las Vegas,Las Vegas,United States,tripcom,tripcom,,Trip.com,3a75b2d92e0f225c,2024-09-05,2024,2024-09-01,2024.0,9.7,0.0,10.0,9.7,https://www.trip.com/hotels/las-vegas-hotel-detail-737263/the-venetian-resort-las-vegas/?pageSize=20,10,2026-06-07T16:23:08.088844+00:00
HVEGAS001,The Venetian Resort Las Vegas,Las Vegas,United States,tripcom,tripcom,,Trip.com,102cd2e6b1d02cd2,2024-09-06,2024,2024-08-01,2024.0,10.0,0.0,10.0,10.0,https://www.trip.com/hotels/las-vegas-hotel-detail-737263/the-venetian-resort-las-vegas/?pageSize=20,19,2026-06-07T16:23:08.088844+00:00
HVEGAS001,The Venetian Resort Las Vegas,Las Vegas,United States,tripcom,tripcom,,Trip.com,398a857e594f7b8a,2024-09-09,2024,2024-08-01,2024.0,10.0,0.0,10.0,10.0,https://www.trip.com/hotels/las-vegas-hotel-detail-737263/the-venetian-resort-las-vegas/?pageSize=20,9,2026-06-07T16:23:08.088844+00:00
HVEGAS001,The Venetian Resort Las Vegas,Las Vegas,United States,tripcom,tripcom,,Trip.com,596b92d27e366a43,2024-09-13,2024,2024-08-01,2024.0,9.0,0.0,10.0,9.0,https://www.trip.com/hotels/las-vegas-hotel-detail-737263/the-venetian-resort-las-vegas/?pageSize=20,7,2026-06-07T16:23:08.088844+00:00
HVEGAS001,The Venetian Resort Las Vegas,Las Vegas,United States,tripcom,tripcom,,Trip.com,b4a39f420f698139,2024-09-14,2024,2024-09-01,2024.0,10.0,0.0,10.0,10.0,https://www.trip.com/hotels/las-vegas-hotel-detail-737263/the-venetian-resort-las-vegas/?pageSize=20,9,2026-06-07T16:23:08.088844+00:00
HVEGAS001,The Venetian Resort Las Vegas,Las Vegas,United States,tripcom,tripcom,,Trip.com,f5e3253569d8dae1,2024-09-15,2024,2024-07-01,2024.0,9.0,0.0,10.0,9.0,https://www.trip.com/hotels/las-vegas-hotel-detail-737263/the-venetian-resort-las-vegas/?pageSize=20,19,2026-06-07T16:23:08.088844+00:00
HVEGAS001,The Venetian Resort Las Vegas,Las Vegas,United States,tripcom,tripcom,,Trip.com,db67b78b8c7df9bc,2024-09-18,2024,2024-07-01,2024.0,10.0,0.0,10.0,10.0,https://www.trip.com/hotels/las-vegas-hotel-detail-737263/the-venetian-resort-las-vegas/?pageSize=20,22,2026-06-07T16:23:08.088844+00:00
HVEGAS001,The Venetian Resort Las Vegas,Las Vegas,United States,tripcom,tripcom,,Trip.com,9fece420e1fe090c,2024-09-20,2024,2024-09-01,2024.0,10.0,0.0,10.0,10.0,https://www.trip.com/hotels/las-vegas-hotel-detail-737263/the-venetian-resort-las-vegas/?pageSize=20,18,2026-06-07T16:23:08.088844+00:00
HVEGAS001,The Venetian Resort Las Vegas,Las Vegas,United States,tripcom,tripcom,,Trip.com,41ffecce4b43c437,2024-09-20,2024,2024-07-01,2024.0,9.7,0.0,10.0,9.7,https://www.trip.com/hotels/las-vegas-hotel-detail-737263/the-venetian-resort-las-vegas/?pageSize=20,18,2026-06-07T16:23:08.088844+00:00
HVEGAS001,The Venetian Resort Las Vegas,Las Vegas,United States,tripcom,tripcom,,Trip.com,514b4cd926b77a2b,2024-09-24,2024,2024-09-01,2024.0,10.0,0.0,10.0,10.0,https://www.trip.com/hotels/las-vegas-hotel-detail-737263/the-venetian-resort-las-vegas/?pageSize=20,5,2026-06-07T16:23:08.088844+00:00
HVEGAS001,The Venetian Resort Las Vegas,Las Vegas,United States,tripcom,tripcom,,Trip.com,a753f979fc70eeca,2024-09-24,2024,2024-09-01,2024.0,10.0,0.0,10.0,10.0,https://www.trip.com/hotels/las-vegas-hotel-detail-737263/the-venetian-resort-las-vegas/?pageSize=20,22,2026-06-07T16:23:08.088844+00:00
HVEGAS001,The Venetian Resort Las Vegas,Las Vegas,United States,tripcom,tripcom,,Trip.com,3c949ec7ed8bf6e0,2024-09-26,2024,2024-08-01,2024.0,10.0,0.0,10.0,10.0,https://www.trip.com/hotels/las-vegas-hotel-detail-737263/the-venetian-resort-las-vegas/?pageSize=20,22,2026-06-07T16:23:08.088844+00:00
HVEGAS001,The Venetian Resort Las Vegas,Las Vegas,United States,tripcom,tripcom,,Trip.com,8f981cde367a2f1b,2024-09-29,2024,2024-09-01,2024.0,9.0,0.0,10.0,9.0,https://www.trip.com/hotels/las-vegas-hotel-detail-737263/the-venetian-resort-las-vegas/?pageSize=20,6,2026-06-07T16:23:08.088844+00:00
HVEGAS001,The Venetian Resort Las Vegas,Las Vegas,United States,tripcom,tripcom,,Trip.com,c1820cd6ee076248,2024-10-03,2024,2024-09-01,2024.0,6.7,0.0,10.0,6.7,https://www.trip.com/hotels/las-vegas-hotel-detail-737263/the-venetian-resort-las-vegas/?pageSize=20,12,2026-06-07T16:23:08.088844+00:00
HVEGAS001,The Venetian Resort Las Vegas,Las Vegas,United States,tripcom,tripcom,,Trip.com,e858ddd518b4b1c0,2024-10-08,2024,2024-10-01,2024.0,10.0,0.0,10.0,10.0,https://www.trip.com/hotels/las-vegas-hotel-detail-737263/the-venetian-resort-las-vegas/?pageSize=20,5,2026-06-07T16:23:08.088844+00:00
HVEGAS001,The Venetian Resort Las Vegas,Las Vegas,United States,tripcom,tripcom,,Trip.com,68765dba7af67ffd,2024-10-08,2024,2024-10-01,2024.0,10.0,0.0,10.0,10.0,https://www.trip.com/hotels/las-vegas-hotel-detail-737263/the-venetian-resort-las-vegas/?pageSize=20,19,2026-06-07T16:23:08.088844+00:00
HVEGAS001,The Venetian Resort Las Vegas,Las Vegas,United States,tripcom,tripcom,,Trip.com,9234b202b576b778,2024-10-08,2024,2024-07-01,2024.0,10.0,0.0,10.0,10.0,https://www.trip.com/hotels/las-vegas-hotel-detail-737263/the-venetian-resort-las-vegas/?pageSize=20,23,2026-06-07T16:23:08.088844+00:00
HVEGAS001,The Venetian Resort Las Vegas,Las Vegas,United States,tripcom,tripcom,,Trip.com,495cd3e38c63ff36,2024-10-10,2024,2024-09-01,2024.0,10.0,0.0,10.0,10.0,https://www.trip.com/hotels/las-vegas-hotel-detail-737263/the-venetian-resort-las-vegas/?pageSize=20,23,2026-06-07T16:23:08.088844+00:00
HVEGAS001,The Venetian Resort Las Vegas,Las Vegas,United States,tripcom,tripcom,,Trip.com,ffd6b488433251f5,2024-10-12,2024,2024-10-01,2024.0,9.0,0.0,10.0,9.0,https://www.trip.com/hotels/las-vegas-hotel-detail-737263/the-venetian-resort-las-vegas/?pageSize=20,8,2026-06-07T16:23:08.088844+00:00
HVEGAS001,The Venetian Resort Las Vegas,Las Vegas,United States,tripcom,tripcom,,Trip.com,d96ae291e75a711e,2024-10-13,2024,2024-10-01,2024.0,10.0,0.0,10.0,10.0,https://www.trip.com/hotels/las-vegas-hotel-detail-737263/the-venetian-resort-las-vegas/?pageSize=20,8,2026-06-07T16:23:08.088844+00:00
HVEGAS001,The Venetian Resort Las Vegas,Las Vegas,United States,tripcom,tripcom,,Trip.com,0cc48bf67c3b067e,2024-10-23,2024,2024-10-01,2024.0,9.7,0.0,10.0,9.7,https://www.trip.com/hotels/las-vegas-hotel-detail-737263/the-venetian-resort-las-vegas/?pageSize=20,8,2026-06-07T16:23:08.088844+00:00
HVEGAS001,The Venetian Resort Las Vegas,Las Vegas,United States,tripcom,tripcom,,Trip.com,e3183ad6254f8947,2024-10-26,2024,2024-10-01,2024.0,10.0,0.0,10.0,10.0,https://www.trip.com/hotels/las-vegas-hotel-detail-737263/the-venetian-resort-las-vegas/?pageSize=20,9,2026-06-07T16:23:08.088844+00:00
HVEGAS001,The Venetian Resort Las Vegas,Las Vegas,United States,tripcom,tripcom,,Trip.com,e0f1d3bae5d9595b,2024-11-03,2024,2024-08-01,2024.0,9.5,0.0,10.0,9.5,https://www.trip.com/hotels/las-vegas-hotel-detail-737263/the-venetian-resort-las-vegas/?pageSize=20,21,2026-06-07T16:23:08.088844+00:00
HVEGAS001,The Venetian Resort Las Vegas,Las Vegas,United States,tripcom,tripcom,,Trip.com,b85d49e4b89c6834,2024-11-04,2024,2024-09-01,2024.0,10.0,0.0,10.0,10.0,https://www.trip.com/hotels/las-vegas-hotel-detail-737263/the-venetian-resort-las-vegas/?pageSize=20,21,2026-06-07T16:23:08.088844+00:00
HVEGAS001,The Venetian Resort Las Vegas,Las Vegas,United States,tripcom,tripcom,,Trip.com,e4cb641aa64492b7,2024-11-08,2024,2024-08-01,2024.0,10.0,0.0,10.0,10.0,https://www.trip.com/hotels/las-vegas-hotel-detail-737263/the-venetian-resort-las-vegas/?pageSize=20,4,2026-06-07T16:23:08.088844+00:00
HVEGAS001,The Venetian Resort Las Vegas,Las Vegas,United States,tripcom,tripcom,,Trip.com,a5d7221b09d7856e,2024-11-11,2024,2024-11-01,2024.0,10.0,0.0,10.0,10.0,https://www.trip.com/hotels/las-vegas-hotel-detail-737263/the-venetian-resort-las-vegas/?pageSize=20,22,2026-06-07T16:23:08.088844+00:00
HVEGAS001,The Venetian Resort Las Vegas,Las Vegas,United States,tripcom,tripcom,,Trip.com,2f3381309b9dcb6d,2024-11-16,2024,2024-11-01,2024.0,10.0,0.0,10.0,10.0,https://www.trip.com/hotels/las-vegas-hotel-detail-737263/the-venetian-resort-las-vegas/?pageSize=20,22,2026-06-07T16:23:08.088844+00:00
HVEGAS001,The Venetian Resort Las Vegas,Las Vegas,United States,tripcom,tripcom,,Trip.com,c8efcf28893aa107,2024-11-16,2024,2024-11-01,2024.0,10.0,0.0,10.0,10.0,https://www.trip.com/hotels/las-vegas-hotel-detail-737263/the-venetian-resort-las-vegas/?pageSize=20,26,2026-06-07T16:23:08.088844+00:00
HVEGAS001,The Venetian Resort Las Vegas,Las Vegas,United States,tripcom,tripcom,,Trip.com,96ff280580d467de,2024-11-19,2024,2024-09-01,2024.0,10.0,0.0,10.0,10.0,https://www.trip.com/hotels/las-vegas-hotel-detail-737263/the-venetian-resort-las-vegas/?pageSize=20,21,2026-06-07T16:23:08.088844+00:00
HVEGAS001,The Venetian Resort Las Vegas,Las Vegas,United States,tripcom,tripcom,,Trip.com,e405a396691931d6,2024-11-19,2024,2024-11-01,2024.0,10.0,0.0,10.0,10.0,https://www.trip.com/hotels/las-vegas-hotel-detail-737263/the-venetian-resort-las-vegas/?pageSize=20,25,2026-06-07T16:23:08.088844+00:00
HVEGAS001,The Venetian Resort Las Vegas,Las Vegas,United States,tripcom,tripcom,,Trip.com,964ac4527e9fff9f,2024-11-28,2024,2024-11-01,2024.0,10.0,0.0,10.0,10.0,https://www.trip.com/hotels/las-vegas-hotel-detail-737263/the-venetian-resort-las-vegas/?pageSize=20,20,2026-06-07T16:23:08.088844+00:00
HVEGAS001,The Venetian Resort Las Vegas,Las Vegas,United States,tripcom,tripcom,,Trip.com,968b9cd8b7fbdb18,2024-12-02,2024,2024-09-01,2024.0,10.0,0.0,10.0,10.0,https://www.trip.com/hotels/las-vegas-hotel-detail-737263/the-venetian-resort-las-vegas/?pageSize=20,21,2026-06-07T16:23:08.088844+00:00
HVEGAS001,The Venetian Resort Las Vegas,Las Vegas,United States,tripcom,tripcom,,Trip.com,c93e20b0ae378e07,2024-12-03,2024,2024-09-01,2024.0,10.0,0.0,10.0,10.0,https://www.trip.com/hotels/las-vegas-hotel-detail-737263/the-venetian-resort-las-vegas/?pageSize=20,20,2026-06-07T16:23:08.088844+00:00
HVEGAS001,The Venetian Resort Las Vegas,Las Vegas,United States,tripcom,tripcom,,Trip.com,02afbd4a05fbf381,2024-12-09,2024,2024-10-01,2024.0,10.0,0.0,10.0,10.0,https://www.trip.com/hotels/las-vegas-hotel-detail-737263/the-venetian-resort-las-vegas/?pageSize=20,21,2026-06-07T16:23:08.088844+00:00
HVEGAS001,The Venetian Resort Las Vegas,Las Vegas,United States,tripcom,tripcom,,Trip.com,3e4f6e655a5c18df,2024-12-13,2024,2024-12-01,2024.0,10.0,0.0,10.0,10.0,https://www.trip.com/hotels/las-vegas-hotel-detail-737263/the-venetian-resort-las-vegas/?pageSize=20,4,2026-06-07T16:23:08.088844+00:00
HVEGAS001,The Venetian Resort Las Vegas,Las Vegas,United States,tripcom,tripcom,,Trip.com,9e63e08123e2ae31,2024-12-21,2024,2024-10-01,2024.0,8.0,0.0,10.0,8.0,https://www.trip.com/hotels/las-vegas-hotel-detail-737263/the-venetian-resort-las-vegas/?pageSize=20,14,2026-06-07T16:23:08.088844+00:00
HVEGAS001,The Venetian Resort Las Vegas,Las Vegas,United States,tripcom,tripcom,,Trip.com,06f986e290ad39c7,2024-12-22,2024,2024-12-01,2024.0,6.0,0.0,10.0,6.0,https://www.trip.com/hotels/las-vegas-hotel-detail-737263/the-venetian-resort-las-vegas/?pageSize=20,8,2026-06-07T16:23:08.088844+00:00
HVEGAS001,The Venetian Resort Las Vegas,Las Vegas,United States,tripcom,tripcom,,Trip.com,c090447df65215e6,2024-12-22,2024,2024-12-01,2024.0,10.0,0.0,10.0,10.0,https://www.trip.com/hotels/las-vegas-hotel-detail-737263/the-venetian-resort-las-vegas/?pageSize=20,19,2026-06-07T16:23:08.088844+00:00
HVEGAS001,The Venetian Resort Las Vegas,Las Vegas,United States,tripcom,tripcom,,Trip.com,ac21d17a71fa732a,2024-12-23,2024,2024-12-01,2024.0,10.0,0.0,10.0,10.0,https://www.trip.com/hotels/las-vegas-hotel-detail-737263/the-venetian-resort-las-vegas/?pageSize=20,10,2026-06-07T16:23:08.088844+00:00
HVEGAS001,The Venetian Resort Las Vegas,Las Vegas,United States,tripcom,tripcom,,Trip.com,cf831663295abed0,2024-12-24,2024,2024-12-01,2024.0,10.0,0.0,10.0,10.0,https://www.trip.com/hotels/las-vegas-hotel-detail-737263/the-venetian-resort-las-vegas/?pageSize=20,8,2026-06-07T16:23:08.088844+00:00
HVEGAS001,The Venetian Resort Las Vegas,Las Vegas,United States,tripcom,tripcom,,Trip.com,63299212faf79f46,2024-12-27,2024,2024-12-01,2024.0,10.0,0.0,10.0,10.0,https://www.trip.com/hotels/las-vegas-hotel-detail-737263/the-venetian-resort-las-vegas/?pageSize=20,8,2026-06-07T16:23:08.088844+00:00
HVEGAS001,The Venetian Resort Las Vegas,Las Vegas,United States,tripcom,tripcom,,Trip.com,5d80c044b52477df,2024-12-28,2024,2024-12-01,2024.0,7.0,0.0,10.0,7.0,https://www.trip.com/hotels/las-vegas-hotel-detail-737263/the-venetian-resort-las-vegas/?pageSize=20,8,2026-06-07T16:23:08.088844+00:00
HVEGAS001,The Venetian Resort Las Vegas,Las Vegas,United States,tripcom,tripcom,,Trip.com,e1450f2caec335a8,2024-12-29,2024,2024-11-01,2024.0,8.5,0.0,10.0,8.5,https://www.trip.com/hotels/las-vegas-hotel-detail-737263/the-venetian-resort-las-vegas/?pageSize=20,14,2026-06-07T16:23:08.088844+00:00
HVEGAS001,The Venetian Resort Las Vegas,Las Vegas,United States,tripcom,tripcom,,Trip.com,9f09c7c254953617,2025-01-04,2025,2024-12-01,2024.0,10.0,0.0,10.0,10.0,https://www.trip.com/hotels/las-vegas-hotel-detail-737263/the-venetian-resort-las-vegas/?pageSize=20,5,2026-06-07T16:23:08.088844+00:00
HVEGAS001,The Venetian Resort Las Vegas,Las Vegas,United States,tripcom,tripcom,,Trip.com,c3b2b261d19b0691,2025-01-08,2025,2025-01-01,2025.0,7.0,0.0,10.0,7.0,https://www.trip.com/hotels/las-vegas-hotel-detail-737263/the-venetian-resort-las-vegas/?pageSize=20,10,2026-06-07T16:23:08.088844+00:00
HVEGAS001,The Venetian Resort Las Vegas,Las Vegas,United States,tripcom,tripcom,,Trip.com,e5bb40f2ecbadd02,2025-01-08,2025,2025-01-01,2025.0,3.5,0.0,10.0,3.5,https://www.trip.com/hotels/las-vegas-hotel-detail-737263/the-venetian-resort-las-vegas/?pageSize=20,11,2026-06-07T16:23:08.088844+00:00
HVEGAS001,The Venetian Resort Las Vegas,Las Vegas,United States,tripcom,tripcom,,Trip.com,e7555ec0d2df4c99,2025-01-10,2025,2025-01-01,2025.0,10.0,0.0,10.0,10.0,https://www.trip.com/hotels/las-vegas-hotel-detail-737263/the-venetian-resort-las-vegas/?pageSize=20,23,2026-06-07T16:23:08.088844+00:00
HVEGAS001,The Venetian Resort Las Vegas,Las Vegas,United States,tripcom,tripcom,,Trip.com,8688f4aa8ec6fe6c,2025-01-13,2025,2025-01-01,2025.0,10.0,0.0,10.0,10.0,https://www.trip.com/hotels/las-vegas-hotel-detail-737263/the-venetian-resort-las-vegas/?pageSize=20,20,2026-06-07T16:23:08.088844+00:00
HVEGAS001,The Venetian Resort Las Vegas,Las Vegas,United States,tripcom,tripcom,,Trip.com,d4345db1f71e6b73,2025-01-13,2025,2025-01-01,2025.0,9.0,0.0,10.0,9.0,https://www.trip.com/hotels/las-vegas-hotel-detail-737263/the-venetian-resort-las-vegas/?pageSize=20,25,2026-06-07T16:23:08.088844+00:00
HVEGAS001,The Venetian Resort Las Vegas,Las Vegas,United States,tripcom,tripcom,,Trip.com,b6445b20f1b73b3e,2025-01-14,2025,2025-01-01,2025.0,10.0,0.0,10.0,10.0,https://www.trip.com/hotels/las-vegas-hotel-detail-737263/the-venetian-resort-las-vegas/?pageSize=20,12,2026-06-07T16:23:08.088844+00:00
HVEGAS001,The Venetian Resort Las Vegas,Las Vegas,United States,tripcom,tripcom,,Trip.com,658c140517a8efb3,2025-01-18,2025,2025-01-01,2025.0,4.5,0.0,10.0,4.5,https://www.trip.com/hotels/las-vegas-hotel-detail-737263/the-venetian-resort-las-vegas/?pageSize=20,10,2026-06-07T16:23:08.088844+00:00
HVEGAS001,The Venetian Resort Las Vegas,Las Vegas,United States,tripcom,tripcom,,Trip.com,655178d908eedc32,2025-01-21,2025,2024-12-01,2024.0,10.0,0.0,10.0,10.0,https://www.trip.com/hotels/las-vegas-hotel-detail-737263/the-venetian-resort-las-vegas/?pageSize=20,21,2026-06-07T16:23:08.088844+00:00
HVEGAS001,The Venetian Resort Las Vegas,Las Vegas,United States,tripcom,tripcom,,Trip.com,5a1b553bb3931b98,2025-01-31,2025,2025-01-01,2025.0,9.0,0.0,10.0,9.0,https://www.trip.com/hotels/las-vegas-hotel-detail-737263/the-venetian-resort-las-vegas/?pageSize=20,9,2026-06-07T16:23:08.088844+00:00
HVEGAS001,The Venetian Resort Las Vegas,Las Vegas,United States,tripcom,tripcom,,Trip.com,e1094cd148edd819,2025-02-01,2025,2025-01-01,2025.0,10.0,0.0,10.0,10.0,https://www.trip.com/hotels/las-vegas-hotel-detail-737263/the-venetian-resort-las-vegas/?pageSize=20,4,2026-06-07T16:23:08.088844+00:00
HVEGAS001,The Venetian Resort Las Vegas,Las Vegas,United States,tripcom,tripcom,,Trip.com,198a049b0c516f04,2025-02-01,2025,2025-01-01,2025.0,4.5,0.0,10.0,4.5,https://www.trip.com/hotels/las-vegas-hotel-detail-737263/the-venetian-resort-las-vegas/?pageSize=20,9,2026-06-07T16:23:08.088844+00:00
HVEGAS001,The Venetian Resort Las Vegas,Las Vegas,United States,tripcom,tripcom,,Trip.com,2ac125ae2205e71f,2025-02-02,2025,2025-01-01,2025.0,10.0,0.0,10.0,10.0,https://www.trip.com/hotels/las-vegas-hotel-detail-737263/the-venetian-resort-las-vegas/?pageSize=20,6,2026-06-07T16:23:08.088844+00:00
HVEGAS001,The Venetian Resort Las Vegas,Las Vegas,United States,tripcom,tripcom,,Trip.com,f0d7ffde02fde1f5,2025-02-02,2025,2025-01-01,2025.0,2.0,0.0,10.0,2.0,https://www.trip.com/hotels/las-vegas-hotel-detail-737263/the-venetian-resort-las-vegas/?pageSize=20,7,2026-06-07T16:23:08.088844+00:00
HVEGAS001,The Venetian Resort Las Vegas,Las Vegas,United States,tripcom,tripcom,,Trip.com,07a2e0a086f05c05,2025-02-03,2025,2025-01-01,2025.0,8.5,0.0,10.0,8.5,https://www.trip.com/hotels/las-vegas-hotel-detail-737263/the-venetian-resort-las-vegas/?pageSize=20,9,2026-06-07T16:23:08.088844+00:00
HVEGAS001,The Venetian Resort Las Vegas,Las Vegas,United States,tripcom,tripcom,,Trip.com,52428585b627a728,2025-02-05,2025,2025-01-01,2025.0,5.0,0.0,10.0,5.0,https://www.trip.com/hotels/las-vegas-hotel-detail-737263/the-venetian-resort-las-vegas/?pageSize=20,9,2026-06-07T16:23:08.088844+00:00
HVEGAS001,The Venetian Resort Las Vegas,Las Vegas,United States,tripcom,tripcom,,Trip.com,dbcb5eb7a721a9a5,2025-02-05,2025,2025-01-01,2025.0,2.0,0.0,10.0,2.0,https://www.trip.com/hotels/las-vegas-hotel-detail-737263/the-venetian-resort-las-vegas/?pageSize=20,14,2026-06-07T16:23:08.088844+00:00
HVEGAS001,The Venetian Resort Las Vegas,Las Vegas,United States,tripcom,tripcom,,Trip.com,71c2a394aca2ee01,2025-02-05,2025,2025-02-01,2025.0,10.0,0.0,10.0,10.0,https://www.trip.com/hotels/las-vegas-hotel-detail-737263/the-venetian-resort-las-vegas/?pageSize=20,21,2026-06-07T16:23:08.088844+00:00
HVEGAS001,The Venetian Resort Las Vegas,Las Vegas,United States,tripcom,tripcom,,Trip.com,2264e1981a454bc8,2025-02-06,2025,2025-01-01,2025.0,8.0,0.0,10.0,8.0,https://www.trip.com/hotels/las-vegas-hotel-detail-737263/the-venetian-resort-las-vegas/?pageSize=20,26,2026-06-07T16:23:08.088844+00:00
HVEGAS001,The Venetian Resort Las Vegas,Las Vegas,United States,tripcom,tripcom,,Trip.com,e4b1dd60ae6f3bae,2025-02-07,2025,2025-01-01,2025.0,7.0,0.0,10.0,7.0,https://www.trip.com/hotels/las-vegas-hotel-detail-737263/the-venetian-resort-las-vegas/?pageSize=20,10,2026-06-07T16:23:08.088844+00:00
HVEGAS001,The Venetian Resort Las Vegas,Las Vegas,United States,tripcom,tripcom,,Trip.com,53adb370858d223a,2025-02-08,2025,2025-02-01,2025.0,10.0,0.0,10.0,10.0,https://www.trip.com/hotels/las-vegas-hotel-detail-737263/the-venetian-resort-las-vegas/?pageSize=20,10,2026-06-07T16:23:08.088844+00:00
HVEGAS001,The Venetian Resort Las Vegas,Las Vegas,United States,tripcom,tripcom,,Trip.com,dcd1c2bd7de450d0,2025-02-12,2025,2025-02-01,2025.0,5.0,0.0,10.0,5.0,https://www.trip.com/hotels/las-vegas-hotel-detail-737263/the-venetian-resort-las-vegas/?pageSize=20,8,2026-06-07T16:23:08.088844+00:00
HVEGAS001,The Venetian Resort Las Vegas,Las Vegas,United States,tripcom,tripcom,,Trip.com,1779139048d3fd89,2025-02-16,2025,2025-02-01,2025.0,10.0,0.0,10.0,10.0,https://www.trip.com/hotels/las-vegas-hotel-detail-737263/the-venetian-resort-las-vegas/?pageSize=20,13,2026-06-07T16:23:08.088844+00:00
HVEGAS001,The Venetian Resort Las Vegas,Las Vegas,United States,tripcom,tripcom,,Trip.com,75180b44db1ec01e,2025-02-16,2025,2025-01-01,2025.0,10.0,0.0,10.0,10.0,https://www.trip.com/hotels/las-vegas-hotel-detail-737263/the-venetian-resort-las-vegas/?pageSize=20,14,2026-06-07T16:23:08.088844+00:00
HVEGAS001,The Venetian Resort Las Vegas,Las Vegas,United States,tripcom,tripcom,,Trip.com,df25f83724f1b3ed,2025-02-23,2025,2025-02-01,2025.0,8.0,0.0,10.0,8.0,https://www.trip.com/hotels/las-vegas-hotel-detail-737263/the-venetian-resort-las-vegas/?pageSize=20,15,2026-06-07T16:23:08.088844+00:00
HVEGAS001,The Venetian Resort Las Vegas,Las Vegas,United States,tripcom,tripcom,,Trip.com,82e31d111db255fa,2025-03-01,2025,2025-02-01,2025.0,10.0,0.0,10.0,10.0,https://www.trip.com/hotels/las-vegas-hotel-detail-737263/the-venetian-resort-las-vegas/?pageSize=20,9,2026-06-07T16:23:08.088844+00:00
HVEGAS001,The Venetian Resort Las Vegas,Las Vegas,United States,tripcom,tripcom,,Trip.com,e834c27ddb7a810a,2025-03-04,2025,2025-02-01,2025.0,8.5,0.0,10.0,8.5,https://www.trip.com/hotels/las-vegas-hotel-detail-737263/the-venetian-resort-las-vegas/?pageSize=20,4,2026-06-07T16:23:08.088844+00:00
HVEGAS001,The Venetian Resort Las Vegas,Las Vegas,United States,tripcom,tripcom,,Trip.com,4581feebd1cc5d30,2025-03-06,2025,2024-12-01,2024.0,9.5,0.0,10.0,9.5,https://www.trip.com/hotels/las-vegas-hotel-detail-737263/the-venetian-resort-las-vegas/?pageSize=20,5,2026-06-07T16:23:08.088844+00:00
HVEGAS001,The Venetian Resort Las Vegas,Las Vegas,United States,tripcom,tripcom,,Trip.com,d139661afe3b9fea,2025-03-08,2025,2024-12-01,2024.0,10.0,0.0,10.0,10.0,https://www.trip.com/hotels/las-vegas-hotel-detail-737263/the-venetian-resort-las-vegas/?pageSize=20,10,2026-06-07T16:23:08.088844+00:00
HVEGAS001,The Venetian Resort Las Vegas,Las Vegas,United States,tripcom,tripcom,,Trip.com,cfa3da6ba6d24c42,2025-03-09,2025,2024-12-01,2024.0,10.0,0.0,10.0,10.0,https://www.trip.com/hotels/las-vegas-hotel-detail-737263/the-venetian-resort-las-vegas/?pageSize=20,21,2026-06-07T16:23:08.088844+00:00
HVEGAS001,The Venetian Resort Las Vegas,Las Vegas,United States,tripcom,tripcom,,Trip.com,3f770a8d445d541d,2025-03-11,2025,2025-01-01,2025.0,4.0,0.0,10.0,4.0,https://www.trip.com/hotels/las-vegas-hotel-detail-737263/the-venetian-resort-las-vegas/?pageSize=20,9,2026-06-07T16:23:08.088844+00:00
HVEGAS001,The Venetian Resort Las Vegas,Las Vegas,United States,tripcom,tripcom,,Trip.com,92e5b628db1bcd8c,2025-03-12,2025,2025-02-01,2025.0,9.5,0.0,10.0,9.5,https://www.trip.com/hotels/las-vegas-hotel-detail-737263/the-venetian-resort-las-vegas/?pageSize=20,3,2026-06-07T16:23:08.088844+00:00
HVEGAS001,The Venetian Resort Las Vegas,Las Vegas,United States,tripcom,tripcom,,Trip.com,f1940cfc3f78214e,2025-03-12,2025,2025-01-01,2025.0,6.2,0.0,10.0,6.2,https://www.trip.com/hotels/las-vegas-hotel-detail-737263/the-venetian-resort-las-vegas/?pageSize=20,12,2026-06-07T16:23:08.088844+00:00
HVEGAS001,The Venetian Resort Las Vegas,Las Vegas,United States,tripcom,tripcom,,Trip.com,b39f1e2d42c8f107,2025-03-15,2025,2025-02-01,2025.0,10.0,0.0,10.0,10.0,https://www.trip.com/hotels/las-vegas-hotel-detail-737263/the-venetian-resort-las-vegas/?pageSize=20,17,2026-06-07T16:23:08.088844+00:00
HVEGAS001,The Venetian Resort Las Vegas,Las Vegas,United States,tripcom,tripcom,,Trip.com,21be293409fbfc2c,2025-03-30,2025,2025-01-01,2025.0,10.0,0.0,10.0,10.0,https://www.trip.com/hotels/las-vegas-hotel-detail-737263/the-venetian-resort-las-vegas/?pageSize=20,20,2026-06-07T16:23:08.088844+00:00
HVEGAS001,The Venetian Resort Las Vegas,Las Vegas,United States,tripcom,tripcom,,Trip.com,5a251809894b24d7,2025-04-02,2025,2025-03-01,2025.0,10.0,0.0,10.0,10.0,https://www.trip.com/hotels/las-vegas-hotel-detail-737263/the-venetian-resort-las-vegas/?pageSize=20,4,2026-06-07T16:23:08.088844+00:00
HVEGAS001,The Venetian Resort Las Vegas,Las Vegas,United States,tripcom,tripcom,,Trip.com,568197f410ff6731,2025-04-03,2025,2025-01-01,2025.0,8.5,0.0,10.0,8.5,https://www.trip.com/hotels/las-vegas-hotel-detail-737263/the-venetian-resort-las-vegas/?pageSize=20,10,2026-06-07T16:23:08.088844+00:00
HVEGAS001,The Venetian Resort Las Vegas,Las Vegas,United States,tripcom,tripcom,,Trip.com,135e4fa86565a07f,2025-04-04,2025,2025-01-01,2025.0,5.5,0.0,10.0,5.5,https://www.trip.com/hotels/las-vegas-hotel-detail-737263/the-venetian-resort-las-vegas/?pageSize=20,9,2026-06-07T16:23:08.088844+00:00
HVEGAS001,The Venetian Resort Las Vegas,Las Vegas,United States,tripcom,tripcom,,Trip.com,fbbc669497442189,2025-04-06,2025,2025-02-01,2025.0,10.0,0.0,10.0,10.0,https://www.trip.com/hotels/las-vegas-hotel-detail-737263/the-venetian-resort-las-vegas/?pageSize=20,9,2026-06-07T16:23:08.088844+00:00
HVEGAS001,The Venetian Resort Las Vegas,Las Vegas,United States,tripcom,tripcom,,Trip.com,fcdd6e6ff9460174,2025-04-07,2025,2025-02-01,2025.0,10.0,0.0,10.0,10.0,https://www.trip.com/hotels/las-vegas-hotel-detail-737263/the-venetian-resort-las-vegas/?pageSize=20,25,2026-06-07T16:23:08.088844+00:00
HVEGAS001,The Venetian Resort Las Vegas,Las Vegas,United States,tripcom,tripcom,,Trip.com,ca09fdd7e49cc475,2025-04-08,2025,2025-01-01,2025.0,8.0,0.0,10.0,8.0,https://www.trip.com/hotels/las-vegas-hotel-detail-737263/the-venetian-resort-las-vegas/?pageSize=20,8,2026-06-07T16:23:08.088844+00:00
HVEGAS001,The Venetian Resort Las Vegas,Las Vegas,United States,tripcom,tripcom,,Trip.com,a7e122e611ab4619,2025-04-10,2025,2025-04-01,2025.0,10.0,0.0,10.0,10.0,https://www.trip.com/hotels/las-vegas-hotel-detail-737263/the-venetian-resort-las-vegas/?pageSize=20,19,2026-06-07T16:23:08.088844+00:00
HVEGAS001,The Venetian Resort Las Vegas,Las Vegas,United States,tripcom,tripcom,,Trip.com,19aa588041bf2b0e,2025-04-14,2025,2025-02-01,2025.0,9.5,0.0,10.0,9.5,https://www.trip.com/hotels/las-vegas-hotel-detail-737263/the-venetian-resort-las-vegas/?pageSize=20,4,2026-06-07T16:23:08.088844+00:00
HVEGAS001,The Venetian Resort Las Vegas,Las Vegas,United States,tripcom,tripcom,,Trip.com,f2c72ea0c6df577a,2025-05-02,2025,2025-04-01,2025.0,9.5,0.0,10.0,9.5,https://www.trip.com/hotels/las-vegas-hotel-detail-737263/the-venetian-resort-las-vegas/?pageSize=20,4,2026-06-07T16:23:08.088844+00:00
HVEGAS001,The Venetian Resort Las Vegas,Las Vegas,United States,tripcom,tripcom,,Trip.com,4a30faffa94d3b29,2025-05-02,2025,2025-04-01,2025.0,6.5,0.0,10.0,6.5,https://www.trip.com/hotels/las-vegas-hotel-detail-737263/the-venetian-resort-las-vegas/?pageSize=20,8,2026-06-07T16:23:08.088844+00:00
HVEGAS001,The Venetian Resort Las Vegas,Las Vegas,United States,tripcom,tripcom,,Trip.com,454c9be81e29a5c9,2025-05-05,2025,2025-05-01,2025.0,10.0,0.0,10.0,10.0,https://www.trip.com/hotels/las-vegas-hotel-detail-737263/the-venetian-resort-las-vegas/?pageSize=20,7,2026-06-07T16:23:08.088844+00:00
HVEGAS001,The Venetian Resort Las Vegas,Las Vegas,United States,tripcom,tripcom,,Trip.com,0136c8a6b29f289d,2025-05-09,2025,2025-05-01,2025.0,9.0,0.0,10.0,9.0,https://www.trip.com/hotels/las-vegas-hotel-detail-737263/the-venetian-resort-las-vegas/?pageSize=20,17,2026-06-07T16:23:08.088844+00:00
HVEGAS001,The Venetian Resort Las Vegas,Las Vegas,United States,tripcom,tripcom,,Trip.com,fa233c4f9ca99791,2025-05-12,2025,2025-04-01,2025.0,9.0,0.0,10.0,9.0,https://www.trip.com/hotels/las-vegas-hotel-detail-737263/the-venetian-resort-las-vegas/?pageSize=20,8,2026-06-07T16:23:08.088844+00:00
HVEGAS001,The Venetian Resort Las Vegas,Las Vegas,United States,tripcom,tripcom,,Trip.com,e209d18a0c3bf0b9,2025-05-12,2025,2025-04-01,2025.0,10.0,0.0,10.0,10.0,https://www.trip.com/hotels/las-vegas-hotel-detail-737263/the-venetian-resort-las-vegas/?pageSize=20,22,2026-06-07T16:23:08.088844+00:00
HVEGAS001,The Venetian Resort Las Vegas,Las Vegas,United States,tripcom,tripcom,,Trip.com,6ef68e870d18f852,2025-05-12,2025,2025-04-01,2025.0,8.0,0.0,10.0,8.0,https://www.trip.com/hotels/las-vegas-hotel-detail-737263/the-venetian-resort-las-vegas/?pageSize=20,23,2026-06-07T16:23:08.088844+00:00
HVEGAS001,The Venetian Resort Las Vegas,Las Vegas,United States,tripcom,tripcom,,Trip.com,763b2a8a75e23db4,2025-05-14,2025,2025-05-01,2025.0,10.0,0.0,10.0,10.0,https://www.trip.com/hotels/las-vegas-hotel-detail-737263/the-venetian-resort-las-vegas/?pageSize=20,20,2026-06-07T16:23:08.088844+00:00
HVEGAS001,The Venetian Resort Las Vegas,Las Vegas,United States,tripcom,tripcom,,Trip.com,6c04d1926b2529f9,2025-05-18,2025,2025-05-01,2025.0,8.2,0.0,10.0,8.2,https://www.trip.com/hotels/las-vegas-hotel-detail-737263/the-venetian-resort-las-vegas/?pageSize=20,8,2026-06-07T16:23:08.088844+00:00
HVEGAS001,The Venetian Resort Las Vegas,Las Vegas,United States,tripcom,tripcom,,Trip.com,a49b2a0bec9d9b0b,2025-05-30,2025,2025-05-01,2025.0,10.0,0.0,10.0,10.0,https://www.trip.com/hotels/las-vegas-hotel-detail-737263/the-venetian-resort-las-vegas/?pageSize=20,18,2026-06-07T16:23:08.088844+00:00
HVEGAS001,The Venetian Resort Las Vegas,Las Vegas,United States,tripcom,tripcom,,Trip.com,abf7547a97d5786a,2025-06-04,2025,2025-06-01,2025.0,10.0,0.0,10.0,10.0,https://www.trip.com/hotels/las-vegas-hotel-detail-737263/the-venetian-resort-las-vegas/?pageSize=20,3,2026-06-07T16:23:08.088844+00:00
HVEGAS001,The Venetian Resort Las Vegas,Las Vegas,United States,tripcom,tripcom,,Trip.com,7a8f47e1cd26e7b7,2025-06-12,2025,2025-06-01,2025.0,3.0,0.0,10.0,3.0,https://www.trip.com/hotels/las-vegas-hotel-detail-737263/the-venetian-resort-las-vegas/?pageSize=20,4,2026-06-07T16:23:08.088844+00:00
HVEGAS001,The Venetian Resort Las Vegas,Las Vegas,United States,tripcom,tripcom,,Trip.com,a33ed1e81d4269da,2025-06-12,2025,2025-04-01,2025.0,7.2,0.0,10.0,7.2,https://www.trip.com/hotels/las-vegas-hotel-detail-737263/the-venetian-resort-las-vegas/?pageSize=20,18,2026-06-07T16:23:08.088844+00:00
HVEGAS001,The Venetian Resort Las Vegas,Las Vegas,United States,tripcom,tripcom,,Trip.com,49a8c68d2acaf997,2025-06-12,2025,2025-03-01,2025.0,9.0,0.0,10.0,9.0,https://www.trip.com/hotels/las-vegas-hotel-detail-737263/the-venetian-resort-las-vegas/?pageSize=20,19,2026-06-07T16:23:08.088844+00:00
HVEGAS001,The Venetian Resort Las Vegas,Las Vegas,United States,tripcom,tripcom,,Trip.com,c07dcadfffe7b941,2025-06-17,2025,2025-05-01,2025.0,10.0,0.0,10.0,10.0,https://www.trip.com/hotels/las-vegas-hotel-detail-737263/the-venetian-resort-las-vegas/?pageSize=20,20,2026-06-07T16:23:08.088844+00:00
HVEGAS001,The Venetian Resort Las Vegas,Las Vegas,United States,tripcom,tripcom,,Trip.com,be33f5ee7edca6c1,2025-06-18,2025,2025-06-01,2025.0,10.0,0.0,10.0,10.0,https://www.trip.com/hotels/las-vegas-hotel-detail-737263/the-venetian-resort-las-vegas/?pageSize=20,3,2026-06-07T16:23:08.088844+00:00
HVEGAS001,The Venetian Resort Las Vegas,Las Vegas,United States,tripcom,tripcom,,Trip.com,8352c4c32fa90a11,2025-06-18,2025,2025-06-01,2025.0,10.0,0.0,10.0,10.0,https://www.trip.com/hotels/las-vegas-hotel-detail-737263/the-venetian-resort-las-vegas/?pageSize=20,25,2026-06-07T16:23:08.088844+00:00
HVEGAS001,The Venetian Resort Las Vegas,Las Vegas,United States,tripcom,tripcom,,Trip.com,42fade120f6dcbf4,2025-06-21,2025,2025-06-01,2025.0,10.0,0.0,10.0,10.0,https://www.trip.com/hotels/las-vegas-hotel-detail-737263/the-venetian-resort-las-vegas/?pageSize=20,3,2026-06-07T16:23:08.088844+00:00
HVEGAS001,The Venetian Resort Las Vegas,Las Vegas,United States,tripcom,tripcom,,Trip.com,14379c14952f0b64,2025-06-22,2025,2025-06-01,2025.0,9.5,0.0,10.0,9.5,https://www.trip.com/hotels/las-vegas-hotel-detail-737263/the-venetian-resort-las-vegas/?pageSize=20,8,2026-06-07T16:23:08.088844+00:00
HVEGAS001,The Venetian Resort Las Vegas,Las Vegas,United States,tripcom,tripcom,,Trip.com,795f593f5b0a47c4,2025-06-29,2025,2025-06-01,2025.0,7.0,0.0,10.0,7.0,https://www.trip.com/hotels/las-vegas-hotel-detail-737263/the-venetian-resort-las-vegas/?pageSize=20,21,2026-06-07T16:23:08.088844+00:00
HVEGAS001,The Venetian Resort Las Vegas,Las Vegas,United States,tripcom,tripcom,,Trip.com,7325fc46dec75b2f,2025-07-04,2025,2025-06-01,2025.0,10.0,0.0,10.0,10.0,https://www.trip.com/hotels/las-vegas-hotel-detail-737263/the-venetian-resort-las-vegas/?pageSize=20,8,2026-06-07T16:23:08.088844+00:00
HVEGAS001,The Venetian Resort Las Vegas,Las Vegas,United States,tripcom,tripcom,,Trip.com,707bf68d64e71bf0,2025-07-04,2025,2025-06-01,2025.0,10.0,0.0,10.0,10.0,https://www.trip.com/hotels/las-vegas-hotel-detail-737263/the-venetian-resort-las-vegas/?pageSize=20,20,2026-06-07T16:23:08.088844+00:00
HVEGAS001,The Venetian Resort Las Vegas,Las Vegas,United States,tripcom,tripcom,,Trip.com,c5b4176749ae41ba,2025-07-09,2025,2025-06-01,2025.0,10.0,0.0,10.0,10.0,https://www.trip.com/hotels/las-vegas-hotel-detail-737263/the-venetian-resort-las-vegas/?pageSize=20,18,2026-06-07T16:23:08.088844+00:00
HVEGAS001,The Venetian Resort Las Vegas,Las Vegas,United States,tripcom,tripcom,,Trip.com,f708dadc34140733,2025-07-12,2025,2025-05-01,2025.0,9.0,0.0,10.0,9.0,https://www.trip.com/hotels/las-vegas-hotel-detail-737263/the-venetian-resort-las-vegas/?pageSize=20,4,2026-06-07T16:23:08.088844+00:00
HVEGAS001,The Venetian Resort Las Vegas,Las Vegas,United States,tripcom,tripcom,,Trip.com,a5dd267202e5db20,2025-07-14,2025,2025-07-01,2025.0,8.5,0.0,10.0,8.5,https://www.trip.com/hotels/las-vegas-hotel-detail-737263/the-venetian-resort-las-vegas/?pageSize=20,3,2026-06-07T16:23:08.088844+00:00
HVEGAS001,The Venetian Resort Las Vegas,Las Vegas,United States,tripcom,tripcom,,Trip.com,73bd96b1a094e037,2025-07-16,2025,2025-07-01,2025.0,10.0,0.0,10.0,10.0,https://www.trip.com/hotels/las-vegas-hotel-detail-737263/the-venetian-resort-las-vegas/?pageSize=20,21,2026-06-07T16:23:08.088844+00:00
HVEGAS001,The Venetian Resort Las Vegas,Las Vegas,United States,tripcom,tripcom,,Trip.com,7d5ca5e530a4368d,2025-07-19,2025,2025-07-01,2025.0,9.5,0.0,10.0,9.5,https://www.trip.com/hotels/las-vegas-hotel-detail-737263/the-venetian-resort-las-vegas/?pageSize=20,7,2026-06-07T16:23:08.088844+00:00
HVEGAS001,The Venetian Resort Las Vegas,Las Vegas,United States,tripcom,tripcom,,Trip.com,e6c83b1d29772a6f,2025-08-02,2025,2025-07-01,2025.0,10.0,0.0,10.0,10.0,https://www.trip.com/hotels/las-vegas-hotel-detail-737263/the-venetian-resort-las-vegas/?pageSize=20,3,2026-06-07T16:23:08.088844+00:00
HVEGAS001,The Venetian Resort Las Vegas,Las Vegas,United States,tripcom,tripcom,,Trip.com,18458ead571c4c2f,2025-08-02,2025,2025-07-01,2025.0,10.0,0.0,10.0,10.0,https://www.trip.com/hotels/las-vegas-hotel-detail-737263/the-venetian-resort-las-vegas/?pageSize=20,10,2026-06-07T16:23:08.088844+00:00
HVEGAS001,The Venetian Resort Las Vegas,Las Vegas,United States,tripcom,tripcom,,Trip.com,a001366b79882f58,2025-08-08,2025,2025-07-01,2025.0,10.0,0.0,10.0,10.0,https://www.trip.com/hotels/las-vegas-hotel-detail-737263/the-venetian-resort-las-vegas/?pageSize=20,2,2026-06-07T16:23:08.088844+00:00
HVEGAS001,The Venetian Resort Las Vegas,Las Vegas,United States,tripcom,tripcom,,Trip.com,cafd06988eb0f63a,2025-08-11,2025,2025-07-01,2025.0,4.7,0.0,10.0,4.7,https://www.trip.com/hotels/las-vegas-hotel-detail-737263/the-venetian-resort-las-vegas/?pageSize=20,2,2026-06-07T16:23:08.088844+00:00
HVEGAS001,The Venetian Resort Las Vegas,Las Vegas,United States,tripcom,tripcom,,Trip.com,e4de57fd4f853f7b,2025-08-11,2025,2025-08-01,2025.0,10.0,0.0,10.0,10.0,https://www.trip.com/hotels/las-vegas-hotel-detail-737263/the-venetian-resort-las-vegas/?pageSize=20,8,2026-06-07T16:23:08.088844+00:00
HVEGAS001,The Venetian Resort Las Vegas,Las Vegas,United States,tripcom,tripcom,,Trip.com,8446f9869a8c05b6,2025-08-13,2025,2025-08-01,2025.0,10.0,0.0,10.0,10.0,https://www.trip.com/hotels/las-vegas-hotel-detail-737263/the-venetian-resort-las-vegas/?pageSize=20,8,2026-06-07T16:23:08.088844+00:00
HVEGAS001,The Venetian Resort Las Vegas,Las Vegas,United States,tripcom,tripcom,,Trip.com,2e9592854c2fcf72,2025-08-14,2025,2025-08-01,2025.0,10.0,0.0,10.0,10.0,https://www.trip.com/hotels/las-vegas-hotel-detail-737263/the-venetian-resort-las-vegas/?pageSize=20,16,2026-06-07T16:23:08.088844+00:00
HVEGAS001,The Venetian Resort Las Vegas,Las Vegas,United States,tripcom,tripcom,,Trip.com,be594273281215bf,2025-08-14,2025,2025-08-01,2025.0,10.0,0.0,10.0,10.0,https://www.trip.com/hotels/las-vegas-hotel-detail-737263/the-venetian-resort-las-vegas/?pageSize=20,19,2026-06-07T16:23:08.088844+00:00
HVEGAS001,The Venetian Resort Las Vegas,Las Vegas,United States,tripcom,tripcom,,Trip.com,9bd68936bf18bcf2,2025-08-15,2025,2025-08-01,2025.0,10.0,0.0,10.0,10.0,https://www.trip.com/hotels/las-vegas-hotel-detail-737263/the-venetian-resort-las-vegas/?pageSize=20,2,2026-06-07T16:23:08.088844+00:00
HVEGAS001,The Venetian Resort Las Vegas,Las Vegas,United States,tripcom,tripcom,,Trip.com,2a992a5a9d54d18e,2025-08-17,2025,2025-08-01,2025.0,10.0,0.0,10.0,10.0,https://www.trip.com/hotels/las-vegas-hotel-detail-737263/the-venetian-resort-las-vegas/?pageSize=20,2,2026-06-07T16:23:08.088844+00:00
HVEGAS001,The Venetian Resort Las Vegas,Las Vegas,United States,tripcom,tripcom,,Trip.com,bfad56aa31057c8d,2025-08-20,2025,2025-08-01,2025.0,10.0,0.0,10.0,10.0,https://www.trip.com/hotels/las-vegas-hotel-detail-737263/the-venetian-resort-las-vegas/?pageSize=20,7,2026-06-07T16:23:08.088844+00:00
HVEGAS001,The Venetian Resort Las Vegas,Las Vegas,United States,tripcom,tripcom,,Trip.com,7a660acd12eaab2f,2025-08-21,2025,2025-08-01,2025.0,9.0,0.0,10.0,9.0,https://www.trip.com/hotels/las-vegas-hotel-detail-737263/the-venetian-resort-las-vegas/?pageSize=20,4,2026-06-07T16:23:08.088844+00:00
HVEGAS001,The Venetian Resort Las Vegas,Las Vegas,United States,tripcom,tripcom,,Trip.com,bc44c210f778c7b8,2025-08-22,2025,2025-08-01,2025.0,9.0,0.0,10.0,9.0,https://www.trip.com/hotels/las-vegas-hotel-detail-737263/the-venetian-resort-las-vegas/?pageSize=20,2,2026-06-07T16:23:08.088844+00:00
HVEGAS001,The Venetian Resort Las Vegas,Las Vegas,United States,tripcom,tripcom,,Trip.com,3f52144856cfdb14,2025-08-22,2025,2025-08-01,2025.0,10.0,0.0,10.0,10.0,https://www.trip.com/hotels/las-vegas-hotel-detail-737263/the-venetian-resort-las-vegas/?pageSize=20,4,2026-06-07T16:23:08.088844+00:00
HVEGAS001,The Venetian Resort Las Vegas,Las Vegas,United States,tripcom,tripcom,,Trip.com,74b9c7b7309c54ba,2025-08-22,2025,2025-08-01,2025.0,5.5,0.0,10.0,5.5,https://www.trip.com/hotels/las-vegas-hotel-detail-737263/the-venetian-resort-las-vegas/?pageSize=20,7,2026-06-07T16:23:08.088844+00:00
HVEGAS001,The Venetian Resort Las Vegas,Las Vegas,United States,tripcom,tripcom,,Trip.com,d2e213e0aed436fd,2025-08-22,2025,2025-08-01,2025.0,10.0,0.0,10.0,10.0,https://www.trip.com/hotels/las-vegas-hotel-detail-737263/the-venetian-resort-las-vegas/?pageSize=20,9,2026-06-07T16:23:08.088844+00:00
HVEGAS001,The Venetian Resort Las Vegas,Las Vegas,United States,tripcom,tripcom,,Trip.com,a02bcf73c665f7be,2025-08-25,2025,2025-08-01,2025.0,9.0,0.0,10.0,9.0,https://www.trip.com/hotels/las-vegas-hotel-detail-737263/the-venetian-resort-las-vegas/?pageSize=20,7,2026-06-07T16:23:08.088844+00:00
HVEGAS001,The Venetian Resort Las Vegas,Las Vegas,United States,tripcom,tripcom,,Trip.com,5ccca4237a5eca85,2025-08-28,2025,2025-08-01,2025.0,10.0,0.0,10.0,10.0,https://www.trip.com/hotels/las-vegas-hotel-detail-737263/the-venetian-resort-las-vegas/?pageSize=20,7,2026-06-07T16:23:08.088844+00:00
HVEGAS001,The Venetian Resort Las Vegas,Las Vegas,United States,tripcom,tripcom,,Trip.com,5230d4b481e845cb,2025-09-01,2025,2025-07-01,2025.0,10.0,0.0,10.0,10.0,https://www.trip.com/hotels/las-vegas-hotel-detail-737263/the-venetian-resort-las-vegas/?pageSize=20,8,2026-06-07T16:23:08.088844+00:00
HVEGAS001,The Venetian Resort Las Vegas,Las Vegas,United States,tripcom,tripcom,,Trip.com,be912e1942802106,2025-09-04,2025,2025-06-01,2025.0,10.0,0.0,10.0,10.0,https://www.trip.com/hotels/las-vegas-hotel-detail-737263/the-venetian-resort-las-vegas/?pageSize=20,3,2026-06-07T16:23:08.088844+00:00
HVEGAS001,The Venetian Resort Las Vegas,Las Vegas,United States,tripcom,tripcom,,Trip.com,2ae052c71eb7c44c,2025-09-07,2025,2025-09-01,2025.0,10.0,0.0,10.0,10.0,https://www.trip.com/hotels/las-vegas-hotel-detail-737263/the-venetian-resort-las-vegas/?pageSize=20,8,2026-06-07T16:23:08.088844+00:00
HVEGAS001,The Venetian Resort Las Vegas,Las Vegas,United States,tripcom,tripcom,,Trip.com,c1289d5411a8536b,2025-09-08,2025,2025-08-01,2025.0,2.0,0.0,10.0,2.0,https://www.trip.com/hotels/las-vegas-hotel-detail-737263/the-venetian-resort-las-vegas/?pageSize=20,7,2026-06-07T16:23:08.088844+00:00
HVEGAS001,The Venetian Resort Las Vegas,Las Vegas,United States,tripcom,tripcom,,Trip.com,49a823ff20899e11,2025-09-09,2025,2025-08-01,2025.0,10.0,0.0,10.0,10.0,https://www.trip.com/hotels/las-vegas-hotel-detail-737263/the-venetian-resort-las-vegas/?pageSize=20,25,2026-06-07T16:23:08.088844+00:00
HVEGAS001,The Venetian Resort Las Vegas,Las Vegas,United States,tripcom,tripcom,,Trip.com,bc6c0b65a07d0a2d,2025-09-11,2025,2025-09-01,2025.0,9.0,0.0,10.0,9.0,https://www.trip.com/hotels/las-vegas-hotel-detail-737263/the-venetian-resort-las-vegas/?pageSize=20,4,2026-06-07T16:23:08.088844+00:00
HVEGAS001,The Venetian Resort Las Vegas,Las Vegas,United States,tripcom,tripcom,,Trip.com,aa16206045ce22f1,2025-09-15,2025,2025-09-01,2025.0,10.0,0.0,10.0,10.0,https://www.trip.com/hotels/las-vegas-hotel-detail-737263/the-venetian-resort-las-vegas/?pageSize=20,9,2026-06-07T16:23:08.088844+00:00
HVEGAS001,The Venetian Resort Las Vegas,Las Vegas,United States,tripcom,tripcom,,Trip.com,7749a158f1b3ce65,2025-09-16,2025,2025-09-01,2025.0,9.5,0.0,10.0,9.5,https://www.trip.com/hotels/las-vegas-hotel-detail-737263/the-venetian-resort-las-vegas/?pageSize=20,2,2026-06-07T16:23:08.088844+00:00
HVEGAS001,The Venetian Resort Las Vegas,Las Vegas,United States,tripcom,tripcom,,Trip.com,13e0387646c4bba7,2025-09-18,2025,2025-09-01,2025.0,1.7,0.0,10.0,1.7,https://www.trip.com/hotels/las-vegas-hotel-detail-737263/the-venetian-resort-las-vegas/?pageSize=20,10,2026-06-07T16:23:08.088844+00:00
HVEGAS001,The Venetian Resort Las Vegas,Las Vegas,United States,tripcom,tripcom,,Trip.com,e587774fc66d5b45,2025-09-18,2025,2025-06-01,2025.0,10.0,0.0,10.0,10.0,https://www.trip.com/hotels/las-vegas-hotel-detail-737263/the-venetian-resort-las-vegas/?pageSize=20,18,2026-06-07T16:23:08.088844+00:00
HVEGAS001,The Venetian Resort Las Vegas,Las Vegas,United States,tripcom,tripcom,,Trip.com,48d514d2bcb1e201,2025-09-22,2025,2025-09-01,2025.0,10.0,0.0,10.0,10.0,https://www.trip.com/hotels/las-vegas-hotel-detail-737263/the-venetian-resort-las-vegas/?pageSize=20,8,2026-06-07T16:23:08.088844+00:00
HVEGAS001,The Venetian Resort Las Vegas,Las Vegas,United States,tripcom,tripcom,,Trip.com,6b3535aa785c85a0,2025-09-24,2025,2025-09-01,2025.0,8.5,0.0,10.0,8.5,https://www.trip.com/hotels/las-vegas-hotel-detail-737263/the-venetian-resort-las-vegas/?pageSize=20,6,2026-06-07T16:23:08.088844+00:00
HVEGAS001,The Venetian Resort Las Vegas,Las Vegas,United States,tripcom,tripcom,,Trip.com,8999e51d5e2a607f,2025-09-28,2025,2025-09-01,2025.0,10.0,0.0,10.0,10.0,https://www.trip.com/hotels/las-vegas-hotel-detail-737263/the-venetian-resort-las-vegas/?pageSize=20,7,2026-06-07T16:23:08.088844+00:00
HVEGAS001,The Venetian Resort Las Vegas,Las Vegas,United States,tripcom,tripcom,,Trip.com,221fe2de916d8043,2025-09-29,2025,2025-09-01,2025.0,8.5,0.0,10.0,8.5,https://www.trip.com/hotels/las-vegas-hotel-detail-737263/the-venetian-resort-las-vegas/?pageSize=20,7,2026-06-07T16:23:08.088844+00:00
HVEGAS001,The Venetian Resort Las Vegas,Las Vegas,United States,tripcom,tripcom,,Trip.com,9fb804834d85a96c,2025-10-02,2025,2025-09-01,2025.0,8.2,0.0,10.0,8.2,https://www.trip.com/hotels/las-vegas-hotel-detail-737263/the-venetian-resort-las-vegas/?pageSize=20,3,2026-06-07T16:23:08.088844+00:00
HVEGAS001,The Venetian Resort Las Vegas,Las Vegas,United States,tripcom,tripcom,,Trip.com,f13e11c716f72eb9,2025-10-04,2025,2025-10-01,2025.0,10.0,0.0,10.0,10.0,https://www.trip.com/hotels/las-vegas-hotel-detail-737263/the-venetian-resort-las-vegas/?pageSize=20,2,2026-06-07T16:23:08.088844+00:00
HVEGAS001,The Venetian Resort Las Vegas,Las Vegas,United States,tripcom,tripcom,,Trip.com,d5b96e8419c3fd86,2025-10-04,2025,2025-10-01,2025.0,10.0,0.0,10.0,10.0,https://www.trip.com/hotels/las-vegas-hotel-detail-737263/the-venetian-resort-las-vegas/?pageSize=20,18,2026-06-07T16:23:08.088844+00:00
HVEGAS001,The Venetian Resort Las Vegas,Las Vegas,United States,tripcom,tripcom,,Trip.com,401b954942d26480,2025-10-04,2025,2025-09-01,2025.0,10.0,0.0,10.0,10.0,https://www.trip.com/hotels/las-vegas-hotel-detail-737263/the-venetian-resort-las-vegas/?pageSize=20,19,2026-06-07T16:23:08.088844+00:00
HVEGAS001,The Venetian Resort Las Vegas,Las Vegas,United States,tripcom,tripcom,,Trip.com,7b0d2e93e26276e0,2025-10-05,2025,2025-10-01,2025.0,9.5,0.0,10.0,9.5,https://www.trip.com/hotels/las-vegas-hotel-detail-737263/the-venetian-resort-las-vegas/?pageSize=20,2,2026-06-07T16:23:08.088844+00:00
HVEGAS001,The Venetian Resort Las Vegas,Las Vegas,United States,tripcom,tripcom,,Trip.com,3c4aff7128d9f008,2025-10-07,2025,2025-09-01,2025.0,10.0,0.0,10.0,10.0,https://www.trip.com/hotels/las-vegas-hotel-detail-737263/the-venetian-resort-las-vegas/?pageSize=20,16,2026-06-07T16:23:08.088844+00:00
HVEGAS001,The Venetian Resort Las Vegas,Las Vegas,United States,tripcom,tripcom,,Trip.com,c8657b9add2682a6,2025-10-07,2025,2025-10-01,2025.0,9.0,0.0,10.0,9.0,https://www.trip.com/hotels/las-vegas-hotel-detail-737263/the-venetian-resort-las-vegas/?pageSize=20,17,2026-06-07T16:23:08.088844+00:00
HVEGAS001,The Venetian Resort Las Vegas,Las Vegas,United States,tripcom,tripcom,,Trip.com,40ada418b86a4d25,2025-10-08,2025,2025-10-01,2025.0,10.0,0.0,10.0,10.0,https://www.trip.com/hotels/las-vegas-hotel-detail-737263/the-venetian-resort-las-vegas/?pageSize=20,17,2026-06-07T16:23:08.088844+00:00
HVEGAS001,The Venetian Resort Las Vegas,Las Vegas,United States,tripcom,tripcom,,Trip.com,9901fdd4d101f83b,2025-10-08,2025,2025-07-01,2025.0,10.0,0.0,10.0,10.0,https://www.trip.com/hotels/las-vegas-hotel-detail-737263/the-venetian-resort-las-vegas/?pageSize=20,18,2026-06-07T16:23:08.088844+00:00
HVEGAS001,The Venetian Resort Las Vegas,Las Vegas,United States,tripcom,tripcom,,Trip.com,7a253f903526bd29,2025-10-09,2025,2025-09-01,2025.0,10.0,0.0,10.0,10.0,https://www.trip.com/hotels/las-vegas-hotel-detail-737263/the-venetian-resort-las-vegas/?pageSize=20,2,2026-06-07T16:23:08.088844+00:00
HVEGAS001,The Venetian Resort Las Vegas,Las Vegas,United States,tripcom,tripcom,,Trip.com,b63dd0a202164250,2025-10-10,2025,2025-10-01,2025.0,9.0,0.0,10.0,9.0,https://www.trip.com/hotels/las-vegas-hotel-detail-737263/the-venetian-resort-las-vegas/?pageSize=20,16,2026-06-07T16:23:08.088844+00:00
HVEGAS001,The Venetian Resort Las Vegas,Las Vegas,United States,tripcom,tripcom,,Trip.com,a70697464b6a9583,2025-10-10,2025,2025-10-01,2025.0,10.0,0.0,10.0,10.0,https://www.trip.com/hotels/las-vegas-hotel-detail-737263/the-venetian-resort-las-vegas/?pageSize=20,20,2026-06-07T16:23:08.088844+00:00
HVEGAS001,The Venetian Resort Las Vegas,Las Vegas,United States,tripcom,tripcom,,Trip.com,c97439d13fbb377b,2025-10-11,2025,2025-10-01,2025.0,10.0,0.0,10.0,10.0,https://www.trip.com/hotels/las-vegas-hotel-detail-737263/the-venetian-resort-las-vegas/?pageSize=20,16,2026-06-07T16:23:08.088844+00:00
HVEGAS001,The Venetian Resort Las Vegas,Las Vegas,United States,tripcom,tripcom,,Trip.com,faa841ab56a17afe,2025-10-12,2025,2025-09-01,2025.0,10.0,0.0,10.0,10.0,https://www.trip.com/hotels/las-vegas-hotel-detail-737263/the-venetian-resort-las-vegas/?pageSize=20,25,2026-06-07T16:23:08.088844+00:00
HVEGAS001,The Venetian Resort Las Vegas,Las Vegas,United States,tripcom,tripcom,,Trip.com,ce72770b55e5742c,2025-10-14,2025,2025-10-01,2025.0,6.5,0.0,10.0,6.5,https://www.trip.com/hotels/las-vegas-hotel-detail-737263/the-venetian-resort-las-vegas/?pageSize=20,17,2026-06-07T16:23:08.088844+00:00
HVEGAS001,The Venetian Resort Las Vegas,Las Vegas,United States,tripcom,tripcom,,Trip.com,c4bcc47d2cfecef1,2025-10-17,2025,2025-09-01,2025.0,9.0,0.0,10.0,9.0,https://www.trip.com/hotels/las-vegas-hotel-detail-737263/the-venetian-resort-las-vegas/?pageSize=20,2,2026-06-07T16:23:08.088844+00:00
HVEGAS001,The Venetian Resort Las Vegas,Las Vegas,United States,tripcom,tripcom,,Trip.com,0e1c5c9d4cdd1dd1,2025-10-18,2025,2025-10-01,2025.0,9.5,0.0,10.0,9.5,https://www.trip.com/hotels/las-vegas-hotel-detail-737263/the-venetian-resort-las-vegas/?pageSize=20,17,2026-06-07T16:23:08.088844+00:00
HVEGAS001,The Venetian Resort Las Vegas,Las Vegas,United States,tripcom,tripcom,,Trip.com,7d6504e06efc74ed,2025-10-19,2025,2025-10-01,2025.0,8.5,0.0,10.0,8.5,https://www.trip.com/hotels/las-vegas-hotel-detail-737263/the-venetian-resort-las-vegas/?pageSize=20,1,2026-06-07T16:23:08.088844+00:00
HVEGAS001,The Venetian Resort Las Vegas,Las Vegas,United States,tripcom,tripcom,,Trip.com,3b4b3616c9ff7df1,2025-10-20,2025,2025-10-01,2025.0,8.0,0.0,10.0,8.0,https://www.trip.com/hotels/las-vegas-hotel-detail-737263/the-venetian-resort-las-vegas/?pageSize=20,19,2026-06-07T16:23:08.088844+00:00
HVEGAS001,The Venetian Resort Las Vegas,Las Vegas,United States,tripcom,tripcom,,Trip.com,75471dacd30e1774,2025-10-24,2025,2025-09-01,2025.0,10.0,0.0,10.0,10.0,https://www.trip.com/hotels/las-vegas-hotel-detail-737263/the-venetian-resort-las-vegas/?pageSize=20,18,2026-06-07T16:23:08.088844+00:00
HVEGAS001,The Venetian Resort Las Vegas,Las Vegas,United States,tripcom,tripcom,,Trip.com,6e6c0b16aa8a27e0,2025-11-06,2025,2025-11-01,2025.0,10.0,0.0,10.0,10.0,https://www.trip.com/hotels/las-vegas-hotel-detail-737263/the-venetian-resort-las-vegas/?pageSize=20,20,2026-06-07T16:23:08.088844+00:00
HVEGAS001,The Venetian Resort Las Vegas,Las Vegas,United States,tripcom,tripcom,,Trip.com,d790a7d41fc5f91c,2025-11-08,2025,2025-11-01,2025.0,9.5,0.0,10.0,9.5,https://www.trip.com/hotels/las-vegas-hotel-detail-737263/the-venetian-resort-las-vegas/?pageSize=20,1,2026-06-07T16:23:08.088844+00:00
HVEGAS001,The Venetian Resort Las Vegas,Las Vegas,United States,tripcom,tripcom,,Trip.com,4e16327447accea7,2025-11-08,2025,2025-10-01,2025.0,8.5,0.0,10.0,8.5,https://www.trip.com/hotels/las-vegas-hotel-detail-737263/the-venetian-resort-las-vegas/?pageSize=20,16,2026-06-07T16:23:08.088844+00:00
HVEGAS001,The Venetian Resort Las Vegas,Las Vegas,United States,tripcom,tripcom,,Trip.com,5cdcd66c922d3f6e,2025-11-10,2025,2025-11-01,2025.0,10.0,0.0,10.0,10.0,https://www.trip.com/hotels/las-vegas-hotel-detail-737263/the-venetian-resort-las-vegas/?pageSize=20,16,2026-06-07T16:23:08.088844+00:00
HVEGAS001,The Venetian Resort Las Vegas,Las Vegas,United States,tripcom,tripcom,,Trip.com,a6bd1f31d679fa1a,2025-11-16,2025,2025-11-01,2025.0,1.0,0.0,10.0,1.0,https://www.trip.com/hotels/las-vegas-hotel-detail-737263/the-venetian-resort-las-vegas/?pageSize=20,8,2026-06-07T16:23:08.088844+00:00
HVEGAS001,The Venetian Resort Las Vegas,Las Vegas,United States,tripcom,tripcom,,Trip.com,07ecd8c561db56d3,2025-11-19,2025,2025-11-01,2025.0,9.0,0.0,10.0,9.0,https://www.trip.com/hotels/las-vegas-hotel-detail-737263/the-venetian-resort-las-vegas/?pageSize=20,3,2026-06-07T16:23:08.088844+00:00
HVEGAS001,The Venetian Resort Las Vegas,Las Vegas,United States,tripcom,tripcom,,Trip.com,0a5d3ce87bc65458,2025-11-20,2025,2025-11-01,2025.0,10.0,0.0,10.0,10.0,https://www.trip.com/hotels/las-vegas-hotel-detail-737263/the-venetian-resort-las-vegas/?pageSize=20,1,2026-06-07T16:23:08.088844+00:00
HVEGAS001,The Venetian Resort Las Vegas,Las Vegas,United States,tripcom,tripcom,,Trip.com,aa4a86795e4ec799,2025-11-25,2025,2025-11-01,2025.0,8.5,0.0,10.0,8.5,https://www.trip.com/hotels/las-vegas-hotel-detail-737263/the-venetian-resort-las-vegas/?pageSize=20,18,2026-06-07T16:23:08.088844+00:00
HVEGAS001,The Venetian Resort Las Vegas,Las Vegas,United States,tripcom,tripcom,,Trip.com,c70367c3fa3acc18,2025-11-28,2025,2025-11-01,2025.0,10.0,0.0,10.0,10.0,https://www.trip.com/hotels/las-vegas-hotel-detail-737263/the-venetian-resort-las-vegas/?pageSize=20,17,2026-06-07T16:23:08.088844+00:00
HVEGAS001,The Venetian Resort Las Vegas,Las Vegas,United States,tripcom,tripcom,,Trip.com,58bfaffb1af8cf6c,2025-11-29,2025,2025-11-01,2025.0,10.0,0.0,10.0,10.0,https://www.trip.com/hotels/las-vegas-hotel-detail-737263/the-venetian-resort-las-vegas/?pageSize=20,20,2026-06-07T16:23:08.088844+00:00
HVEGAS001,The Venetian Resort Las Vegas,Las Vegas,United States,tripcom,tripcom,,Trip.com,833577d66a2a451c,2025-12-03,2025,2025-11-01,2025.0,10.0,0.0,10.0,10.0,https://www.trip.com/hotels/las-vegas-hotel-detail-737263/the-venetian-resort-las-vegas/?pageSize=20,16,2026-06-07T16:23:08.088844+00:00
HVEGAS001,The Venetian Resort Las Vegas,Las Vegas,United States,tripcom,tripcom,,Trip.com,a4db1df716ee7ff9,2025-12-09,2025,2025-12-01,2025.0,10.0,0.0,10.0,10.0,https://www.trip.com/hotels/las-vegas-hotel-detail-737263/the-venetian-resort-las-vegas/?pageSize=20,4,2026-06-07T16:23:08.088844+00:00
HVEGAS001,The Venetian Resort Las Vegas,Las Vegas,United States,tripcom,tripcom,,Trip.com,22fc52e0c6d28bd5,2025-12-10,2025,2025-12-01,2025.0,8.5,0.0,10.0,8.5,https://www.trip.com/hotels/las-vegas-hotel-detail-737263/the-venetian-resort-las-vegas/?pageSize=20,5,2026-06-07T16:23:08.088844+00:00
HVEGAS001,The Venetian Resort Las Vegas,Las Vegas,United States,tripcom,tripcom,,Trip.com,473424119333be46,2025-12-10,2025,2025-12-01,2025.0,10.0,0.0,10.0,10.0,https://www.trip.com/hotels/las-vegas-hotel-detail-737263/the-venetian-resort-las-vegas/?pageSize=20,19,2026-06-07T16:23:08.088844+00:00
HVEGAS001,The Venetian Resort Las Vegas,Las Vegas,United States,tripcom,tripcom,,Trip.com,e6939bc279c42425,2025-12-11,2025,2025-12-01,2025.0,4.5,0.0,10.0,4.5,https://www.trip.com/hotels/las-vegas-hotel-detail-737263/the-venetian-resort-las-vegas/?pageSize=20,3,2026-06-07T16:23:08.088844+00:00
HVEGAS001,The Venetian Resort Las Vegas,Las Vegas,United States,tripcom,tripcom,,Trip.com,0cb97e5caa61b057,2025-12-11,2025,2025-11-01,2025.0,10.0,0.0,10.0,10.0,https://www.trip.com/hotels/las-vegas-hotel-detail-737263/the-venetian-resort-las-vegas/?pageSize=20,3,2026-06-07T16:23:08.088844+00:00
HVEGAS001,The Venetian Resort Las Vegas,Las Vegas,United States,tripcom,tripcom,,Trip.com,3ecec218db4fb0ff,2025-12-19,2025,2025-12-01,2025.0,8.0,0.0,10.0,8.0,https://www.trip.com/hotels/las-vegas-hotel-detail-737263/the-venetian-resort-las-vegas/?pageSize=20,16,2026-06-07T16:23:08.088844+00:00
HVEGAS001,The Venetian Resort Las Vegas,Las Vegas,United States,tripcom,tripcom,,Trip.com,493dbc5d83974d9c,2025-12-20,2025,2025-11-01,2025.0,7.7,0.0,10.0,7.7,https://www.trip.com/hotels/las-vegas-hotel-detail-737263/the-venetian-resort-las-vegas/?pageSize=20,16,2026-06-07T16:23:08.088844+00:00
HVEGAS001,The Venetian Resort Las Vegas,Las Vegas,United States,tripcom,tripcom,,Trip.com,eab9c372a65a6dd4,2025-12-21,2025,2025-12-01,2025.0,7.0,0.0,10.0,7.0,https://www.trip.com/hotels/las-vegas-hotel-detail-737263/the-venetian-resort-las-vegas/?pageSize=20,16,2026-06-07T16:23:08.088844+00:00
HVEGAS001,The Venetian Resort Las Vegas,Las Vegas,United States,tripcom,tripcom,,Trip.com,48c25761ec1445ed,2025-12-23,2025,2025-12-01,2025.0,10.0,0.0,10.0,10.0,https://www.trip.com/hotels/las-vegas-hotel-detail-737263/the-venetian-resort-las-vegas/?pageSize=20,19,2026-06-07T16:23:08.088844+00:00
HVEGAS001,The Venetian Resort Las Vegas,Las Vegas,United States,tripcom,tripcom,,Trip.com,931b241169de52c7,2025-12-25,2025,2025-12-01,2025.0,10.0,0.0,10.0,10.0,https://www.trip.com/hotels/las-vegas-hotel-detail-737263/the-venetian-resort-las-vegas/?pageSize=20,3,2026-06-07T16:23:08.088844+00:00
HVEGAS001,The Venetian Resort Las Vegas,Las Vegas,United States,tripcom,tripcom,,Trip.com,883df1c0a743040a,2025-12-25,2025,2025-11-01,2025.0,6.0,0.0,10.0,6.0,https://www.trip.com/hotels/las-vegas-hotel-detail-737263/the-venetian-resort-las-vegas/?pageSize=20,3,2026-06-07T16:23:08.088844+00:00
HVEGAS001,The Venetian Resort Las Vegas,Las Vegas,United States,tripcom,tripcom,,Trip.com,b7b75d8a81e3acb2,2025-12-25,2025,2025-10-01,2025.0,10.0,0.0,10.0,10.0,https://www.trip.com/hotels/las-vegas-hotel-detail-737263/the-venetian-resort-las-vegas/?pageSize=20,3,2026-06-07T16:23:08.088844+00:00
HVEGAS001,The Venetian Resort Las Vegas,Las Vegas,United States,tripcom,tripcom,,Trip.com,e906162502c27350,2025-12-26,2025,2025-12-01,2025.0,10.0,0.0,10.0,10.0,https://www.trip.com/hotels/las-vegas-hotel-detail-737263/the-venetian-resort-las-vegas/?pageSize=20,1,2026-06-07T16:23:08.088844+00:00
HVEGAS001,The Venetian Resort Las Vegas,Las Vegas,United States,tripcom,tripcom,,Trip.com,eadf3d57809aaf03,2025-12-26,2025,2025-12-01,2025.0,8.0,0.0,10.0,8.0,https://www.trip.com/hotels/las-vegas-hotel-detail-737263/the-venetian-resort-las-vegas/?pageSize=20,3,2026-06-07T16:23:08.088844+00:00
HVEGAS001,The Venetian Resort Las Vegas,Las Vegas,United States,tripcom,tripcom,,Trip.com,1e37a974b8ea17f7,2025-12-26,2025,2025-10-01,2025.0,7.0,0.0,10.0,7.0,https://www.trip.com/hotels/las-vegas-hotel-detail-737263/the-venetian-resort-las-vegas/?pageSize=20,5,2026-06-07T16:23:08.088844+00:00
HVEGAS001,The Venetian Resort Las Vegas,Las Vegas,United States,tripcom,tripcom,,Trip.com,1e2929656038c639,2025-12-29,2025,2025-12-01,2025.0,10.0,0.0,10.0,10.0,https://www.trip.com/hotels/las-vegas-hotel-detail-737263/the-venetian-resort-las-vegas/?pageSize=20,5,2026-06-07T16:23:08.088844+00:00
HVEGAS001,The Venetian Resort Las Vegas,Las Vegas,United States,tripcom,tripcom,,Trip.com,f5d0f0d4ff7bedca,2025-12-29,2025,2025-11-01,2025.0,10.0,0.0,10.0,10.0,https://www.trip.com/hotels/las-vegas-hotel-detail-737263/the-venetian-resort-las-vegas/?pageSize=20,20,2026-06-07T16:23:08.088844+00:00
HVEGAS001,The Venetian Resort Las Vegas,Las Vegas,United States,tripcom,tripcom,,Trip.com,89982be335efd69a,2025-12-31,2025,2025-12-01,2025.0,10.0,0.0,10.0,10.0,https://www.trip.com/hotels/las-vegas-hotel-detail-737263/the-venetian-resort-las-vegas/?pageSize=20,3,2026-06-07T16:23:08.088844+00:00
HVEGAS001,The Venetian Resort Las Vegas,Las Vegas,United States,tripcom,tripcom,,Trip.com,e12ba9ff4f07d903,2025-12-31,2025,2025-12-01,2025.0,9.0,0.0,10.0,9.0,https://www.trip.com/hotels/las-vegas-hotel-detail-737263/the-venetian-resort-las-vegas/?pageSize=20,17,2026-06-07T16:23:08.088844+00:00
