hotel_id,hotel_name,city,country,platform,source_platform,provider_id,provider_name,review_id,review_date,review_year,stay_date,stay_year,rating_raw,rating_min,rating_max,rating_scaled_0_10,source_url,page,scrape_date
HWYNN001,Wynn Las Vegas,Las Vegas,United States,agoda,agoda,332.0,Agoda,d61f993493be3acb,2024-01-03,2024,2023-12-17,2023.0,10.0,0.0,10.0,10.0,https://www.agoda.com/api/cronos/property/review/HotelReviews?hotelId=50345&pageSize=50&referer=https%3A%2F%2Fwww.agoda.com%2Fwynn-las-vegas%2Fhotel%2Flas-vegas-nv-us.html&providerMode=separate,2,2026-07-11T14:50:10.920828+00:00
HWYNN001,Wynn Las Vegas,Las Vegas,United States,agoda,agoda,332.0,Agoda,77f57e8eb446e625,2024-01-03,2024,2023-12-20,2023.0,10.0,0.0,10.0,10.0,https://www.agoda.com/api/cronos/property/review/HotelReviews?hotelId=50345&pageSize=50&referer=https%3A%2F%2Fwww.agoda.com%2Fwynn-las-vegas%2Fhotel%2Flas-vegas-nv-us.html&providerMode=separate,2,2026-07-11T14:50:10.920828+00:00
HWYNN001,Wynn Las Vegas,Las Vegas,United States,agoda,agoda,332.0,Agoda,51ff259a1f7cd9d0,2024-01-06,2024,2024-01-01,2024.0,9.2,0.0,10.0,9.2,https://www.agoda.com/api/cronos/property/review/HotelReviews?hotelId=50345&pageSize=50&referer=https%3A%2F%2Fwww.agoda.com%2Fwynn-las-vegas%2Fhotel%2Flas-vegas-nv-us.html&providerMode=separate,2,2026-07-11T14:50:10.920828+00:00
HWYNN001,Wynn Las Vegas,Las Vegas,United States,agoda,agoda,332.0,Agoda,74466ddd505855e0,2024-01-07,2024,2024-01-04,2024.0,8.8,0.0,10.0,8.8,https://www.agoda.com/api/cronos/property/review/HotelReviews?hotelId=50345&pageSize=50&referer=https%3A%2F%2Fwww.agoda.com%2Fwynn-las-vegas%2Fhotel%2Flas-vegas-nv-us.html&providerMode=separate,2,2026-07-11T14:50:10.920828+00:00
HWYNN001,Wynn Las Vegas,Las Vegas,United States,agoda,agoda,332.0,Agoda,00fc86c2d964b55c,2024-01-16,2024,2023-12-28,2023.0,3.2,0.0,10.0,3.2,https://www.agoda.com/api/cronos/property/review/HotelReviews?hotelId=50345&pageSize=50&referer=https%3A%2F%2Fwww.agoda.com%2Fwynn-las-vegas%2Fhotel%2Flas-vegas-nv-us.html&providerMode=separate,2,2026-07-11T14:50:10.920828+00:00
HWYNN001,Wynn Las Vegas,Las Vegas,United States,agoda,agoda,332.0,Agoda,5efa5b9fc3ee99b2,2024-01-16,2024,2024-01-14,2024.0,10.0,0.0,10.0,10.0,https://www.agoda.com/api/cronos/property/review/HotelReviews?hotelId=50345&pageSize=50&referer=https%3A%2F%2Fwww.agoda.com%2Fwynn-las-vegas%2Fhotel%2Flas-vegas-nv-us.html&providerMode=separate,3,2026-07-11T14:50:10.920828+00:00
HWYNN001,Wynn Las Vegas,Las Vegas,United States,agoda,agoda,332.0,Agoda,8c045ee76ffdb607,2024-01-22,2024,2024-01-19,2024.0,10.0,0.0,10.0,10.0,https://www.agoda.com/api/cronos/property/review/HotelReviews?hotelId=50345&pageSize=50&referer=https%3A%2F%2Fwww.agoda.com%2Fwynn-las-vegas%2Fhotel%2Flas-vegas-nv-us.html&providerMode=separate,2,2026-07-11T14:50:10.920828+00:00
HWYNN001,Wynn Las Vegas,Las Vegas,United States,agoda,agoda,332.0,Agoda,03fa4263ed95aa7f,2024-02-01,2024,2024-01-25,2024.0,9.6,0.0,10.0,9.6,https://www.agoda.com/api/cronos/property/review/HotelReviews?hotelId=50345&pageSize=50&referer=https%3A%2F%2Fwww.agoda.com%2Fwynn-las-vegas%2Fhotel%2Flas-vegas-nv-us.html&providerMode=separate,1,2026-07-11T14:50:10.920828+00:00
HWYNN001,Wynn Las Vegas,Las Vegas,United States,agoda,agoda,332.0,Agoda,2dc044586cf2b5a4,2024-02-10,2024,2024-02-04,2024.0,10.0,0.0,10.0,10.0,https://www.agoda.com/api/cronos/property/review/HotelReviews?hotelId=50345&pageSize=50&referer=https%3A%2F%2Fwww.agoda.com%2Fwynn-las-vegas%2Fhotel%2Flas-vegas-nv-us.html&providerMode=separate,1,2026-07-11T14:50:10.920828+00:00
HWYNN001,Wynn Las Vegas,Las Vegas,United States,agoda,agoda,332.0,Agoda,f8932c6bd458200c,2024-02-20,2024,2024-02-18,2024.0,6.0,0.0,10.0,6.0,https://www.agoda.com/api/cronos/property/review/HotelReviews?hotelId=50345&pageSize=50&referer=https%3A%2F%2Fwww.agoda.com%2Fwynn-las-vegas%2Fhotel%2Flas-vegas-nv-us.html&providerMode=separate,3,2026-07-11T14:50:10.920828+00:00
HWYNN001,Wynn Las Vegas,Las Vegas,United States,agoda,agoda,332.0,Agoda,2cae574146e6a646,2024-02-24,2024,2024-02-12,2024.0,8.8,0.0,10.0,8.8,https://www.agoda.com/api/cronos/property/review/HotelReviews?hotelId=50345&pageSize=50&referer=https%3A%2F%2Fwww.agoda.com%2Fwynn-las-vegas%2Fhotel%2Flas-vegas-nv-us.html&providerMode=separate,3,2026-07-11T14:50:10.920828+00:00
HWYNN001,Wynn Las Vegas,Las Vegas,United States,agoda,agoda,332.0,Agoda,108fa58dd88ae6c3,2024-02-24,2024,2024-02-12,2024.0,8.8,0.0,10.0,8.8,https://www.agoda.com/api/cronos/property/review/HotelReviews?hotelId=50345&pageSize=50&referer=https%3A%2F%2Fwww.agoda.com%2Fwynn-las-vegas%2Fhotel%2Flas-vegas-nv-us.html&providerMode=separate,3,2026-07-11T14:50:10.920828+00:00
HWYNN001,Wynn Las Vegas,Las Vegas,United States,agoda,agoda,332.0,Agoda,62569e37e864e2b4,2024-02-28,2024,2024-02-25,2024.0,8.0,0.0,10.0,8.0,https://www.agoda.com/api/cronos/property/review/HotelReviews?hotelId=50345&pageSize=50&referer=https%3A%2F%2Fwww.agoda.com%2Fwynn-las-vegas%2Fhotel%2Flas-vegas-nv-us.html&providerMode=separate,2,2026-07-11T14:50:10.920828+00:00
HWYNN001,Wynn Las Vegas,Las Vegas,United States,agoda,agoda,332.0,Agoda,19f1b6355b7c64fa,2024-03-08,2024,2024-03-07,2024.0,10.0,0.0,10.0,10.0,https://www.agoda.com/api/cronos/property/review/HotelReviews?hotelId=50345&pageSize=50&referer=https%3A%2F%2Fwww.agoda.com%2Fwynn-las-vegas%2Fhotel%2Flas-vegas-nv-us.html&providerMode=separate,1,2026-07-11T14:50:10.920828+00:00
HWYNN001,Wynn Las Vegas,Las Vegas,United States,agoda,agoda,332.0,Agoda,1c08e330bbed34c8,2024-03-08,2024,2024-02-16,2024.0,10.0,0.0,10.0,10.0,https://www.agoda.com/api/cronos/property/review/HotelReviews?hotelId=50345&pageSize=50&referer=https%3A%2F%2Fwww.agoda.com%2Fwynn-las-vegas%2Fhotel%2Flas-vegas-nv-us.html&providerMode=separate,1,2026-07-11T14:50:10.920828+00:00
HWYNN001,Wynn Las Vegas,Las Vegas,United States,agoda,agoda,332.0,Agoda,c0355b706fa59e9c,2024-03-12,2024,2024-03-08,2024.0,10.0,0.0,10.0,10.0,https://www.agoda.com/api/cronos/property/review/HotelReviews?hotelId=50345&pageSize=50&referer=https%3A%2F%2Fwww.agoda.com%2Fwynn-las-vegas%2Fhotel%2Flas-vegas-nv-us.html&providerMode=separate,3,2026-07-11T14:50:10.920828+00:00
HWYNN001,Wynn Las Vegas,Las Vegas,United States,agoda,agoda,332.0,Agoda,c961815a4d22281b,2024-03-17,2024,2024-03-08,2024.0,8.0,0.0,10.0,8.0,https://www.agoda.com/api/cronos/property/review/HotelReviews?hotelId=50345&pageSize=50&referer=https%3A%2F%2Fwww.agoda.com%2Fwynn-las-vegas%2Fhotel%2Flas-vegas-nv-us.html&providerMode=separate,1,2026-07-11T14:50:10.920828+00:00
HWYNN001,Wynn Las Vegas,Las Vegas,United States,agoda,agoda,332.0,Agoda,89ceffd4c380f835,2024-03-20,2024,2023-12-30,2023.0,10.0,0.0,10.0,10.0,https://www.agoda.com/api/cronos/property/review/HotelReviews?hotelId=50345&pageSize=50&referer=https%3A%2F%2Fwww.agoda.com%2Fwynn-las-vegas%2Fhotel%2Flas-vegas-nv-us.html&providerMode=separate,3,2026-07-11T14:50:10.920828+00:00
HWYNN001,Wynn Las Vegas,Las Vegas,United States,agoda,agoda,332.0,Agoda,9a7b0519ccd6da27,2024-03-25,2024,2024-03-06,2024.0,10.0,0.0,10.0,10.0,https://www.agoda.com/api/cronos/property/review/HotelReviews?hotelId=50345&pageSize=50&referer=https%3A%2F%2Fwww.agoda.com%2Fwynn-las-vegas%2Fhotel%2Flas-vegas-nv-us.html&providerMode=separate,3,2026-07-11T14:50:10.920828+00:00
HWYNN001,Wynn Las Vegas,Las Vegas,United States,agoda,agoda,332.0,Agoda,dd72faa684af4a48,2024-03-27,2024,2024-03-25,2024.0,10.0,0.0,10.0,10.0,https://www.agoda.com/api/cronos/property/review/HotelReviews?hotelId=50345&pageSize=50&referer=https%3A%2F%2Fwww.agoda.com%2Fwynn-las-vegas%2Fhotel%2Flas-vegas-nv-us.html&providerMode=separate,1,2026-07-11T14:50:10.920828+00:00
HWYNN001,Wynn Las Vegas,Las Vegas,United States,agoda,agoda,332.0,Agoda,808aa6d74bfc5b83,2024-04-03,2024,2024-04-01,2024.0,10.0,0.0,10.0,10.0,https://www.agoda.com/api/cronos/property/review/HotelReviews?hotelId=50345&pageSize=50&referer=https%3A%2F%2Fwww.agoda.com%2Fwynn-las-vegas%2Fhotel%2Flas-vegas-nv-us.html&providerMode=separate,3,2026-07-11T14:50:10.920828+00:00
HWYNN001,Wynn Las Vegas,Las Vegas,United States,agoda,agoda,332.0,Agoda,15399d135c8c8eee,2024-04-06,2024,2024-04-05,2024.0,10.0,0.0,10.0,10.0,https://www.agoda.com/api/cronos/property/review/HotelReviews?hotelId=50345&pageSize=50&referer=https%3A%2F%2Fwww.agoda.com%2Fwynn-las-vegas%2Fhotel%2Flas-vegas-nv-us.html&providerMode=separate,3,2026-07-11T14:50:10.920828+00:00
HWYNN001,Wynn Las Vegas,Las Vegas,United States,agoda,agoda,332.0,Agoda,144f7597f7c65cc9,2024-04-07,2024,2024-04-05,2024.0,10.0,0.0,10.0,10.0,https://www.agoda.com/api/cronos/property/review/HotelReviews?hotelId=50345&pageSize=50&referer=https%3A%2F%2Fwww.agoda.com%2Fwynn-las-vegas%2Fhotel%2Flas-vegas-nv-us.html&providerMode=separate,1,2026-07-11T14:50:10.920828+00:00
HWYNN001,Wynn Las Vegas,Las Vegas,United States,agoda,agoda,332.0,Agoda,96d977620d9116ee,2024-04-08,2024,2023-12-05,2023.0,10.0,0.0,10.0,10.0,https://www.agoda.com/api/cronos/property/review/HotelReviews?hotelId=50345&pageSize=50&referer=https%3A%2F%2Fwww.agoda.com%2Fwynn-las-vegas%2Fhotel%2Flas-vegas-nv-us.html&providerMode=separate,3,2026-07-11T14:50:10.920828+00:00
HWYNN001,Wynn Las Vegas,Las Vegas,United States,agoda,agoda,332.0,Agoda,b0c2a5f49da89a04,2024-04-09,2024,2024-03-13,2024.0,9.2,0.0,10.0,9.2,https://www.agoda.com/api/cronos/property/review/HotelReviews?hotelId=50345&pageSize=50&referer=https%3A%2F%2Fwww.agoda.com%2Fwynn-las-vegas%2Fhotel%2Flas-vegas-nv-us.html&providerMode=separate,3,2026-07-11T14:50:10.920828+00:00
HWYNN001,Wynn Las Vegas,Las Vegas,United States,agoda,agoda,332.0,Agoda,d00c33dc6bb11189,2024-04-10,2024,2024-04-05,2024.0,10.0,0.0,10.0,10.0,https://www.agoda.com/api/cronos/property/review/HotelReviews?hotelId=50345&pageSize=50&referer=https%3A%2F%2Fwww.agoda.com%2Fwynn-las-vegas%2Fhotel%2Flas-vegas-nv-us.html&providerMode=separate,1,2026-07-11T14:50:10.920828+00:00
HWYNN001,Wynn Las Vegas,Las Vegas,United States,agoda,agoda,332.0,Agoda,2caf09b841e49f6f,2024-04-10,2024,2024-04-08,2024.0,10.0,0.0,10.0,10.0,https://www.agoda.com/api/cronos/property/review/HotelReviews?hotelId=50345&pageSize=50&referer=https%3A%2F%2Fwww.agoda.com%2Fwynn-las-vegas%2Fhotel%2Flas-vegas-nv-us.html&providerMode=separate,3,2026-07-11T14:50:10.920828+00:00
HWYNN001,Wynn Las Vegas,Las Vegas,United States,agoda,agoda,332.0,Agoda,4e8afdb59e745d94,2024-04-16,2024,2024-04-09,2024.0,10.0,0.0,10.0,10.0,https://www.agoda.com/api/cronos/property/review/HotelReviews?hotelId=50345&pageSize=50&referer=https%3A%2F%2Fwww.agoda.com%2Fwynn-las-vegas%2Fhotel%2Flas-vegas-nv-us.html&providerMode=separate,1,2026-07-11T14:50:10.920828+00:00
HWYNN001,Wynn Las Vegas,Las Vegas,United States,agoda,agoda,332.0,Agoda,2f3ab2db24ac92ef,2024-04-18,2024,2024-04-11,2024.0,9.6,0.0,10.0,9.6,https://www.agoda.com/api/cronos/property/review/HotelReviews?hotelId=50345&pageSize=50&referer=https%3A%2F%2Fwww.agoda.com%2Fwynn-las-vegas%2Fhotel%2Flas-vegas-nv-us.html&providerMode=separate,3,2026-07-11T14:50:10.920828+00:00
HWYNN001,Wynn Las Vegas,Las Vegas,United States,agoda,agoda,332.0,Agoda,e04779e3fc96760c,2024-04-23,2024,2024-04-21,2024.0,10.0,0.0,10.0,10.0,https://www.agoda.com/api/cronos/property/review/HotelReviews?hotelId=50345&pageSize=50&referer=https%3A%2F%2Fwww.agoda.com%2Fwynn-las-vegas%2Fhotel%2Flas-vegas-nv-us.html&providerMode=separate,1,2026-07-11T14:50:10.920828+00:00
HWYNN001,Wynn Las Vegas,Las Vegas,United States,agoda,agoda,332.0,Agoda,617b2e339f9786cc,2024-04-23,2024,2024-04-21,2024.0,10.0,0.0,10.0,10.0,https://www.agoda.com/api/cronos/property/review/HotelReviews?hotelId=50345&pageSize=50&referer=https%3A%2F%2Fwww.agoda.com%2Fwynn-las-vegas%2Fhotel%2Flas-vegas-nv-us.html&providerMode=separate,1,2026-07-11T14:50:10.920828+00:00
HWYNN001,Wynn Las Vegas,Las Vegas,United States,agoda,agoda,332.0,Agoda,5e2af393d7f85663,2024-04-24,2024,2024-04-14,2024.0,10.0,0.0,10.0,10.0,https://www.agoda.com/api/cronos/property/review/HotelReviews?hotelId=50345&pageSize=50&referer=https%3A%2F%2Fwww.agoda.com%2Fwynn-las-vegas%2Fhotel%2Flas-vegas-nv-us.html&providerMode=separate,1,2026-07-11T14:50:10.920828+00:00
HWYNN001,Wynn Las Vegas,Las Vegas,United States,agoda,agoda,332.0,Agoda,ad5e8501ffd1965c,2024-04-25,2024,2024-04-18,2024.0,8.0,0.0,10.0,8.0,https://www.agoda.com/api/cronos/property/review/HotelReviews?hotelId=50345&pageSize=50&referer=https%3A%2F%2Fwww.agoda.com%2Fwynn-las-vegas%2Fhotel%2Flas-vegas-nv-us.html&providerMode=separate,2,2026-07-11T14:50:10.920828+00:00
HWYNN001,Wynn Las Vegas,Las Vegas,United States,agoda,agoda,332.0,Agoda,bf9a913ee4dcd7c3,2024-04-25,2024,2024-04-24,2024.0,10.0,0.0,10.0,10.0,https://www.agoda.com/api/cronos/property/review/HotelReviews?hotelId=50345&pageSize=50&referer=https%3A%2F%2Fwww.agoda.com%2Fwynn-las-vegas%2Fhotel%2Flas-vegas-nv-us.html&providerMode=separate,2,2026-07-11T14:50:10.920828+00:00
HWYNN001,Wynn Las Vegas,Las Vegas,United States,agoda,agoda,332.0,Agoda,8463d1a30e4c024d,2024-04-29,2024,2024-04-05,2024.0,8.8,0.0,10.0,8.8,https://www.agoda.com/api/cronos/property/review/HotelReviews?hotelId=50345&pageSize=50&referer=https%3A%2F%2Fwww.agoda.com%2Fwynn-las-vegas%2Fhotel%2Flas-vegas-nv-us.html&providerMode=separate,1,2026-07-11T14:50:10.920828+00:00
HWYNN001,Wynn Las Vegas,Las Vegas,United States,agoda,agoda,332.0,Agoda,077f23a33eb87b0b,2024-04-30,2024,2024-03-28,2024.0,9.6,0.0,10.0,9.6,https://www.agoda.com/api/cronos/property/review/HotelReviews?hotelId=50345&pageSize=50&referer=https%3A%2F%2Fwww.agoda.com%2Fwynn-las-vegas%2Fhotel%2Flas-vegas-nv-us.html&providerMode=separate,1,2026-07-11T14:50:10.920828+00:00
HWYNN001,Wynn Las Vegas,Las Vegas,United States,agoda,agoda,332.0,Agoda,29aa359a2af0add4,2024-04-30,2024,2024-04-18,2024.0,10.0,0.0,10.0,10.0,https://www.agoda.com/api/cronos/property/review/HotelReviews?hotelId=50345&pageSize=50&referer=https%3A%2F%2Fwww.agoda.com%2Fwynn-las-vegas%2Fhotel%2Flas-vegas-nv-us.html&providerMode=separate,2,2026-07-11T14:50:10.920828+00:00
HWYNN001,Wynn Las Vegas,Las Vegas,United States,agoda,agoda,332.0,Agoda,19596481b4544023,2024-05-03,2024,2024-05-02,2024.0,10.0,0.0,10.0,10.0,https://www.agoda.com/api/cronos/property/review/HotelReviews?hotelId=50345&pageSize=50&referer=https%3A%2F%2Fwww.agoda.com%2Fwynn-las-vegas%2Fhotel%2Flas-vegas-nv-us.html&providerMode=separate,1,2026-07-11T14:50:10.920828+00:00
HWYNN001,Wynn Las Vegas,Las Vegas,United States,agoda,agoda,332.0,Agoda,2295ca1c9a69e6b6,2024-05-05,2024,2024-04-24,2024.0,8.4,0.0,10.0,8.4,https://www.agoda.com/api/cronos/property/review/HotelReviews?hotelId=50345&pageSize=50&referer=https%3A%2F%2Fwww.agoda.com%2Fwynn-las-vegas%2Fhotel%2Flas-vegas-nv-us.html&providerMode=separate,3,2026-07-11T14:50:10.920828+00:00
HWYNN001,Wynn Las Vegas,Las Vegas,United States,agoda,agoda,332.0,Agoda,d8c4a6ac2b99b2d7,2024-05-06,2024,2024-04-28,2024.0,10.0,0.0,10.0,10.0,https://www.agoda.com/api/cronos/property/review/HotelReviews?hotelId=50345&pageSize=50&referer=https%3A%2F%2Fwww.agoda.com%2Fwynn-las-vegas%2Fhotel%2Flas-vegas-nv-us.html&providerMode=separate,2,2026-07-11T14:50:10.920828+00:00
HWYNN001,Wynn Las Vegas,Las Vegas,United States,agoda,agoda,332.0,Agoda,c9a34dfa7fde36d3,2024-05-08,2024,2024-05-02,2024.0,10.0,0.0,10.0,10.0,https://www.agoda.com/api/cronos/property/review/HotelReviews?hotelId=50345&pageSize=50&referer=https%3A%2F%2Fwww.agoda.com%2Fwynn-las-vegas%2Fhotel%2Flas-vegas-nv-us.html&providerMode=separate,1,2026-07-11T14:50:10.920828+00:00
HWYNN001,Wynn Las Vegas,Las Vegas,United States,agoda,agoda,332.0,Agoda,333b2f1cea2fa216,2024-05-16,2024,2024-04-11,2024.0,10.0,0.0,10.0,10.0,https://www.agoda.com/api/cronos/property/review/HotelReviews?hotelId=50345&pageSize=50&referer=https%3A%2F%2Fwww.agoda.com%2Fwynn-las-vegas%2Fhotel%2Flas-vegas-nv-us.html&providerMode=separate,3,2026-07-11T14:50:10.920828+00:00
HWYNN001,Wynn Las Vegas,Las Vegas,United States,agoda,agoda,332.0,Agoda,eec41931527750c7,2024-05-20,2024,2024-05-10,2024.0,9.2,0.0,10.0,9.2,https://www.agoda.com/api/cronos/property/review/HotelReviews?hotelId=50345&pageSize=50&referer=https%3A%2F%2Fwww.agoda.com%2Fwynn-las-vegas%2Fhotel%2Flas-vegas-nv-us.html&providerMode=separate,1,2026-07-11T14:50:10.920828+00:00
HWYNN001,Wynn Las Vegas,Las Vegas,United States,agoda,agoda,332.0,Agoda,822fbe2e7b1cb130,2024-05-24,2024,2024-05-17,2024.0,8.8,0.0,10.0,8.8,https://www.agoda.com/api/cronos/property/review/HotelReviews?hotelId=50345&pageSize=50&referer=https%3A%2F%2Fwww.agoda.com%2Fwynn-las-vegas%2Fhotel%2Flas-vegas-nv-us.html&providerMode=separate,4,2026-07-11T14:50:10.920828+00:00
HWYNN001,Wynn Las Vegas,Las Vegas,United States,agoda,agoda,332.0,Agoda,e81dbff7463d02fb,2024-05-24,2024,2024-05-17,2024.0,8.4,0.0,10.0,8.4,https://www.agoda.com/api/cronos/property/review/HotelReviews?hotelId=50345&pageSize=50&referer=https%3A%2F%2Fwww.agoda.com%2Fwynn-las-vegas%2Fhotel%2Flas-vegas-nv-us.html&providerMode=separate,4,2026-07-11T14:50:10.920828+00:00
HWYNN001,Wynn Las Vegas,Las Vegas,United States,agoda,agoda,332.0,Agoda,b056db732a3399a1,2024-05-31,2024,2024-05-28,2024.0,9.6,0.0,10.0,9.6,https://www.agoda.com/api/cronos/property/review/HotelReviews?hotelId=50345&pageSize=50&referer=https%3A%2F%2Fwww.agoda.com%2Fwynn-las-vegas%2Fhotel%2Flas-vegas-nv-us.html&providerMode=separate,2,2026-07-11T14:50:10.920828+00:00
HWYNN001,Wynn Las Vegas,Las Vegas,United States,agoda,agoda,332.0,Agoda,93a6e3fcccda90d4,2024-06-06,2024,2024-06-04,2024.0,9.6,0.0,10.0,9.6,https://www.agoda.com/api/cronos/property/review/HotelReviews?hotelId=50345&pageSize=50&referer=https%3A%2F%2Fwww.agoda.com%2Fwynn-las-vegas%2Fhotel%2Flas-vegas-nv-us.html&providerMode=separate,1,2026-07-11T14:50:10.920828+00:00
HWYNN001,Wynn Las Vegas,Las Vegas,United States,agoda,agoda,332.0,Agoda,2a96574082c97178,2024-06-07,2024,2024-06-03,2024.0,10.0,0.0,10.0,10.0,https://www.agoda.com/api/cronos/property/review/HotelReviews?hotelId=50345&pageSize=50&referer=https%3A%2F%2Fwww.agoda.com%2Fwynn-las-vegas%2Fhotel%2Flas-vegas-nv-us.html&providerMode=separate,1,2026-07-11T14:50:10.920828+00:00
HWYNN001,Wynn Las Vegas,Las Vegas,United States,agoda,agoda,332.0,Agoda,5f59744b1bff4dd0,2024-06-07,2024,2024-05-27,2024.0,9.6,0.0,10.0,9.6,https://www.agoda.com/api/cronos/property/review/HotelReviews?hotelId=50345&pageSize=50&referer=https%3A%2F%2Fwww.agoda.com%2Fwynn-las-vegas%2Fhotel%2Flas-vegas-nv-us.html&providerMode=separate,3,2026-07-11T14:50:10.920828+00:00
HWYNN001,Wynn Las Vegas,Las Vegas,United States,agoda,agoda,332.0,Agoda,2188eb3381f3a27b,2024-06-08,2024,2024-06-03,2024.0,9.6,0.0,10.0,9.6,https://www.agoda.com/api/cronos/property/review/HotelReviews?hotelId=50345&pageSize=50&referer=https%3A%2F%2Fwww.agoda.com%2Fwynn-las-vegas%2Fhotel%2Flas-vegas-nv-us.html&providerMode=separate,1,2026-07-11T14:50:10.920828+00:00
HWYNN001,Wynn Las Vegas,Las Vegas,United States,agoda,agoda,332.0,Agoda,537ce1d67c702fd0,2024-06-10,2024,2024-06-02,2024.0,10.0,0.0,10.0,10.0,https://www.agoda.com/api/cronos/property/review/HotelReviews?hotelId=50345&pageSize=50&referer=https%3A%2F%2Fwww.agoda.com%2Fwynn-las-vegas%2Fhotel%2Flas-vegas-nv-us.html&providerMode=separate,3,2026-07-11T14:50:10.920828+00:00
HWYNN001,Wynn Las Vegas,Las Vegas,United States,agoda,agoda,332.0,Agoda,8e49b56ad67e27b4,2024-07-01,2024,2024-06-16,2024.0,10.0,0.0,10.0,10.0,https://www.agoda.com/api/cronos/property/review/HotelReviews?hotelId=50345&pageSize=50&referer=https%3A%2F%2Fwww.agoda.com%2Fwynn-las-vegas%2Fhotel%2Flas-vegas-nv-us.html&providerMode=separate,3,2026-07-11T14:50:10.920828+00:00
HWYNN001,Wynn Las Vegas,Las Vegas,United States,agoda,agoda,332.0,Agoda,fd0eb6b47a65fe4e,2024-07-02,2024,2024-05-02,2024.0,9.2,0.0,10.0,9.2,https://www.agoda.com/api/cronos/property/review/HotelReviews?hotelId=50345&pageSize=50&referer=https%3A%2F%2Fwww.agoda.com%2Fwynn-las-vegas%2Fhotel%2Flas-vegas-nv-us.html&providerMode=separate,2,2026-07-11T14:50:10.920828+00:00
HWYNN001,Wynn Las Vegas,Las Vegas,United States,agoda,agoda,332.0,Agoda,32e5ad401d225cf2,2024-07-06,2024,2023-10-11,2023.0,9.6,0.0,10.0,9.6,https://www.agoda.com/api/cronos/property/review/HotelReviews?hotelId=50345&pageSize=50&referer=https%3A%2F%2Fwww.agoda.com%2Fwynn-las-vegas%2Fhotel%2Flas-vegas-nv-us.html&providerMode=separate,3,2026-07-11T14:50:10.920828+00:00
HWYNN001,Wynn Las Vegas,Las Vegas,United States,agoda,agoda,332.0,Agoda,f750e85366bcdc91,2024-07-11,2024,2024-07-09,2024.0,10.0,0.0,10.0,10.0,https://www.agoda.com/api/cronos/property/review/HotelReviews?hotelId=50345&pageSize=50&referer=https%3A%2F%2Fwww.agoda.com%2Fwynn-las-vegas%2Fhotel%2Flas-vegas-nv-us.html&providerMode=separate,1,2026-07-11T14:50:10.920828+00:00
HWYNN001,Wynn Las Vegas,Las Vegas,United States,agoda,agoda,332.0,Agoda,038b30b8819af141,2024-08-06,2024,2024-08-01,2024.0,9.2,0.0,10.0,9.2,https://www.agoda.com/api/cronos/property/review/HotelReviews?hotelId=50345&pageSize=50&referer=https%3A%2F%2Fwww.agoda.com%2Fwynn-las-vegas%2Fhotel%2Flas-vegas-nv-us.html&providerMode=separate,1,2026-07-11T14:50:10.920828+00:00
HWYNN001,Wynn Las Vegas,Las Vegas,United States,agoda,agoda,332.0,Agoda,e29e52a235b60fad,2024-08-20,2024,2024-08-14,2024.0,7.2,0.0,10.0,7.2,https://www.agoda.com/api/cronos/property/review/HotelReviews?hotelId=50345&pageSize=50&referer=https%3A%2F%2Fwww.agoda.com%2Fwynn-las-vegas%2Fhotel%2Flas-vegas-nv-us.html&providerMode=separate,3,2026-07-11T14:50:10.920828+00:00
HWYNN001,Wynn Las Vegas,Las Vegas,United States,agoda,agoda,332.0,Agoda,bfb0697c161c1900,2024-09-01,2024,2024-07-30,2024.0,10.0,0.0,10.0,10.0,https://www.agoda.com/api/cronos/property/review/HotelReviews?hotelId=50345&pageSize=50&referer=https%3A%2F%2Fwww.agoda.com%2Fwynn-las-vegas%2Fhotel%2Flas-vegas-nv-us.html&providerMode=separate,2,2026-07-11T14:50:10.920828+00:00
HWYNN001,Wynn Las Vegas,Las Vegas,United States,agoda,agoda,332.0,Agoda,e9665eed1ca3a85f,2024-09-02,2024,2024-07-28,2024.0,10.0,0.0,10.0,10.0,https://www.agoda.com/api/cronos/property/review/HotelReviews?hotelId=50345&pageSize=50&referer=https%3A%2F%2Fwww.agoda.com%2Fwynn-las-vegas%2Fhotel%2Flas-vegas-nv-us.html&providerMode=separate,3,2026-07-11T14:50:10.920828+00:00
HWYNN001,Wynn Las Vegas,Las Vegas,United States,agoda,agoda,332.0,Agoda,3826eaa5bede8c59,2024-09-06,2024,2024-05-03,2024.0,9.2,0.0,10.0,9.2,https://www.agoda.com/api/cronos/property/review/HotelReviews?hotelId=50345&pageSize=50&referer=https%3A%2F%2Fwww.agoda.com%2Fwynn-las-vegas%2Fhotel%2Flas-vegas-nv-us.html&providerMode=separate,1,2026-07-11T14:50:10.920828+00:00
HWYNN001,Wynn Las Vegas,Las Vegas,United States,agoda,agoda,332.0,Agoda,e5c7495edfe6d2f1,2024-09-15,2024,2024-09-12,2024.0,4.0,0.0,10.0,4.0,https://www.agoda.com/api/cronos/property/review/HotelReviews?hotelId=50345&pageSize=50&referer=https%3A%2F%2Fwww.agoda.com%2Fwynn-las-vegas%2Fhotel%2Flas-vegas-nv-us.html&providerMode=separate,2,2026-07-11T14:50:10.920828+00:00
HWYNN001,Wynn Las Vegas,Las Vegas,United States,agoda,agoda,332.0,Agoda,af01aa93a64df673,2024-09-17,2024,2024-09-05,2024.0,8.8,0.0,10.0,8.8,https://www.agoda.com/api/cronos/property/review/HotelReviews?hotelId=50345&pageSize=50&referer=https%3A%2F%2Fwww.agoda.com%2Fwynn-las-vegas%2Fhotel%2Flas-vegas-nv-us.html&providerMode=separate,3,2026-07-11T14:50:10.920828+00:00
HWYNN001,Wynn Las Vegas,Las Vegas,United States,agoda,agoda,332.0,Agoda,3299f2d25fd3b00b,2024-10-08,2024,2024-09-03,2024.0,7.2,0.0,10.0,7.2,https://www.agoda.com/api/cronos/property/review/HotelReviews?hotelId=50345&pageSize=50&referer=https%3A%2F%2Fwww.agoda.com%2Fwynn-las-vegas%2Fhotel%2Flas-vegas-nv-us.html&providerMode=separate,1,2026-07-11T14:50:10.920828+00:00
HWYNN001,Wynn Las Vegas,Las Vegas,United States,agoda,agoda,332.0,Agoda,3921707404151a52,2024-10-14,2024,2024-10-10,2024.0,9.2,0.0,10.0,9.2,https://www.agoda.com/api/cronos/property/review/HotelReviews?hotelId=50345&pageSize=50&referer=https%3A%2F%2Fwww.agoda.com%2Fwynn-las-vegas%2Fhotel%2Flas-vegas-nv-us.html&providerMode=separate,1,2026-07-11T14:50:10.920828+00:00
HWYNN001,Wynn Las Vegas,Las Vegas,United States,agoda,agoda,332.0,Agoda,96b3f59d884f0607,2024-11-18,2024,2024-10-28,2024.0,8.0,0.0,10.0,8.0,https://www.agoda.com/api/cronos/property/review/HotelReviews?hotelId=50345&pageSize=50&referer=https%3A%2F%2Fwww.agoda.com%2Fwynn-las-vegas%2Fhotel%2Flas-vegas-nv-us.html&providerMode=separate,1,2026-07-11T14:50:10.920828+00:00
HWYNN001,Wynn Las Vegas,Las Vegas,United States,agoda,agoda,332.0,Agoda,7042e7d2abdee85e,2024-11-23,2024,2024-11-18,2024.0,10.0,0.0,10.0,10.0,https://www.agoda.com/api/cronos/property/review/HotelReviews?hotelId=50345&pageSize=50&referer=https%3A%2F%2Fwww.agoda.com%2Fwynn-las-vegas%2Fhotel%2Flas-vegas-nv-us.html&providerMode=separate,1,2026-07-11T14:50:10.920828+00:00
HWYNN001,Wynn Las Vegas,Las Vegas,United States,agoda,agoda,332.0,Agoda,f5632ff5a905d30a,2024-12-09,2024,2024-12-06,2024.0,10.0,0.0,10.0,10.0,https://www.agoda.com/api/cronos/property/review/HotelReviews?hotelId=50345&pageSize=50&referer=https%3A%2F%2Fwww.agoda.com%2Fwynn-las-vegas%2Fhotel%2Flas-vegas-nv-us.html&providerMode=separate,2,2026-07-11T14:50:10.920828+00:00
HWYNN001,Wynn Las Vegas,Las Vegas,United States,agoda,agoda,332.0,Agoda,ae65219abd4816a9,2024-12-22,2024,2024-09-25,2024.0,7.6,0.0,10.0,7.6,https://www.agoda.com/api/cronos/property/review/HotelReviews?hotelId=50345&pageSize=50&referer=https%3A%2F%2Fwww.agoda.com%2Fwynn-las-vegas%2Fhotel%2Flas-vegas-nv-us.html&providerMode=separate,3,2026-07-11T14:50:10.920828+00:00
HWYNN001,Wynn Las Vegas,Las Vegas,United States,agoda,agoda,332.0,Agoda,ea05204ee06d7eae,2024-12-27,2024,2024-12-19,2024.0,8.0,0.0,10.0,8.0,https://www.agoda.com/api/cronos/property/review/HotelReviews?hotelId=50345&pageSize=50&referer=https%3A%2F%2Fwww.agoda.com%2Fwynn-las-vegas%2Fhotel%2Flas-vegas-nv-us.html&providerMode=separate,1,2026-07-11T14:50:10.920828+00:00
HWYNN001,Wynn Las Vegas,Las Vegas,United States,agoda,agoda,332.0,Agoda,aa77332321774401,2024-12-29,2024,2024-12-10,2024.0,9.6,0.0,10.0,9.6,https://www.agoda.com/api/cronos/property/review/HotelReviews?hotelId=50345&pageSize=50&referer=https%3A%2F%2Fwww.agoda.com%2Fwynn-las-vegas%2Fhotel%2Flas-vegas-nv-us.html&providerMode=separate,3,2026-07-11T14:50:10.920828+00:00
HWYNN001,Wynn Las Vegas,Las Vegas,United States,agoda,agoda,332.0,Agoda,acee9e022f56e5d6,2025-01-02,2025,2024-12-26,2024.0,9.2,0.0,10.0,9.2,https://www.agoda.com/api/cronos/property/review/HotelReviews?hotelId=50345&pageSize=50&referer=https%3A%2F%2Fwww.agoda.com%2Fwynn-las-vegas%2Fhotel%2Flas-vegas-nv-us.html&providerMode=separate,2,2026-07-11T14:50:10.920828+00:00
HWYNN001,Wynn Las Vegas,Las Vegas,United States,agoda,agoda,332.0,Agoda,a16b7a252b34ccfe,2025-02-12,2025,2025-01-17,2025.0,8.8,0.0,10.0,8.8,https://www.agoda.com/api/cronos/property/review/HotelReviews?hotelId=50345&pageSize=50&referer=https%3A%2F%2Fwww.agoda.com%2Fwynn-las-vegas%2Fhotel%2Flas-vegas-nv-us.html&providerMode=separate,1,2026-07-11T14:50:10.920828+00:00
HWYNN001,Wynn Las Vegas,Las Vegas,United States,agoda,agoda,332.0,Agoda,4cad753c02b94489,2025-02-21,2025,2024-12-20,2024.0,10.0,0.0,10.0,10.0,https://www.agoda.com/api/cronos/property/review/HotelReviews?hotelId=50345&pageSize=50&referer=https%3A%2F%2Fwww.agoda.com%2Fwynn-las-vegas%2Fhotel%2Flas-vegas-nv-us.html&providerMode=separate,1,2026-07-11T14:50:10.920828+00:00
HWYNN001,Wynn Las Vegas,Las Vegas,United States,agoda,agoda,332.0,Agoda,d1700525467c8866,2025-02-25,2025,2025-02-21,2025.0,10.0,0.0,10.0,10.0,https://www.agoda.com/api/cronos/property/review/HotelReviews?hotelId=50345&pageSize=50&referer=https%3A%2F%2Fwww.agoda.com%2Fwynn-las-vegas%2Fhotel%2Flas-vegas-nv-us.html&providerMode=separate,2,2026-07-11T14:50:10.920828+00:00
HWYNN001,Wynn Las Vegas,Las Vegas,United States,agoda,agoda,332.0,Agoda,2632654385fd1603,2025-03-06,2025,2025-02-28,2025.0,7.6,0.0,10.0,7.6,https://www.agoda.com/api/cronos/property/review/HotelReviews?hotelId=50345&pageSize=50&referer=https%3A%2F%2Fwww.agoda.com%2Fwynn-las-vegas%2Fhotel%2Flas-vegas-nv-us.html&providerMode=separate,1,2026-07-11T14:50:10.920828+00:00
HWYNN001,Wynn Las Vegas,Las Vegas,United States,agoda,agoda,332.0,Agoda,56f1079e37b02793,2025-03-21,2025,2025-03-18,2025.0,10.0,0.0,10.0,10.0,https://www.agoda.com/api/cronos/property/review/HotelReviews?hotelId=50345&pageSize=50&referer=https%3A%2F%2Fwww.agoda.com%2Fwynn-las-vegas%2Fhotel%2Flas-vegas-nv-us.html&providerMode=separate,1,2026-07-11T14:50:10.920828+00:00
HWYNN001,Wynn Las Vegas,Las Vegas,United States,agoda,agoda,332.0,Agoda,7de8fa09bfa22d4f,2025-05-18,2025,2025-05-03,2025.0,10.0,0.0,10.0,10.0,https://www.agoda.com/api/cronos/property/review/HotelReviews?hotelId=50345&pageSize=50&referer=https%3A%2F%2Fwww.agoda.com%2Fwynn-las-vegas%2Fhotel%2Flas-vegas-nv-us.html&providerMode=separate,1,2026-07-11T14:50:10.920828+00:00
HWYNN001,Wynn Las Vegas,Las Vegas,United States,agoda,agoda,332.0,Agoda,6df77e0c92a2b31f,2025-05-25,2025,2025-05-21,2025.0,9.6,0.0,10.0,9.6,https://www.agoda.com/api/cronos/property/review/HotelReviews?hotelId=50345&pageSize=50&referer=https%3A%2F%2Fwww.agoda.com%2Fwynn-las-vegas%2Fhotel%2Flas-vegas-nv-us.html&providerMode=separate,1,2026-07-11T14:50:10.920828+00:00
HWYNN001,Wynn Las Vegas,Las Vegas,United States,agoda,agoda,332.0,Agoda,dcc3ea37c0e49be9,2025-05-29,2025,2025-03-08,2025.0,9.6,0.0,10.0,9.6,https://www.agoda.com/api/cronos/property/review/HotelReviews?hotelId=50345&pageSize=50&referer=https%3A%2F%2Fwww.agoda.com%2Fwynn-las-vegas%2Fhotel%2Flas-vegas-nv-us.html&providerMode=separate,1,2026-07-11T14:50:10.920828+00:00
HWYNN001,Wynn Las Vegas,Las Vegas,United States,agoda,agoda,332.0,Agoda,a78eb61f1219052d,2025-06-28,2025,2025-06-27,2025.0,2.0,0.0,10.0,2.0,https://www.agoda.com/api/cronos/property/review/HotelReviews?hotelId=50345&pageSize=50&referer=https%3A%2F%2Fwww.agoda.com%2Fwynn-las-vegas%2Fhotel%2Flas-vegas-nv-us.html&providerMode=separate,2,2026-07-11T14:50:10.920828+00:00
HWYNN001,Wynn Las Vegas,Las Vegas,United States,agoda,agoda,332.0,Agoda,303d6442d3507e1d,2025-07-12,2025,2025-07-08,2025.0,9.2,0.0,10.0,9.2,https://www.agoda.com/api/cronos/property/review/HotelReviews?hotelId=50345&pageSize=50&referer=https%3A%2F%2Fwww.agoda.com%2Fwynn-las-vegas%2Fhotel%2Flas-vegas-nv-us.html&providerMode=separate,1,2026-07-11T14:50:10.920828+00:00
HWYNN001,Wynn Las Vegas,Las Vegas,United States,agoda,agoda,332.0,Agoda,28fb2e5047b62b23,2025-07-29,2025,2025-07-24,2025.0,10.0,0.0,10.0,10.0,https://www.agoda.com/api/cronos/property/review/HotelReviews?hotelId=50345&pageSize=50&referer=https%3A%2F%2Fwww.agoda.com%2Fwynn-las-vegas%2Fhotel%2Flas-vegas-nv-us.html&providerMode=separate,1,2026-07-11T14:50:10.920828+00:00
HWYNN001,Wynn Las Vegas,Las Vegas,United States,agoda,agoda,332.0,Agoda,0ffec38017ff952c,2025-07-30,2025,2025-07-27,2025.0,10.0,0.0,10.0,10.0,https://www.agoda.com/api/cronos/property/review/HotelReviews?hotelId=50345&pageSize=50&referer=https%3A%2F%2Fwww.agoda.com%2Fwynn-las-vegas%2Fhotel%2Flas-vegas-nv-us.html&providerMode=separate,2,2026-07-11T14:50:10.920828+00:00
HWYNN001,Wynn Las Vegas,Las Vegas,United States,agoda,agoda,332.0,Agoda,098caf96ccd48a33,2025-07-31,2025,2025-07-27,2025.0,10.0,0.0,10.0,10.0,https://www.agoda.com/api/cronos/property/review/HotelReviews?hotelId=50345&pageSize=50&referer=https%3A%2F%2Fwww.agoda.com%2Fwynn-las-vegas%2Fhotel%2Flas-vegas-nv-us.html&providerMode=separate,1,2026-07-11T14:50:10.920828+00:00
HWYNN001,Wynn Las Vegas,Las Vegas,United States,agoda,agoda,332.0,Agoda,b37c63fa2096fa47,2025-08-07,2025,2025-08-03,2025.0,10.0,0.0,10.0,10.0,https://www.agoda.com/api/cronos/property/review/HotelReviews?hotelId=50345&pageSize=50&referer=https%3A%2F%2Fwww.agoda.com%2Fwynn-las-vegas%2Fhotel%2Flas-vegas-nv-us.html&providerMode=separate,3,2026-07-11T14:50:10.920828+00:00
HWYNN001,Wynn Las Vegas,Las Vegas,United States,agoda,agoda,332.0,Agoda,24d48c689738bbf0,2025-08-16,2025,2025-08-13,2025.0,10.0,0.0,10.0,10.0,https://www.agoda.com/api/cronos/property/review/HotelReviews?hotelId=50345&pageSize=50&referer=https%3A%2F%2Fwww.agoda.com%2Fwynn-las-vegas%2Fhotel%2Flas-vegas-nv-us.html&providerMode=separate,1,2026-07-11T14:50:10.920828+00:00
HWYNN001,Wynn Las Vegas,Las Vegas,United States,agoda,agoda,332.0,Agoda,f9c5b988d6f4ecee,2025-08-19,2025,2025-08-14,2025.0,10.0,0.0,10.0,10.0,https://www.agoda.com/api/cronos/property/review/HotelReviews?hotelId=50345&pageSize=50&referer=https%3A%2F%2Fwww.agoda.com%2Fwynn-las-vegas%2Fhotel%2Flas-vegas-nv-us.html&providerMode=separate,2,2026-07-11T14:50:10.920828+00:00
HWYNN001,Wynn Las Vegas,Las Vegas,United States,agoda,agoda,332.0,Agoda,5f854c12bfd45237,2025-08-26,2025,2025-08-20,2025.0,6.0,0.0,10.0,6.0,https://www.agoda.com/api/cronos/property/review/HotelReviews?hotelId=50345&pageSize=50&referer=https%3A%2F%2Fwww.agoda.com%2Fwynn-las-vegas%2Fhotel%2Flas-vegas-nv-us.html&providerMode=separate,2,2026-07-11T14:50:10.920828+00:00
HWYNN001,Wynn Las Vegas,Las Vegas,United States,agoda,agoda,332.0,Agoda,ddeb5cd6b160bdf7,2025-09-10,2025,2025-09-05,2025.0,10.0,0.0,10.0,10.0,https://www.agoda.com/api/cronos/property/review/HotelReviews?hotelId=50345&pageSize=50&referer=https%3A%2F%2Fwww.agoda.com%2Fwynn-las-vegas%2Fhotel%2Flas-vegas-nv-us.html&providerMode=separate,1,2026-07-11T14:50:10.920828+00:00
HWYNN001,Wynn Las Vegas,Las Vegas,United States,agoda,agoda,332.0,Agoda,f4202431f6370849,2025-09-10,2025,2025-09-02,2025.0,10.0,0.0,10.0,10.0,https://www.agoda.com/api/cronos/property/review/HotelReviews?hotelId=50345&pageSize=50&referer=https%3A%2F%2Fwww.agoda.com%2Fwynn-las-vegas%2Fhotel%2Flas-vegas-nv-us.html&providerMode=separate,2,2026-07-11T14:50:10.920828+00:00
HWYNN001,Wynn Las Vegas,Las Vegas,United States,agoda,agoda,332.0,Agoda,02aaae0125d92dfa,2025-09-26,2025,2025-09-25,2025.0,10.0,0.0,10.0,10.0,https://www.agoda.com/api/cronos/property/review/HotelReviews?hotelId=50345&pageSize=50&referer=https%3A%2F%2Fwww.agoda.com%2Fwynn-las-vegas%2Fhotel%2Flas-vegas-nv-us.html&providerMode=separate,1,2026-07-11T14:50:10.920828+00:00
HWYNN001,Wynn Las Vegas,Las Vegas,United States,agoda,agoda,332.0,Agoda,6a2ca02711982b94,2025-10-22,2025,2025-10-21,2025.0,8.8,0.0,10.0,8.8,https://www.agoda.com/api/cronos/property/review/HotelReviews?hotelId=50345&pageSize=50&referer=https%3A%2F%2Fwww.agoda.com%2Fwynn-las-vegas%2Fhotel%2Flas-vegas-nv-us.html&providerMode=separate,3,2026-07-11T14:50:10.920828+00:00
HWYNN001,Wynn Las Vegas,Las Vegas,United States,agoda,agoda,332.0,Agoda,1c06dbfdbab63575,2025-11-01,2025,2025-10-27,2025.0,4.4,0.0,10.0,4.4,https://www.agoda.com/api/cronos/property/review/HotelReviews?hotelId=50345&pageSize=50&referer=https%3A%2F%2Fwww.agoda.com%2Fwynn-las-vegas%2Fhotel%2Flas-vegas-nv-us.html&providerMode=separate,1,2026-07-11T14:50:10.920828+00:00
HWYNN001,Wynn Las Vegas,Las Vegas,United States,agoda,agoda,332.0,Agoda,f7131e7a65b3f6f4,2025-11-28,2025,2025-09-21,2025.0,9.2,0.0,10.0,9.2,https://www.agoda.com/api/cronos/property/review/HotelReviews?hotelId=50345&pageSize=50&referer=https%3A%2F%2Fwww.agoda.com%2Fwynn-las-vegas%2Fhotel%2Flas-vegas-nv-us.html&providerMode=separate,2,2026-07-11T14:50:10.920828+00:00
HWYNN001,Wynn Las Vegas,Las Vegas,United States,agoda,agoda,332.0,Agoda,5896b28cafe37234,2025-12-22,2025,2025-12-19,2025.0,8.8,0.0,10.0,8.8,https://www.agoda.com/api/cronos/property/review/HotelReviews?hotelId=50345&pageSize=50&referer=https%3A%2F%2Fwww.agoda.com%2Fwynn-las-vegas%2Fhotel%2Flas-vegas-nv-us.html&providerMode=separate,1,2026-07-11T14:50:10.920828+00:00
HWYNN001,Wynn Las Vegas,Las Vegas,United States,agoda,agoda,332.0,Agoda,b9fd7966e7d40d67,2025-12-31,2025,2025-12-27,2025.0,10.0,0.0,10.0,10.0,https://www.agoda.com/api/cronos/property/review/HotelReviews?hotelId=50345&pageSize=50&referer=https%3A%2F%2Fwww.agoda.com%2Fwynn-las-vegas%2Fhotel%2Flas-vegas-nv-us.html&providerMode=separate,1,2026-07-11T14:50:10.920828+00:00
HWYNN001,Wynn Las Vegas,Las Vegas,United States,booking_via_agoda,agoda,3038.0,Booking.com,b4d5f1de1ba39d94,2024-01-02,2024,,,5.0,0.0,10.0,5.0,https://www.agoda.com/api/cronos/property/review/HotelReviews?hotelId=50345&pageSize=50&referer=https%3A%2F%2Fwww.agoda.com%2Fwynn-las-vegas%2Fhotel%2Flas-vegas-nv-us.html&providerMode=separate,6,2026-07-11T14:50:10.920828+00:00
HWYNN001,Wynn Las Vegas,Las Vegas,United States,booking_via_agoda,agoda,3038.0,Booking.com,85e78b988613c1d6,2024-01-02,2024,,,10.0,0.0,10.0,10.0,https://www.agoda.com/api/cronos/property/review/HotelReviews?hotelId=50345&pageSize=50&referer=https%3A%2F%2Fwww.agoda.com%2Fwynn-las-vegas%2Fhotel%2Flas-vegas-nv-us.html&providerMode=separate,6,2026-07-11T14:50:10.920828+00:00
HWYNN001,Wynn Las Vegas,Las Vegas,United States,booking_via_agoda,agoda,3038.0,Booking.com,9a2de7de94e529dd,2024-01-02,2024,,,10.0,0.0,10.0,10.0,https://www.agoda.com/api/cronos/property/review/HotelReviews?hotelId=50345&pageSize=50&referer=https%3A%2F%2Fwww.agoda.com%2Fwynn-las-vegas%2Fhotel%2Flas-vegas-nv-us.html&providerMode=separate,11,2026-07-11T14:50:10.920828+00:00
HWYNN001,Wynn Las Vegas,Las Vegas,United States,booking_via_agoda,agoda,3038.0,Booking.com,d9db1eea42b681e3,2024-01-02,2024,,,10.0,0.0,10.0,10.0,https://www.agoda.com/api/cronos/property/review/HotelReviews?hotelId=50345&pageSize=50&referer=https%3A%2F%2Fwww.agoda.com%2Fwynn-las-vegas%2Fhotel%2Flas-vegas-nv-us.html&providerMode=separate,19,2026-07-11T14:50:10.920828+00:00
HWYNN001,Wynn Las Vegas,Las Vegas,United States,booking_via_agoda,agoda,3038.0,Booking.com,0d4d5a78b0740e88,2024-01-02,2024,,,10.0,0.0,10.0,10.0,https://www.agoda.com/api/cronos/property/review/HotelReviews?hotelId=50345&pageSize=50&referer=https%3A%2F%2Fwww.agoda.com%2Fwynn-las-vegas%2Fhotel%2Flas-vegas-nv-us.html&providerMode=separate,19,2026-07-11T14:50:10.920828+00:00
HWYNN001,Wynn Las Vegas,Las Vegas,United States,booking_via_agoda,agoda,3038.0,Booking.com,33091aa1525f1797,2024-01-03,2024,,,10.0,0.0,10.0,10.0,https://www.agoda.com/api/cronos/property/review/HotelReviews?hotelId=50345&pageSize=50&referer=https%3A%2F%2Fwww.agoda.com%2Fwynn-las-vegas%2Fhotel%2Flas-vegas-nv-us.html&providerMode=separate,13,2026-07-11T14:50:10.920828+00:00
HWYNN001,Wynn Las Vegas,Las Vegas,United States,booking_via_agoda,agoda,3038.0,Booking.com,45674325c91caa30,2024-01-03,2024,,,4.0,0.0,10.0,4.0,https://www.agoda.com/api/cronos/property/review/HotelReviews?hotelId=50345&pageSize=50&referer=https%3A%2F%2Fwww.agoda.com%2Fwynn-las-vegas%2Fhotel%2Flas-vegas-nv-us.html&providerMode=separate,14,2026-07-11T14:50:10.920828+00:00
HWYNN001,Wynn Las Vegas,Las Vegas,United States,booking_via_agoda,agoda,3038.0,Booking.com,8390ac4d13e95658,2024-01-03,2024,,,1.0,0.0,10.0,1.0,https://www.agoda.com/api/cronos/property/review/HotelReviews?hotelId=50345&pageSize=50&referer=https%3A%2F%2Fwww.agoda.com%2Fwynn-las-vegas%2Fhotel%2Flas-vegas-nv-us.html&providerMode=separate,19,2026-07-11T14:50:10.920828+00:00
HWYNN001,Wynn Las Vegas,Las Vegas,United States,booking_via_agoda,agoda,3038.0,Booking.com,9d4bd709755e5e44,2024-01-03,2024,,,9.0,0.0,10.0,9.0,https://www.agoda.com/api/cronos/property/review/HotelReviews?hotelId=50345&pageSize=50&referer=https%3A%2F%2Fwww.agoda.com%2Fwynn-las-vegas%2Fhotel%2Flas-vegas-nv-us.html&providerMode=separate,21,2026-07-11T14:50:10.920828+00:00
HWYNN001,Wynn Las Vegas,Las Vegas,United States,booking_via_agoda,agoda,3038.0,Booking.com,e590b7d70d9402ee,2024-01-04,2024,,,9.0,0.0,10.0,9.0,https://www.agoda.com/api/cronos/property/review/HotelReviews?hotelId=50345&pageSize=50&referer=https%3A%2F%2Fwww.agoda.com%2Fwynn-las-vegas%2Fhotel%2Flas-vegas-nv-us.html&providerMode=separate,11,2026-07-11T14:50:10.920828+00:00
HWYNN001,Wynn Las Vegas,Las Vegas,United States,booking_via_agoda,agoda,3038.0,Booking.com,868658d3e61e4d5c,2024-01-05,2024,,,10.0,0.0,10.0,10.0,https://www.agoda.com/api/cronos/property/review/HotelReviews?hotelId=50345&pageSize=50&referer=https%3A%2F%2Fwww.agoda.com%2Fwynn-las-vegas%2Fhotel%2Flas-vegas-nv-us.html&providerMode=separate,14,2026-07-11T14:50:10.920828+00:00
HWYNN001,Wynn Las Vegas,Las Vegas,United States,booking_via_agoda,agoda,3038.0,Booking.com,6d698bf198868e21,2024-01-05,2024,,,9.0,0.0,10.0,9.0,https://www.agoda.com/api/cronos/property/review/HotelReviews?hotelId=50345&pageSize=50&referer=https%3A%2F%2Fwww.agoda.com%2Fwynn-las-vegas%2Fhotel%2Flas-vegas-nv-us.html&providerMode=separate,19,2026-07-11T14:50:10.920828+00:00
HWYNN001,Wynn Las Vegas,Las Vegas,United States,booking_via_agoda,agoda,3038.0,Booking.com,e93ebc9543fda3a8,2024-01-06,2024,,,9.0,0.0,10.0,9.0,https://www.agoda.com/api/cronos/property/review/HotelReviews?hotelId=50345&pageSize=50&referer=https%3A%2F%2Fwww.agoda.com%2Fwynn-las-vegas%2Fhotel%2Flas-vegas-nv-us.html&providerMode=separate,12,2026-07-11T14:50:10.920828+00:00
HWYNN001,Wynn Las Vegas,Las Vegas,United States,booking_via_agoda,agoda,3038.0,Booking.com,92650e4951d98aaf,2024-01-06,2024,,,3.0,0.0,10.0,3.0,https://www.agoda.com/api/cronos/property/review/HotelReviews?hotelId=50345&pageSize=50&referer=https%3A%2F%2Fwww.agoda.com%2Fwynn-las-vegas%2Fhotel%2Flas-vegas-nv-us.html&providerMode=separate,19,2026-07-11T14:50:10.920828+00:00
HWYNN001,Wynn Las Vegas,Las Vegas,United States,booking_via_agoda,agoda,3038.0,Booking.com,49751bae3b0f68f8,2024-01-07,2024,,,10.0,0.0,10.0,10.0,https://www.agoda.com/api/cronos/property/review/HotelReviews?hotelId=50345&pageSize=50&referer=https%3A%2F%2Fwww.agoda.com%2Fwynn-las-vegas%2Fhotel%2Flas-vegas-nv-us.html&providerMode=separate,11,2026-07-11T14:50:10.920828+00:00
HWYNN001,Wynn Las Vegas,Las Vegas,United States,booking_via_agoda,agoda,3038.0,Booking.com,3803892c91ba4f91,2024-01-09,2024,,,1.0,0.0,10.0,1.0,https://www.agoda.com/api/cronos/property/review/HotelReviews?hotelId=50345&pageSize=50&referer=https%3A%2F%2Fwww.agoda.com%2Fwynn-las-vegas%2Fhotel%2Flas-vegas-nv-us.html&providerMode=separate,6,2026-07-11T14:50:10.920828+00:00
HWYNN001,Wynn Las Vegas,Las Vegas,United States,booking_via_agoda,agoda,3038.0,Booking.com,7d71fdbd5deaae6e,2024-01-09,2024,,,10.0,0.0,10.0,10.0,https://www.agoda.com/api/cronos/property/review/HotelReviews?hotelId=50345&pageSize=50&referer=https%3A%2F%2Fwww.agoda.com%2Fwynn-las-vegas%2Fhotel%2Flas-vegas-nv-us.html&providerMode=separate,11,2026-07-11T14:50:10.920828+00:00
HWYNN001,Wynn Las Vegas,Las Vegas,United States,booking_via_agoda,agoda,3038.0,Booking.com,74a6c748112268c4,2024-01-10,2024,,,7.0,0.0,10.0,7.0,https://www.agoda.com/api/cronos/property/review/HotelReviews?hotelId=50345&pageSize=50&referer=https%3A%2F%2Fwww.agoda.com%2Fwynn-las-vegas%2Fhotel%2Flas-vegas-nv-us.html&providerMode=separate,6,2026-07-11T14:50:10.920828+00:00
HWYNN001,Wynn Las Vegas,Las Vegas,United States,booking_via_agoda,agoda,3038.0,Booking.com,6ab53b969e19c331,2024-01-12,2024,,,10.0,0.0,10.0,10.0,https://www.agoda.com/api/cronos/property/review/HotelReviews?hotelId=50345&pageSize=50&referer=https%3A%2F%2Fwww.agoda.com%2Fwynn-las-vegas%2Fhotel%2Flas-vegas-nv-us.html&providerMode=separate,19,2026-07-11T14:50:10.920828+00:00
HWYNN001,Wynn Las Vegas,Las Vegas,United States,booking_via_agoda,agoda,3038.0,Booking.com,2d48376e739109b4,2024-01-14,2024,,,9.0,0.0,10.0,9.0,https://www.agoda.com/api/cronos/property/review/HotelReviews?hotelId=50345&pageSize=50&referer=https%3A%2F%2Fwww.agoda.com%2Fwynn-las-vegas%2Fhotel%2Flas-vegas-nv-us.html&providerMode=separate,6,2026-07-11T14:50:10.920828+00:00
HWYNN001,Wynn Las Vegas,Las Vegas,United States,booking_via_agoda,agoda,3038.0,Booking.com,42274985873aface,2024-01-14,2024,,,10.0,0.0,10.0,10.0,https://www.agoda.com/api/cronos/property/review/HotelReviews?hotelId=50345&pageSize=50&referer=https%3A%2F%2Fwww.agoda.com%2Fwynn-las-vegas%2Fhotel%2Flas-vegas-nv-us.html&providerMode=separate,6,2026-07-11T14:50:10.920828+00:00
HWYNN001,Wynn Las Vegas,Las Vegas,United States,booking_via_agoda,agoda,3038.0,Booking.com,4d57ca38ba458e93,2024-01-25,2024,,,9.0,0.0,10.0,9.0,https://www.agoda.com/api/cronos/property/review/HotelReviews?hotelId=50345&pageSize=50&referer=https%3A%2F%2Fwww.agoda.com%2Fwynn-las-vegas%2Fhotel%2Flas-vegas-nv-us.html&providerMode=separate,12,2026-07-11T14:50:10.920828+00:00
HWYNN001,Wynn Las Vegas,Las Vegas,United States,booking_via_agoda,agoda,3038.0,Booking.com,b5e965f077c1292b,2024-01-26,2024,,,10.0,0.0,10.0,10.0,https://www.agoda.com/api/cronos/property/review/HotelReviews?hotelId=50345&pageSize=50&referer=https%3A%2F%2Fwww.agoda.com%2Fwynn-las-vegas%2Fhotel%2Flas-vegas-nv-us.html&providerMode=separate,6,2026-07-11T14:50:10.920828+00:00
HWYNN001,Wynn Las Vegas,Las Vegas,United States,booking_via_agoda,agoda,3038.0,Booking.com,9a8244da65365e0b,2024-01-27,2024,,,10.0,0.0,10.0,10.0,https://www.agoda.com/api/cronos/property/review/HotelReviews?hotelId=50345&pageSize=50&referer=https%3A%2F%2Fwww.agoda.com%2Fwynn-las-vegas%2Fhotel%2Flas-vegas-nv-us.html&providerMode=separate,19,2026-07-11T14:50:10.920828+00:00
HWYNN001,Wynn Las Vegas,Las Vegas,United States,booking_via_agoda,agoda,3038.0,Booking.com,fb3acdcca341f65d,2024-01-28,2024,,,10.0,0.0,10.0,10.0,https://www.agoda.com/api/cronos/property/review/HotelReviews?hotelId=50345&pageSize=50&referer=https%3A%2F%2Fwww.agoda.com%2Fwynn-las-vegas%2Fhotel%2Flas-vegas-nv-us.html&providerMode=separate,6,2026-07-11T14:50:10.920828+00:00
HWYNN001,Wynn Las Vegas,Las Vegas,United States,booking_via_agoda,agoda,3038.0,Booking.com,2c8f98ecdfaf41e6,2024-01-28,2024,,,6.0,0.0,10.0,6.0,https://www.agoda.com/api/cronos/property/review/HotelReviews?hotelId=50345&pageSize=50&referer=https%3A%2F%2Fwww.agoda.com%2Fwynn-las-vegas%2Fhotel%2Flas-vegas-nv-us.html&providerMode=separate,11,2026-07-11T14:50:10.920828+00:00
HWYNN001,Wynn Las Vegas,Las Vegas,United States,booking_via_agoda,agoda,3038.0,Booking.com,607609cd1b4b10ad,2024-01-30,2024,,,8.0,0.0,10.0,8.0,https://www.agoda.com/api/cronos/property/review/HotelReviews?hotelId=50345&pageSize=50&referer=https%3A%2F%2Fwww.agoda.com%2Fwynn-las-vegas%2Fhotel%2Flas-vegas-nv-us.html&providerMode=separate,11,2026-07-11T14:50:10.920828+00:00
HWYNN001,Wynn Las Vegas,Las Vegas,United States,booking_via_agoda,agoda,3038.0,Booking.com,862b213d4274be66,2024-01-31,2024,,,4.0,0.0,10.0,4.0,https://www.agoda.com/api/cronos/property/review/HotelReviews?hotelId=50345&pageSize=50&referer=https%3A%2F%2Fwww.agoda.com%2Fwynn-las-vegas%2Fhotel%2Flas-vegas-nv-us.html&providerMode=separate,6,2026-07-11T14:50:10.920828+00:00
HWYNN001,Wynn Las Vegas,Las Vegas,United States,booking_via_agoda,agoda,3038.0,Booking.com,1aba6ce72f50b4da,2024-02-02,2024,,,10.0,0.0,10.0,10.0,https://www.agoda.com/api/cronos/property/review/HotelReviews?hotelId=50345&pageSize=50&referer=https%3A%2F%2Fwww.agoda.com%2Fwynn-las-vegas%2Fhotel%2Flas-vegas-nv-us.html&providerMode=separate,6,2026-07-11T14:50:10.920828+00:00
HWYNN001,Wynn Las Vegas,Las Vegas,United States,booking_via_agoda,agoda,3038.0,Booking.com,dc120fd90e85c68d,2024-02-05,2024,,,5.0,0.0,10.0,5.0,https://www.agoda.com/api/cronos/property/review/HotelReviews?hotelId=50345&pageSize=50&referer=https%3A%2F%2Fwww.agoda.com%2Fwynn-las-vegas%2Fhotel%2Flas-vegas-nv-us.html&providerMode=separate,21,2026-07-11T14:50:10.920828+00:00
HWYNN001,Wynn Las Vegas,Las Vegas,United States,booking_via_agoda,agoda,3038.0,Booking.com,6fb4783560afd856,2024-02-06,2024,,,1.0,0.0,10.0,1.0,https://www.agoda.com/api/cronos/property/review/HotelReviews?hotelId=50345&pageSize=50&referer=https%3A%2F%2Fwww.agoda.com%2Fwynn-las-vegas%2Fhotel%2Flas-vegas-nv-us.html&providerMode=separate,19,2026-07-11T14:50:10.920828+00:00
HWYNN001,Wynn Las Vegas,Las Vegas,United States,booking_via_agoda,agoda,3038.0,Booking.com,eee9ab404f280aac,2024-02-09,2024,,,10.0,0.0,10.0,10.0,https://www.agoda.com/api/cronos/property/review/HotelReviews?hotelId=50345&pageSize=50&referer=https%3A%2F%2Fwww.agoda.com%2Fwynn-las-vegas%2Fhotel%2Flas-vegas-nv-us.html&providerMode=separate,6,2026-07-11T14:50:10.920828+00:00
HWYNN001,Wynn Las Vegas,Las Vegas,United States,booking_via_agoda,agoda,3038.0,Booking.com,c071a1b52c7847ad,2024-02-13,2024,,,10.0,0.0,10.0,10.0,https://www.agoda.com/api/cronos/property/review/HotelReviews?hotelId=50345&pageSize=50&referer=https%3A%2F%2Fwww.agoda.com%2Fwynn-las-vegas%2Fhotel%2Flas-vegas-nv-us.html&providerMode=separate,6,2026-07-11T14:50:10.920828+00:00
HWYNN001,Wynn Las Vegas,Las Vegas,United States,booking_via_agoda,agoda,3038.0,Booking.com,4b2205d4bf65c588,2024-02-18,2024,,,9.0,0.0,10.0,9.0,https://www.agoda.com/api/cronos/property/review/HotelReviews?hotelId=50345&pageSize=50&referer=https%3A%2F%2Fwww.agoda.com%2Fwynn-las-vegas%2Fhotel%2Flas-vegas-nv-us.html&providerMode=separate,19,2026-07-11T14:50:10.920828+00:00
HWYNN001,Wynn Las Vegas,Las Vegas,United States,booking_via_agoda,agoda,3038.0,Booking.com,ccd84b9c6b978f03,2024-02-19,2024,,,10.0,0.0,10.0,10.0,https://www.agoda.com/api/cronos/property/review/HotelReviews?hotelId=50345&pageSize=50&referer=https%3A%2F%2Fwww.agoda.com%2Fwynn-las-vegas%2Fhotel%2Flas-vegas-nv-us.html&providerMode=separate,6,2026-07-11T14:50:10.920828+00:00
HWYNN001,Wynn Las Vegas,Las Vegas,United States,booking_via_agoda,agoda,3038.0,Booking.com,9e13acd4a3ad12fb,2024-02-20,2024,,,9.0,0.0,10.0,9.0,https://www.agoda.com/api/cronos/property/review/HotelReviews?hotelId=50345&pageSize=50&referer=https%3A%2F%2Fwww.agoda.com%2Fwynn-las-vegas%2Fhotel%2Flas-vegas-nv-us.html&providerMode=separate,6,2026-07-11T14:50:10.920828+00:00
HWYNN001,Wynn Las Vegas,Las Vegas,United States,booking_via_agoda,agoda,3038.0,Booking.com,824f450db5544fcb,2024-02-21,2024,,,9.0,0.0,10.0,9.0,https://www.agoda.com/api/cronos/property/review/HotelReviews?hotelId=50345&pageSize=50&referer=https%3A%2F%2Fwww.agoda.com%2Fwynn-las-vegas%2Fhotel%2Flas-vegas-nv-us.html&providerMode=separate,11,2026-07-11T14:50:10.920828+00:00
HWYNN001,Wynn Las Vegas,Las Vegas,United States,booking_via_agoda,agoda,3038.0,Booking.com,336e65511666aef9,2024-02-21,2024,,,10.0,0.0,10.0,10.0,https://www.agoda.com/api/cronos/property/review/HotelReviews?hotelId=50345&pageSize=50&referer=https%3A%2F%2Fwww.agoda.com%2Fwynn-las-vegas%2Fhotel%2Flas-vegas-nv-us.html&providerMode=separate,19,2026-07-11T14:50:10.920828+00:00
HWYNN001,Wynn Las Vegas,Las Vegas,United States,booking_via_agoda,agoda,3038.0,Booking.com,30cf15dfa8bcc56c,2024-02-22,2024,,,8.0,0.0,10.0,8.0,https://www.agoda.com/api/cronos/property/review/HotelReviews?hotelId=50345&pageSize=50&referer=https%3A%2F%2Fwww.agoda.com%2Fwynn-las-vegas%2Fhotel%2Flas-vegas-nv-us.html&providerMode=separate,6,2026-07-11T14:50:10.920828+00:00
HWYNN001,Wynn Las Vegas,Las Vegas,United States,booking_via_agoda,agoda,3038.0,Booking.com,2e9a1a65bee0b7c1,2024-02-23,2024,,,9.0,0.0,10.0,9.0,https://www.agoda.com/api/cronos/property/review/HotelReviews?hotelId=50345&pageSize=50&referer=https%3A%2F%2Fwww.agoda.com%2Fwynn-las-vegas%2Fhotel%2Flas-vegas-nv-us.html&providerMode=separate,6,2026-07-11T14:50:10.920828+00:00
HWYNN001,Wynn Las Vegas,Las Vegas,United States,booking_via_agoda,agoda,3038.0,Booking.com,39c010c559ba0bc5,2024-02-23,2024,,,5.0,0.0,10.0,5.0,https://www.agoda.com/api/cronos/property/review/HotelReviews?hotelId=50345&pageSize=50&referer=https%3A%2F%2Fwww.agoda.com%2Fwynn-las-vegas%2Fhotel%2Flas-vegas-nv-us.html&providerMode=separate,19,2026-07-11T14:50:10.920828+00:00
HWYNN001,Wynn Las Vegas,Las Vegas,United States,booking_via_agoda,agoda,3038.0,Booking.com,2f51a0ae2183331f,2024-02-27,2024,,,6.0,0.0,10.0,6.0,https://www.agoda.com/api/cronos/property/review/HotelReviews?hotelId=50345&pageSize=50&referer=https%3A%2F%2Fwww.agoda.com%2Fwynn-las-vegas%2Fhotel%2Flas-vegas-nv-us.html&providerMode=separate,19,2026-07-11T14:50:10.920828+00:00
HWYNN001,Wynn Las Vegas,Las Vegas,United States,booking_via_agoda,agoda,3038.0,Booking.com,da3b06fc954739e2,2024-03-01,2024,,,10.0,0.0,10.0,10.0,https://www.agoda.com/api/cronos/property/review/HotelReviews?hotelId=50345&pageSize=50&referer=https%3A%2F%2Fwww.agoda.com%2Fwynn-las-vegas%2Fhotel%2Flas-vegas-nv-us.html&providerMode=separate,6,2026-07-11T14:50:10.920828+00:00
HWYNN001,Wynn Las Vegas,Las Vegas,United States,booking_via_agoda,agoda,3038.0,Booking.com,5517526758c24fe7,2024-03-02,2024,,,9.0,0.0,10.0,9.0,https://www.agoda.com/api/cronos/property/review/HotelReviews?hotelId=50345&pageSize=50&referer=https%3A%2F%2Fwww.agoda.com%2Fwynn-las-vegas%2Fhotel%2Flas-vegas-nv-us.html&providerMode=separate,6,2026-07-11T14:50:10.920828+00:00
HWYNN001,Wynn Las Vegas,Las Vegas,United States,booking_via_agoda,agoda,3038.0,Booking.com,bfb59ea313425cdb,2024-03-03,2024,,,8.0,0.0,10.0,8.0,https://www.agoda.com/api/cronos/property/review/HotelReviews?hotelId=50345&pageSize=50&referer=https%3A%2F%2Fwww.agoda.com%2Fwynn-las-vegas%2Fhotel%2Flas-vegas-nv-us.html&providerMode=separate,6,2026-07-11T14:50:10.920828+00:00
HWYNN001,Wynn Las Vegas,Las Vegas,United States,booking_via_agoda,agoda,3038.0,Booking.com,a4b50f85b858d942,2024-03-12,2024,,,10.0,0.0,10.0,10.0,https://www.agoda.com/api/cronos/property/review/HotelReviews?hotelId=50345&pageSize=50&referer=https%3A%2F%2Fwww.agoda.com%2Fwynn-las-vegas%2Fhotel%2Flas-vegas-nv-us.html&providerMode=separate,11,2026-07-11T14:50:10.920828+00:00
HWYNN001,Wynn Las Vegas,Las Vegas,United States,booking_via_agoda,agoda,3038.0,Booking.com,b2c0d653dad34a42,2024-03-18,2024,,,9.0,0.0,10.0,9.0,https://www.agoda.com/api/cronos/property/review/HotelReviews?hotelId=50345&pageSize=50&referer=https%3A%2F%2Fwww.agoda.com%2Fwynn-las-vegas%2Fhotel%2Flas-vegas-nv-us.html&providerMode=separate,5,2026-07-11T14:50:10.920828+00:00
HWYNN001,Wynn Las Vegas,Las Vegas,United States,booking_via_agoda,agoda,3038.0,Booking.com,4f6276beae0590af,2024-03-19,2024,,,10.0,0.0,10.0,10.0,https://www.agoda.com/api/cronos/property/review/HotelReviews?hotelId=50345&pageSize=50&referer=https%3A%2F%2Fwww.agoda.com%2Fwynn-las-vegas%2Fhotel%2Flas-vegas-nv-us.html&providerMode=separate,5,2026-07-11T14:50:10.920828+00:00
HWYNN001,Wynn Las Vegas,Las Vegas,United States,booking_via_agoda,agoda,3038.0,Booking.com,2836b95cd6bd71fc,2024-03-21,2024,,,9.0,0.0,10.0,9.0,https://www.agoda.com/api/cronos/property/review/HotelReviews?hotelId=50345&pageSize=50&referer=https%3A%2F%2Fwww.agoda.com%2Fwynn-las-vegas%2Fhotel%2Flas-vegas-nv-us.html&providerMode=separate,5,2026-07-11T14:50:10.920828+00:00
HWYNN001,Wynn Las Vegas,Las Vegas,United States,booking_via_agoda,agoda,3038.0,Booking.com,ba7ca611b3e5bdbd,2024-03-23,2024,,,8.0,0.0,10.0,8.0,https://www.agoda.com/api/cronos/property/review/HotelReviews?hotelId=50345&pageSize=50&referer=https%3A%2F%2Fwww.agoda.com%2Fwynn-las-vegas%2Fhotel%2Flas-vegas-nv-us.html&providerMode=separate,19,2026-07-11T14:50:10.920828+00:00
HWYNN001,Wynn Las Vegas,Las Vegas,United States,booking_via_agoda,agoda,3038.0,Booking.com,523aaba0a1d91aa9,2024-03-23,2024,,,2.0,0.0,10.0,2.0,https://www.agoda.com/api/cronos/property/review/HotelReviews?hotelId=50345&pageSize=50&referer=https%3A%2F%2Fwww.agoda.com%2Fwynn-las-vegas%2Fhotel%2Flas-vegas-nv-us.html&providerMode=separate,19,2026-07-11T14:50:10.920828+00:00
HWYNN001,Wynn Las Vegas,Las Vegas,United States,booking_via_agoda,agoda,3038.0,Booking.com,667eab56d8985df9,2024-03-24,2024,,,10.0,0.0,10.0,10.0,https://www.agoda.com/api/cronos/property/review/HotelReviews?hotelId=50345&pageSize=50&referer=https%3A%2F%2Fwww.agoda.com%2Fwynn-las-vegas%2Fhotel%2Flas-vegas-nv-us.html&providerMode=separate,16,2026-07-11T14:50:10.920828+00:00
HWYNN001,Wynn Las Vegas,Las Vegas,United States,booking_via_agoda,agoda,3038.0,Booking.com,c556109d81b2e2b6,2024-03-25,2024,,,10.0,0.0,10.0,10.0,https://www.agoda.com/api/cronos/property/review/HotelReviews?hotelId=50345&pageSize=50&referer=https%3A%2F%2Fwww.agoda.com%2Fwynn-las-vegas%2Fhotel%2Flas-vegas-nv-us.html&providerMode=separate,19,2026-07-11T14:50:10.920828+00:00
HWYNN001,Wynn Las Vegas,Las Vegas,United States,booking_via_agoda,agoda,3038.0,Booking.com,fb2aea146acc89a9,2024-03-26,2024,,,1.0,0.0,10.0,1.0,https://www.agoda.com/api/cronos/property/review/HotelReviews?hotelId=50345&pageSize=50&referer=https%3A%2F%2Fwww.agoda.com%2Fwynn-las-vegas%2Fhotel%2Flas-vegas-nv-us.html&providerMode=separate,5,2026-07-11T14:50:10.920828+00:00
HWYNN001,Wynn Las Vegas,Las Vegas,United States,booking_via_agoda,agoda,3038.0,Booking.com,daae43f1390213be,2024-03-28,2024,,,9.0,0.0,10.0,9.0,https://www.agoda.com/api/cronos/property/review/HotelReviews?hotelId=50345&pageSize=50&referer=https%3A%2F%2Fwww.agoda.com%2Fwynn-las-vegas%2Fhotel%2Flas-vegas-nv-us.html&providerMode=separate,11,2026-07-11T14:50:10.920828+00:00
HWYNN001,Wynn Las Vegas,Las Vegas,United States,booking_via_agoda,agoda,3038.0,Booking.com,de34d2584929633b,2024-03-28,2024,,,10.0,0.0,10.0,10.0,https://www.agoda.com/api/cronos/property/review/HotelReviews?hotelId=50345&pageSize=50&referer=https%3A%2F%2Fwww.agoda.com%2Fwynn-las-vegas%2Fhotel%2Flas-vegas-nv-us.html&providerMode=separate,14,2026-07-11T14:50:10.920828+00:00
HWYNN001,Wynn Las Vegas,Las Vegas,United States,booking_via_agoda,agoda,3038.0,Booking.com,23ff44a976529fde,2024-03-29,2024,,,9.0,0.0,10.0,9.0,https://www.agoda.com/api/cronos/property/review/HotelReviews?hotelId=50345&pageSize=50&referer=https%3A%2F%2Fwww.agoda.com%2Fwynn-las-vegas%2Fhotel%2Flas-vegas-nv-us.html&providerMode=separate,19,2026-07-11T14:50:10.920828+00:00
HWYNN001,Wynn Las Vegas,Las Vegas,United States,booking_via_agoda,agoda,3038.0,Booking.com,a2cce05f5c2e14ca,2024-03-30,2024,,,10.0,0.0,10.0,10.0,https://www.agoda.com/api/cronos/property/review/HotelReviews?hotelId=50345&pageSize=50&referer=https%3A%2F%2Fwww.agoda.com%2Fwynn-las-vegas%2Fhotel%2Flas-vegas-nv-us.html&providerMode=separate,5,2026-07-11T14:50:10.920828+00:00
HWYNN001,Wynn Las Vegas,Las Vegas,United States,booking_via_agoda,agoda,3038.0,Booking.com,c12ea99b698402a4,2024-03-30,2024,,,10.0,0.0,10.0,10.0,https://www.agoda.com/api/cronos/property/review/HotelReviews?hotelId=50345&pageSize=50&referer=https%3A%2F%2Fwww.agoda.com%2Fwynn-las-vegas%2Fhotel%2Flas-vegas-nv-us.html&providerMode=separate,5,2026-07-11T14:50:10.920828+00:00
HWYNN001,Wynn Las Vegas,Las Vegas,United States,booking_via_agoda,agoda,3038.0,Booking.com,55ae930daa43c0b9,2024-04-01,2024,,,10.0,0.0,10.0,10.0,https://www.agoda.com/api/cronos/property/review/HotelReviews?hotelId=50345&pageSize=50&referer=https%3A%2F%2Fwww.agoda.com%2Fwynn-las-vegas%2Fhotel%2Flas-vegas-nv-us.html&providerMode=separate,5,2026-07-11T14:50:10.920828+00:00
HWYNN001,Wynn Las Vegas,Las Vegas,United States,booking_via_agoda,agoda,3038.0,Booking.com,539f0e69e584707b,2024-04-02,2024,,,7.0,0.0,10.0,7.0,https://www.agoda.com/api/cronos/property/review/HotelReviews?hotelId=50345&pageSize=50&referer=https%3A%2F%2Fwww.agoda.com%2Fwynn-las-vegas%2Fhotel%2Flas-vegas-nv-us.html&providerMode=separate,5,2026-07-11T14:50:10.920828+00:00
HWYNN001,Wynn Las Vegas,Las Vegas,United States,booking_via_agoda,agoda,3038.0,Booking.com,1e2b6140bedb4638,2024-04-02,2024,,,10.0,0.0,10.0,10.0,https://www.agoda.com/api/cronos/property/review/HotelReviews?hotelId=50345&pageSize=50&referer=https%3A%2F%2Fwww.agoda.com%2Fwynn-las-vegas%2Fhotel%2Flas-vegas-nv-us.html&providerMode=separate,14,2026-07-11T14:50:10.920828+00:00
HWYNN001,Wynn Las Vegas,Las Vegas,United States,booking_via_agoda,agoda,3038.0,Booking.com,ba7ed80ac041bd00,2024-04-03,2024,,,10.0,0.0,10.0,10.0,https://www.agoda.com/api/cronos/property/review/HotelReviews?hotelId=50345&pageSize=50&referer=https%3A%2F%2Fwww.agoda.com%2Fwynn-las-vegas%2Fhotel%2Flas-vegas-nv-us.html&providerMode=separate,5,2026-07-11T14:50:10.920828+00:00
HWYNN001,Wynn Las Vegas,Las Vegas,United States,booking_via_agoda,agoda,3038.0,Booking.com,25bb5395137cae53,2024-04-03,2024,,,10.0,0.0,10.0,10.0,https://www.agoda.com/api/cronos/property/review/HotelReviews?hotelId=50345&pageSize=50&referer=https%3A%2F%2Fwww.agoda.com%2Fwynn-las-vegas%2Fhotel%2Flas-vegas-nv-us.html&providerMode=separate,19,2026-07-11T14:50:10.920828+00:00
HWYNN001,Wynn Las Vegas,Las Vegas,United States,booking_via_agoda,agoda,3038.0,Booking.com,0d8fde50d4082f0a,2024-04-04,2024,,,8.0,0.0,10.0,8.0,https://www.agoda.com/api/cronos/property/review/HotelReviews?hotelId=50345&pageSize=50&referer=https%3A%2F%2Fwww.agoda.com%2Fwynn-las-vegas%2Fhotel%2Flas-vegas-nv-us.html&providerMode=separate,5,2026-07-11T14:50:10.920828+00:00
HWYNN001,Wynn Las Vegas,Las Vegas,United States,booking_via_agoda,agoda,3038.0,Booking.com,fd5e05642893d503,2024-04-04,2024,,,1.0,0.0,10.0,1.0,https://www.agoda.com/api/cronos/property/review/HotelReviews?hotelId=50345&pageSize=50&referer=https%3A%2F%2Fwww.agoda.com%2Fwynn-las-vegas%2Fhotel%2Flas-vegas-nv-us.html&providerMode=separate,14,2026-07-11T14:50:10.920828+00:00
HWYNN001,Wynn Las Vegas,Las Vegas,United States,booking_via_agoda,agoda,3038.0,Booking.com,b4d0abfb29c30670,2024-04-04,2024,,,10.0,0.0,10.0,10.0,https://www.agoda.com/api/cronos/property/review/HotelReviews?hotelId=50345&pageSize=50&referer=https%3A%2F%2Fwww.agoda.com%2Fwynn-las-vegas%2Fhotel%2Flas-vegas-nv-us.html&providerMode=separate,14,2026-07-11T14:50:10.920828+00:00
HWYNN001,Wynn Las Vegas,Las Vegas,United States,booking_via_agoda,agoda,3038.0,Booking.com,ed68a197f3f80a01,2024-04-04,2024,,,7.0,0.0,10.0,7.0,https://www.agoda.com/api/cronos/property/review/HotelReviews?hotelId=50345&pageSize=50&referer=https%3A%2F%2Fwww.agoda.com%2Fwynn-las-vegas%2Fhotel%2Flas-vegas-nv-us.html&providerMode=separate,19,2026-07-11T14:50:10.920828+00:00
HWYNN001,Wynn Las Vegas,Las Vegas,United States,booking_via_agoda,agoda,3038.0,Booking.com,cdf2e06c5186276a,2024-04-05,2024,,,10.0,0.0,10.0,10.0,https://www.agoda.com/api/cronos/property/review/HotelReviews?hotelId=50345&pageSize=50&referer=https%3A%2F%2Fwww.agoda.com%2Fwynn-las-vegas%2Fhotel%2Flas-vegas-nv-us.html&providerMode=separate,5,2026-07-11T14:50:10.920828+00:00
HWYNN001,Wynn Las Vegas,Las Vegas,United States,booking_via_agoda,agoda,3038.0,Booking.com,43a976a1c541bfa5,2024-04-06,2024,,,8.0,0.0,10.0,8.0,https://www.agoda.com/api/cronos/property/review/HotelReviews?hotelId=50345&pageSize=50&referer=https%3A%2F%2Fwww.agoda.com%2Fwynn-las-vegas%2Fhotel%2Flas-vegas-nv-us.html&providerMode=separate,5,2026-07-11T14:50:10.920828+00:00
HWYNN001,Wynn Las Vegas,Las Vegas,United States,booking_via_agoda,agoda,3038.0,Booking.com,15d11ebdc54deb08,2024-04-07,2024,,,7.0,0.0,10.0,7.0,https://www.agoda.com/api/cronos/property/review/HotelReviews?hotelId=50345&pageSize=50&referer=https%3A%2F%2Fwww.agoda.com%2Fwynn-las-vegas%2Fhotel%2Flas-vegas-nv-us.html&providerMode=separate,13,2026-07-11T14:50:10.920828+00:00
HWYNN001,Wynn Las Vegas,Las Vegas,United States,booking_via_agoda,agoda,3038.0,Booking.com,9be942df21fee5ad,2024-04-08,2024,,,9.0,0.0,10.0,9.0,https://www.agoda.com/api/cronos/property/review/HotelReviews?hotelId=50345&pageSize=50&referer=https%3A%2F%2Fwww.agoda.com%2Fwynn-las-vegas%2Fhotel%2Flas-vegas-nv-us.html&providerMode=separate,13,2026-07-11T14:50:10.920828+00:00
HWYNN001,Wynn Las Vegas,Las Vegas,United States,booking_via_agoda,agoda,3038.0,Booking.com,3cf87dd472ea030f,2024-04-09,2024,,,10.0,0.0,10.0,10.0,https://www.agoda.com/api/cronos/property/review/HotelReviews?hotelId=50345&pageSize=50&referer=https%3A%2F%2Fwww.agoda.com%2Fwynn-las-vegas%2Fhotel%2Flas-vegas-nv-us.html&providerMode=separate,16,2026-07-11T14:50:10.920828+00:00
HWYNN001,Wynn Las Vegas,Las Vegas,United States,booking_via_agoda,agoda,3038.0,Booking.com,c34fae56cfd60cf3,2024-04-11,2024,,,7.0,0.0,10.0,7.0,https://www.agoda.com/api/cronos/property/review/HotelReviews?hotelId=50345&pageSize=50&referer=https%3A%2F%2Fwww.agoda.com%2Fwynn-las-vegas%2Fhotel%2Flas-vegas-nv-us.html&providerMode=separate,5,2026-07-11T14:50:10.920828+00:00
HWYNN001,Wynn Las Vegas,Las Vegas,United States,booking_via_agoda,agoda,3038.0,Booking.com,2a49e293e12f9b3d,2024-04-13,2024,,,2.0,0.0,10.0,2.0,https://www.agoda.com/api/cronos/property/review/HotelReviews?hotelId=50345&pageSize=50&referer=https%3A%2F%2Fwww.agoda.com%2Fwynn-las-vegas%2Fhotel%2Flas-vegas-nv-us.html&providerMode=separate,18,2026-07-11T14:50:10.920828+00:00
HWYNN001,Wynn Las Vegas,Las Vegas,United States,booking_via_agoda,agoda,3038.0,Booking.com,e322c758bcc19624,2024-04-14,2024,,,9.0,0.0,10.0,9.0,https://www.agoda.com/api/cronos/property/review/HotelReviews?hotelId=50345&pageSize=50&referer=https%3A%2F%2Fwww.agoda.com%2Fwynn-las-vegas%2Fhotel%2Flas-vegas-nv-us.html&providerMode=separate,18,2026-07-11T14:50:10.920828+00:00
HWYNN001,Wynn Las Vegas,Las Vegas,United States,booking_via_agoda,agoda,3038.0,Booking.com,884476e8734134c0,2024-04-15,2024,,,10.0,0.0,10.0,10.0,https://www.agoda.com/api/cronos/property/review/HotelReviews?hotelId=50345&pageSize=50&referer=https%3A%2F%2Fwww.agoda.com%2Fwynn-las-vegas%2Fhotel%2Flas-vegas-nv-us.html&providerMode=separate,5,2026-07-11T14:50:10.920828+00:00
HWYNN001,Wynn Las Vegas,Las Vegas,United States,booking_via_agoda,agoda,3038.0,Booking.com,dda423148cb75055,2024-04-19,2024,,,9.0,0.0,10.0,9.0,https://www.agoda.com/api/cronos/property/review/HotelReviews?hotelId=50345&pageSize=50&referer=https%3A%2F%2Fwww.agoda.com%2Fwynn-las-vegas%2Fhotel%2Flas-vegas-nv-us.html&providerMode=separate,18,2026-07-11T14:50:10.920828+00:00
HWYNN001,Wynn Las Vegas,Las Vegas,United States,booking_via_agoda,agoda,3038.0,Booking.com,bcdce1c714771b2d,2024-04-22,2024,,,10.0,0.0,10.0,10.0,https://www.agoda.com/api/cronos/property/review/HotelReviews?hotelId=50345&pageSize=50&referer=https%3A%2F%2Fwww.agoda.com%2Fwynn-las-vegas%2Fhotel%2Flas-vegas-nv-us.html&providerMode=separate,5,2026-07-11T14:50:10.920828+00:00
HWYNN001,Wynn Las Vegas,Las Vegas,United States,booking_via_agoda,agoda,3038.0,Booking.com,1f4fc89181ef57a6,2024-04-25,2024,,,9.0,0.0,10.0,9.0,https://www.agoda.com/api/cronos/property/review/HotelReviews?hotelId=50345&pageSize=50&referer=https%3A%2F%2Fwww.agoda.com%2Fwynn-las-vegas%2Fhotel%2Flas-vegas-nv-us.html&providerMode=separate,12,2026-07-11T14:50:10.920828+00:00
HWYNN001,Wynn Las Vegas,Las Vegas,United States,booking_via_agoda,agoda,3038.0,Booking.com,1b554935f923c488,2024-04-27,2024,,,10.0,0.0,10.0,10.0,https://www.agoda.com/api/cronos/property/review/HotelReviews?hotelId=50345&pageSize=50&referer=https%3A%2F%2Fwww.agoda.com%2Fwynn-las-vegas%2Fhotel%2Flas-vegas-nv-us.html&providerMode=separate,5,2026-07-11T14:50:10.920828+00:00
HWYNN001,Wynn Las Vegas,Las Vegas,United States,booking_via_agoda,agoda,3038.0,Booking.com,5f625b7b127989a9,2024-04-27,2024,,,8.0,0.0,10.0,8.0,https://www.agoda.com/api/cronos/property/review/HotelReviews?hotelId=50345&pageSize=50&referer=https%3A%2F%2Fwww.agoda.com%2Fwynn-las-vegas%2Fhotel%2Flas-vegas-nv-us.html&providerMode=separate,5,2026-07-11T14:50:10.920828+00:00
HWYNN001,Wynn Las Vegas,Las Vegas,United States,booking_via_agoda,agoda,3038.0,Booking.com,b92c02b1db9fc134,2024-04-28,2024,,,10.0,0.0,10.0,10.0,https://www.agoda.com/api/cronos/property/review/HotelReviews?hotelId=50345&pageSize=50&referer=https%3A%2F%2Fwww.agoda.com%2Fwynn-las-vegas%2Fhotel%2Flas-vegas-nv-us.html&providerMode=separate,15,2026-07-11T14:50:10.920828+00:00
HWYNN001,Wynn Las Vegas,Las Vegas,United States,booking_via_agoda,agoda,3038.0,Booking.com,93ba2beaf766bc6a,2024-04-28,2024,,,1.0,0.0,10.0,1.0,https://www.agoda.com/api/cronos/property/review/HotelReviews?hotelId=50345&pageSize=50&referer=https%3A%2F%2Fwww.agoda.com%2Fwynn-las-vegas%2Fhotel%2Flas-vegas-nv-us.html&providerMode=separate,18,2026-07-11T14:50:10.920828+00:00
HWYNN001,Wynn Las Vegas,Las Vegas,United States,booking_via_agoda,agoda,3038.0,Booking.com,367f47d4e5cb030b,2024-05-01,2024,,,10.0,0.0,10.0,10.0,https://www.agoda.com/api/cronos/property/review/HotelReviews?hotelId=50345&pageSize=50&referer=https%3A%2F%2Fwww.agoda.com%2Fwynn-las-vegas%2Fhotel%2Flas-vegas-nv-us.html&providerMode=separate,5,2026-07-11T14:50:10.920828+00:00
HWYNN001,Wynn Las Vegas,Las Vegas,United States,booking_via_agoda,agoda,3038.0,Booking.com,89c3e0b46333d19f,2024-05-02,2024,,,10.0,0.0,10.0,10.0,https://www.agoda.com/api/cronos/property/review/HotelReviews?hotelId=50345&pageSize=50&referer=https%3A%2F%2Fwww.agoda.com%2Fwynn-las-vegas%2Fhotel%2Flas-vegas-nv-us.html&providerMode=separate,5,2026-07-11T14:50:10.920828+00:00
HWYNN001,Wynn Las Vegas,Las Vegas,United States,booking_via_agoda,agoda,3038.0,Booking.com,81ee6d27d9a5e1b5,2024-05-02,2024,,,10.0,0.0,10.0,10.0,https://www.agoda.com/api/cronos/property/review/HotelReviews?hotelId=50345&pageSize=50&referer=https%3A%2F%2Fwww.agoda.com%2Fwynn-las-vegas%2Fhotel%2Flas-vegas-nv-us.html&providerMode=separate,15,2026-07-11T14:50:10.920828+00:00
HWYNN001,Wynn Las Vegas,Las Vegas,United States,booking_via_agoda,agoda,3038.0,Booking.com,ac41ab8ac4cf6ae7,2024-05-06,2024,,,5.0,0.0,10.0,5.0,https://www.agoda.com/api/cronos/property/review/HotelReviews?hotelId=50345&pageSize=50&referer=https%3A%2F%2Fwww.agoda.com%2Fwynn-las-vegas%2Fhotel%2Flas-vegas-nv-us.html&providerMode=separate,5,2026-07-11T14:50:10.920828+00:00
HWYNN001,Wynn Las Vegas,Las Vegas,United States,booking_via_agoda,agoda,3038.0,Booking.com,4706a560888f10b9,2024-05-06,2024,,,10.0,0.0,10.0,10.0,https://www.agoda.com/api/cronos/property/review/HotelReviews?hotelId=50345&pageSize=50&referer=https%3A%2F%2Fwww.agoda.com%2Fwynn-las-vegas%2Fhotel%2Flas-vegas-nv-us.html&providerMode=separate,11,2026-07-11T14:50:10.920828+00:00
HWYNN001,Wynn Las Vegas,Las Vegas,United States,booking_via_agoda,agoda,3038.0,Booking.com,293d98f2bd855da0,2024-05-07,2024,,,10.0,0.0,10.0,10.0,https://www.agoda.com/api/cronos/property/review/HotelReviews?hotelId=50345&pageSize=50&referer=https%3A%2F%2Fwww.agoda.com%2Fwynn-las-vegas%2Fhotel%2Flas-vegas-nv-us.html&providerMode=separate,5,2026-07-11T14:50:10.920828+00:00
HWYNN001,Wynn Las Vegas,Las Vegas,United States,booking_via_agoda,agoda,3038.0,Booking.com,58c0de070c503292,2024-05-07,2024,,,8.0,0.0,10.0,8.0,https://www.agoda.com/api/cronos/property/review/HotelReviews?hotelId=50345&pageSize=50&referer=https%3A%2F%2Fwww.agoda.com%2Fwynn-las-vegas%2Fhotel%2Flas-vegas-nv-us.html&providerMode=separate,12,2026-07-11T14:50:10.920828+00:00
HWYNN001,Wynn Las Vegas,Las Vegas,United States,booking_via_agoda,agoda,3038.0,Booking.com,df45f68ceb711235,2024-05-12,2024,,,10.0,0.0,10.0,10.0,https://www.agoda.com/api/cronos/property/review/HotelReviews?hotelId=50345&pageSize=50&referer=https%3A%2F%2Fwww.agoda.com%2Fwynn-las-vegas%2Fhotel%2Flas-vegas-nv-us.html&providerMode=separate,18,2026-07-11T14:50:10.920828+00:00
HWYNN001,Wynn Las Vegas,Las Vegas,United States,booking_via_agoda,agoda,3038.0,Booking.com,c77380a6c696bb3c,2024-05-15,2024,,,1.0,0.0,10.0,1.0,https://www.agoda.com/api/cronos/property/review/HotelReviews?hotelId=50345&pageSize=50&referer=https%3A%2F%2Fwww.agoda.com%2Fwynn-las-vegas%2Fhotel%2Flas-vegas-nv-us.html&providerMode=separate,5,2026-07-11T14:50:10.920828+00:00
HWYNN001,Wynn Las Vegas,Las Vegas,United States,booking_via_agoda,agoda,3038.0,Booking.com,1aa97b5d083a5444,2024-05-16,2024,,,6.0,0.0,10.0,6.0,https://www.agoda.com/api/cronos/property/review/HotelReviews?hotelId=50345&pageSize=50&referer=https%3A%2F%2Fwww.agoda.com%2Fwynn-las-vegas%2Fhotel%2Flas-vegas-nv-us.html&providerMode=separate,12,2026-07-11T14:50:10.920828+00:00
HWYNN001,Wynn Las Vegas,Las Vegas,United States,booking_via_agoda,agoda,3038.0,Booking.com,cc8c1d81578f3790,2024-05-21,2024,,,7.0,0.0,10.0,7.0,https://www.agoda.com/api/cronos/property/review/HotelReviews?hotelId=50345&pageSize=50&referer=https%3A%2F%2Fwww.agoda.com%2Fwynn-las-vegas%2Fhotel%2Flas-vegas-nv-us.html&providerMode=separate,18,2026-07-11T14:50:10.920828+00:00
HWYNN001,Wynn Las Vegas,Las Vegas,United States,booking_via_agoda,agoda,3038.0,Booking.com,f3df30a529bc8aa4,2024-05-24,2024,,,10.0,0.0,10.0,10.0,https://www.agoda.com/api/cronos/property/review/HotelReviews?hotelId=50345&pageSize=50&referer=https%3A%2F%2Fwww.agoda.com%2Fwynn-las-vegas%2Fhotel%2Flas-vegas-nv-us.html&providerMode=separate,14,2026-07-11T14:50:10.920828+00:00
HWYNN001,Wynn Las Vegas,Las Vegas,United States,booking_via_agoda,agoda,3038.0,Booking.com,179e8873db42e7b9,2024-05-25,2024,,,10.0,0.0,10.0,10.0,https://www.agoda.com/api/cronos/property/review/HotelReviews?hotelId=50345&pageSize=50&referer=https%3A%2F%2Fwww.agoda.com%2Fwynn-las-vegas%2Fhotel%2Flas-vegas-nv-us.html&providerMode=separate,11,2026-07-11T14:50:10.920828+00:00
HWYNN001,Wynn Las Vegas,Las Vegas,United States,booking_via_agoda,agoda,3038.0,Booking.com,79bf4d92b4d6f44d,2024-05-26,2024,,,9.0,0.0,10.0,9.0,https://www.agoda.com/api/cronos/property/review/HotelReviews?hotelId=50345&pageSize=50&referer=https%3A%2F%2Fwww.agoda.com%2Fwynn-las-vegas%2Fhotel%2Flas-vegas-nv-us.html&providerMode=separate,11,2026-07-11T14:50:10.920828+00:00
HWYNN001,Wynn Las Vegas,Las Vegas,United States,booking_via_agoda,agoda,3038.0,Booking.com,3df8005eea31d996,2024-05-29,2024,,,10.0,0.0,10.0,10.0,https://www.agoda.com/api/cronos/property/review/HotelReviews?hotelId=50345&pageSize=50&referer=https%3A%2F%2Fwww.agoda.com%2Fwynn-las-vegas%2Fhotel%2Flas-vegas-nv-us.html&providerMode=separate,11,2026-07-11T14:50:10.920828+00:00
HWYNN001,Wynn Las Vegas,Las Vegas,United States,booking_via_agoda,agoda,3038.0,Booking.com,8168e987cb7141dd,2024-05-30,2024,,,10.0,0.0,10.0,10.0,https://www.agoda.com/api/cronos/property/review/HotelReviews?hotelId=50345&pageSize=50&referer=https%3A%2F%2Fwww.agoda.com%2Fwynn-las-vegas%2Fhotel%2Flas-vegas-nv-us.html&providerMode=separate,5,2026-07-11T14:50:10.920828+00:00
HWYNN001,Wynn Las Vegas,Las Vegas,United States,booking_via_agoda,agoda,3038.0,Booking.com,cc4b2b56908faf17,2024-06-02,2024,,,3.0,0.0,10.0,3.0,https://www.agoda.com/api/cronos/property/review/HotelReviews?hotelId=50345&pageSize=50&referer=https%3A%2F%2Fwww.agoda.com%2Fwynn-las-vegas%2Fhotel%2Flas-vegas-nv-us.html&providerMode=separate,13,2026-07-11T14:50:10.920828+00:00
HWYNN001,Wynn Las Vegas,Las Vegas,United States,booking_via_agoda,agoda,3038.0,Booking.com,d29ca31f780cac77,2024-06-06,2024,,,9.0,0.0,10.0,9.0,https://www.agoda.com/api/cronos/property/review/HotelReviews?hotelId=50345&pageSize=50&referer=https%3A%2F%2Fwww.agoda.com%2Fwynn-las-vegas%2Fhotel%2Flas-vegas-nv-us.html&providerMode=separate,11,2026-07-11T14:50:10.920828+00:00
HWYNN001,Wynn Las Vegas,Las Vegas,United States,booking_via_agoda,agoda,3038.0,Booking.com,992392faf8bf47ec,2024-06-08,2024,,,10.0,0.0,10.0,10.0,https://www.agoda.com/api/cronos/property/review/HotelReviews?hotelId=50345&pageSize=50&referer=https%3A%2F%2Fwww.agoda.com%2Fwynn-las-vegas%2Fhotel%2Flas-vegas-nv-us.html&providerMode=separate,5,2026-07-11T14:50:10.920828+00:00
HWYNN001,Wynn Las Vegas,Las Vegas,United States,booking_via_agoda,agoda,3038.0,Booking.com,8a11068b44b4ab7c,2024-06-08,2024,,,10.0,0.0,10.0,10.0,https://www.agoda.com/api/cronos/property/review/HotelReviews?hotelId=50345&pageSize=50&referer=https%3A%2F%2Fwww.agoda.com%2Fwynn-las-vegas%2Fhotel%2Flas-vegas-nv-us.html&providerMode=separate,15,2026-07-11T14:50:10.920828+00:00
HWYNN001,Wynn Las Vegas,Las Vegas,United States,booking_via_agoda,agoda,3038.0,Booking.com,d1fa4afeb0945248,2024-06-11,2024,,,8.0,0.0,10.0,8.0,https://www.agoda.com/api/cronos/property/review/HotelReviews?hotelId=50345&pageSize=50&referer=https%3A%2F%2Fwww.agoda.com%2Fwynn-las-vegas%2Fhotel%2Flas-vegas-nv-us.html&providerMode=separate,18,2026-07-11T14:50:10.920828+00:00
HWYNN001,Wynn Las Vegas,Las Vegas,United States,booking_via_agoda,agoda,3038.0,Booking.com,ca631f6988f014ba,2024-06-16,2024,,,9.0,0.0,10.0,9.0,https://www.agoda.com/api/cronos/property/review/HotelReviews?hotelId=50345&pageSize=50&referer=https%3A%2F%2Fwww.agoda.com%2Fwynn-las-vegas%2Fhotel%2Flas-vegas-nv-us.html&providerMode=separate,5,2026-07-11T14:50:10.920828+00:00
HWYNN001,Wynn Las Vegas,Las Vegas,United States,booking_via_agoda,agoda,3038.0,Booking.com,491590783e4f9229,2024-06-18,2024,,,6.0,0.0,10.0,6.0,https://www.agoda.com/api/cronos/property/review/HotelReviews?hotelId=50345&pageSize=50&referer=https%3A%2F%2Fwww.agoda.com%2Fwynn-las-vegas%2Fhotel%2Flas-vegas-nv-us.html&providerMode=separate,12,2026-07-11T14:50:10.920828+00:00
HWYNN001,Wynn Las Vegas,Las Vegas,United States,booking_via_agoda,agoda,3038.0,Booking.com,ae64c2a8c866a80e,2024-06-18,2024,,,10.0,0.0,10.0,10.0,https://www.agoda.com/api/cronos/property/review/HotelReviews?hotelId=50345&pageSize=50&referer=https%3A%2F%2Fwww.agoda.com%2Fwynn-las-vegas%2Fhotel%2Flas-vegas-nv-us.html&providerMode=separate,18,2026-07-11T14:50:10.920828+00:00
HWYNN001,Wynn Las Vegas,Las Vegas,United States,booking_via_agoda,agoda,3038.0,Booking.com,cfa3a2b3dca835e5,2024-06-19,2024,,,10.0,0.0,10.0,10.0,https://www.agoda.com/api/cronos/property/review/HotelReviews?hotelId=50345&pageSize=50&referer=https%3A%2F%2Fwww.agoda.com%2Fwynn-las-vegas%2Fhotel%2Flas-vegas-nv-us.html&providerMode=separate,5,2026-07-11T14:50:10.920828+00:00
HWYNN001,Wynn Las Vegas,Las Vegas,United States,booking_via_agoda,agoda,3038.0,Booking.com,d98235c74445b1f8,2024-06-19,2024,,,10.0,0.0,10.0,10.0,https://www.agoda.com/api/cronos/property/review/HotelReviews?hotelId=50345&pageSize=50&referer=https%3A%2F%2Fwww.agoda.com%2Fwynn-las-vegas%2Fhotel%2Flas-vegas-nv-us.html&providerMode=separate,5,2026-07-11T14:50:10.920828+00:00
HWYNN001,Wynn Las Vegas,Las Vegas,United States,booking_via_agoda,agoda,3038.0,Booking.com,dc497ef13d74950f,2024-06-21,2024,,,10.0,0.0,10.0,10.0,https://www.agoda.com/api/cronos/property/review/HotelReviews?hotelId=50345&pageSize=50&referer=https%3A%2F%2Fwww.agoda.com%2Fwynn-las-vegas%2Fhotel%2Flas-vegas-nv-us.html&providerMode=separate,5,2026-07-11T14:50:10.920828+00:00
HWYNN001,Wynn Las Vegas,Las Vegas,United States,booking_via_agoda,agoda,3038.0,Booking.com,339df4185c2631db,2024-06-25,2024,,,8.0,0.0,10.0,8.0,https://www.agoda.com/api/cronos/property/review/HotelReviews?hotelId=50345&pageSize=50&referer=https%3A%2F%2Fwww.agoda.com%2Fwynn-las-vegas%2Fhotel%2Flas-vegas-nv-us.html&providerMode=separate,18,2026-07-11T14:50:10.920828+00:00
HWYNN001,Wynn Las Vegas,Las Vegas,United States,booking_via_agoda,agoda,3038.0,Booking.com,786ecf09ba31e171,2024-07-01,2024,,,1.0,0.0,10.0,1.0,https://www.agoda.com/api/cronos/property/review/HotelReviews?hotelId=50345&pageSize=50&referer=https%3A%2F%2Fwww.agoda.com%2Fwynn-las-vegas%2Fhotel%2Flas-vegas-nv-us.html&providerMode=separate,5,2026-07-11T14:50:10.920828+00:00
HWYNN001,Wynn Las Vegas,Las Vegas,United States,booking_via_agoda,agoda,3038.0,Booking.com,19353bcc697b19ab,2024-07-03,2024,,,9.0,0.0,10.0,9.0,https://www.agoda.com/api/cronos/property/review/HotelReviews?hotelId=50345&pageSize=50&referer=https%3A%2F%2Fwww.agoda.com%2Fwynn-las-vegas%2Fhotel%2Flas-vegas-nv-us.html&providerMode=separate,11,2026-07-11T14:50:10.920828+00:00
HWYNN001,Wynn Las Vegas,Las Vegas,United States,booking_via_agoda,agoda,3038.0,Booking.com,5f81679433a248ac,2024-07-03,2024,,,10.0,0.0,10.0,10.0,https://www.agoda.com/api/cronos/property/review/HotelReviews?hotelId=50345&pageSize=50&referer=https%3A%2F%2Fwww.agoda.com%2Fwynn-las-vegas%2Fhotel%2Flas-vegas-nv-us.html&providerMode=separate,18,2026-07-11T14:50:10.920828+00:00
HWYNN001,Wynn Las Vegas,Las Vegas,United States,booking_via_agoda,agoda,3038.0,Booking.com,4a9751315ef35157,2024-07-04,2024,,,10.0,0.0,10.0,10.0,https://www.agoda.com/api/cronos/property/review/HotelReviews?hotelId=50345&pageSize=50&referer=https%3A%2F%2Fwww.agoda.com%2Fwynn-las-vegas%2Fhotel%2Flas-vegas-nv-us.html&providerMode=separate,11,2026-07-11T14:50:10.920828+00:00
HWYNN001,Wynn Las Vegas,Las Vegas,United States,booking_via_agoda,agoda,3038.0,Booking.com,f993c8f32063b7a8,2024-07-04,2024,,,10.0,0.0,10.0,10.0,https://www.agoda.com/api/cronos/property/review/HotelReviews?hotelId=50345&pageSize=50&referer=https%3A%2F%2Fwww.agoda.com%2Fwynn-las-vegas%2Fhotel%2Flas-vegas-nv-us.html&providerMode=separate,12,2026-07-11T14:50:10.920828+00:00
HWYNN001,Wynn Las Vegas,Las Vegas,United States,booking_via_agoda,agoda,3038.0,Booking.com,bb33ff1966129941,2024-07-04,2024,,,10.0,0.0,10.0,10.0,https://www.agoda.com/api/cronos/property/review/HotelReviews?hotelId=50345&pageSize=50&referer=https%3A%2F%2Fwww.agoda.com%2Fwynn-las-vegas%2Fhotel%2Flas-vegas-nv-us.html&providerMode=separate,18,2026-07-11T14:50:10.920828+00:00
HWYNN001,Wynn Las Vegas,Las Vegas,United States,booking_via_agoda,agoda,3038.0,Booking.com,0c8da85de08980cc,2024-07-05,2024,,,10.0,0.0,10.0,10.0,https://www.agoda.com/api/cronos/property/review/HotelReviews?hotelId=50345&pageSize=50&referer=https%3A%2F%2Fwww.agoda.com%2Fwynn-las-vegas%2Fhotel%2Flas-vegas-nv-us.html&providerMode=separate,5,2026-07-11T14:50:10.920828+00:00
HWYNN001,Wynn Las Vegas,Las Vegas,United States,booking_via_agoda,agoda,3038.0,Booking.com,52788ee93f7eec78,2024-07-07,2024,,,10.0,0.0,10.0,10.0,https://www.agoda.com/api/cronos/property/review/HotelReviews?hotelId=50345&pageSize=50&referer=https%3A%2F%2Fwww.agoda.com%2Fwynn-las-vegas%2Fhotel%2Flas-vegas-nv-us.html&providerMode=separate,18,2026-07-11T14:50:10.920828+00:00
HWYNN001,Wynn Las Vegas,Las Vegas,United States,booking_via_agoda,agoda,3038.0,Booking.com,6c46aa1473a8efe2,2024-07-08,2024,,,9.0,0.0,10.0,9.0,https://www.agoda.com/api/cronos/property/review/HotelReviews?hotelId=50345&pageSize=50&referer=https%3A%2F%2Fwww.agoda.com%2Fwynn-las-vegas%2Fhotel%2Flas-vegas-nv-us.html&providerMode=separate,12,2026-07-11T14:50:10.920828+00:00
HWYNN001,Wynn Las Vegas,Las Vegas,United States,booking_via_agoda,agoda,3038.0,Booking.com,ba01f1722806c882,2024-07-08,2024,,,10.0,0.0,10.0,10.0,https://www.agoda.com/api/cronos/property/review/HotelReviews?hotelId=50345&pageSize=50&referer=https%3A%2F%2Fwww.agoda.com%2Fwynn-las-vegas%2Fhotel%2Flas-vegas-nv-us.html&providerMode=separate,18,2026-07-11T14:50:10.920828+00:00
HWYNN001,Wynn Las Vegas,Las Vegas,United States,booking_via_agoda,agoda,3038.0,Booking.com,c43e1625dd797e27,2024-07-10,2024,,,10.0,0.0,10.0,10.0,https://www.agoda.com/api/cronos/property/review/HotelReviews?hotelId=50345&pageSize=50&referer=https%3A%2F%2Fwww.agoda.com%2Fwynn-las-vegas%2Fhotel%2Flas-vegas-nv-us.html&providerMode=separate,5,2026-07-11T14:50:10.920828+00:00
HWYNN001,Wynn Las Vegas,Las Vegas,United States,booking_via_agoda,agoda,3038.0,Booking.com,75eb3602c7e11d0d,2024-07-10,2024,,,10.0,0.0,10.0,10.0,https://www.agoda.com/api/cronos/property/review/HotelReviews?hotelId=50345&pageSize=50&referer=https%3A%2F%2Fwww.agoda.com%2Fwynn-las-vegas%2Fhotel%2Flas-vegas-nv-us.html&providerMode=separate,5,2026-07-11T14:50:10.920828+00:00
HWYNN001,Wynn Las Vegas,Las Vegas,United States,booking_via_agoda,agoda,3038.0,Booking.com,1996da2e24b5dcfe,2024-07-13,2024,,,10.0,0.0,10.0,10.0,https://www.agoda.com/api/cronos/property/review/HotelReviews?hotelId=50345&pageSize=50&referer=https%3A%2F%2Fwww.agoda.com%2Fwynn-las-vegas%2Fhotel%2Flas-vegas-nv-us.html&providerMode=separate,15,2026-07-11T14:50:10.920828+00:00
HWYNN001,Wynn Las Vegas,Las Vegas,United States,booking_via_agoda,agoda,3038.0,Booking.com,7e15ed2d9e95e1d7,2024-07-14,2024,,,8.0,0.0,10.0,8.0,https://www.agoda.com/api/cronos/property/review/HotelReviews?hotelId=50345&pageSize=50&referer=https%3A%2F%2Fwww.agoda.com%2Fwynn-las-vegas%2Fhotel%2Flas-vegas-nv-us.html&providerMode=separate,5,2026-07-11T14:50:10.920828+00:00
HWYNN001,Wynn Las Vegas,Las Vegas,United States,booking_via_agoda,agoda,3038.0,Booking.com,f70ca4c7929302ce,2024-07-14,2024,,,7.0,0.0,10.0,7.0,https://www.agoda.com/api/cronos/property/review/HotelReviews?hotelId=50345&pageSize=50&referer=https%3A%2F%2Fwww.agoda.com%2Fwynn-las-vegas%2Fhotel%2Flas-vegas-nv-us.html&providerMode=separate,18,2026-07-11T14:50:10.920828+00:00
HWYNN001,Wynn Las Vegas,Las Vegas,United States,booking_via_agoda,agoda,3038.0,Booking.com,bf45c6fafb031986,2024-07-15,2024,,,10.0,0.0,10.0,10.0,https://www.agoda.com/api/cronos/property/review/HotelReviews?hotelId=50345&pageSize=50&referer=https%3A%2F%2Fwww.agoda.com%2Fwynn-las-vegas%2Fhotel%2Flas-vegas-nv-us.html&providerMode=separate,5,2026-07-11T14:50:10.920828+00:00
HWYNN001,Wynn Las Vegas,Las Vegas,United States,booking_via_agoda,agoda,3038.0,Booking.com,64dbdbe169b021fc,2024-07-20,2024,,,10.0,0.0,10.0,10.0,https://www.agoda.com/api/cronos/property/review/HotelReviews?hotelId=50345&pageSize=50&referer=https%3A%2F%2Fwww.agoda.com%2Fwynn-las-vegas%2Fhotel%2Flas-vegas-nv-us.html&providerMode=separate,10,2026-07-11T14:50:10.920828+00:00
HWYNN001,Wynn Las Vegas,Las Vegas,United States,booking_via_agoda,agoda,3038.0,Booking.com,e8166b42d0567080,2024-07-22,2024,,,10.0,0.0,10.0,10.0,https://www.agoda.com/api/cronos/property/review/HotelReviews?hotelId=50345&pageSize=50&referer=https%3A%2F%2Fwww.agoda.com%2Fwynn-las-vegas%2Fhotel%2Flas-vegas-nv-us.html&providerMode=separate,10,2026-07-11T14:50:10.920828+00:00
HWYNN001,Wynn Las Vegas,Las Vegas,United States,booking_via_agoda,agoda,3038.0,Booking.com,39a0cbadb57e1d63,2024-07-24,2024,,,8.0,0.0,10.0,8.0,https://www.agoda.com/api/cronos/property/review/HotelReviews?hotelId=50345&pageSize=50&referer=https%3A%2F%2Fwww.agoda.com%2Fwynn-las-vegas%2Fhotel%2Flas-vegas-nv-us.html&providerMode=separate,5,2026-07-11T14:50:10.920828+00:00
HWYNN001,Wynn Las Vegas,Las Vegas,United States,booking_via_agoda,agoda,3038.0,Booking.com,8b5ae9678f70242b,2024-07-26,2024,,,10.0,0.0,10.0,10.0,https://www.agoda.com/api/cronos/property/review/HotelReviews?hotelId=50345&pageSize=50&referer=https%3A%2F%2Fwww.agoda.com%2Fwynn-las-vegas%2Fhotel%2Flas-vegas-nv-us.html&providerMode=separate,5,2026-07-11T14:50:10.920828+00:00
HWYNN001,Wynn Las Vegas,Las Vegas,United States,booking_via_agoda,agoda,3038.0,Booking.com,60e466899521ce5f,2024-07-26,2024,,,10.0,0.0,10.0,10.0,https://www.agoda.com/api/cronos/property/review/HotelReviews?hotelId=50345&pageSize=50&referer=https%3A%2F%2Fwww.agoda.com%2Fwynn-las-vegas%2Fhotel%2Flas-vegas-nv-us.html&providerMode=separate,10,2026-07-11T14:50:10.920828+00:00
HWYNN001,Wynn Las Vegas,Las Vegas,United States,booking_via_agoda,agoda,3038.0,Booking.com,f7af218fd604c391,2024-07-27,2024,,,10.0,0.0,10.0,10.0,https://www.agoda.com/api/cronos/property/review/HotelReviews?hotelId=50345&pageSize=50&referer=https%3A%2F%2Fwww.agoda.com%2Fwynn-las-vegas%2Fhotel%2Flas-vegas-nv-us.html&providerMode=separate,5,2026-07-11T14:50:10.920828+00:00
HWYNN001,Wynn Las Vegas,Las Vegas,United States,booking_via_agoda,agoda,3038.0,Booking.com,cedf5d11ca205c82,2024-07-27,2024,,,10.0,0.0,10.0,10.0,https://www.agoda.com/api/cronos/property/review/HotelReviews?hotelId=50345&pageSize=50&referer=https%3A%2F%2Fwww.agoda.com%2Fwynn-las-vegas%2Fhotel%2Flas-vegas-nv-us.html&providerMode=separate,5,2026-07-11T14:50:10.920828+00:00
HWYNN001,Wynn Las Vegas,Las Vegas,United States,booking_via_agoda,agoda,3038.0,Booking.com,639a2361cfdc3674,2024-07-27,2024,,,9.0,0.0,10.0,9.0,https://www.agoda.com/api/cronos/property/review/HotelReviews?hotelId=50345&pageSize=50&referer=https%3A%2F%2Fwww.agoda.com%2Fwynn-las-vegas%2Fhotel%2Flas-vegas-nv-us.html&providerMode=separate,15,2026-07-11T14:50:10.920828+00:00
HWYNN001,Wynn Las Vegas,Las Vegas,United States,booking_via_agoda,agoda,3038.0,Booking.com,792b61c026a25bd8,2024-07-27,2024,,,7.0,0.0,10.0,7.0,https://www.agoda.com/api/cronos/property/review/HotelReviews?hotelId=50345&pageSize=50&referer=https%3A%2F%2Fwww.agoda.com%2Fwynn-las-vegas%2Fhotel%2Flas-vegas-nv-us.html&providerMode=separate,15,2026-07-11T14:50:10.920828+00:00
HWYNN001,Wynn Las Vegas,Las Vegas,United States,booking_via_agoda,agoda,3038.0,Booking.com,e044bbfcc16ece19,2024-07-30,2024,,,9.0,0.0,10.0,9.0,https://www.agoda.com/api/cronos/property/review/HotelReviews?hotelId=50345&pageSize=50&referer=https%3A%2F%2Fwww.agoda.com%2Fwynn-las-vegas%2Fhotel%2Flas-vegas-nv-us.html&providerMode=separate,10,2026-07-11T14:50:10.920828+00:00
HWYNN001,Wynn Las Vegas,Las Vegas,United States,booking_via_agoda,agoda,3038.0,Booking.com,156fc0b6f87b6f06,2024-07-30,2024,,,10.0,0.0,10.0,10.0,https://www.agoda.com/api/cronos/property/review/HotelReviews?hotelId=50345&pageSize=50&referer=https%3A%2F%2Fwww.agoda.com%2Fwynn-las-vegas%2Fhotel%2Flas-vegas-nv-us.html&providerMode=separate,12,2026-07-11T14:50:10.920828+00:00
HWYNN001,Wynn Las Vegas,Las Vegas,United States,booking_via_agoda,agoda,3038.0,Booking.com,ffe7a297e4a4236f,2024-07-31,2024,,,10.0,0.0,10.0,10.0,https://www.agoda.com/api/cronos/property/review/HotelReviews?hotelId=50345&pageSize=50&referer=https%3A%2F%2Fwww.agoda.com%2Fwynn-las-vegas%2Fhotel%2Flas-vegas-nv-us.html&providerMode=separate,12,2026-07-11T14:50:10.920828+00:00
HWYNN001,Wynn Las Vegas,Las Vegas,United States,booking_via_agoda,agoda,3038.0,Booking.com,ea0f46a569968f6f,2024-07-31,2024,,,8.0,0.0,10.0,8.0,https://www.agoda.com/api/cronos/property/review/HotelReviews?hotelId=50345&pageSize=50&referer=https%3A%2F%2Fwww.agoda.com%2Fwynn-las-vegas%2Fhotel%2Flas-vegas-nv-us.html&providerMode=separate,15,2026-07-11T14:50:10.920828+00:00
HWYNN001,Wynn Las Vegas,Las Vegas,United States,booking_via_agoda,agoda,3038.0,Booking.com,a4669d2b57d9cce5,2024-08-01,2024,,,10.0,0.0,10.0,10.0,https://www.agoda.com/api/cronos/property/review/HotelReviews?hotelId=50345&pageSize=50&referer=https%3A%2F%2Fwww.agoda.com%2Fwynn-las-vegas%2Fhotel%2Flas-vegas-nv-us.html&providerMode=separate,13,2026-07-11T14:50:10.920828+00:00
HWYNN001,Wynn Las Vegas,Las Vegas,United States,booking_via_agoda,agoda,3038.0,Booking.com,4abf58fcb399ce9c,2024-08-02,2024,,,9.0,0.0,10.0,9.0,https://www.agoda.com/api/cronos/property/review/HotelReviews?hotelId=50345&pageSize=50&referer=https%3A%2F%2Fwww.agoda.com%2Fwynn-las-vegas%2Fhotel%2Flas-vegas-nv-us.html&providerMode=separate,18,2026-07-11T14:50:10.920828+00:00
HWYNN001,Wynn Las Vegas,Las Vegas,United States,booking_via_agoda,agoda,3038.0,Booking.com,20f1577fb364139c,2024-08-03,2024,,,10.0,0.0,10.0,10.0,https://www.agoda.com/api/cronos/property/review/HotelReviews?hotelId=50345&pageSize=50&referer=https%3A%2F%2Fwww.agoda.com%2Fwynn-las-vegas%2Fhotel%2Flas-vegas-nv-us.html&providerMode=separate,5,2026-07-11T14:50:10.920828+00:00
HWYNN001,Wynn Las Vegas,Las Vegas,United States,booking_via_agoda,agoda,3038.0,Booking.com,0ae01ed4a2a63b4d,2024-08-03,2024,,,1.0,0.0,10.0,1.0,https://www.agoda.com/api/cronos/property/review/HotelReviews?hotelId=50345&pageSize=50&referer=https%3A%2F%2Fwww.agoda.com%2Fwynn-las-vegas%2Fhotel%2Flas-vegas-nv-us.html&providerMode=separate,15,2026-07-11T14:50:10.920828+00:00
HWYNN001,Wynn Las Vegas,Las Vegas,United States,booking_via_agoda,agoda,3038.0,Booking.com,303db8621ccaa508,2024-08-03,2024,,,10.0,0.0,10.0,10.0,https://www.agoda.com/api/cronos/property/review/HotelReviews?hotelId=50345&pageSize=50&referer=https%3A%2F%2Fwww.agoda.com%2Fwynn-las-vegas%2Fhotel%2Flas-vegas-nv-us.html&providerMode=separate,16,2026-07-11T14:50:10.920828+00:00
HWYNN001,Wynn Las Vegas,Las Vegas,United States,booking_via_agoda,agoda,3038.0,Booking.com,1f243f455815e7ff,2024-08-04,2024,,,10.0,0.0,10.0,10.0,https://www.agoda.com/api/cronos/property/review/HotelReviews?hotelId=50345&pageSize=50&referer=https%3A%2F%2Fwww.agoda.com%2Fwynn-las-vegas%2Fhotel%2Flas-vegas-nv-us.html&providerMode=separate,10,2026-07-11T14:50:10.920828+00:00
HWYNN001,Wynn Las Vegas,Las Vegas,United States,booking_via_agoda,agoda,3038.0,Booking.com,e80ce778ba48d63f,2024-08-04,2024,,,10.0,0.0,10.0,10.0,https://www.agoda.com/api/cronos/property/review/HotelReviews?hotelId=50345&pageSize=50&referer=https%3A%2F%2Fwww.agoda.com%2Fwynn-las-vegas%2Fhotel%2Flas-vegas-nv-us.html&providerMode=separate,18,2026-07-11T14:50:10.920828+00:00
HWYNN001,Wynn Las Vegas,Las Vegas,United States,booking_via_agoda,agoda,3038.0,Booking.com,3160e4d58ff9445d,2024-08-05,2024,,,7.0,0.0,10.0,7.0,https://www.agoda.com/api/cronos/property/review/HotelReviews?hotelId=50345&pageSize=50&referer=https%3A%2F%2Fwww.agoda.com%2Fwynn-las-vegas%2Fhotel%2Flas-vegas-nv-us.html&providerMode=separate,14,2026-07-11T14:50:10.920828+00:00
HWYNN001,Wynn Las Vegas,Las Vegas,United States,booking_via_agoda,agoda,3038.0,Booking.com,35b3c0e012ef3703,2024-08-05,2024,,,9.0,0.0,10.0,9.0,https://www.agoda.com/api/cronos/property/review/HotelReviews?hotelId=50345&pageSize=50&referer=https%3A%2F%2Fwww.agoda.com%2Fwynn-las-vegas%2Fhotel%2Flas-vegas-nv-us.html&providerMode=separate,16,2026-07-11T14:50:10.920828+00:00
HWYNN001,Wynn Las Vegas,Las Vegas,United States,booking_via_agoda,agoda,3038.0,Booking.com,5b452e4e1385fb3e,2024-08-05,2024,,,10.0,0.0,10.0,10.0,https://www.agoda.com/api/cronos/property/review/HotelReviews?hotelId=50345&pageSize=50&referer=https%3A%2F%2Fwww.agoda.com%2Fwynn-las-vegas%2Fhotel%2Flas-vegas-nv-us.html&providerMode=separate,18,2026-07-11T14:50:10.920828+00:00
HWYNN001,Wynn Las Vegas,Las Vegas,United States,booking_via_agoda,agoda,3038.0,Booking.com,efd9d4af37727f69,2024-08-05,2024,,,1.0,0.0,10.0,1.0,https://www.agoda.com/api/cronos/property/review/HotelReviews?hotelId=50345&pageSize=50&referer=https%3A%2F%2Fwww.agoda.com%2Fwynn-las-vegas%2Fhotel%2Flas-vegas-nv-us.html&providerMode=separate,18,2026-07-11T14:50:10.920828+00:00
HWYNN001,Wynn Las Vegas,Las Vegas,United States,booking_via_agoda,agoda,3038.0,Booking.com,316a905f200e1b1e,2024-08-06,2024,,,10.0,0.0,10.0,10.0,https://www.agoda.com/api/cronos/property/review/HotelReviews?hotelId=50345&pageSize=50&referer=https%3A%2F%2Fwww.agoda.com%2Fwynn-las-vegas%2Fhotel%2Flas-vegas-nv-us.html&providerMode=separate,5,2026-07-11T14:50:10.920828+00:00
HWYNN001,Wynn Las Vegas,Las Vegas,United States,booking_via_agoda,agoda,3038.0,Booking.com,86c52eefdcacc812,2024-08-06,2024,,,9.0,0.0,10.0,9.0,https://www.agoda.com/api/cronos/property/review/HotelReviews?hotelId=50345&pageSize=50&referer=https%3A%2F%2Fwww.agoda.com%2Fwynn-las-vegas%2Fhotel%2Flas-vegas-nv-us.html&providerMode=separate,5,2026-07-11T14:50:10.920828+00:00
HWYNN001,Wynn Las Vegas,Las Vegas,United States,booking_via_agoda,agoda,3038.0,Booking.com,daaabfcdccc6bd56,2024-08-06,2024,,,10.0,0.0,10.0,10.0,https://www.agoda.com/api/cronos/property/review/HotelReviews?hotelId=50345&pageSize=50&referer=https%3A%2F%2Fwww.agoda.com%2Fwynn-las-vegas%2Fhotel%2Flas-vegas-nv-us.html&providerMode=separate,5,2026-07-11T14:50:10.920828+00:00
HWYNN001,Wynn Las Vegas,Las Vegas,United States,booking_via_agoda,agoda,3038.0,Booking.com,17367bab56f911ac,2024-08-06,2024,,,9.0,0.0,10.0,9.0,https://www.agoda.com/api/cronos/property/review/HotelReviews?hotelId=50345&pageSize=50&referer=https%3A%2F%2Fwww.agoda.com%2Fwynn-las-vegas%2Fhotel%2Flas-vegas-nv-us.html&providerMode=separate,18,2026-07-11T14:50:10.920828+00:00
HWYNN001,Wynn Las Vegas,Las Vegas,United States,booking_via_agoda,agoda,3038.0,Booking.com,f96136810f221a8c,2024-08-07,2024,,,10.0,0.0,10.0,10.0,https://www.agoda.com/api/cronos/property/review/HotelReviews?hotelId=50345&pageSize=50&referer=https%3A%2F%2Fwww.agoda.com%2Fwynn-las-vegas%2Fhotel%2Flas-vegas-nv-us.html&providerMode=separate,13,2026-07-11T14:50:10.920828+00:00
HWYNN001,Wynn Las Vegas,Las Vegas,United States,booking_via_agoda,agoda,3038.0,Booking.com,1ffc9498f4462b7b,2024-08-07,2024,,,10.0,0.0,10.0,10.0,https://www.agoda.com/api/cronos/property/review/HotelReviews?hotelId=50345&pageSize=50&referer=https%3A%2F%2Fwww.agoda.com%2Fwynn-las-vegas%2Fhotel%2Flas-vegas-nv-us.html&providerMode=separate,18,2026-07-11T14:50:10.920828+00:00
HWYNN001,Wynn Las Vegas,Las Vegas,United States,booking_via_agoda,agoda,3038.0,Booking.com,eda336849093d37e,2024-08-08,2024,,,9.0,0.0,10.0,9.0,https://www.agoda.com/api/cronos/property/review/HotelReviews?hotelId=50345&pageSize=50&referer=https%3A%2F%2Fwww.agoda.com%2Fwynn-las-vegas%2Fhotel%2Flas-vegas-nv-us.html&providerMode=separate,5,2026-07-11T14:50:10.920828+00:00
HWYNN001,Wynn Las Vegas,Las Vegas,United States,booking_via_agoda,agoda,3038.0,Booking.com,51cff45dfd22d62f,2024-08-09,2024,,,10.0,0.0,10.0,10.0,https://www.agoda.com/api/cronos/property/review/HotelReviews?hotelId=50345&pageSize=50&referer=https%3A%2F%2Fwww.agoda.com%2Fwynn-las-vegas%2Fhotel%2Flas-vegas-nv-us.html&providerMode=separate,13,2026-07-11T14:50:10.920828+00:00
HWYNN001,Wynn Las Vegas,Las Vegas,United States,booking_via_agoda,agoda,3038.0,Booking.com,1e051f7faee53410,2024-08-09,2024,,,10.0,0.0,10.0,10.0,https://www.agoda.com/api/cronos/property/review/HotelReviews?hotelId=50345&pageSize=50&referer=https%3A%2F%2Fwww.agoda.com%2Fwynn-las-vegas%2Fhotel%2Flas-vegas-nv-us.html&providerMode=separate,18,2026-07-11T14:50:10.920828+00:00
HWYNN001,Wynn Las Vegas,Las Vegas,United States,booking_via_agoda,agoda,3038.0,Booking.com,f611d351570136ae,2024-08-12,2024,,,10.0,0.0,10.0,10.0,https://www.agoda.com/api/cronos/property/review/HotelReviews?hotelId=50345&pageSize=50&referer=https%3A%2F%2Fwww.agoda.com%2Fwynn-las-vegas%2Fhotel%2Flas-vegas-nv-us.html&providerMode=separate,5,2026-07-11T14:50:10.920828+00:00
HWYNN001,Wynn Las Vegas,Las Vegas,United States,booking_via_agoda,agoda,3038.0,Booking.com,7e3395caf85ab597,2024-08-12,2024,,,7.0,0.0,10.0,7.0,https://www.agoda.com/api/cronos/property/review/HotelReviews?hotelId=50345&pageSize=50&referer=https%3A%2F%2Fwww.agoda.com%2Fwynn-las-vegas%2Fhotel%2Flas-vegas-nv-us.html&providerMode=separate,14,2026-07-11T14:50:10.920828+00:00
HWYNN001,Wynn Las Vegas,Las Vegas,United States,booking_via_agoda,agoda,3038.0,Booking.com,11ee1c0471c51533,2024-08-12,2024,,,9.0,0.0,10.0,9.0,https://www.agoda.com/api/cronos/property/review/HotelReviews?hotelId=50345&pageSize=50&referer=https%3A%2F%2Fwww.agoda.com%2Fwynn-las-vegas%2Fhotel%2Flas-vegas-nv-us.html&providerMode=separate,18,2026-07-11T14:50:10.920828+00:00
HWYNN001,Wynn Las Vegas,Las Vegas,United States,booking_via_agoda,agoda,3038.0,Booking.com,ce7b77fb29a3bfbc,2024-08-13,2024,,,10.0,0.0,10.0,10.0,https://www.agoda.com/api/cronos/property/review/HotelReviews?hotelId=50345&pageSize=50&referer=https%3A%2F%2Fwww.agoda.com%2Fwynn-las-vegas%2Fhotel%2Flas-vegas-nv-us.html&providerMode=separate,5,2026-07-11T14:50:10.920828+00:00
HWYNN001,Wynn Las Vegas,Las Vegas,United States,booking_via_agoda,agoda,3038.0,Booking.com,0cfedaa352fb9e7f,2024-08-13,2024,,,8.0,0.0,10.0,8.0,https://www.agoda.com/api/cronos/property/review/HotelReviews?hotelId=50345&pageSize=50&referer=https%3A%2F%2Fwww.agoda.com%2Fwynn-las-vegas%2Fhotel%2Flas-vegas-nv-us.html&providerMode=separate,18,2026-07-11T14:50:10.920828+00:00
HWYNN001,Wynn Las Vegas,Las Vegas,United States,booking_via_agoda,agoda,3038.0,Booking.com,a9a5f07169bf00b8,2024-08-15,2024,,,9.0,0.0,10.0,9.0,https://www.agoda.com/api/cronos/property/review/HotelReviews?hotelId=50345&pageSize=50&referer=https%3A%2F%2Fwww.agoda.com%2Fwynn-las-vegas%2Fhotel%2Flas-vegas-nv-us.html&providerMode=separate,13,2026-07-11T14:50:10.920828+00:00
HWYNN001,Wynn Las Vegas,Las Vegas,United States,booking_via_agoda,agoda,3038.0,Booking.com,64bf95930ca34ac2,2024-08-16,2024,,,8.0,0.0,10.0,8.0,https://www.agoda.com/api/cronos/property/review/HotelReviews?hotelId=50345&pageSize=50&referer=https%3A%2F%2Fwww.agoda.com%2Fwynn-las-vegas%2Fhotel%2Flas-vegas-nv-us.html&providerMode=separate,5,2026-07-11T14:50:10.920828+00:00
HWYNN001,Wynn Las Vegas,Las Vegas,United States,booking_via_agoda,agoda,3038.0,Booking.com,8023f8aa67a442ba,2024-08-16,2024,,,10.0,0.0,10.0,10.0,https://www.agoda.com/api/cronos/property/review/HotelReviews?hotelId=50345&pageSize=50&referer=https%3A%2F%2Fwww.agoda.com%2Fwynn-las-vegas%2Fhotel%2Flas-vegas-nv-us.html&providerMode=separate,5,2026-07-11T14:50:10.920828+00:00
HWYNN001,Wynn Las Vegas,Las Vegas,United States,booking_via_agoda,agoda,3038.0,Booking.com,621509a099c09f49,2024-08-18,2024,,,9.0,0.0,10.0,9.0,https://www.agoda.com/api/cronos/property/review/HotelReviews?hotelId=50345&pageSize=50&referer=https%3A%2F%2Fwww.agoda.com%2Fwynn-las-vegas%2Fhotel%2Flas-vegas-nv-us.html&providerMode=separate,14,2026-07-11T14:50:10.920828+00:00
HWYNN001,Wynn Las Vegas,Las Vegas,United States,booking_via_agoda,agoda,3038.0,Booking.com,6fb7bc42d1322102,2024-08-19,2024,,,3.0,0.0,10.0,3.0,https://www.agoda.com/api/cronos/property/review/HotelReviews?hotelId=50345&pageSize=50&referer=https%3A%2F%2Fwww.agoda.com%2Fwynn-las-vegas%2Fhotel%2Flas-vegas-nv-us.html&providerMode=separate,5,2026-07-11T14:50:10.920828+00:00
HWYNN001,Wynn Las Vegas,Las Vegas,United States,booking_via_agoda,agoda,3038.0,Booking.com,b2de8abaf18f300c,2024-08-19,2024,,,10.0,0.0,10.0,10.0,https://www.agoda.com/api/cronos/property/review/HotelReviews?hotelId=50345&pageSize=50&referer=https%3A%2F%2Fwww.agoda.com%2Fwynn-las-vegas%2Fhotel%2Flas-vegas-nv-us.html&providerMode=separate,14,2026-07-11T14:50:10.920828+00:00
HWYNN001,Wynn Las Vegas,Las Vegas,United States,booking_via_agoda,agoda,3038.0,Booking.com,026095e0941ba78b,2024-08-19,2024,,,10.0,0.0,10.0,10.0,https://www.agoda.com/api/cronos/property/review/HotelReviews?hotelId=50345&pageSize=50&referer=https%3A%2F%2Fwww.agoda.com%2Fwynn-las-vegas%2Fhotel%2Flas-vegas-nv-us.html&providerMode=separate,15,2026-07-11T14:50:10.920828+00:00
HWYNN001,Wynn Las Vegas,Las Vegas,United States,booking_via_agoda,agoda,3038.0,Booking.com,0377a16586e2bb2e,2024-08-19,2024,,,10.0,0.0,10.0,10.0,https://www.agoda.com/api/cronos/property/review/HotelReviews?hotelId=50345&pageSize=50&referer=https%3A%2F%2Fwww.agoda.com%2Fwynn-las-vegas%2Fhotel%2Flas-vegas-nv-us.html&providerMode=separate,16,2026-07-11T14:50:10.920828+00:00
HWYNN001,Wynn Las Vegas,Las Vegas,United States,booking_via_agoda,agoda,3038.0,Booking.com,32ff275a1da9c5ca,2024-08-19,2024,,,10.0,0.0,10.0,10.0,https://www.agoda.com/api/cronos/property/review/HotelReviews?hotelId=50345&pageSize=50&referer=https%3A%2F%2Fwww.agoda.com%2Fwynn-las-vegas%2Fhotel%2Flas-vegas-nv-us.html&providerMode=separate,18,2026-07-11T14:50:10.920828+00:00
HWYNN001,Wynn Las Vegas,Las Vegas,United States,booking_via_agoda,agoda,3038.0,Booking.com,1fed97c59c921115,2024-08-19,2024,,,10.0,0.0,10.0,10.0,https://www.agoda.com/api/cronos/property/review/HotelReviews?hotelId=50345&pageSize=50&referer=https%3A%2F%2Fwww.agoda.com%2Fwynn-las-vegas%2Fhotel%2Flas-vegas-nv-us.html&providerMode=separate,18,2026-07-11T14:50:10.920828+00:00
HWYNN001,Wynn Las Vegas,Las Vegas,United States,booking_via_agoda,agoda,3038.0,Booking.com,addc5b2ad14c2fc1,2024-08-20,2024,,,5.0,0.0,10.0,5.0,https://www.agoda.com/api/cronos/property/review/HotelReviews?hotelId=50345&pageSize=50&referer=https%3A%2F%2Fwww.agoda.com%2Fwynn-las-vegas%2Fhotel%2Flas-vegas-nv-us.html&providerMode=separate,16,2026-07-11T14:50:10.920828+00:00
HWYNN001,Wynn Las Vegas,Las Vegas,United States,booking_via_agoda,agoda,3038.0,Booking.com,c2d04dc2c67933d4,2024-08-20,2024,,,8.0,0.0,10.0,8.0,https://www.agoda.com/api/cronos/property/review/HotelReviews?hotelId=50345&pageSize=50&referer=https%3A%2F%2Fwww.agoda.com%2Fwynn-las-vegas%2Fhotel%2Flas-vegas-nv-us.html&providerMode=separate,16,2026-07-11T14:50:10.920828+00:00
HWYNN001,Wynn Las Vegas,Las Vegas,United States,booking_via_agoda,agoda,3038.0,Booking.com,6389fcfa072d0aac,2024-08-21,2024,,,9.0,0.0,10.0,9.0,https://www.agoda.com/api/cronos/property/review/HotelReviews?hotelId=50345&pageSize=50&referer=https%3A%2F%2Fwww.agoda.com%2Fwynn-las-vegas%2Fhotel%2Flas-vegas-nv-us.html&providerMode=separate,12,2026-07-11T14:50:10.920828+00:00
HWYNN001,Wynn Las Vegas,Las Vegas,United States,booking_via_agoda,agoda,3038.0,Booking.com,e920edd59f7e6682,2024-08-21,2024,,,6.0,0.0,10.0,6.0,https://www.agoda.com/api/cronos/property/review/HotelReviews?hotelId=50345&pageSize=50&referer=https%3A%2F%2Fwww.agoda.com%2Fwynn-las-vegas%2Fhotel%2Flas-vegas-nv-us.html&providerMode=separate,18,2026-07-11T14:50:10.920828+00:00
HWYNN001,Wynn Las Vegas,Las Vegas,United States,booking_via_agoda,agoda,3038.0,Booking.com,c2d2a8cfea25f783,2024-08-23,2024,,,10.0,0.0,10.0,10.0,https://www.agoda.com/api/cronos/property/review/HotelReviews?hotelId=50345&pageSize=50&referer=https%3A%2F%2Fwww.agoda.com%2Fwynn-las-vegas%2Fhotel%2Flas-vegas-nv-us.html&providerMode=separate,10,2026-07-11T14:50:10.920828+00:00
HWYNN001,Wynn Las Vegas,Las Vegas,United States,booking_via_agoda,agoda,3038.0,Booking.com,4bf0fcb6bea9b747,2024-08-24,2024,,,10.0,0.0,10.0,10.0,https://www.agoda.com/api/cronos/property/review/HotelReviews?hotelId=50345&pageSize=50&referer=https%3A%2F%2Fwww.agoda.com%2Fwynn-las-vegas%2Fhotel%2Flas-vegas-nv-us.html&providerMode=separate,13,2026-07-11T14:50:10.920828+00:00
HWYNN001,Wynn Las Vegas,Las Vegas,United States,booking_via_agoda,agoda,3038.0,Booking.com,3a9e0563c4610f47,2024-08-25,2024,,,10.0,0.0,10.0,10.0,https://www.agoda.com/api/cronos/property/review/HotelReviews?hotelId=50345&pageSize=50&referer=https%3A%2F%2Fwww.agoda.com%2Fwynn-las-vegas%2Fhotel%2Flas-vegas-nv-us.html&providerMode=separate,5,2026-07-11T14:50:10.920828+00:00
HWYNN001,Wynn Las Vegas,Las Vegas,United States,booking_via_agoda,agoda,3038.0,Booking.com,c9cc91f84b35053e,2024-08-29,2024,,,10.0,0.0,10.0,10.0,https://www.agoda.com/api/cronos/property/review/HotelReviews?hotelId=50345&pageSize=50&referer=https%3A%2F%2Fwww.agoda.com%2Fwynn-las-vegas%2Fhotel%2Flas-vegas-nv-us.html&providerMode=separate,4,2026-07-11T14:50:10.920828+00:00
HWYNN001,Wynn Las Vegas,Las Vegas,United States,booking_via_agoda,agoda,3038.0,Booking.com,99cc4d9152866ea2,2024-08-29,2024,,,10.0,0.0,10.0,10.0,https://www.agoda.com/api/cronos/property/review/HotelReviews?hotelId=50345&pageSize=50&referer=https%3A%2F%2Fwww.agoda.com%2Fwynn-las-vegas%2Fhotel%2Flas-vegas-nv-us.html&providerMode=separate,5,2026-07-11T14:50:10.920828+00:00
HWYNN001,Wynn Las Vegas,Las Vegas,United States,booking_via_agoda,agoda,3038.0,Booking.com,3c9b032671441c16,2024-08-30,2024,,,9.0,0.0,10.0,9.0,https://www.agoda.com/api/cronos/property/review/HotelReviews?hotelId=50345&pageSize=50&referer=https%3A%2F%2Fwww.agoda.com%2Fwynn-las-vegas%2Fhotel%2Flas-vegas-nv-us.html&providerMode=separate,4,2026-07-11T14:50:10.920828+00:00
HWYNN001,Wynn Las Vegas,Las Vegas,United States,booking_via_agoda,agoda,3038.0,Booking.com,20edf0ac2f254809,2024-08-30,2024,,,7.0,0.0,10.0,7.0,https://www.agoda.com/api/cronos/property/review/HotelReviews?hotelId=50345&pageSize=50&referer=https%3A%2F%2Fwww.agoda.com%2Fwynn-las-vegas%2Fhotel%2Flas-vegas-nv-us.html&providerMode=separate,12,2026-07-11T14:50:10.920828+00:00
HWYNN001,Wynn Las Vegas,Las Vegas,United States,booking_via_agoda,agoda,3038.0,Booking.com,0766a165e41cdbcd,2024-08-31,2024,,,1.0,0.0,10.0,1.0,https://www.agoda.com/api/cronos/property/review/HotelReviews?hotelId=50345&pageSize=50&referer=https%3A%2F%2Fwww.agoda.com%2Fwynn-las-vegas%2Fhotel%2Flas-vegas-nv-us.html&providerMode=separate,15,2026-07-11T14:50:10.920828+00:00
HWYNN001,Wynn Las Vegas,Las Vegas,United States,booking_via_agoda,agoda,3038.0,Booking.com,49d18a52bdc46fcf,2024-09-02,2024,,,10.0,0.0,10.0,10.0,https://www.agoda.com/api/cronos/property/review/HotelReviews?hotelId=50345&pageSize=50&referer=https%3A%2F%2Fwww.agoda.com%2Fwynn-las-vegas%2Fhotel%2Flas-vegas-nv-us.html&providerMode=separate,4,2026-07-11T14:50:10.920828+00:00
HWYNN001,Wynn Las Vegas,Las Vegas,United States,booking_via_agoda,agoda,3038.0,Booking.com,8d3e6d49ef865331,2024-09-02,2024,,,10.0,0.0,10.0,10.0,https://www.agoda.com/api/cronos/property/review/HotelReviews?hotelId=50345&pageSize=50&referer=https%3A%2F%2Fwww.agoda.com%2Fwynn-las-vegas%2Fhotel%2Flas-vegas-nv-us.html&providerMode=separate,12,2026-07-11T14:50:10.920828+00:00
HWYNN001,Wynn Las Vegas,Las Vegas,United States,booking_via_agoda,agoda,3038.0,Booking.com,c9457722551571f8,2024-09-03,2024,,,1.0,0.0,10.0,1.0,https://www.agoda.com/api/cronos/property/review/HotelReviews?hotelId=50345&pageSize=50&referer=https%3A%2F%2Fwww.agoda.com%2Fwynn-las-vegas%2Fhotel%2Flas-vegas-nv-us.html&providerMode=separate,18,2026-07-11T14:50:10.920828+00:00
HWYNN001,Wynn Las Vegas,Las Vegas,United States,booking_via_agoda,agoda,3038.0,Booking.com,acfac7096e93659d,2024-09-06,2024,,,10.0,0.0,10.0,10.0,https://www.agoda.com/api/cronos/property/review/HotelReviews?hotelId=50345&pageSize=50&referer=https%3A%2F%2Fwww.agoda.com%2Fwynn-las-vegas%2Fhotel%2Flas-vegas-nv-us.html&providerMode=separate,10,2026-07-11T14:50:10.920828+00:00
HWYNN001,Wynn Las Vegas,Las Vegas,United States,booking_via_agoda,agoda,3038.0,Booking.com,734f5bf355df5b83,2024-09-07,2024,,,4.0,0.0,10.0,4.0,https://www.agoda.com/api/cronos/property/review/HotelReviews?hotelId=50345&pageSize=50&referer=https%3A%2F%2Fwww.agoda.com%2Fwynn-las-vegas%2Fhotel%2Flas-vegas-nv-us.html&providerMode=separate,4,2026-07-11T14:50:10.920828+00:00
HWYNN001,Wynn Las Vegas,Las Vegas,United States,booking_via_agoda,agoda,3038.0,Booking.com,a2f7445a9da1414d,2024-09-09,2024,,,8.0,0.0,10.0,8.0,https://www.agoda.com/api/cronos/property/review/HotelReviews?hotelId=50345&pageSize=50&referer=https%3A%2F%2Fwww.agoda.com%2Fwynn-las-vegas%2Fhotel%2Flas-vegas-nv-us.html&providerMode=separate,4,2026-07-11T14:50:10.920828+00:00
HWYNN001,Wynn Las Vegas,Las Vegas,United States,booking_via_agoda,agoda,3038.0,Booking.com,9a1a3d4c16c78516,2024-09-09,2024,,,10.0,0.0,10.0,10.0,https://www.agoda.com/api/cronos/property/review/HotelReviews?hotelId=50345&pageSize=50&referer=https%3A%2F%2Fwww.agoda.com%2Fwynn-las-vegas%2Fhotel%2Flas-vegas-nv-us.html&providerMode=separate,18,2026-07-11T14:50:10.920828+00:00
HWYNN001,Wynn Las Vegas,Las Vegas,United States,booking_via_agoda,agoda,3038.0,Booking.com,3d7e664c29176f99,2024-09-09,2024,,,10.0,0.0,10.0,10.0,https://www.agoda.com/api/cronos/property/review/HotelReviews?hotelId=50345&pageSize=50&referer=https%3A%2F%2Fwww.agoda.com%2Fwynn-las-vegas%2Fhotel%2Flas-vegas-nv-us.html&providerMode=separate,18,2026-07-11T14:50:10.920828+00:00
HWYNN001,Wynn Las Vegas,Las Vegas,United States,booking_via_agoda,agoda,3038.0,Booking.com,489f7ff4811453fb,2024-09-10,2024,,,8.0,0.0,10.0,8.0,https://www.agoda.com/api/cronos/property/review/HotelReviews?hotelId=50345&pageSize=50&referer=https%3A%2F%2Fwww.agoda.com%2Fwynn-las-vegas%2Fhotel%2Flas-vegas-nv-us.html&providerMode=separate,18,2026-07-11T14:50:10.920828+00:00
HWYNN001,Wynn Las Vegas,Las Vegas,United States,booking_via_agoda,agoda,3038.0,Booking.com,4dbd70114f8bea53,2024-09-15,2024,,,7.0,0.0,10.0,7.0,https://www.agoda.com/api/cronos/property/review/HotelReviews?hotelId=50345&pageSize=50&referer=https%3A%2F%2Fwww.agoda.com%2Fwynn-las-vegas%2Fhotel%2Flas-vegas-nv-us.html&providerMode=separate,4,2026-07-11T14:50:10.920828+00:00
HWYNN001,Wynn Las Vegas,Las Vegas,United States,booking_via_agoda,agoda,3038.0,Booking.com,d965087890183e72,2024-09-15,2024,,,10.0,0.0,10.0,10.0,https://www.agoda.com/api/cronos/property/review/HotelReviews?hotelId=50345&pageSize=50&referer=https%3A%2F%2Fwww.agoda.com%2Fwynn-las-vegas%2Fhotel%2Flas-vegas-nv-us.html&providerMode=separate,18,2026-07-11T14:50:10.920828+00:00
HWYNN001,Wynn Las Vegas,Las Vegas,United States,booking_via_agoda,agoda,3038.0,Booking.com,9673ed4fab9e64a6,2024-09-15,2024,,,10.0,0.0,10.0,10.0,https://www.agoda.com/api/cronos/property/review/HotelReviews?hotelId=50345&pageSize=50&referer=https%3A%2F%2Fwww.agoda.com%2Fwynn-las-vegas%2Fhotel%2Flas-vegas-nv-us.html&providerMode=separate,18,2026-07-11T14:50:10.920828+00:00
HWYNN001,Wynn Las Vegas,Las Vegas,United States,booking_via_agoda,agoda,3038.0,Booking.com,d9e03901b70d287d,2024-09-16,2024,,,10.0,0.0,10.0,10.0,https://www.agoda.com/api/cronos/property/review/HotelReviews?hotelId=50345&pageSize=50&referer=https%3A%2F%2Fwww.agoda.com%2Fwynn-las-vegas%2Fhotel%2Flas-vegas-nv-us.html&providerMode=separate,4,2026-07-11T14:50:10.920828+00:00
HWYNN001,Wynn Las Vegas,Las Vegas,United States,booking_via_agoda,agoda,3038.0,Booking.com,1ff1e2540aaceb43,2024-09-16,2024,,,10.0,0.0,10.0,10.0,https://www.agoda.com/api/cronos/property/review/HotelReviews?hotelId=50345&pageSize=50&referer=https%3A%2F%2Fwww.agoda.com%2Fwynn-las-vegas%2Fhotel%2Flas-vegas-nv-us.html&providerMode=separate,14,2026-07-11T14:50:10.920828+00:00
HWYNN001,Wynn Las Vegas,Las Vegas,United States,booking_via_agoda,agoda,3038.0,Booking.com,40e1deec458405aa,2024-09-17,2024,,,10.0,0.0,10.0,10.0,https://www.agoda.com/api/cronos/property/review/HotelReviews?hotelId=50345&pageSize=50&referer=https%3A%2F%2Fwww.agoda.com%2Fwynn-las-vegas%2Fhotel%2Flas-vegas-nv-us.html&providerMode=separate,4,2026-07-11T14:50:10.920828+00:00
HWYNN001,Wynn Las Vegas,Las Vegas,United States,booking_via_agoda,agoda,3038.0,Booking.com,9dba968e60f9e729,2024-09-17,2024,,,10.0,0.0,10.0,10.0,https://www.agoda.com/api/cronos/property/review/HotelReviews?hotelId=50345&pageSize=50&referer=https%3A%2F%2Fwww.agoda.com%2Fwynn-las-vegas%2Fhotel%2Flas-vegas-nv-us.html&providerMode=separate,10,2026-07-11T14:50:10.920828+00:00
HWYNN001,Wynn Las Vegas,Las Vegas,United States,booking_via_agoda,agoda,3038.0,Booking.com,e962ab6cee74120d,2024-09-17,2024,,,10.0,0.0,10.0,10.0,https://www.agoda.com/api/cronos/property/review/HotelReviews?hotelId=50345&pageSize=50&referer=https%3A%2F%2Fwww.agoda.com%2Fwynn-las-vegas%2Fhotel%2Flas-vegas-nv-us.html&providerMode=separate,10,2026-07-11T14:50:10.920828+00:00
HWYNN001,Wynn Las Vegas,Las Vegas,United States,booking_via_agoda,agoda,3038.0,Booking.com,b4ee7f785bff35c3,2024-09-23,2024,,,10.0,0.0,10.0,10.0,https://www.agoda.com/api/cronos/property/review/HotelReviews?hotelId=50345&pageSize=50&referer=https%3A%2F%2Fwww.agoda.com%2Fwynn-las-vegas%2Fhotel%2Flas-vegas-nv-us.html&providerMode=separate,10,2026-07-11T14:50:10.920828+00:00
HWYNN001,Wynn Las Vegas,Las Vegas,United States,booking_via_agoda,agoda,3038.0,Booking.com,2c42ba37536877fc,2024-09-23,2024,,,7.0,0.0,10.0,7.0,https://www.agoda.com/api/cronos/property/review/HotelReviews?hotelId=50345&pageSize=50&referer=https%3A%2F%2Fwww.agoda.com%2Fwynn-las-vegas%2Fhotel%2Flas-vegas-nv-us.html&providerMode=separate,12,2026-07-11T14:50:10.920828+00:00
HWYNN001,Wynn Las Vegas,Las Vegas,United States,booking_via_agoda,agoda,3038.0,Booking.com,7583a70a0c75aede,2024-09-24,2024,,,9.0,0.0,10.0,9.0,https://www.agoda.com/api/cronos/property/review/HotelReviews?hotelId=50345&pageSize=50&referer=https%3A%2F%2Fwww.agoda.com%2Fwynn-las-vegas%2Fhotel%2Flas-vegas-nv-us.html&providerMode=separate,15,2026-07-11T14:50:10.920828+00:00
HWYNN001,Wynn Las Vegas,Las Vegas,United States,booking_via_agoda,agoda,3038.0,Booking.com,6d1153fc4fb3751c,2024-09-25,2024,,,10.0,0.0,10.0,10.0,https://www.agoda.com/api/cronos/property/review/HotelReviews?hotelId=50345&pageSize=50&referer=https%3A%2F%2Fwww.agoda.com%2Fwynn-las-vegas%2Fhotel%2Flas-vegas-nv-us.html&providerMode=separate,4,2026-07-11T14:50:10.920828+00:00
HWYNN001,Wynn Las Vegas,Las Vegas,United States,booking_via_agoda,agoda,3038.0,Booking.com,ee3a83da7918c322,2024-09-29,2024,,,9.0,0.0,10.0,9.0,https://www.agoda.com/api/cronos/property/review/HotelReviews?hotelId=50345&pageSize=50&referer=https%3A%2F%2Fwww.agoda.com%2Fwynn-las-vegas%2Fhotel%2Flas-vegas-nv-us.html&providerMode=separate,18,2026-07-11T14:50:10.920828+00:00
HWYNN001,Wynn Las Vegas,Las Vegas,United States,booking_via_agoda,agoda,3038.0,Booking.com,13eb98a2ec8cface,2024-10-02,2024,,,10.0,0.0,10.0,10.0,https://www.agoda.com/api/cronos/property/review/HotelReviews?hotelId=50345&pageSize=50&referer=https%3A%2F%2Fwww.agoda.com%2Fwynn-las-vegas%2Fhotel%2Flas-vegas-nv-us.html&providerMode=separate,12,2026-07-11T14:50:10.920828+00:00
HWYNN001,Wynn Las Vegas,Las Vegas,United States,booking_via_agoda,agoda,3038.0,Booking.com,0ce1c3869d1a2474,2024-10-02,2024,,,8.0,0.0,10.0,8.0,https://www.agoda.com/api/cronos/property/review/HotelReviews?hotelId=50345&pageSize=50&referer=https%3A%2F%2Fwww.agoda.com%2Fwynn-las-vegas%2Fhotel%2Flas-vegas-nv-us.html&providerMode=separate,12,2026-07-11T14:50:10.920828+00:00
HWYNN001,Wynn Las Vegas,Las Vegas,United States,booking_via_agoda,agoda,3038.0,Booking.com,046b3fe73570c521,2024-10-02,2024,,,10.0,0.0,10.0,10.0,https://www.agoda.com/api/cronos/property/review/HotelReviews?hotelId=50345&pageSize=50&referer=https%3A%2F%2Fwww.agoda.com%2Fwynn-las-vegas%2Fhotel%2Flas-vegas-nv-us.html&providerMode=separate,13,2026-07-11T14:50:10.920828+00:00
HWYNN001,Wynn Las Vegas,Las Vegas,United States,booking_via_agoda,agoda,3038.0,Booking.com,e7a2580457216215,2024-10-05,2024,,,9.0,0.0,10.0,9.0,https://www.agoda.com/api/cronos/property/review/HotelReviews?hotelId=50345&pageSize=50&referer=https%3A%2F%2Fwww.agoda.com%2Fwynn-las-vegas%2Fhotel%2Flas-vegas-nv-us.html&providerMode=separate,15,2026-07-11T14:50:10.920828+00:00
HWYNN001,Wynn Las Vegas,Las Vegas,United States,booking_via_agoda,agoda,3038.0,Booking.com,afddaf282810892d,2024-10-05,2024,,,10.0,0.0,10.0,10.0,https://www.agoda.com/api/cronos/property/review/HotelReviews?hotelId=50345&pageSize=50&referer=https%3A%2F%2Fwww.agoda.com%2Fwynn-las-vegas%2Fhotel%2Flas-vegas-nv-us.html&providerMode=separate,18,2026-07-11T14:50:10.920828+00:00
HWYNN001,Wynn Las Vegas,Las Vegas,United States,booking_via_agoda,agoda,3038.0,Booking.com,9ec88c84d899cf06,2024-10-07,2024,,,10.0,0.0,10.0,10.0,https://www.agoda.com/api/cronos/property/review/HotelReviews?hotelId=50345&pageSize=50&referer=https%3A%2F%2Fwww.agoda.com%2Fwynn-las-vegas%2Fhotel%2Flas-vegas-nv-us.html&providerMode=separate,4,2026-07-11T14:50:10.920828+00:00
HWYNN001,Wynn Las Vegas,Las Vegas,United States,booking_via_agoda,agoda,3038.0,Booking.com,7986e2ed521cc3f3,2024-10-07,2024,,,1.0,0.0,10.0,1.0,https://www.agoda.com/api/cronos/property/review/HotelReviews?hotelId=50345&pageSize=50&referer=https%3A%2F%2Fwww.agoda.com%2Fwynn-las-vegas%2Fhotel%2Flas-vegas-nv-us.html&providerMode=separate,4,2026-07-11T14:50:10.920828+00:00
HWYNN001,Wynn Las Vegas,Las Vegas,United States,booking_via_agoda,agoda,3038.0,Booking.com,9bad2347ec0c51d2,2024-10-07,2024,,,10.0,0.0,10.0,10.0,https://www.agoda.com/api/cronos/property/review/HotelReviews?hotelId=50345&pageSize=50&referer=https%3A%2F%2Fwww.agoda.com%2Fwynn-las-vegas%2Fhotel%2Flas-vegas-nv-us.html&providerMode=separate,12,2026-07-11T14:50:10.920828+00:00
HWYNN001,Wynn Las Vegas,Las Vegas,United States,booking_via_agoda,agoda,3038.0,Booking.com,8904f48e745f8712,2024-10-07,2024,,,8.0,0.0,10.0,8.0,https://www.agoda.com/api/cronos/property/review/HotelReviews?hotelId=50345&pageSize=50&referer=https%3A%2F%2Fwww.agoda.com%2Fwynn-las-vegas%2Fhotel%2Flas-vegas-nv-us.html&providerMode=separate,13,2026-07-11T14:50:10.920828+00:00
HWYNN001,Wynn Las Vegas,Las Vegas,United States,booking_via_agoda,agoda,3038.0,Booking.com,f598b2e4df1aea71,2024-10-07,2024,,,10.0,0.0,10.0,10.0,https://www.agoda.com/api/cronos/property/review/HotelReviews?hotelId=50345&pageSize=50&referer=https%3A%2F%2Fwww.agoda.com%2Fwynn-las-vegas%2Fhotel%2Flas-vegas-nv-us.html&providerMode=separate,18,2026-07-11T14:50:10.920828+00:00
HWYNN001,Wynn Las Vegas,Las Vegas,United States,booking_via_agoda,agoda,3038.0,Booking.com,405ff03bc1c840e4,2024-10-08,2024,,,10.0,0.0,10.0,10.0,https://www.agoda.com/api/cronos/property/review/HotelReviews?hotelId=50345&pageSize=50&referer=https%3A%2F%2Fwww.agoda.com%2Fwynn-las-vegas%2Fhotel%2Flas-vegas-nv-us.html&providerMode=separate,10,2026-07-11T14:50:10.920828+00:00
HWYNN001,Wynn Las Vegas,Las Vegas,United States,booking_via_agoda,agoda,3038.0,Booking.com,1493c66520add287,2024-10-10,2024,,,10.0,0.0,10.0,10.0,https://www.agoda.com/api/cronos/property/review/HotelReviews?hotelId=50345&pageSize=50&referer=https%3A%2F%2Fwww.agoda.com%2Fwynn-las-vegas%2Fhotel%2Flas-vegas-nv-us.html&providerMode=separate,13,2026-07-11T14:50:10.920828+00:00
HWYNN001,Wynn Las Vegas,Las Vegas,United States,booking_via_agoda,agoda,3038.0,Booking.com,68bf15032507ae42,2024-10-12,2024,,,10.0,0.0,10.0,10.0,https://www.agoda.com/api/cronos/property/review/HotelReviews?hotelId=50345&pageSize=50&referer=https%3A%2F%2Fwww.agoda.com%2Fwynn-las-vegas%2Fhotel%2Flas-vegas-nv-us.html&providerMode=separate,10,2026-07-11T14:50:10.920828+00:00
HWYNN001,Wynn Las Vegas,Las Vegas,United States,booking_via_agoda,agoda,3038.0,Booking.com,daefedfb5899fab4,2024-10-12,2024,,,3.0,0.0,10.0,3.0,https://www.agoda.com/api/cronos/property/review/HotelReviews?hotelId=50345&pageSize=50&referer=https%3A%2F%2Fwww.agoda.com%2Fwynn-las-vegas%2Fhotel%2Flas-vegas-nv-us.html&providerMode=separate,16,2026-07-11T14:50:10.920828+00:00
HWYNN001,Wynn Las Vegas,Las Vegas,United States,booking_via_agoda,agoda,3038.0,Booking.com,c054b14f0d9ae95f,2024-10-14,2024,,,10.0,0.0,10.0,10.0,https://www.agoda.com/api/cronos/property/review/HotelReviews?hotelId=50345&pageSize=50&referer=https%3A%2F%2Fwww.agoda.com%2Fwynn-las-vegas%2Fhotel%2Flas-vegas-nv-us.html&providerMode=separate,4,2026-07-11T14:50:10.920828+00:00
HWYNN001,Wynn Las Vegas,Las Vegas,United States,booking_via_agoda,agoda,3038.0,Booking.com,3748598ab20f0a3f,2024-10-15,2024,,,3.0,0.0,10.0,3.0,https://www.agoda.com/api/cronos/property/review/HotelReviews?hotelId=50345&pageSize=50&referer=https%3A%2F%2Fwww.agoda.com%2Fwynn-las-vegas%2Fhotel%2Flas-vegas-nv-us.html&providerMode=separate,4,2026-07-11T14:50:10.920828+00:00
HWYNN001,Wynn Las Vegas,Las Vegas,United States,booking_via_agoda,agoda,3038.0,Booking.com,acc8d60e4c4bcc65,2024-10-16,2024,,,9.0,0.0,10.0,9.0,https://www.agoda.com/api/cronos/property/review/HotelReviews?hotelId=50345&pageSize=50&referer=https%3A%2F%2Fwww.agoda.com%2Fwynn-las-vegas%2Fhotel%2Flas-vegas-nv-us.html&providerMode=separate,12,2026-07-11T14:50:10.920828+00:00
HWYNN001,Wynn Las Vegas,Las Vegas,United States,booking_via_agoda,agoda,3038.0,Booking.com,153a8123b03c1442,2024-10-19,2024,,,10.0,0.0,10.0,10.0,https://www.agoda.com/api/cronos/property/review/HotelReviews?hotelId=50345&pageSize=50&referer=https%3A%2F%2Fwww.agoda.com%2Fwynn-las-vegas%2Fhotel%2Flas-vegas-nv-us.html&providerMode=separate,4,2026-07-11T14:50:10.920828+00:00
HWYNN001,Wynn Las Vegas,Las Vegas,United States,booking_via_agoda,agoda,3038.0,Booking.com,32eac6e23be0f8d7,2024-10-20,2024,,,10.0,0.0,10.0,10.0,https://www.agoda.com/api/cronos/property/review/HotelReviews?hotelId=50345&pageSize=50&referer=https%3A%2F%2Fwww.agoda.com%2Fwynn-las-vegas%2Fhotel%2Flas-vegas-nv-us.html&providerMode=separate,4,2026-07-11T14:50:10.920828+00:00
HWYNN001,Wynn Las Vegas,Las Vegas,United States,booking_via_agoda,agoda,3038.0,Booking.com,866334e176ddfd2a,2024-10-21,2024,,,9.0,0.0,10.0,9.0,https://www.agoda.com/api/cronos/property/review/HotelReviews?hotelId=50345&pageSize=50&referer=https%3A%2F%2Fwww.agoda.com%2Fwynn-las-vegas%2Fhotel%2Flas-vegas-nv-us.html&providerMode=separate,4,2026-07-11T14:50:10.920828+00:00
HWYNN001,Wynn Las Vegas,Las Vegas,United States,booking_via_agoda,agoda,3038.0,Booking.com,87972d02fe3bf74b,2024-10-22,2024,,,4.0,0.0,10.0,4.0,https://www.agoda.com/api/cronos/property/review/HotelReviews?hotelId=50345&pageSize=50&referer=https%3A%2F%2Fwww.agoda.com%2Fwynn-las-vegas%2Fhotel%2Flas-vegas-nv-us.html&providerMode=separate,4,2026-07-11T14:50:10.920828+00:00
HWYNN001,Wynn Las Vegas,Las Vegas,United States,booking_via_agoda,agoda,3038.0,Booking.com,5dea25351fe50229,2024-10-22,2024,,,10.0,0.0,10.0,10.0,https://www.agoda.com/api/cronos/property/review/HotelReviews?hotelId=50345&pageSize=50&referer=https%3A%2F%2Fwww.agoda.com%2Fwynn-las-vegas%2Fhotel%2Flas-vegas-nv-us.html&providerMode=separate,14,2026-07-11T14:50:10.920828+00:00
HWYNN001,Wynn Las Vegas,Las Vegas,United States,booking_via_agoda,agoda,3038.0,Booking.com,2e66358a075f138d,2024-10-23,2024,,,8.0,0.0,10.0,8.0,https://www.agoda.com/api/cronos/property/review/HotelReviews?hotelId=50345&pageSize=50&referer=https%3A%2F%2Fwww.agoda.com%2Fwynn-las-vegas%2Fhotel%2Flas-vegas-nv-us.html&providerMode=separate,4,2026-07-11T14:50:10.920828+00:00
HWYNN001,Wynn Las Vegas,Las Vegas,United States,booking_via_agoda,agoda,3038.0,Booking.com,d4becc8965c0a806,2024-10-24,2024,,,10.0,0.0,10.0,10.0,https://www.agoda.com/api/cronos/property/review/HotelReviews?hotelId=50345&pageSize=50&referer=https%3A%2F%2Fwww.agoda.com%2Fwynn-las-vegas%2Fhotel%2Flas-vegas-nv-us.html&providerMode=separate,13,2026-07-11T14:50:10.920828+00:00
HWYNN001,Wynn Las Vegas,Las Vegas,United States,booking_via_agoda,agoda,3038.0,Booking.com,d1354c4688c7a16a,2024-10-24,2024,,,10.0,0.0,10.0,10.0,https://www.agoda.com/api/cronos/property/review/HotelReviews?hotelId=50345&pageSize=50&referer=https%3A%2F%2Fwww.agoda.com%2Fwynn-las-vegas%2Fhotel%2Flas-vegas-nv-us.html&providerMode=separate,18,2026-07-11T14:50:10.920828+00:00
HWYNN001,Wynn Las Vegas,Las Vegas,United States,booking_via_agoda,agoda,3038.0,Booking.com,64a01876f0a87d68,2024-10-30,2024,,,9.0,0.0,10.0,9.0,https://www.agoda.com/api/cronos/property/review/HotelReviews?hotelId=50345&pageSize=50&referer=https%3A%2F%2Fwww.agoda.com%2Fwynn-las-vegas%2Fhotel%2Flas-vegas-nv-us.html&providerMode=separate,13,2026-07-11T14:50:10.920828+00:00
HWYNN001,Wynn Las Vegas,Las Vegas,United States,booking_via_agoda,agoda,3038.0,Booking.com,e7962d1c88a7ec3c,2024-10-31,2024,,,10.0,0.0,10.0,10.0,https://www.agoda.com/api/cronos/property/review/HotelReviews?hotelId=50345&pageSize=50&referer=https%3A%2F%2Fwww.agoda.com%2Fwynn-las-vegas%2Fhotel%2Flas-vegas-nv-us.html&providerMode=separate,4,2026-07-11T14:50:10.920828+00:00
HWYNN001,Wynn Las Vegas,Las Vegas,United States,booking_via_agoda,agoda,3038.0,Booking.com,4bd4ddb20e79632c,2024-10-31,2024,,,10.0,0.0,10.0,10.0,https://www.agoda.com/api/cronos/property/review/HotelReviews?hotelId=50345&pageSize=50&referer=https%3A%2F%2Fwww.agoda.com%2Fwynn-las-vegas%2Fhotel%2Flas-vegas-nv-us.html&providerMode=separate,18,2026-07-11T14:50:10.920828+00:00
HWYNN001,Wynn Las Vegas,Las Vegas,United States,booking_via_agoda,agoda,3038.0,Booking.com,087f1defb278329a,2024-11-10,2024,,,6.0,0.0,10.0,6.0,https://www.agoda.com/api/cronos/property/review/HotelReviews?hotelId=50345&pageSize=50&referer=https%3A%2F%2Fwww.agoda.com%2Fwynn-las-vegas%2Fhotel%2Flas-vegas-nv-us.html&providerMode=separate,18,2026-07-11T14:50:10.920828+00:00
HWYNN001,Wynn Las Vegas,Las Vegas,United States,booking_via_agoda,agoda,3038.0,Booking.com,23e5272f1ff4853d,2024-11-12,2024,,,10.0,0.0,10.0,10.0,https://www.agoda.com/api/cronos/property/review/HotelReviews?hotelId=50345&pageSize=50&referer=https%3A%2F%2Fwww.agoda.com%2Fwynn-las-vegas%2Fhotel%2Flas-vegas-nv-us.html&providerMode=separate,18,2026-07-11T14:50:10.920828+00:00
HWYNN001,Wynn Las Vegas,Las Vegas,United States,booking_via_agoda,agoda,3038.0,Booking.com,6ea2a0d61e5d2f5e,2024-11-21,2024,,,9.0,0.0,10.0,9.0,https://www.agoda.com/api/cronos/property/review/HotelReviews?hotelId=50345&pageSize=50&referer=https%3A%2F%2Fwww.agoda.com%2Fwynn-las-vegas%2Fhotel%2Flas-vegas-nv-us.html&providerMode=separate,4,2026-07-11T14:50:10.920828+00:00
HWYNN001,Wynn Las Vegas,Las Vegas,United States,booking_via_agoda,agoda,3038.0,Booking.com,b4dbb188755b1e69,2024-11-22,2024,,,9.0,0.0,10.0,9.0,https://www.agoda.com/api/cronos/property/review/HotelReviews?hotelId=50345&pageSize=50&referer=https%3A%2F%2Fwww.agoda.com%2Fwynn-las-vegas%2Fhotel%2Flas-vegas-nv-us.html&providerMode=separate,18,2026-07-11T14:50:10.920828+00:00
HWYNN001,Wynn Las Vegas,Las Vegas,United States,booking_via_agoda,agoda,3038.0,Booking.com,723eae1f215d1e1e,2024-11-24,2024,,,10.0,0.0,10.0,10.0,https://www.agoda.com/api/cronos/property/review/HotelReviews?hotelId=50345&pageSize=50&referer=https%3A%2F%2Fwww.agoda.com%2Fwynn-las-vegas%2Fhotel%2Flas-vegas-nv-us.html&providerMode=separate,16,2026-07-11T14:50:10.920828+00:00
HWYNN001,Wynn Las Vegas,Las Vegas,United States,booking_via_agoda,agoda,3038.0,Booking.com,46220bcf80ca2324,2024-11-26,2024,,,10.0,0.0,10.0,10.0,https://www.agoda.com/api/cronos/property/review/HotelReviews?hotelId=50345&pageSize=50&referer=https%3A%2F%2Fwww.agoda.com%2Fwynn-las-vegas%2Fhotel%2Flas-vegas-nv-us.html&providerMode=separate,4,2026-07-11T14:50:10.920828+00:00
HWYNN001,Wynn Las Vegas,Las Vegas,United States,booking_via_agoda,agoda,3038.0,Booking.com,98d2a9f5c8fb14c9,2024-12-02,2024,,,10.0,0.0,10.0,10.0,https://www.agoda.com/api/cronos/property/review/HotelReviews?hotelId=50345&pageSize=50&referer=https%3A%2F%2Fwww.agoda.com%2Fwynn-las-vegas%2Fhotel%2Flas-vegas-nv-us.html&providerMode=separate,16,2026-07-11T14:50:10.920828+00:00
HWYNN001,Wynn Las Vegas,Las Vegas,United States,booking_via_agoda,agoda,3038.0,Booking.com,901f77079aad506f,2024-12-03,2024,,,6.0,0.0,10.0,6.0,https://www.agoda.com/api/cronos/property/review/HotelReviews?hotelId=50345&pageSize=50&referer=https%3A%2F%2Fwww.agoda.com%2Fwynn-las-vegas%2Fhotel%2Flas-vegas-nv-us.html&providerMode=separate,4,2026-07-11T14:50:10.920828+00:00
HWYNN001,Wynn Las Vegas,Las Vegas,United States,booking_via_agoda,agoda,3038.0,Booking.com,00462c5041576a45,2024-12-07,2024,,,9.0,0.0,10.0,9.0,https://www.agoda.com/api/cronos/property/review/HotelReviews?hotelId=50345&pageSize=50&referer=https%3A%2F%2Fwww.agoda.com%2Fwynn-las-vegas%2Fhotel%2Flas-vegas-nv-us.html&providerMode=separate,4,2026-07-11T14:50:10.920828+00:00
HWYNN001,Wynn Las Vegas,Las Vegas,United States,booking_via_agoda,agoda,3038.0,Booking.com,0b4b9195ffaeb872,2024-12-08,2024,,,10.0,0.0,10.0,10.0,https://www.agoda.com/api/cronos/property/review/HotelReviews?hotelId=50345&pageSize=50&referer=https%3A%2F%2Fwww.agoda.com%2Fwynn-las-vegas%2Fhotel%2Flas-vegas-nv-us.html&providerMode=separate,4,2026-07-11T14:50:10.920828+00:00
HWYNN001,Wynn Las Vegas,Las Vegas,United States,booking_via_agoda,agoda,3038.0,Booking.com,8ac450a4f7c0a2fd,2024-12-08,2024,,,9.0,0.0,10.0,9.0,https://www.agoda.com/api/cronos/property/review/HotelReviews?hotelId=50345&pageSize=50&referer=https%3A%2F%2Fwww.agoda.com%2Fwynn-las-vegas%2Fhotel%2Flas-vegas-nv-us.html&providerMode=separate,4,2026-07-11T14:50:10.920828+00:00
HWYNN001,Wynn Las Vegas,Las Vegas,United States,booking_via_agoda,agoda,3038.0,Booking.com,486f26685d433f78,2024-12-09,2024,,,8.0,0.0,10.0,8.0,https://www.agoda.com/api/cronos/property/review/HotelReviews?hotelId=50345&pageSize=50&referer=https%3A%2F%2Fwww.agoda.com%2Fwynn-las-vegas%2Fhotel%2Flas-vegas-nv-us.html&providerMode=separate,18,2026-07-11T14:50:10.920828+00:00
HWYNN001,Wynn Las Vegas,Las Vegas,United States,booking_via_agoda,agoda,3038.0,Booking.com,bc64f6ed3fe72f61,2024-12-10,2024,,,10.0,0.0,10.0,10.0,https://www.agoda.com/api/cronos/property/review/HotelReviews?hotelId=50345&pageSize=50&referer=https%3A%2F%2Fwww.agoda.com%2Fwynn-las-vegas%2Fhotel%2Flas-vegas-nv-us.html&providerMode=separate,4,2026-07-11T14:50:10.920828+00:00
HWYNN001,Wynn Las Vegas,Las Vegas,United States,booking_via_agoda,agoda,3038.0,Booking.com,e0793e9d4e0cb842,2024-12-13,2024,,,9.0,0.0,10.0,9.0,https://www.agoda.com/api/cronos/property/review/HotelReviews?hotelId=50345&pageSize=50&referer=https%3A%2F%2Fwww.agoda.com%2Fwynn-las-vegas%2Fhotel%2Flas-vegas-nv-us.html&providerMode=separate,4,2026-07-11T14:50:10.920828+00:00
HWYNN001,Wynn Las Vegas,Las Vegas,United States,booking_via_agoda,agoda,3038.0,Booking.com,09869d4d5297a022,2024-12-14,2024,,,9.0,0.0,10.0,9.0,https://www.agoda.com/api/cronos/property/review/HotelReviews?hotelId=50345&pageSize=50&referer=https%3A%2F%2Fwww.agoda.com%2Fwynn-las-vegas%2Fhotel%2Flas-vegas-nv-us.html&providerMode=separate,18,2026-07-11T14:50:10.920828+00:00
HWYNN001,Wynn Las Vegas,Las Vegas,United States,booking_via_agoda,agoda,3038.0,Booking.com,2af6a4b42cdd710d,2024-12-17,2024,,,9.0,0.0,10.0,9.0,https://www.agoda.com/api/cronos/property/review/HotelReviews?hotelId=50345&pageSize=50&referer=https%3A%2F%2Fwww.agoda.com%2Fwynn-las-vegas%2Fhotel%2Flas-vegas-nv-us.html&providerMode=separate,18,2026-07-11T14:50:10.920828+00:00
HWYNN001,Wynn Las Vegas,Las Vegas,United States,booking_via_agoda,agoda,3038.0,Booking.com,565fc56407380d31,2024-12-18,2024,,,10.0,0.0,10.0,10.0,https://www.agoda.com/api/cronos/property/review/HotelReviews?hotelId=50345&pageSize=50&referer=https%3A%2F%2Fwww.agoda.com%2Fwynn-las-vegas%2Fhotel%2Flas-vegas-nv-us.html&providerMode=separate,10,2026-07-11T14:50:10.920828+00:00
HWYNN001,Wynn Las Vegas,Las Vegas,United States,booking_via_agoda,agoda,3038.0,Booking.com,8dc5b444149a7f9b,2024-12-21,2024,,,9.0,0.0,10.0,9.0,https://www.agoda.com/api/cronos/property/review/HotelReviews?hotelId=50345&pageSize=50&referer=https%3A%2F%2Fwww.agoda.com%2Fwynn-las-vegas%2Fhotel%2Flas-vegas-nv-us.html&providerMode=separate,4,2026-07-11T14:50:10.920828+00:00
HWYNN001,Wynn Las Vegas,Las Vegas,United States,booking_via_agoda,agoda,3038.0,Booking.com,9d538bb24987822d,2024-12-22,2024,,,6.0,0.0,10.0,6.0,https://www.agoda.com/api/cronos/property/review/HotelReviews?hotelId=50345&pageSize=50&referer=https%3A%2F%2Fwww.agoda.com%2Fwynn-las-vegas%2Fhotel%2Flas-vegas-nv-us.html&providerMode=separate,14,2026-07-11T14:50:10.920828+00:00
HWYNN001,Wynn Las Vegas,Las Vegas,United States,booking_via_agoda,agoda,3038.0,Booking.com,2c65b5a4138e92f6,2024-12-22,2024,,,8.0,0.0,10.0,8.0,https://www.agoda.com/api/cronos/property/review/HotelReviews?hotelId=50345&pageSize=50&referer=https%3A%2F%2Fwww.agoda.com%2Fwynn-las-vegas%2Fhotel%2Flas-vegas-nv-us.html&providerMode=separate,15,2026-07-11T14:50:10.920828+00:00
HWYNN001,Wynn Las Vegas,Las Vegas,United States,booking_via_agoda,agoda,3038.0,Booking.com,11e078257c8f8001,2024-12-23,2024,,,10.0,0.0,10.0,10.0,https://www.agoda.com/api/cronos/property/review/HotelReviews?hotelId=50345&pageSize=50&referer=https%3A%2F%2Fwww.agoda.com%2Fwynn-las-vegas%2Fhotel%2Flas-vegas-nv-us.html&providerMode=separate,15,2026-07-11T14:50:10.920828+00:00
HWYNN001,Wynn Las Vegas,Las Vegas,United States,booking_via_agoda,agoda,3038.0,Booking.com,45b17fe06f581e39,2024-12-25,2024,,,10.0,0.0,10.0,10.0,https://www.agoda.com/api/cronos/property/review/HotelReviews?hotelId=50345&pageSize=50&referer=https%3A%2F%2Fwww.agoda.com%2Fwynn-las-vegas%2Fhotel%2Flas-vegas-nv-us.html&providerMode=separate,14,2026-07-11T14:50:10.920828+00:00
HWYNN001,Wynn Las Vegas,Las Vegas,United States,booking_via_agoda,agoda,3038.0,Booking.com,91a6645de38a6311,2024-12-26,2024,,,10.0,0.0,10.0,10.0,https://www.agoda.com/api/cronos/property/review/HotelReviews?hotelId=50345&pageSize=50&referer=https%3A%2F%2Fwww.agoda.com%2Fwynn-las-vegas%2Fhotel%2Flas-vegas-nv-us.html&providerMode=separate,4,2026-07-11T14:50:10.920828+00:00
HWYNN001,Wynn Las Vegas,Las Vegas,United States,booking_via_agoda,agoda,3038.0,Booking.com,158759b04ff0ed1c,2024-12-27,2024,,,6.0,0.0,10.0,6.0,https://www.agoda.com/api/cronos/property/review/HotelReviews?hotelId=50345&pageSize=50&referer=https%3A%2F%2Fwww.agoda.com%2Fwynn-las-vegas%2Fhotel%2Flas-vegas-nv-us.html&providerMode=separate,10,2026-07-11T14:50:10.920828+00:00
HWYNN001,Wynn Las Vegas,Las Vegas,United States,booking_via_agoda,agoda,3038.0,Booking.com,f3919d8e1f28683c,2024-12-27,2024,,,10.0,0.0,10.0,10.0,https://www.agoda.com/api/cronos/property/review/HotelReviews?hotelId=50345&pageSize=50&referer=https%3A%2F%2Fwww.agoda.com%2Fwynn-las-vegas%2Fhotel%2Flas-vegas-nv-us.html&providerMode=separate,10,2026-07-11T14:50:10.920828+00:00
HWYNN001,Wynn Las Vegas,Las Vegas,United States,booking_via_agoda,agoda,3038.0,Booking.com,2a60bf120b90085c,2024-12-30,2024,,,9.0,0.0,10.0,9.0,https://www.agoda.com/api/cronos/property/review/HotelReviews?hotelId=50345&pageSize=50&referer=https%3A%2F%2Fwww.agoda.com%2Fwynn-las-vegas%2Fhotel%2Flas-vegas-nv-us.html&providerMode=separate,14,2026-07-11T14:50:10.920828+00:00
HWYNN001,Wynn Las Vegas,Las Vegas,United States,booking_via_agoda,agoda,3038.0,Booking.com,1dd7b0150dd7bf83,2024-12-31,2024,,,5.0,0.0,10.0,5.0,https://www.agoda.com/api/cronos/property/review/HotelReviews?hotelId=50345&pageSize=50&referer=https%3A%2F%2Fwww.agoda.com%2Fwynn-las-vegas%2Fhotel%2Flas-vegas-nv-us.html&providerMode=separate,4,2026-07-11T14:50:10.920828+00:00
HWYNN001,Wynn Las Vegas,Las Vegas,United States,booking_via_agoda,agoda,3038.0,Booking.com,8be3e0f9078548ed,2024-12-31,2024,,,4.0,0.0,10.0,4.0,https://www.agoda.com/api/cronos/property/review/HotelReviews?hotelId=50345&pageSize=50&referer=https%3A%2F%2Fwww.agoda.com%2Fwynn-las-vegas%2Fhotel%2Flas-vegas-nv-us.html&providerMode=separate,4,2026-07-11T14:50:10.920828+00:00
HWYNN001,Wynn Las Vegas,Las Vegas,United States,booking_via_agoda,agoda,3038.0,Booking.com,c144bee0017630a0,2024-12-31,2024,,,10.0,0.0,10.0,10.0,https://www.agoda.com/api/cronos/property/review/HotelReviews?hotelId=50345&pageSize=50&referer=https%3A%2F%2Fwww.agoda.com%2Fwynn-las-vegas%2Fhotel%2Flas-vegas-nv-us.html&providerMode=separate,4,2026-07-11T14:50:10.920828+00:00
HWYNN001,Wynn Las Vegas,Las Vegas,United States,booking_via_agoda,agoda,3038.0,Booking.com,498b1002c4f04f4c,2024-12-31,2024,,,2.0,0.0,10.0,2.0,https://www.agoda.com/api/cronos/property/review/HotelReviews?hotelId=50345&pageSize=50&referer=https%3A%2F%2Fwww.agoda.com%2Fwynn-las-vegas%2Fhotel%2Flas-vegas-nv-us.html&providerMode=separate,4,2026-07-11T14:50:10.920828+00:00
HWYNN001,Wynn Las Vegas,Las Vegas,United States,booking_via_agoda,agoda,3038.0,Booking.com,f10e2e11008a6708,2025-01-05,2025,,,9.0,0.0,10.0,9.0,https://www.agoda.com/api/cronos/property/review/HotelReviews?hotelId=50345&pageSize=50&referer=https%3A%2F%2Fwww.agoda.com%2Fwynn-las-vegas%2Fhotel%2Flas-vegas-nv-us.html&providerMode=separate,4,2026-07-11T14:50:10.920828+00:00
HWYNN001,Wynn Las Vegas,Las Vegas,United States,booking_via_agoda,agoda,3038.0,Booking.com,cffd48e28967936f,2025-01-05,2025,,,10.0,0.0,10.0,10.0,https://www.agoda.com/api/cronos/property/review/HotelReviews?hotelId=50345&pageSize=50&referer=https%3A%2F%2Fwww.agoda.com%2Fwynn-las-vegas%2Fhotel%2Flas-vegas-nv-us.html&providerMode=separate,10,2026-07-11T14:50:10.920828+00:00
HWYNN001,Wynn Las Vegas,Las Vegas,United States,booking_via_agoda,agoda,3038.0,Booking.com,8f3b087e4ed24ae4,2025-01-06,2025,,,8.0,0.0,10.0,8.0,https://www.agoda.com/api/cronos/property/review/HotelReviews?hotelId=50345&pageSize=50&referer=https%3A%2F%2Fwww.agoda.com%2Fwynn-las-vegas%2Fhotel%2Flas-vegas-nv-us.html&providerMode=separate,4,2026-07-11T14:50:10.920828+00:00
HWYNN001,Wynn Las Vegas,Las Vegas,United States,booking_via_agoda,agoda,3038.0,Booking.com,739dee7914fe52e8,2025-01-06,2025,,,9.0,0.0,10.0,9.0,https://www.agoda.com/api/cronos/property/review/HotelReviews?hotelId=50345&pageSize=50&referer=https%3A%2F%2Fwww.agoda.com%2Fwynn-las-vegas%2Fhotel%2Flas-vegas-nv-us.html&providerMode=separate,4,2026-07-11T14:50:10.920828+00:00
HWYNN001,Wynn Las Vegas,Las Vegas,United States,booking_via_agoda,agoda,3038.0,Booking.com,d969c003f1374500,2025-01-06,2025,,,9.0,0.0,10.0,9.0,https://www.agoda.com/api/cronos/property/review/HotelReviews?hotelId=50345&pageSize=50&referer=https%3A%2F%2Fwww.agoda.com%2Fwynn-las-vegas%2Fhotel%2Flas-vegas-nv-us.html&providerMode=separate,4,2026-07-11T14:50:10.920828+00:00
HWYNN001,Wynn Las Vegas,Las Vegas,United States,booking_via_agoda,agoda,3038.0,Booking.com,28d6f25cdd945883,2025-01-06,2025,,,10.0,0.0,10.0,10.0,https://www.agoda.com/api/cronos/property/review/HotelReviews?hotelId=50345&pageSize=50&referer=https%3A%2F%2Fwww.agoda.com%2Fwynn-las-vegas%2Fhotel%2Flas-vegas-nv-us.html&providerMode=separate,10,2026-07-11T14:50:10.920828+00:00
HWYNN001,Wynn Las Vegas,Las Vegas,United States,booking_via_agoda,agoda,3038.0,Booking.com,f2a3da9444e18932,2025-01-06,2025,,,10.0,0.0,10.0,10.0,https://www.agoda.com/api/cronos/property/review/HotelReviews?hotelId=50345&pageSize=50&referer=https%3A%2F%2Fwww.agoda.com%2Fwynn-las-vegas%2Fhotel%2Flas-vegas-nv-us.html&providerMode=separate,14,2026-07-11T14:50:10.920828+00:00
HWYNN001,Wynn Las Vegas,Las Vegas,United States,booking_via_agoda,agoda,3038.0,Booking.com,cfcf50989a4db7de,2025-01-06,2025,,,10.0,0.0,10.0,10.0,https://www.agoda.com/api/cronos/property/review/HotelReviews?hotelId=50345&pageSize=50&referer=https%3A%2F%2Fwww.agoda.com%2Fwynn-las-vegas%2Fhotel%2Flas-vegas-nv-us.html&providerMode=separate,21,2026-07-11T14:50:10.920828+00:00
HWYNN001,Wynn Las Vegas,Las Vegas,United States,booking_via_agoda,agoda,3038.0,Booking.com,9e2d8781d2e28d2a,2025-01-07,2025,,,10.0,0.0,10.0,10.0,https://www.agoda.com/api/cronos/property/review/HotelReviews?hotelId=50345&pageSize=50&referer=https%3A%2F%2Fwww.agoda.com%2Fwynn-las-vegas%2Fhotel%2Flas-vegas-nv-us.html&providerMode=separate,4,2026-07-11T14:50:10.920828+00:00
HWYNN001,Wynn Las Vegas,Las Vegas,United States,booking_via_agoda,agoda,3038.0,Booking.com,3648ec20cbb9ec28,2025-01-13,2025,,,9.0,0.0,10.0,9.0,https://www.agoda.com/api/cronos/property/review/HotelReviews?hotelId=50345&pageSize=50&referer=https%3A%2F%2Fwww.agoda.com%2Fwynn-las-vegas%2Fhotel%2Flas-vegas-nv-us.html&providerMode=separate,4,2026-07-11T14:50:10.920828+00:00
HWYNN001,Wynn Las Vegas,Las Vegas,United States,booking_via_agoda,agoda,3038.0,Booking.com,7c9144930ef6b93b,2025-01-13,2025,,,4.0,0.0,10.0,4.0,https://www.agoda.com/api/cronos/property/review/HotelReviews?hotelId=50345&pageSize=50&referer=https%3A%2F%2Fwww.agoda.com%2Fwynn-las-vegas%2Fhotel%2Flas-vegas-nv-us.html&providerMode=separate,4,2026-07-11T14:50:10.920828+00:00
HWYNN001,Wynn Las Vegas,Las Vegas,United States,booking_via_agoda,agoda,3038.0,Booking.com,a43f372ddc64e350,2025-01-13,2025,,,10.0,0.0,10.0,10.0,https://www.agoda.com/api/cronos/property/review/HotelReviews?hotelId=50345&pageSize=50&referer=https%3A%2F%2Fwww.agoda.com%2Fwynn-las-vegas%2Fhotel%2Flas-vegas-nv-us.html&providerMode=separate,10,2026-07-11T14:50:10.920828+00:00
HWYNN001,Wynn Las Vegas,Las Vegas,United States,booking_via_agoda,agoda,3038.0,Booking.com,287a608fecbfe7d7,2025-01-17,2025,,,10.0,0.0,10.0,10.0,https://www.agoda.com/api/cronos/property/review/HotelReviews?hotelId=50345&pageSize=50&referer=https%3A%2F%2Fwww.agoda.com%2Fwynn-las-vegas%2Fhotel%2Flas-vegas-nv-us.html&providerMode=separate,4,2026-07-11T14:50:10.920828+00:00
HWYNN001,Wynn Las Vegas,Las Vegas,United States,booking_via_agoda,agoda,3038.0,Booking.com,a0972eb723e37537,2025-01-19,2025,,,9.0,0.0,10.0,9.0,https://www.agoda.com/api/cronos/property/review/HotelReviews?hotelId=50345&pageSize=50&referer=https%3A%2F%2Fwww.agoda.com%2Fwynn-las-vegas%2Fhotel%2Flas-vegas-nv-us.html&providerMode=separate,4,2026-07-11T14:50:10.920828+00:00
HWYNN001,Wynn Las Vegas,Las Vegas,United States,booking_via_agoda,agoda,3038.0,Booking.com,461b4873a4ddf601,2025-01-20,2025,,,8.0,0.0,10.0,8.0,https://www.agoda.com/api/cronos/property/review/HotelReviews?hotelId=50345&pageSize=50&referer=https%3A%2F%2Fwww.agoda.com%2Fwynn-las-vegas%2Fhotel%2Flas-vegas-nv-us.html&providerMode=separate,4,2026-07-11T14:50:10.920828+00:00
HWYNN001,Wynn Las Vegas,Las Vegas,United States,booking_via_agoda,agoda,3038.0,Booking.com,71f9ab07b8755028,2025-01-20,2025,,,1.0,0.0,10.0,1.0,https://www.agoda.com/api/cronos/property/review/HotelReviews?hotelId=50345&pageSize=50&referer=https%3A%2F%2Fwww.agoda.com%2Fwynn-las-vegas%2Fhotel%2Flas-vegas-nv-us.html&providerMode=separate,4,2026-07-11T14:50:10.920828+00:00
HWYNN001,Wynn Las Vegas,Las Vegas,United States,booking_via_agoda,agoda,3038.0,Booking.com,6e75a8ab3685da2f,2025-01-28,2025,,,10.0,0.0,10.0,10.0,https://www.agoda.com/api/cronos/property/review/HotelReviews?hotelId=50345&pageSize=50&referer=https%3A%2F%2Fwww.agoda.com%2Fwynn-las-vegas%2Fhotel%2Flas-vegas-nv-us.html&providerMode=separate,10,2026-07-11T14:50:10.920828+00:00
HWYNN001,Wynn Las Vegas,Las Vegas,United States,booking_via_agoda,agoda,3038.0,Booking.com,53ebd0267585b679,2025-02-08,2025,,,1.0,0.0,10.0,1.0,https://www.agoda.com/api/cronos/property/review/HotelReviews?hotelId=50345&pageSize=50&referer=https%3A%2F%2Fwww.agoda.com%2Fwynn-las-vegas%2Fhotel%2Flas-vegas-nv-us.html&providerMode=separate,14,2026-07-11T14:50:10.920828+00:00
HWYNN001,Wynn Las Vegas,Las Vegas,United States,booking_via_agoda,agoda,3038.0,Booking.com,a198986f7b61ab13,2025-02-11,2025,,,8.0,0.0,10.0,8.0,https://www.agoda.com/api/cronos/property/review/HotelReviews?hotelId=50345&pageSize=50&referer=https%3A%2F%2Fwww.agoda.com%2Fwynn-las-vegas%2Fhotel%2Flas-vegas-nv-us.html&providerMode=separate,10,2026-07-11T14:50:10.920828+00:00
HWYNN001,Wynn Las Vegas,Las Vegas,United States,booking_via_agoda,agoda,3038.0,Booking.com,1358dfb4f698909c,2025-02-18,2025,,,9.0,0.0,10.0,9.0,https://www.agoda.com/api/cronos/property/review/HotelReviews?hotelId=50345&pageSize=50&referer=https%3A%2F%2Fwww.agoda.com%2Fwynn-las-vegas%2Fhotel%2Flas-vegas-nv-us.html&providerMode=separate,4,2026-07-11T14:50:10.920828+00:00
HWYNN001,Wynn Las Vegas,Las Vegas,United States,booking_via_agoda,agoda,3038.0,Booking.com,ea4e913fd87abaeb,2025-02-18,2025,,,7.0,0.0,10.0,7.0,https://www.agoda.com/api/cronos/property/review/HotelReviews?hotelId=50345&pageSize=50&referer=https%3A%2F%2Fwww.agoda.com%2Fwynn-las-vegas%2Fhotel%2Flas-vegas-nv-us.html&providerMode=separate,18,2026-07-11T14:50:10.920828+00:00
HWYNN001,Wynn Las Vegas,Las Vegas,United States,booking_via_agoda,agoda,3038.0,Booking.com,5307d1c13ee85652,2025-02-26,2025,,,10.0,0.0,10.0,10.0,https://www.agoda.com/api/cronos/property/review/HotelReviews?hotelId=50345&pageSize=50&referer=https%3A%2F%2Fwww.agoda.com%2Fwynn-las-vegas%2Fhotel%2Flas-vegas-nv-us.html&providerMode=separate,4,2026-07-11T14:50:10.920828+00:00
HWYNN001,Wynn Las Vegas,Las Vegas,United States,booking_via_agoda,agoda,3038.0,Booking.com,af01fd95c1392ef0,2025-02-26,2025,,,10.0,0.0,10.0,10.0,https://www.agoda.com/api/cronos/property/review/HotelReviews?hotelId=50345&pageSize=50&referer=https%3A%2F%2Fwww.agoda.com%2Fwynn-las-vegas%2Fhotel%2Flas-vegas-nv-us.html&providerMode=separate,10,2026-07-11T14:50:10.920828+00:00
HWYNN001,Wynn Las Vegas,Las Vegas,United States,booking_via_agoda,agoda,3038.0,Booking.com,b8001c49c7d1ee0b,2025-02-26,2025,,,9.0,0.0,10.0,9.0,https://www.agoda.com/api/cronos/property/review/HotelReviews?hotelId=50345&pageSize=50&referer=https%3A%2F%2Fwww.agoda.com%2Fwynn-las-vegas%2Fhotel%2Flas-vegas-nv-us.html&providerMode=separate,14,2026-07-11T14:50:10.920828+00:00
HWYNN001,Wynn Las Vegas,Las Vegas,United States,booking_via_agoda,agoda,3038.0,Booking.com,10a4297ce4ca8092,2025-02-26,2025,,,10.0,0.0,10.0,10.0,https://www.agoda.com/api/cronos/property/review/HotelReviews?hotelId=50345&pageSize=50&referer=https%3A%2F%2Fwww.agoda.com%2Fwynn-las-vegas%2Fhotel%2Flas-vegas-nv-us.html&providerMode=separate,18,2026-07-11T14:50:10.920828+00:00
HWYNN001,Wynn Las Vegas,Las Vegas,United States,booking_via_agoda,agoda,3038.0,Booking.com,9e2a55ca2baa45c8,2025-03-04,2025,,,8.0,0.0,10.0,8.0,https://www.agoda.com/api/cronos/property/review/HotelReviews?hotelId=50345&pageSize=50&referer=https%3A%2F%2Fwww.agoda.com%2Fwynn-las-vegas%2Fhotel%2Flas-vegas-nv-us.html&providerMode=separate,4,2026-07-11T14:50:10.920828+00:00
HWYNN001,Wynn Las Vegas,Las Vegas,United States,booking_via_agoda,agoda,3038.0,Booking.com,4a1b5676acbad57e,2025-03-08,2025,,,7.0,0.0,10.0,7.0,https://www.agoda.com/api/cronos/property/review/HotelReviews?hotelId=50345&pageSize=50&referer=https%3A%2F%2Fwww.agoda.com%2Fwynn-las-vegas%2Fhotel%2Flas-vegas-nv-us.html&providerMode=separate,10,2026-07-11T14:50:10.920828+00:00
HWYNN001,Wynn Las Vegas,Las Vegas,United States,booking_via_agoda,agoda,3038.0,Booking.com,a926c5dc409a9825,2025-03-10,2025,,,10.0,0.0,10.0,10.0,https://www.agoda.com/api/cronos/property/review/HotelReviews?hotelId=50345&pageSize=50&referer=https%3A%2F%2Fwww.agoda.com%2Fwynn-las-vegas%2Fhotel%2Flas-vegas-nv-us.html&providerMode=separate,16,2026-07-11T14:50:10.920828+00:00
HWYNN001,Wynn Las Vegas,Las Vegas,United States,booking_via_agoda,agoda,3038.0,Booking.com,508dba89fce317ed,2025-03-12,2025,,,9.0,0.0,10.0,9.0,https://www.agoda.com/api/cronos/property/review/HotelReviews?hotelId=50345&pageSize=50&referer=https%3A%2F%2Fwww.agoda.com%2Fwynn-las-vegas%2Fhotel%2Flas-vegas-nv-us.html&providerMode=separate,4,2026-07-11T14:50:10.920828+00:00
HWYNN001,Wynn Las Vegas,Las Vegas,United States,booking_via_agoda,agoda,3038.0,Booking.com,9d584e566e3c6f7f,2025-03-12,2025,,,10.0,0.0,10.0,10.0,https://www.agoda.com/api/cronos/property/review/HotelReviews?hotelId=50345&pageSize=50&referer=https%3A%2F%2Fwww.agoda.com%2Fwynn-las-vegas%2Fhotel%2Flas-vegas-nv-us.html&providerMode=separate,10,2026-07-11T14:50:10.920828+00:00
HWYNN001,Wynn Las Vegas,Las Vegas,United States,booking_via_agoda,agoda,3038.0,Booking.com,4175838d7b9be966,2025-03-12,2025,,,9.0,0.0,10.0,9.0,https://www.agoda.com/api/cronos/property/review/HotelReviews?hotelId=50345&pageSize=50&referer=https%3A%2F%2Fwww.agoda.com%2Fwynn-las-vegas%2Fhotel%2Flas-vegas-nv-us.html&providerMode=separate,18,2026-07-11T14:50:10.920828+00:00
HWYNN001,Wynn Las Vegas,Las Vegas,United States,booking_via_agoda,agoda,3038.0,Booking.com,dfdd5935a8fbf24e,2025-03-16,2025,,,10.0,0.0,10.0,10.0,https://www.agoda.com/api/cronos/property/review/HotelReviews?hotelId=50345&pageSize=50&referer=https%3A%2F%2Fwww.agoda.com%2Fwynn-las-vegas%2Fhotel%2Flas-vegas-nv-us.html&providerMode=separate,3,2026-07-11T14:50:10.920828+00:00
HWYNN001,Wynn Las Vegas,Las Vegas,United States,booking_via_agoda,agoda,3038.0,Booking.com,9001430e63f43b42,2025-03-19,2025,,,10.0,0.0,10.0,10.0,https://www.agoda.com/api/cronos/property/review/HotelReviews?hotelId=50345&pageSize=50&referer=https%3A%2F%2Fwww.agoda.com%2Fwynn-las-vegas%2Fhotel%2Flas-vegas-nv-us.html&providerMode=separate,3,2026-07-11T14:50:10.920828+00:00
HWYNN001,Wynn Las Vegas,Las Vegas,United States,booking_via_agoda,agoda,3038.0,Booking.com,311d38dc116b12c4,2025-03-22,2025,,,6.0,0.0,10.0,6.0,https://www.agoda.com/api/cronos/property/review/HotelReviews?hotelId=50345&pageSize=50&referer=https%3A%2F%2Fwww.agoda.com%2Fwynn-las-vegas%2Fhotel%2Flas-vegas-nv-us.html&providerMode=separate,16,2026-07-11T14:50:10.920828+00:00
HWYNN001,Wynn Las Vegas,Las Vegas,United States,booking_via_agoda,agoda,3038.0,Booking.com,838ea34127051ae8,2025-03-23,2025,,,1.0,0.0,10.0,1.0,https://www.agoda.com/api/cronos/property/review/HotelReviews?hotelId=50345&pageSize=50&referer=https%3A%2F%2Fwww.agoda.com%2Fwynn-las-vegas%2Fhotel%2Flas-vegas-nv-us.html&providerMode=separate,3,2026-07-11T14:50:10.920828+00:00
HWYNN001,Wynn Las Vegas,Las Vegas,United States,booking_via_agoda,agoda,3038.0,Booking.com,d0bcdf16e8719eee,2025-03-24,2025,,,10.0,0.0,10.0,10.0,https://www.agoda.com/api/cronos/property/review/HotelReviews?hotelId=50345&pageSize=50&referer=https%3A%2F%2Fwww.agoda.com%2Fwynn-las-vegas%2Fhotel%2Flas-vegas-nv-us.html&providerMode=separate,3,2026-07-11T14:50:10.920828+00:00
HWYNN001,Wynn Las Vegas,Las Vegas,United States,booking_via_agoda,agoda,3038.0,Booking.com,93cdca70669531ad,2025-03-25,2025,,,9.0,0.0,10.0,9.0,https://www.agoda.com/api/cronos/property/review/HotelReviews?hotelId=50345&pageSize=50&referer=https%3A%2F%2Fwww.agoda.com%2Fwynn-las-vegas%2Fhotel%2Flas-vegas-nv-us.html&providerMode=separate,18,2026-07-11T14:50:10.920828+00:00
HWYNN001,Wynn Las Vegas,Las Vegas,United States,booking_via_agoda,agoda,3038.0,Booking.com,94b7c733102aa180,2025-03-28,2025,,,10.0,0.0,10.0,10.0,https://www.agoda.com/api/cronos/property/review/HotelReviews?hotelId=50345&pageSize=50&referer=https%3A%2F%2Fwww.agoda.com%2Fwynn-las-vegas%2Fhotel%2Flas-vegas-nv-us.html&providerMode=separate,3,2026-07-11T14:50:10.920828+00:00
HWYNN001,Wynn Las Vegas,Las Vegas,United States,booking_via_agoda,agoda,3038.0,Booking.com,92ac97d112014803,2025-03-28,2025,,,3.0,0.0,10.0,3.0,https://www.agoda.com/api/cronos/property/review/HotelReviews?hotelId=50345&pageSize=50&referer=https%3A%2F%2Fwww.agoda.com%2Fwynn-las-vegas%2Fhotel%2Flas-vegas-nv-us.html&providerMode=separate,15,2026-07-11T14:50:10.920828+00:00
HWYNN001,Wynn Las Vegas,Las Vegas,United States,booking_via_agoda,agoda,3038.0,Booking.com,83688e87a47a9c3a,2025-03-31,2025,,,9.0,0.0,10.0,9.0,https://www.agoda.com/api/cronos/property/review/HotelReviews?hotelId=50345&pageSize=50&referer=https%3A%2F%2Fwww.agoda.com%2Fwynn-las-vegas%2Fhotel%2Flas-vegas-nv-us.html&providerMode=separate,3,2026-07-11T14:50:10.920828+00:00
HWYNN001,Wynn Las Vegas,Las Vegas,United States,booking_via_agoda,agoda,3038.0,Booking.com,0192f865ed73b335,2025-03-31,2025,,,10.0,0.0,10.0,10.0,https://www.agoda.com/api/cronos/property/review/HotelReviews?hotelId=50345&pageSize=50&referer=https%3A%2F%2Fwww.agoda.com%2Fwynn-las-vegas%2Fhotel%2Flas-vegas-nv-us.html&providerMode=separate,10,2026-07-11T14:50:10.920828+00:00
HWYNN001,Wynn Las Vegas,Las Vegas,United States,booking_via_agoda,agoda,3038.0,Booking.com,75fd43360eff5529,2025-04-02,2025,,,3.0,0.0,10.0,3.0,https://www.agoda.com/api/cronos/property/review/HotelReviews?hotelId=50345&pageSize=50&referer=https%3A%2F%2Fwww.agoda.com%2Fwynn-las-vegas%2Fhotel%2Flas-vegas-nv-us.html&providerMode=separate,18,2026-07-11T14:50:10.920828+00:00
HWYNN001,Wynn Las Vegas,Las Vegas,United States,booking_via_agoda,agoda,3038.0,Booking.com,f27c3f8561cadcba,2025-04-10,2025,,,10.0,0.0,10.0,10.0,https://www.agoda.com/api/cronos/property/review/HotelReviews?hotelId=50345&pageSize=50&referer=https%3A%2F%2Fwww.agoda.com%2Fwynn-las-vegas%2Fhotel%2Flas-vegas-nv-us.html&providerMode=separate,13,2026-07-11T14:50:10.920828+00:00
HWYNN001,Wynn Las Vegas,Las Vegas,United States,booking_via_agoda,agoda,3038.0,Booking.com,c99fbfc55b344dba,2025-04-13,2025,,,8.0,0.0,10.0,8.0,https://www.agoda.com/api/cronos/property/review/HotelReviews?hotelId=50345&pageSize=50&referer=https%3A%2F%2Fwww.agoda.com%2Fwynn-las-vegas%2Fhotel%2Flas-vegas-nv-us.html&providerMode=separate,14,2026-07-11T14:50:10.920828+00:00
HWYNN001,Wynn Las Vegas,Las Vegas,United States,booking_via_agoda,agoda,3038.0,Booking.com,af5d42750e05a558,2025-04-14,2025,,,10.0,0.0,10.0,10.0,https://www.agoda.com/api/cronos/property/review/HotelReviews?hotelId=50345&pageSize=50&referer=https%3A%2F%2Fwww.agoda.com%2Fwynn-las-vegas%2Fhotel%2Flas-vegas-nv-us.html&providerMode=separate,3,2026-07-11T14:50:10.920828+00:00
HWYNN001,Wynn Las Vegas,Las Vegas,United States,booking_via_agoda,agoda,3038.0,Booking.com,aa304d43440068eb,2025-04-14,2025,,,10.0,0.0,10.0,10.0,https://www.agoda.com/api/cronos/property/review/HotelReviews?hotelId=50345&pageSize=50&referer=https%3A%2F%2Fwww.agoda.com%2Fwynn-las-vegas%2Fhotel%2Flas-vegas-nv-us.html&providerMode=separate,18,2026-07-11T14:50:10.920828+00:00
HWYNN001,Wynn Las Vegas,Las Vegas,United States,booking_via_agoda,agoda,3038.0,Booking.com,e81e049eabd0010d,2025-04-15,2025,,,10.0,0.0,10.0,10.0,https://www.agoda.com/api/cronos/property/review/HotelReviews?hotelId=50345&pageSize=50&referer=https%3A%2F%2Fwww.agoda.com%2Fwynn-las-vegas%2Fhotel%2Flas-vegas-nv-us.html&providerMode=separate,3,2026-07-11T14:50:10.920828+00:00
HWYNN001,Wynn Las Vegas,Las Vegas,United States,booking_via_agoda,agoda,3038.0,Booking.com,735929ebcf87da87,2025-04-15,2025,,,10.0,0.0,10.0,10.0,https://www.agoda.com/api/cronos/property/review/HotelReviews?hotelId=50345&pageSize=50&referer=https%3A%2F%2Fwww.agoda.com%2Fwynn-las-vegas%2Fhotel%2Flas-vegas-nv-us.html&providerMode=separate,14,2026-07-11T14:50:10.920828+00:00
HWYNN001,Wynn Las Vegas,Las Vegas,United States,booking_via_agoda,agoda,3038.0,Booking.com,9e191562035904c1,2025-04-17,2025,,,7.0,0.0,10.0,7.0,https://www.agoda.com/api/cronos/property/review/HotelReviews?hotelId=50345&pageSize=50&referer=https%3A%2F%2Fwww.agoda.com%2Fwynn-las-vegas%2Fhotel%2Flas-vegas-nv-us.html&providerMode=separate,18,2026-07-11T14:50:10.920828+00:00
HWYNN001,Wynn Las Vegas,Las Vegas,United States,booking_via_agoda,agoda,3038.0,Booking.com,ea1cfbffff510336,2025-04-19,2025,,,5.0,0.0,10.0,5.0,https://www.agoda.com/api/cronos/property/review/HotelReviews?hotelId=50345&pageSize=50&referer=https%3A%2F%2Fwww.agoda.com%2Fwynn-las-vegas%2Fhotel%2Flas-vegas-nv-us.html&providerMode=separate,14,2026-07-11T14:50:10.920828+00:00
HWYNN001,Wynn Las Vegas,Las Vegas,United States,booking_via_agoda,agoda,3038.0,Booking.com,d5891d714615b7c2,2025-04-21,2025,,,4.0,0.0,10.0,4.0,https://www.agoda.com/api/cronos/property/review/HotelReviews?hotelId=50345&pageSize=50&referer=https%3A%2F%2Fwww.agoda.com%2Fwynn-las-vegas%2Fhotel%2Flas-vegas-nv-us.html&providerMode=separate,3,2026-07-11T14:50:10.920828+00:00
HWYNN001,Wynn Las Vegas,Las Vegas,United States,booking_via_agoda,agoda,3038.0,Booking.com,e84ea18447929723,2025-04-21,2025,,,9.0,0.0,10.0,9.0,https://www.agoda.com/api/cronos/property/review/HotelReviews?hotelId=50345&pageSize=50&referer=https%3A%2F%2Fwww.agoda.com%2Fwynn-las-vegas%2Fhotel%2Flas-vegas-nv-us.html&providerMode=separate,10,2026-07-11T14:50:10.920828+00:00
HWYNN001,Wynn Las Vegas,Las Vegas,United States,booking_via_agoda,agoda,3038.0,Booking.com,ef3ddea4f653a350,2025-04-23,2025,,,10.0,0.0,10.0,10.0,https://www.agoda.com/api/cronos/property/review/HotelReviews?hotelId=50345&pageSize=50&referer=https%3A%2F%2Fwww.agoda.com%2Fwynn-las-vegas%2Fhotel%2Flas-vegas-nv-us.html&providerMode=separate,15,2026-07-11T14:50:10.920828+00:00
HWYNN001,Wynn Las Vegas,Las Vegas,United States,booking_via_agoda,agoda,3038.0,Booking.com,506fa3e562084aba,2025-04-25,2025,,,10.0,0.0,10.0,10.0,https://www.agoda.com/api/cronos/property/review/HotelReviews?hotelId=50345&pageSize=50&referer=https%3A%2F%2Fwww.agoda.com%2Fwynn-las-vegas%2Fhotel%2Flas-vegas-nv-us.html&providerMode=separate,3,2026-07-11T14:50:10.920828+00:00
HWYNN001,Wynn Las Vegas,Las Vegas,United States,booking_via_agoda,agoda,3038.0,Booking.com,a22c99f8063f8398,2025-04-26,2025,,,7.0,0.0,10.0,7.0,https://www.agoda.com/api/cronos/property/review/HotelReviews?hotelId=50345&pageSize=50&referer=https%3A%2F%2Fwww.agoda.com%2Fwynn-las-vegas%2Fhotel%2Flas-vegas-nv-us.html&providerMode=separate,10,2026-07-11T14:50:10.920828+00:00
HWYNN001,Wynn Las Vegas,Las Vegas,United States,booking_via_agoda,agoda,3038.0,Booking.com,ed3e3b3744a0a124,2025-04-26,2025,,,8.0,0.0,10.0,8.0,https://www.agoda.com/api/cronos/property/review/HotelReviews?hotelId=50345&pageSize=50&referer=https%3A%2F%2Fwww.agoda.com%2Fwynn-las-vegas%2Fhotel%2Flas-vegas-nv-us.html&providerMode=separate,13,2026-07-11T14:50:10.920828+00:00
HWYNN001,Wynn Las Vegas,Las Vegas,United States,booking_via_agoda,agoda,3038.0,Booking.com,5c1e8c952bfd9029,2025-04-28,2025,,,10.0,0.0,10.0,10.0,https://www.agoda.com/api/cronos/property/review/HotelReviews?hotelId=50345&pageSize=50&referer=https%3A%2F%2Fwww.agoda.com%2Fwynn-las-vegas%2Fhotel%2Flas-vegas-nv-us.html&providerMode=separate,3,2026-07-11T14:50:10.920828+00:00
HWYNN001,Wynn Las Vegas,Las Vegas,United States,booking_via_agoda,agoda,3038.0,Booking.com,23ef3b828593b8f9,2025-04-28,2025,,,3.0,0.0,10.0,3.0,https://www.agoda.com/api/cronos/property/review/HotelReviews?hotelId=50345&pageSize=50&referer=https%3A%2F%2Fwww.agoda.com%2Fwynn-las-vegas%2Fhotel%2Flas-vegas-nv-us.html&providerMode=separate,3,2026-07-11T14:50:10.920828+00:00
HWYNN001,Wynn Las Vegas,Las Vegas,United States,booking_via_agoda,agoda,3038.0,Booking.com,375545f9592d9ba5,2025-05-02,2025,,,10.0,0.0,10.0,10.0,https://www.agoda.com/api/cronos/property/review/HotelReviews?hotelId=50345&pageSize=50&referer=https%3A%2F%2Fwww.agoda.com%2Fwynn-las-vegas%2Fhotel%2Flas-vegas-nv-us.html&providerMode=separate,3,2026-07-11T14:50:10.920828+00:00
HWYNN001,Wynn Las Vegas,Las Vegas,United States,booking_via_agoda,agoda,3038.0,Booking.com,be0487c938a5936a,2025-05-06,2025,,,9.0,0.0,10.0,9.0,https://www.agoda.com/api/cronos/property/review/HotelReviews?hotelId=50345&pageSize=50&referer=https%3A%2F%2Fwww.agoda.com%2Fwynn-las-vegas%2Fhotel%2Flas-vegas-nv-us.html&providerMode=separate,17,2026-07-11T14:50:10.920828+00:00
HWYNN001,Wynn Las Vegas,Las Vegas,United States,booking_via_agoda,agoda,3038.0,Booking.com,92a5c855c29da18e,2025-05-08,2025,,,8.0,0.0,10.0,8.0,https://www.agoda.com/api/cronos/property/review/HotelReviews?hotelId=50345&pageSize=50&referer=https%3A%2F%2Fwww.agoda.com%2Fwynn-las-vegas%2Fhotel%2Flas-vegas-nv-us.html&providerMode=separate,3,2026-07-11T14:50:10.920828+00:00
HWYNN001,Wynn Las Vegas,Las Vegas,United States,booking_via_agoda,agoda,3038.0,Booking.com,26e0e9cb8266a2fa,2025-05-08,2025,,,10.0,0.0,10.0,10.0,https://www.agoda.com/api/cronos/property/review/HotelReviews?hotelId=50345&pageSize=50&referer=https%3A%2F%2Fwww.agoda.com%2Fwynn-las-vegas%2Fhotel%2Flas-vegas-nv-us.html&providerMode=separate,16,2026-07-11T14:50:10.920828+00:00
HWYNN001,Wynn Las Vegas,Las Vegas,United States,booking_via_agoda,agoda,3038.0,Booking.com,b3a77ce45532807c,2025-05-12,2025,,,10.0,0.0,10.0,10.0,https://www.agoda.com/api/cronos/property/review/HotelReviews?hotelId=50345&pageSize=50&referer=https%3A%2F%2Fwww.agoda.com%2Fwynn-las-vegas%2Fhotel%2Flas-vegas-nv-us.html&providerMode=separate,3,2026-07-11T14:50:10.920828+00:00
HWYNN001,Wynn Las Vegas,Las Vegas,United States,booking_via_agoda,agoda,3038.0,Booking.com,294189566ee5a249,2025-05-12,2025,,,10.0,0.0,10.0,10.0,https://www.agoda.com/api/cronos/property/review/HotelReviews?hotelId=50345&pageSize=50&referer=https%3A%2F%2Fwww.agoda.com%2Fwynn-las-vegas%2Fhotel%2Flas-vegas-nv-us.html&providerMode=separate,21,2026-07-11T14:50:10.920828+00:00
HWYNN001,Wynn Las Vegas,Las Vegas,United States,booking_via_agoda,agoda,3038.0,Booking.com,5fcbefbdad793601,2025-05-15,2025,,,9.0,0.0,10.0,9.0,https://www.agoda.com/api/cronos/property/review/HotelReviews?hotelId=50345&pageSize=50&referer=https%3A%2F%2Fwww.agoda.com%2Fwynn-las-vegas%2Fhotel%2Flas-vegas-nv-us.html&providerMode=separate,3,2026-07-11T14:50:10.920828+00:00
HWYNN001,Wynn Las Vegas,Las Vegas,United States,booking_via_agoda,agoda,3038.0,Booking.com,752a8a7931f277f0,2025-05-16,2025,,,10.0,0.0,10.0,10.0,https://www.agoda.com/api/cronos/property/review/HotelReviews?hotelId=50345&pageSize=50&referer=https%3A%2F%2Fwww.agoda.com%2Fwynn-las-vegas%2Fhotel%2Flas-vegas-nv-us.html&providerMode=separate,3,2026-07-11T14:50:10.920828+00:00
HWYNN001,Wynn Las Vegas,Las Vegas,United States,booking_via_agoda,agoda,3038.0,Booking.com,eda47cd9f87a75ad,2025-05-16,2025,,,9.0,0.0,10.0,9.0,https://www.agoda.com/api/cronos/property/review/HotelReviews?hotelId=50345&pageSize=50&referer=https%3A%2F%2Fwww.agoda.com%2Fwynn-las-vegas%2Fhotel%2Flas-vegas-nv-us.html&providerMode=separate,15,2026-07-11T14:50:10.920828+00:00
HWYNN001,Wynn Las Vegas,Las Vegas,United States,booking_via_agoda,agoda,3038.0,Booking.com,a1157a857ba23fce,2025-05-17,2025,,,9.0,0.0,10.0,9.0,https://www.agoda.com/api/cronos/property/review/HotelReviews?hotelId=50345&pageSize=50&referer=https%3A%2F%2Fwww.agoda.com%2Fwynn-las-vegas%2Fhotel%2Flas-vegas-nv-us.html&providerMode=separate,3,2026-07-11T14:50:10.920828+00:00
HWYNN001,Wynn Las Vegas,Las Vegas,United States,booking_via_agoda,agoda,3038.0,Booking.com,d3534eda096283e1,2025-05-18,2025,,,8.0,0.0,10.0,8.0,https://www.agoda.com/api/cronos/property/review/HotelReviews?hotelId=50345&pageSize=50&referer=https%3A%2F%2Fwww.agoda.com%2Fwynn-las-vegas%2Fhotel%2Flas-vegas-nv-us.html&providerMode=separate,16,2026-07-11T14:50:10.920828+00:00
HWYNN001,Wynn Las Vegas,Las Vegas,United States,booking_via_agoda,agoda,3038.0,Booking.com,71e8b5d2b7e19331,2025-05-19,2025,,,8.0,0.0,10.0,8.0,https://www.agoda.com/api/cronos/property/review/HotelReviews?hotelId=50345&pageSize=50&referer=https%3A%2F%2Fwww.agoda.com%2Fwynn-las-vegas%2Fhotel%2Flas-vegas-nv-us.html&providerMode=separate,16,2026-07-11T14:50:10.920828+00:00
HWYNN001,Wynn Las Vegas,Las Vegas,United States,booking_via_agoda,agoda,3038.0,Booking.com,de6844be12fbe1ce,2025-05-19,2025,,,8.0,0.0,10.0,8.0,https://www.agoda.com/api/cronos/property/review/HotelReviews?hotelId=50345&pageSize=50&referer=https%3A%2F%2Fwww.agoda.com%2Fwynn-las-vegas%2Fhotel%2Flas-vegas-nv-us.html&providerMode=separate,17,2026-07-11T14:50:10.920828+00:00
HWYNN001,Wynn Las Vegas,Las Vegas,United States,booking_via_agoda,agoda,3038.0,Booking.com,d42c6a2ccccf27c8,2025-05-25,2025,,,6.0,0.0,10.0,6.0,https://www.agoda.com/api/cronos/property/review/HotelReviews?hotelId=50345&pageSize=50&referer=https%3A%2F%2Fwww.agoda.com%2Fwynn-las-vegas%2Fhotel%2Flas-vegas-nv-us.html&providerMode=separate,3,2026-07-11T14:50:10.920828+00:00
HWYNN001,Wynn Las Vegas,Las Vegas,United States,booking_via_agoda,agoda,3038.0,Booking.com,308fb7e2b0387d3e,2025-05-26,2025,,,10.0,0.0,10.0,10.0,https://www.agoda.com/api/cronos/property/review/HotelReviews?hotelId=50345&pageSize=50&referer=https%3A%2F%2Fwww.agoda.com%2Fwynn-las-vegas%2Fhotel%2Flas-vegas-nv-us.html&providerMode=separate,10,2026-07-11T14:50:10.920828+00:00
HWYNN001,Wynn Las Vegas,Las Vegas,United States,booking_via_agoda,agoda,3038.0,Booking.com,0cba5a9dfb81721c,2025-05-26,2025,,,8.0,0.0,10.0,8.0,https://www.agoda.com/api/cronos/property/review/HotelReviews?hotelId=50345&pageSize=50&referer=https%3A%2F%2Fwww.agoda.com%2Fwynn-las-vegas%2Fhotel%2Flas-vegas-nv-us.html&providerMode=separate,13,2026-07-11T14:50:10.920828+00:00
HWYNN001,Wynn Las Vegas,Las Vegas,United States,booking_via_agoda,agoda,3038.0,Booking.com,29cf7bce373271a5,2025-05-27,2025,,,9.0,0.0,10.0,9.0,https://www.agoda.com/api/cronos/property/review/HotelReviews?hotelId=50345&pageSize=50&referer=https%3A%2F%2Fwww.agoda.com%2Fwynn-las-vegas%2Fhotel%2Flas-vegas-nv-us.html&providerMode=separate,3,2026-07-11T14:50:10.920828+00:00
HWYNN001,Wynn Las Vegas,Las Vegas,United States,booking_via_agoda,agoda,3038.0,Booking.com,8eb29e38c7061017,2025-05-28,2025,,,9.0,0.0,10.0,9.0,https://www.agoda.com/api/cronos/property/review/HotelReviews?hotelId=50345&pageSize=50&referer=https%3A%2F%2Fwww.agoda.com%2Fwynn-las-vegas%2Fhotel%2Flas-vegas-nv-us.html&providerMode=separate,3,2026-07-11T14:50:10.920828+00:00
HWYNN001,Wynn Las Vegas,Las Vegas,United States,booking_via_agoda,agoda,3038.0,Booking.com,b16019a7ee603da2,2025-05-28,2025,,,10.0,0.0,10.0,10.0,https://www.agoda.com/api/cronos/property/review/HotelReviews?hotelId=50345&pageSize=50&referer=https%3A%2F%2Fwww.agoda.com%2Fwynn-las-vegas%2Fhotel%2Flas-vegas-nv-us.html&providerMode=separate,3,2026-07-11T14:50:10.920828+00:00
HWYNN001,Wynn Las Vegas,Las Vegas,United States,booking_via_agoda,agoda,3038.0,Booking.com,d9fb4255461b6207,2025-05-28,2025,,,10.0,0.0,10.0,10.0,https://www.agoda.com/api/cronos/property/review/HotelReviews?hotelId=50345&pageSize=50&referer=https%3A%2F%2Fwww.agoda.com%2Fwynn-las-vegas%2Fhotel%2Flas-vegas-nv-us.html&providerMode=separate,3,2026-07-11T14:50:10.920828+00:00
HWYNN001,Wynn Las Vegas,Las Vegas,United States,booking_via_agoda,agoda,3038.0,Booking.com,8e7b895309f0ef75,2025-05-30,2025,,,9.0,0.0,10.0,9.0,https://www.agoda.com/api/cronos/property/review/HotelReviews?hotelId=50345&pageSize=50&referer=https%3A%2F%2Fwww.agoda.com%2Fwynn-las-vegas%2Fhotel%2Flas-vegas-nv-us.html&providerMode=separate,3,2026-07-11T14:50:10.920828+00:00
HWYNN001,Wynn Las Vegas,Las Vegas,United States,booking_via_agoda,agoda,3038.0,Booking.com,6d7dc000cb3ebbb5,2025-05-31,2025,,,10.0,0.0,10.0,10.0,https://www.agoda.com/api/cronos/property/review/HotelReviews?hotelId=50345&pageSize=50&referer=https%3A%2F%2Fwww.agoda.com%2Fwynn-las-vegas%2Fhotel%2Flas-vegas-nv-us.html&providerMode=separate,15,2026-07-11T14:50:10.920828+00:00
HWYNN001,Wynn Las Vegas,Las Vegas,United States,booking_via_agoda,agoda,3038.0,Booking.com,b08da29f3e0e777e,2025-06-01,2025,,,10.0,0.0,10.0,10.0,https://www.agoda.com/api/cronos/property/review/HotelReviews?hotelId=50345&pageSize=50&referer=https%3A%2F%2Fwww.agoda.com%2Fwynn-las-vegas%2Fhotel%2Flas-vegas-nv-us.html&providerMode=separate,3,2026-07-11T14:50:10.920828+00:00
HWYNN001,Wynn Las Vegas,Las Vegas,United States,booking_via_agoda,agoda,3038.0,Booking.com,7c0825604545c765,2025-06-03,2025,,,10.0,0.0,10.0,10.0,https://www.agoda.com/api/cronos/property/review/HotelReviews?hotelId=50345&pageSize=50&referer=https%3A%2F%2Fwww.agoda.com%2Fwynn-las-vegas%2Fhotel%2Flas-vegas-nv-us.html&providerMode=separate,10,2026-07-11T14:50:10.920828+00:00
HWYNN001,Wynn Las Vegas,Las Vegas,United States,booking_via_agoda,agoda,3038.0,Booking.com,688b8fa6d46f337a,2025-06-04,2025,,,9.0,0.0,10.0,9.0,https://www.agoda.com/api/cronos/property/review/HotelReviews?hotelId=50345&pageSize=50&referer=https%3A%2F%2Fwww.agoda.com%2Fwynn-las-vegas%2Fhotel%2Flas-vegas-nv-us.html&providerMode=separate,3,2026-07-11T14:50:10.920828+00:00
HWYNN001,Wynn Las Vegas,Las Vegas,United States,booking_via_agoda,agoda,3038.0,Booking.com,7a290648775ccf0b,2025-06-04,2025,,,3.0,0.0,10.0,3.0,https://www.agoda.com/api/cronos/property/review/HotelReviews?hotelId=50345&pageSize=50&referer=https%3A%2F%2Fwww.agoda.com%2Fwynn-las-vegas%2Fhotel%2Flas-vegas-nv-us.html&providerMode=separate,17,2026-07-11T14:50:10.920828+00:00
HWYNN001,Wynn Las Vegas,Las Vegas,United States,booking_via_agoda,agoda,3038.0,Booking.com,2137783b25571d95,2025-06-04,2025,,,5.0,0.0,10.0,5.0,https://www.agoda.com/api/cronos/property/review/HotelReviews?hotelId=50345&pageSize=50&referer=https%3A%2F%2Fwww.agoda.com%2Fwynn-las-vegas%2Fhotel%2Flas-vegas-nv-us.html&providerMode=separate,17,2026-07-11T14:50:10.920828+00:00
HWYNN001,Wynn Las Vegas,Las Vegas,United States,booking_via_agoda,agoda,3038.0,Booking.com,3dc957ef9874ceee,2025-06-05,2025,,,10.0,0.0,10.0,10.0,https://www.agoda.com/api/cronos/property/review/HotelReviews?hotelId=50345&pageSize=50&referer=https%3A%2F%2Fwww.agoda.com%2Fwynn-las-vegas%2Fhotel%2Flas-vegas-nv-us.html&providerMode=separate,15,2026-07-11T14:50:10.920828+00:00
HWYNN001,Wynn Las Vegas,Las Vegas,United States,booking_via_agoda,agoda,3038.0,Booking.com,4b2b91f40d50e34a,2025-06-05,2025,,,5.0,0.0,10.0,5.0,https://www.agoda.com/api/cronos/property/review/HotelReviews?hotelId=50345&pageSize=50&referer=https%3A%2F%2Fwww.agoda.com%2Fwynn-las-vegas%2Fhotel%2Flas-vegas-nv-us.html&providerMode=separate,16,2026-07-11T14:50:10.920828+00:00
HWYNN001,Wynn Las Vegas,Las Vegas,United States,booking_via_agoda,agoda,3038.0,Booking.com,dd12be06e04b5cbc,2025-06-05,2025,,,9.0,0.0,10.0,9.0,https://www.agoda.com/api/cronos/property/review/HotelReviews?hotelId=50345&pageSize=50&referer=https%3A%2F%2Fwww.agoda.com%2Fwynn-las-vegas%2Fhotel%2Flas-vegas-nv-us.html&providerMode=separate,17,2026-07-11T14:50:10.920828+00:00
HWYNN001,Wynn Las Vegas,Las Vegas,United States,booking_via_agoda,agoda,3038.0,Booking.com,36dc54f580e984b1,2025-06-07,2025,,,7.0,0.0,10.0,7.0,https://www.agoda.com/api/cronos/property/review/HotelReviews?hotelId=50345&pageSize=50&referer=https%3A%2F%2Fwww.agoda.com%2Fwynn-las-vegas%2Fhotel%2Flas-vegas-nv-us.html&providerMode=separate,3,2026-07-11T14:50:10.920828+00:00
HWYNN001,Wynn Las Vegas,Las Vegas,United States,booking_via_agoda,agoda,3038.0,Booking.com,a5e2bac4ba4d1710,2025-06-10,2025,,,10.0,0.0,10.0,10.0,https://www.agoda.com/api/cronos/property/review/HotelReviews?hotelId=50345&pageSize=50&referer=https%3A%2F%2Fwww.agoda.com%2Fwynn-las-vegas%2Fhotel%2Flas-vegas-nv-us.html&providerMode=separate,3,2026-07-11T14:50:10.920828+00:00
HWYNN001,Wynn Las Vegas,Las Vegas,United States,booking_via_agoda,agoda,3038.0,Booking.com,a461ceebf8a0b8c8,2025-06-11,2025,,,10.0,0.0,10.0,10.0,https://www.agoda.com/api/cronos/property/review/HotelReviews?hotelId=50345&pageSize=50&referer=https%3A%2F%2Fwww.agoda.com%2Fwynn-las-vegas%2Fhotel%2Flas-vegas-nv-us.html&providerMode=separate,10,2026-07-11T14:50:10.920828+00:00
HWYNN001,Wynn Las Vegas,Las Vegas,United States,booking_via_agoda,agoda,3038.0,Booking.com,6b19aff330894bf6,2025-06-12,2025,,,9.0,0.0,10.0,9.0,https://www.agoda.com/api/cronos/property/review/HotelReviews?hotelId=50345&pageSize=50&referer=https%3A%2F%2Fwww.agoda.com%2Fwynn-las-vegas%2Fhotel%2Flas-vegas-nv-us.html&providerMode=separate,21,2026-07-11T14:50:10.920828+00:00
HWYNN001,Wynn Las Vegas,Las Vegas,United States,booking_via_agoda,agoda,3038.0,Booking.com,735c9f6c2036fd87,2025-06-13,2025,,,8.0,0.0,10.0,8.0,https://www.agoda.com/api/cronos/property/review/HotelReviews?hotelId=50345&pageSize=50&referer=https%3A%2F%2Fwww.agoda.com%2Fwynn-las-vegas%2Fhotel%2Flas-vegas-nv-us.html&providerMode=separate,3,2026-07-11T14:50:10.920828+00:00
HWYNN001,Wynn Las Vegas,Las Vegas,United States,booking_via_agoda,agoda,3038.0,Booking.com,5a9f6681547a3d41,2025-06-16,2025,,,10.0,0.0,10.0,10.0,https://www.agoda.com/api/cronos/property/review/HotelReviews?hotelId=50345&pageSize=50&referer=https%3A%2F%2Fwww.agoda.com%2Fwynn-las-vegas%2Fhotel%2Flas-vegas-nv-us.html&providerMode=separate,16,2026-07-11T14:50:10.920828+00:00
HWYNN001,Wynn Las Vegas,Las Vegas,United States,booking_via_agoda,agoda,3038.0,Booking.com,a39c3175bb76a5f2,2025-06-16,2025,,,6.0,0.0,10.0,6.0,https://www.agoda.com/api/cronos/property/review/HotelReviews?hotelId=50345&pageSize=50&referer=https%3A%2F%2Fwww.agoda.com%2Fwynn-las-vegas%2Fhotel%2Flas-vegas-nv-us.html&providerMode=separate,17,2026-07-11T14:50:10.920828+00:00
HWYNN001,Wynn Las Vegas,Las Vegas,United States,booking_via_agoda,agoda,3038.0,Booking.com,683e1ef76cbdbb43,2025-06-18,2025,,,10.0,0.0,10.0,10.0,https://www.agoda.com/api/cronos/property/review/HotelReviews?hotelId=50345&pageSize=50&referer=https%3A%2F%2Fwww.agoda.com%2Fwynn-las-vegas%2Fhotel%2Flas-vegas-nv-us.html&providerMode=separate,3,2026-07-11T14:50:10.920828+00:00
HWYNN001,Wynn Las Vegas,Las Vegas,United States,booking_via_agoda,agoda,3038.0,Booking.com,7d953de1b41168b9,2025-06-18,2025,,,10.0,0.0,10.0,10.0,https://www.agoda.com/api/cronos/property/review/HotelReviews?hotelId=50345&pageSize=50&referer=https%3A%2F%2Fwww.agoda.com%2Fwynn-las-vegas%2Fhotel%2Flas-vegas-nv-us.html&providerMode=separate,17,2026-07-11T14:50:10.920828+00:00
HWYNN001,Wynn Las Vegas,Las Vegas,United States,booking_via_agoda,agoda,3038.0,Booking.com,e736d3814b48cf2b,2025-06-21,2025,,,10.0,0.0,10.0,10.0,https://www.agoda.com/api/cronos/property/review/HotelReviews?hotelId=50345&pageSize=50&referer=https%3A%2F%2Fwww.agoda.com%2Fwynn-las-vegas%2Fhotel%2Flas-vegas-nv-us.html&providerMode=separate,3,2026-07-11T14:50:10.920828+00:00
HWYNN001,Wynn Las Vegas,Las Vegas,United States,booking_via_agoda,agoda,3038.0,Booking.com,05c6e0c203944c95,2025-06-21,2025,,,10.0,0.0,10.0,10.0,https://www.agoda.com/api/cronos/property/review/HotelReviews?hotelId=50345&pageSize=50&referer=https%3A%2F%2Fwww.agoda.com%2Fwynn-las-vegas%2Fhotel%2Flas-vegas-nv-us.html&providerMode=separate,3,2026-07-11T14:50:10.920828+00:00
HWYNN001,Wynn Las Vegas,Las Vegas,United States,booking_via_agoda,agoda,3038.0,Booking.com,80d21faeafe42d7a,2025-06-22,2025,,,10.0,0.0,10.0,10.0,https://www.agoda.com/api/cronos/property/review/HotelReviews?hotelId=50345&pageSize=50&referer=https%3A%2F%2Fwww.agoda.com%2Fwynn-las-vegas%2Fhotel%2Flas-vegas-nv-us.html&providerMode=separate,3,2026-07-11T14:50:10.920828+00:00
HWYNN001,Wynn Las Vegas,Las Vegas,United States,booking_via_agoda,agoda,3038.0,Booking.com,f7a783b8dfb27513,2025-06-22,2025,,,10.0,0.0,10.0,10.0,https://www.agoda.com/api/cronos/property/review/HotelReviews?hotelId=50345&pageSize=50&referer=https%3A%2F%2Fwww.agoda.com%2Fwynn-las-vegas%2Fhotel%2Flas-vegas-nv-us.html&providerMode=separate,21,2026-07-11T14:50:10.920828+00:00
HWYNN001,Wynn Las Vegas,Las Vegas,United States,booking_via_agoda,agoda,3038.0,Booking.com,ad1b5864d3816204,2025-06-24,2025,,,9.0,0.0,10.0,9.0,https://www.agoda.com/api/cronos/property/review/HotelReviews?hotelId=50345&pageSize=50&referer=https%3A%2F%2Fwww.agoda.com%2Fwynn-las-vegas%2Fhotel%2Flas-vegas-nv-us.html&providerMode=separate,10,2026-07-11T14:50:10.920828+00:00
HWYNN001,Wynn Las Vegas,Las Vegas,United States,booking_via_agoda,agoda,3038.0,Booking.com,194a521c677b7f73,2025-06-26,2025,,,8.0,0.0,10.0,8.0,https://www.agoda.com/api/cronos/property/review/HotelReviews?hotelId=50345&pageSize=50&referer=https%3A%2F%2Fwww.agoda.com%2Fwynn-las-vegas%2Fhotel%2Flas-vegas-nv-us.html&providerMode=separate,17,2026-07-11T14:50:10.920828+00:00
HWYNN001,Wynn Las Vegas,Las Vegas,United States,booking_via_agoda,agoda,3038.0,Booking.com,a37456e192b5e45c,2025-06-27,2025,,,7.0,0.0,10.0,7.0,https://www.agoda.com/api/cronos/property/review/HotelReviews?hotelId=50345&pageSize=50&referer=https%3A%2F%2Fwww.agoda.com%2Fwynn-las-vegas%2Fhotel%2Flas-vegas-nv-us.html&providerMode=separate,15,2026-07-11T14:50:10.920828+00:00
HWYNN001,Wynn Las Vegas,Las Vegas,United States,booking_via_agoda,agoda,3038.0,Booking.com,56904e027caa863b,2025-06-28,2025,,,5.0,0.0,10.0,5.0,https://www.agoda.com/api/cronos/property/review/HotelReviews?hotelId=50345&pageSize=50&referer=https%3A%2F%2Fwww.agoda.com%2Fwynn-las-vegas%2Fhotel%2Flas-vegas-nv-us.html&providerMode=separate,17,2026-07-11T14:50:10.920828+00:00
HWYNN001,Wynn Las Vegas,Las Vegas,United States,booking_via_agoda,agoda,3038.0,Booking.com,6ed3919a17ecb026,2025-07-02,2025,,,1.0,0.0,10.0,1.0,https://www.agoda.com/api/cronos/property/review/HotelReviews?hotelId=50345&pageSize=50&referer=https%3A%2F%2Fwww.agoda.com%2Fwynn-las-vegas%2Fhotel%2Flas-vegas-nv-us.html&providerMode=separate,3,2026-07-11T14:50:10.920828+00:00
HWYNN001,Wynn Las Vegas,Las Vegas,United States,booking_via_agoda,agoda,3038.0,Booking.com,bb9ac59520ed3eec,2025-07-04,2025,,,8.0,0.0,10.0,8.0,https://www.agoda.com/api/cronos/property/review/HotelReviews?hotelId=50345&pageSize=50&referer=https%3A%2F%2Fwww.agoda.com%2Fwynn-las-vegas%2Fhotel%2Flas-vegas-nv-us.html&providerMode=separate,3,2026-07-11T14:50:10.920828+00:00
HWYNN001,Wynn Las Vegas,Las Vegas,United States,booking_via_agoda,agoda,3038.0,Booking.com,5b514a05ae2babb2,2025-07-04,2025,,,10.0,0.0,10.0,10.0,https://www.agoda.com/api/cronos/property/review/HotelReviews?hotelId=50345&pageSize=50&referer=https%3A%2F%2Fwww.agoda.com%2Fwynn-las-vegas%2Fhotel%2Flas-vegas-nv-us.html&providerMode=separate,17,2026-07-11T14:50:10.920828+00:00
HWYNN001,Wynn Las Vegas,Las Vegas,United States,booking_via_agoda,agoda,3038.0,Booking.com,69200d165abb14a2,2025-07-07,2025,,,10.0,0.0,10.0,10.0,https://www.agoda.com/api/cronos/property/review/HotelReviews?hotelId=50345&pageSize=50&referer=https%3A%2F%2Fwww.agoda.com%2Fwynn-las-vegas%2Fhotel%2Flas-vegas-nv-us.html&providerMode=separate,17,2026-07-11T14:50:10.920828+00:00
HWYNN001,Wynn Las Vegas,Las Vegas,United States,booking_via_agoda,agoda,3038.0,Booking.com,b050097860b1be76,2025-07-08,2025,,,10.0,0.0,10.0,10.0,https://www.agoda.com/api/cronos/property/review/HotelReviews?hotelId=50345&pageSize=50&referer=https%3A%2F%2Fwww.agoda.com%2Fwynn-las-vegas%2Fhotel%2Flas-vegas-nv-us.html&providerMode=separate,15,2026-07-11T14:50:10.920828+00:00
HWYNN001,Wynn Las Vegas,Las Vegas,United States,booking_via_agoda,agoda,3038.0,Booking.com,a8e1c0fe34a4cc61,2025-07-10,2025,,,8.0,0.0,10.0,8.0,https://www.agoda.com/api/cronos/property/review/HotelReviews?hotelId=50345&pageSize=50&referer=https%3A%2F%2Fwww.agoda.com%2Fwynn-las-vegas%2Fhotel%2Flas-vegas-nv-us.html&providerMode=separate,3,2026-07-11T14:50:10.920828+00:00
HWYNN001,Wynn Las Vegas,Las Vegas,United States,booking_via_agoda,agoda,3038.0,Booking.com,290f38e2bd611d9d,2025-07-11,2025,,,10.0,0.0,10.0,10.0,https://www.agoda.com/api/cronos/property/review/HotelReviews?hotelId=50345&pageSize=50&referer=https%3A%2F%2Fwww.agoda.com%2Fwynn-las-vegas%2Fhotel%2Flas-vegas-nv-us.html&providerMode=separate,21,2026-07-11T14:50:10.920828+00:00
HWYNN001,Wynn Las Vegas,Las Vegas,United States,booking_via_agoda,agoda,3038.0,Booking.com,aab2b3bce989e17c,2025-07-12,2025,,,10.0,0.0,10.0,10.0,https://www.agoda.com/api/cronos/property/review/HotelReviews?hotelId=50345&pageSize=50&referer=https%3A%2F%2Fwww.agoda.com%2Fwynn-las-vegas%2Fhotel%2Flas-vegas-nv-us.html&providerMode=separate,3,2026-07-11T14:50:10.920828+00:00
HWYNN001,Wynn Las Vegas,Las Vegas,United States,booking_via_agoda,agoda,3038.0,Booking.com,f26fb0a6c6ede55d,2025-07-17,2025,,,9.0,0.0,10.0,9.0,https://www.agoda.com/api/cronos/property/review/HotelReviews?hotelId=50345&pageSize=50&referer=https%3A%2F%2Fwww.agoda.com%2Fwynn-las-vegas%2Fhotel%2Flas-vegas-nv-us.html&providerMode=separate,3,2026-07-11T14:50:10.920828+00:00
HWYNN001,Wynn Las Vegas,Las Vegas,United States,booking_via_agoda,agoda,3038.0,Booking.com,452aebce7ea42472,2025-07-17,2025,,,8.0,0.0,10.0,8.0,https://www.agoda.com/api/cronos/property/review/HotelReviews?hotelId=50345&pageSize=50&referer=https%3A%2F%2Fwww.agoda.com%2Fwynn-las-vegas%2Fhotel%2Flas-vegas-nv-us.html&providerMode=separate,17,2026-07-11T14:50:10.920828+00:00
HWYNN001,Wynn Las Vegas,Las Vegas,United States,booking_via_agoda,agoda,3038.0,Booking.com,34217b0cbdd66dfa,2025-07-18,2025,,,10.0,0.0,10.0,10.0,https://www.agoda.com/api/cronos/property/review/HotelReviews?hotelId=50345&pageSize=50&referer=https%3A%2F%2Fwww.agoda.com%2Fwynn-las-vegas%2Fhotel%2Flas-vegas-nv-us.html&providerMode=separate,3,2026-07-11T14:50:10.920828+00:00
HWYNN001,Wynn Las Vegas,Las Vegas,United States,booking_via_agoda,agoda,3038.0,Booking.com,514526203435564b,2025-07-18,2025,,,10.0,0.0,10.0,10.0,https://www.agoda.com/api/cronos/property/review/HotelReviews?hotelId=50345&pageSize=50&referer=https%3A%2F%2Fwww.agoda.com%2Fwynn-las-vegas%2Fhotel%2Flas-vegas-nv-us.html&providerMode=separate,3,2026-07-11T14:50:10.920828+00:00
HWYNN001,Wynn Las Vegas,Las Vegas,United States,booking_via_agoda,agoda,3038.0,Booking.com,62cd83d64aae25a5,2025-07-21,2025,,,9.0,0.0,10.0,9.0,https://www.agoda.com/api/cronos/property/review/HotelReviews?hotelId=50345&pageSize=50&referer=https%3A%2F%2Fwww.agoda.com%2Fwynn-las-vegas%2Fhotel%2Flas-vegas-nv-us.html&providerMode=separate,3,2026-07-11T14:50:10.920828+00:00
HWYNN001,Wynn Las Vegas,Las Vegas,United States,booking_via_agoda,agoda,3038.0,Booking.com,7b66eee5c2606fdd,2025-07-23,2025,,,9.0,0.0,10.0,9.0,https://www.agoda.com/api/cronos/property/review/HotelReviews?hotelId=50345&pageSize=50&referer=https%3A%2F%2Fwww.agoda.com%2Fwynn-las-vegas%2Fhotel%2Flas-vegas-nv-us.html&providerMode=separate,3,2026-07-11T14:50:10.920828+00:00
HWYNN001,Wynn Las Vegas,Las Vegas,United States,booking_via_agoda,agoda,3038.0,Booking.com,739cdc8f7e8ba05c,2025-07-24,2025,,,9.0,0.0,10.0,9.0,https://www.agoda.com/api/cronos/property/review/HotelReviews?hotelId=50345&pageSize=50&referer=https%3A%2F%2Fwww.agoda.com%2Fwynn-las-vegas%2Fhotel%2Flas-vegas-nv-us.html&providerMode=separate,14,2026-07-11T14:50:10.920828+00:00
HWYNN001,Wynn Las Vegas,Las Vegas,United States,booking_via_agoda,agoda,3038.0,Booking.com,dc05d8bb0a99cfaf,2025-07-25,2025,,,10.0,0.0,10.0,10.0,https://www.agoda.com/api/cronos/property/review/HotelReviews?hotelId=50345&pageSize=50&referer=https%3A%2F%2Fwww.agoda.com%2Fwynn-las-vegas%2Fhotel%2Flas-vegas-nv-us.html&providerMode=separate,3,2026-07-11T14:50:10.920828+00:00
HWYNN001,Wynn Las Vegas,Las Vegas,United States,booking_via_agoda,agoda,3038.0,Booking.com,fc295130eac9aeba,2025-07-29,2025,,,10.0,0.0,10.0,10.0,https://www.agoda.com/api/cronos/property/review/HotelReviews?hotelId=50345&pageSize=50&referer=https%3A%2F%2Fwww.agoda.com%2Fwynn-las-vegas%2Fhotel%2Flas-vegas-nv-us.html&providerMode=separate,10,2026-07-11T14:50:10.920828+00:00
HWYNN001,Wynn Las Vegas,Las Vegas,United States,booking_via_agoda,agoda,3038.0,Booking.com,91110e0f112c56be,2025-07-29,2025,,,10.0,0.0,10.0,10.0,https://www.agoda.com/api/cronos/property/review/HotelReviews?hotelId=50345&pageSize=50&referer=https%3A%2F%2Fwww.agoda.com%2Fwynn-las-vegas%2Fhotel%2Flas-vegas-nv-us.html&providerMode=separate,10,2026-07-11T14:50:10.920828+00:00
HWYNN001,Wynn Las Vegas,Las Vegas,United States,booking_via_agoda,agoda,3038.0,Booking.com,3722574ace67f367,2025-07-29,2025,,,10.0,0.0,10.0,10.0,https://www.agoda.com/api/cronos/property/review/HotelReviews?hotelId=50345&pageSize=50&referer=https%3A%2F%2Fwww.agoda.com%2Fwynn-las-vegas%2Fhotel%2Flas-vegas-nv-us.html&providerMode=separate,15,2026-07-11T14:50:10.920828+00:00
HWYNN001,Wynn Las Vegas,Las Vegas,United States,booking_via_agoda,agoda,3038.0,Booking.com,0327fdde328fb696,2025-07-30,2025,,,10.0,0.0,10.0,10.0,https://www.agoda.com/api/cronos/property/review/HotelReviews?hotelId=50345&pageSize=50&referer=https%3A%2F%2Fwww.agoda.com%2Fwynn-las-vegas%2Fhotel%2Flas-vegas-nv-us.html&providerMode=separate,17,2026-07-11T14:50:10.920828+00:00
HWYNN001,Wynn Las Vegas,Las Vegas,United States,booking_via_agoda,agoda,3038.0,Booking.com,e45e479090d6c33b,2025-07-31,2025,,,10.0,0.0,10.0,10.0,https://www.agoda.com/api/cronos/property/review/HotelReviews?hotelId=50345&pageSize=50&referer=https%3A%2F%2Fwww.agoda.com%2Fwynn-las-vegas%2Fhotel%2Flas-vegas-nv-us.html&providerMode=separate,17,2026-07-11T14:50:10.920828+00:00
HWYNN001,Wynn Las Vegas,Las Vegas,United States,booking_via_agoda,agoda,3038.0,Booking.com,f059b9565c031fac,2025-08-01,2025,,,5.0,0.0,10.0,5.0,https://www.agoda.com/api/cronos/property/review/HotelReviews?hotelId=50345&pageSize=50&referer=https%3A%2F%2Fwww.agoda.com%2Fwynn-las-vegas%2Fhotel%2Flas-vegas-nv-us.html&providerMode=separate,3,2026-07-11T14:50:10.920828+00:00
HWYNN001,Wynn Las Vegas,Las Vegas,United States,booking_via_agoda,agoda,3038.0,Booking.com,2fd35339d923e1aa,2025-08-01,2025,,,10.0,0.0,10.0,10.0,https://www.agoda.com/api/cronos/property/review/HotelReviews?hotelId=50345&pageSize=50&referer=https%3A%2F%2Fwww.agoda.com%2Fwynn-las-vegas%2Fhotel%2Flas-vegas-nv-us.html&providerMode=separate,10,2026-07-11T14:50:10.920828+00:00
HWYNN001,Wynn Las Vegas,Las Vegas,United States,booking_via_agoda,agoda,3038.0,Booking.com,61c75d3e07dd84fb,2025-08-01,2025,,,1.0,0.0,10.0,1.0,https://www.agoda.com/api/cronos/property/review/HotelReviews?hotelId=50345&pageSize=50&referer=https%3A%2F%2Fwww.agoda.com%2Fwynn-las-vegas%2Fhotel%2Flas-vegas-nv-us.html&providerMode=separate,15,2026-07-11T14:50:10.920828+00:00
HWYNN001,Wynn Las Vegas,Las Vegas,United States,booking_via_agoda,agoda,3038.0,Booking.com,1e31145b35a2fdf9,2025-08-04,2025,,,10.0,0.0,10.0,10.0,https://www.agoda.com/api/cronos/property/review/HotelReviews?hotelId=50345&pageSize=50&referer=https%3A%2F%2Fwww.agoda.com%2Fwynn-las-vegas%2Fhotel%2Flas-vegas-nv-us.html&providerMode=separate,3,2026-07-11T14:50:10.920828+00:00
HWYNN001,Wynn Las Vegas,Las Vegas,United States,booking_via_agoda,agoda,3038.0,Booking.com,08b81e49e8fd1aa7,2025-08-04,2025,,,10.0,0.0,10.0,10.0,https://www.agoda.com/api/cronos/property/review/HotelReviews?hotelId=50345&pageSize=50&referer=https%3A%2F%2Fwww.agoda.com%2Fwynn-las-vegas%2Fhotel%2Flas-vegas-nv-us.html&providerMode=separate,3,2026-07-11T14:50:10.920828+00:00
HWYNN001,Wynn Las Vegas,Las Vegas,United States,booking_via_agoda,agoda,3038.0,Booking.com,80e973824f00e345,2025-08-04,2025,,,10.0,0.0,10.0,10.0,https://www.agoda.com/api/cronos/property/review/HotelReviews?hotelId=50345&pageSize=50&referer=https%3A%2F%2Fwww.agoda.com%2Fwynn-las-vegas%2Fhotel%2Flas-vegas-nv-us.html&providerMode=separate,3,2026-07-11T14:50:10.920828+00:00
HWYNN001,Wynn Las Vegas,Las Vegas,United States,booking_via_agoda,agoda,3038.0,Booking.com,0a50f393985a1e4a,2025-08-04,2025,,,10.0,0.0,10.0,10.0,https://www.agoda.com/api/cronos/property/review/HotelReviews?hotelId=50345&pageSize=50&referer=https%3A%2F%2Fwww.agoda.com%2Fwynn-las-vegas%2Fhotel%2Flas-vegas-nv-us.html&providerMode=separate,17,2026-07-11T14:50:10.920828+00:00
HWYNN001,Wynn Las Vegas,Las Vegas,United States,booking_via_agoda,agoda,3038.0,Booking.com,c6a3ea57830886c5,2025-08-05,2025,,,9.0,0.0,10.0,9.0,https://www.agoda.com/api/cronos/property/review/HotelReviews?hotelId=50345&pageSize=50&referer=https%3A%2F%2Fwww.agoda.com%2Fwynn-las-vegas%2Fhotel%2Flas-vegas-nv-us.html&providerMode=separate,13,2026-07-11T14:50:10.920828+00:00
HWYNN001,Wynn Las Vegas,Las Vegas,United States,booking_via_agoda,agoda,3038.0,Booking.com,de16118650525fd3,2025-08-09,2025,,,10.0,0.0,10.0,10.0,https://www.agoda.com/api/cronos/property/review/HotelReviews?hotelId=50345&pageSize=50&referer=https%3A%2F%2Fwww.agoda.com%2Fwynn-las-vegas%2Fhotel%2Flas-vegas-nv-us.html&providerMode=separate,10,2026-07-11T14:50:10.920828+00:00
HWYNN001,Wynn Las Vegas,Las Vegas,United States,booking_via_agoda,agoda,3038.0,Booking.com,7eea48b08addb7ba,2025-08-11,2025,,,10.0,0.0,10.0,10.0,https://www.agoda.com/api/cronos/property/review/HotelReviews?hotelId=50345&pageSize=50&referer=https%3A%2F%2Fwww.agoda.com%2Fwynn-las-vegas%2Fhotel%2Flas-vegas-nv-us.html&providerMode=separate,3,2026-07-11T14:50:10.920828+00:00
HWYNN001,Wynn Las Vegas,Las Vegas,United States,booking_via_agoda,agoda,3038.0,Booking.com,3940c775df99fd9e,2025-08-11,2025,,,9.0,0.0,10.0,9.0,https://www.agoda.com/api/cronos/property/review/HotelReviews?hotelId=50345&pageSize=50&referer=https%3A%2F%2Fwww.agoda.com%2Fwynn-las-vegas%2Fhotel%2Flas-vegas-nv-us.html&providerMode=separate,10,2026-07-11T14:50:10.920828+00:00
HWYNN001,Wynn Las Vegas,Las Vegas,United States,booking_via_agoda,agoda,3038.0,Booking.com,a4935c13553bb647,2025-08-12,2025,,,10.0,0.0,10.0,10.0,https://www.agoda.com/api/cronos/property/review/HotelReviews?hotelId=50345&pageSize=50&referer=https%3A%2F%2Fwww.agoda.com%2Fwynn-las-vegas%2Fhotel%2Flas-vegas-nv-us.html&providerMode=separate,16,2026-07-11T14:50:10.920828+00:00
HWYNN001,Wynn Las Vegas,Las Vegas,United States,booking_via_agoda,agoda,3038.0,Booking.com,48885be65d017f5b,2025-08-14,2025,,,10.0,0.0,10.0,10.0,https://www.agoda.com/api/cronos/property/review/HotelReviews?hotelId=50345&pageSize=50&referer=https%3A%2F%2Fwww.agoda.com%2Fwynn-las-vegas%2Fhotel%2Flas-vegas-nv-us.html&providerMode=separate,3,2026-07-11T14:50:10.920828+00:00
HWYNN001,Wynn Las Vegas,Las Vegas,United States,booking_via_agoda,agoda,3038.0,Booking.com,d89b3c71760807cd,2025-08-14,2025,,,10.0,0.0,10.0,10.0,https://www.agoda.com/api/cronos/property/review/HotelReviews?hotelId=50345&pageSize=50&referer=https%3A%2F%2Fwww.agoda.com%2Fwynn-las-vegas%2Fhotel%2Flas-vegas-nv-us.html&providerMode=separate,10,2026-07-11T14:50:10.920828+00:00
HWYNN001,Wynn Las Vegas,Las Vegas,United States,booking_via_agoda,agoda,3038.0,Booking.com,2573348608b17859,2025-08-14,2025,,,9.0,0.0,10.0,9.0,https://www.agoda.com/api/cronos/property/review/HotelReviews?hotelId=50345&pageSize=50&referer=https%3A%2F%2Fwww.agoda.com%2Fwynn-las-vegas%2Fhotel%2Flas-vegas-nv-us.html&providerMode=separate,12,2026-07-11T14:50:10.920828+00:00
HWYNN001,Wynn Las Vegas,Las Vegas,United States,booking_via_agoda,agoda,3038.0,Booking.com,858d523fd7821477,2025-08-16,2025,,,6.0,0.0,10.0,6.0,https://www.agoda.com/api/cronos/property/review/HotelReviews?hotelId=50345&pageSize=50&referer=https%3A%2F%2Fwww.agoda.com%2Fwynn-las-vegas%2Fhotel%2Flas-vegas-nv-us.html&providerMode=separate,2,2026-07-11T14:50:10.920828+00:00
HWYNN001,Wynn Las Vegas,Las Vegas,United States,booking_via_agoda,agoda,3038.0,Booking.com,7ffe2b55003908c1,2025-08-16,2025,,,10.0,0.0,10.0,10.0,https://www.agoda.com/api/cronos/property/review/HotelReviews?hotelId=50345&pageSize=50&referer=https%3A%2F%2Fwww.agoda.com%2Fwynn-las-vegas%2Fhotel%2Flas-vegas-nv-us.html&providerMode=separate,3,2026-07-11T14:50:10.920828+00:00
HWYNN001,Wynn Las Vegas,Las Vegas,United States,booking_via_agoda,agoda,3038.0,Booking.com,8d63e40da4e4ea23,2025-08-17,2025,,,10.0,0.0,10.0,10.0,https://www.agoda.com/api/cronos/property/review/HotelReviews?hotelId=50345&pageSize=50&referer=https%3A%2F%2Fwww.agoda.com%2Fwynn-las-vegas%2Fhotel%2Flas-vegas-nv-us.html&providerMode=separate,10,2026-07-11T14:50:10.920828+00:00
HWYNN001,Wynn Las Vegas,Las Vegas,United States,booking_via_agoda,agoda,3038.0,Booking.com,44f171c737b9c816,2025-08-17,2025,,,10.0,0.0,10.0,10.0,https://www.agoda.com/api/cronos/property/review/HotelReviews?hotelId=50345&pageSize=50&referer=https%3A%2F%2Fwww.agoda.com%2Fwynn-las-vegas%2Fhotel%2Flas-vegas-nv-us.html&providerMode=separate,17,2026-07-11T14:50:10.920828+00:00
HWYNN001,Wynn Las Vegas,Las Vegas,United States,booking_via_agoda,agoda,3038.0,Booking.com,d3747da28cb3c12c,2025-08-17,2025,,,9.0,0.0,10.0,9.0,https://www.agoda.com/api/cronos/property/review/HotelReviews?hotelId=50345&pageSize=50&referer=https%3A%2F%2Fwww.agoda.com%2Fwynn-las-vegas%2Fhotel%2Flas-vegas-nv-us.html&providerMode=separate,17,2026-07-11T14:50:10.920828+00:00
HWYNN001,Wynn Las Vegas,Las Vegas,United States,booking_via_agoda,agoda,3038.0,Booking.com,e9175d3985810885,2025-08-18,2025,,,9.0,0.0,10.0,9.0,https://www.agoda.com/api/cronos/property/review/HotelReviews?hotelId=50345&pageSize=50&referer=https%3A%2F%2Fwww.agoda.com%2Fwynn-las-vegas%2Fhotel%2Flas-vegas-nv-us.html&providerMode=separate,2,2026-07-11T14:50:10.920828+00:00
HWYNN001,Wynn Las Vegas,Las Vegas,United States,booking_via_agoda,agoda,3038.0,Booking.com,cd75e62b92cdfba3,2025-08-18,2025,,,10.0,0.0,10.0,10.0,https://www.agoda.com/api/cronos/property/review/HotelReviews?hotelId=50345&pageSize=50&referer=https%3A%2F%2Fwww.agoda.com%2Fwynn-las-vegas%2Fhotel%2Flas-vegas-nv-us.html&providerMode=separate,17,2026-07-11T14:50:10.920828+00:00
HWYNN001,Wynn Las Vegas,Las Vegas,United States,booking_via_agoda,agoda,3038.0,Booking.com,392b2b30d5ac7281,2025-08-19,2025,,,10.0,0.0,10.0,10.0,https://www.agoda.com/api/cronos/property/review/HotelReviews?hotelId=50345&pageSize=50&referer=https%3A%2F%2Fwww.agoda.com%2Fwynn-las-vegas%2Fhotel%2Flas-vegas-nv-us.html&providerMode=separate,2,2026-07-11T14:50:10.920828+00:00
HWYNN001,Wynn Las Vegas,Las Vegas,United States,booking_via_agoda,agoda,3038.0,Booking.com,5780e25e060db46f,2025-08-19,2025,,,10.0,0.0,10.0,10.0,https://www.agoda.com/api/cronos/property/review/HotelReviews?hotelId=50345&pageSize=50&referer=https%3A%2F%2Fwww.agoda.com%2Fwynn-las-vegas%2Fhotel%2Flas-vegas-nv-us.html&providerMode=separate,2,2026-07-11T14:50:10.920828+00:00
HWYNN001,Wynn Las Vegas,Las Vegas,United States,booking_via_agoda,agoda,3038.0,Booking.com,9f37c8983836806e,2025-08-19,2025,,,10.0,0.0,10.0,10.0,https://www.agoda.com/api/cronos/property/review/HotelReviews?hotelId=50345&pageSize=50&referer=https%3A%2F%2Fwww.agoda.com%2Fwynn-las-vegas%2Fhotel%2Flas-vegas-nv-us.html&providerMode=separate,2,2026-07-11T14:50:10.920828+00:00
HWYNN001,Wynn Las Vegas,Las Vegas,United States,booking_via_agoda,agoda,3038.0,Booking.com,60aecb662615c485,2025-08-20,2025,,,9.0,0.0,10.0,9.0,https://www.agoda.com/api/cronos/property/review/HotelReviews?hotelId=50345&pageSize=50&referer=https%3A%2F%2Fwww.agoda.com%2Fwynn-las-vegas%2Fhotel%2Flas-vegas-nv-us.html&providerMode=separate,17,2026-07-11T14:50:10.920828+00:00
HWYNN001,Wynn Las Vegas,Las Vegas,United States,booking_via_agoda,agoda,3038.0,Booking.com,351e75961b182c3e,2025-08-21,2025,,,2.0,0.0,10.0,2.0,https://www.agoda.com/api/cronos/property/review/HotelReviews?hotelId=50345&pageSize=50&referer=https%3A%2F%2Fwww.agoda.com%2Fwynn-las-vegas%2Fhotel%2Flas-vegas-nv-us.html&providerMode=separate,17,2026-07-11T14:50:10.920828+00:00
HWYNN001,Wynn Las Vegas,Las Vegas,United States,booking_via_agoda,agoda,3038.0,Booking.com,b78e5792b88cce82,2025-08-22,2025,,,10.0,0.0,10.0,10.0,https://www.agoda.com/api/cronos/property/review/HotelReviews?hotelId=50345&pageSize=50&referer=https%3A%2F%2Fwww.agoda.com%2Fwynn-las-vegas%2Fhotel%2Flas-vegas-nv-us.html&providerMode=separate,2,2026-07-11T14:50:10.920828+00:00
HWYNN001,Wynn Las Vegas,Las Vegas,United States,booking_via_agoda,agoda,3038.0,Booking.com,41e8e5671d638819,2025-08-22,2025,,,8.0,0.0,10.0,8.0,https://www.agoda.com/api/cronos/property/review/HotelReviews?hotelId=50345&pageSize=50&referer=https%3A%2F%2Fwww.agoda.com%2Fwynn-las-vegas%2Fhotel%2Flas-vegas-nv-us.html&providerMode=separate,10,2026-07-11T14:50:10.920828+00:00
HWYNN001,Wynn Las Vegas,Las Vegas,United States,booking_via_agoda,agoda,3038.0,Booking.com,9a9560a44e0e134b,2025-08-23,2025,,,9.0,0.0,10.0,9.0,https://www.agoda.com/api/cronos/property/review/HotelReviews?hotelId=50345&pageSize=50&referer=https%3A%2F%2Fwww.agoda.com%2Fwynn-las-vegas%2Fhotel%2Flas-vegas-nv-us.html&providerMode=separate,17,2026-07-11T14:50:10.920828+00:00
HWYNN001,Wynn Las Vegas,Las Vegas,United States,booking_via_agoda,agoda,3038.0,Booking.com,1fab22c474c1037d,2025-08-24,2025,,,10.0,0.0,10.0,10.0,https://www.agoda.com/api/cronos/property/review/HotelReviews?hotelId=50345&pageSize=50&referer=https%3A%2F%2Fwww.agoda.com%2Fwynn-las-vegas%2Fhotel%2Flas-vegas-nv-us.html&providerMode=separate,20,2026-07-11T14:50:10.920828+00:00
HWYNN001,Wynn Las Vegas,Las Vegas,United States,booking_via_agoda,agoda,3038.0,Booking.com,00df766c3fb700b7,2025-08-26,2025,,,1.0,0.0,10.0,1.0,https://www.agoda.com/api/cronos/property/review/HotelReviews?hotelId=50345&pageSize=50&referer=https%3A%2F%2Fwww.agoda.com%2Fwynn-las-vegas%2Fhotel%2Flas-vegas-nv-us.html&providerMode=separate,2,2026-07-11T14:50:10.920828+00:00
HWYNN001,Wynn Las Vegas,Las Vegas,United States,booking_via_agoda,agoda,3038.0,Booking.com,0c861b6dd9a54bca,2025-08-26,2025,,,10.0,0.0,10.0,10.0,https://www.agoda.com/api/cronos/property/review/HotelReviews?hotelId=50345&pageSize=50&referer=https%3A%2F%2Fwww.agoda.com%2Fwynn-las-vegas%2Fhotel%2Flas-vegas-nv-us.html&providerMode=separate,10,2026-07-11T14:50:10.920828+00:00
HWYNN001,Wynn Las Vegas,Las Vegas,United States,booking_via_agoda,agoda,3038.0,Booking.com,28d82b3b5c42f958,2025-08-27,2025,,,10.0,0.0,10.0,10.0,https://www.agoda.com/api/cronos/property/review/HotelReviews?hotelId=50345&pageSize=50&referer=https%3A%2F%2Fwww.agoda.com%2Fwynn-las-vegas%2Fhotel%2Flas-vegas-nv-us.html&providerMode=separate,2,2026-07-11T14:50:10.920828+00:00
HWYNN001,Wynn Las Vegas,Las Vegas,United States,booking_via_agoda,agoda,3038.0,Booking.com,0f5ed50b1b7f3da9,2025-08-27,2025,,,9.0,0.0,10.0,9.0,https://www.agoda.com/api/cronos/property/review/HotelReviews?hotelId=50345&pageSize=50&referer=https%3A%2F%2Fwww.agoda.com%2Fwynn-las-vegas%2Fhotel%2Flas-vegas-nv-us.html&providerMode=separate,2,2026-07-11T14:50:10.920828+00:00
HWYNN001,Wynn Las Vegas,Las Vegas,United States,booking_via_agoda,agoda,3038.0,Booking.com,a054f23ef1d38a5c,2025-08-27,2025,,,10.0,0.0,10.0,10.0,https://www.agoda.com/api/cronos/property/review/HotelReviews?hotelId=50345&pageSize=50&referer=https%3A%2F%2Fwww.agoda.com%2Fwynn-las-vegas%2Fhotel%2Flas-vegas-nv-us.html&providerMode=separate,12,2026-07-11T14:50:10.920828+00:00
HWYNN001,Wynn Las Vegas,Las Vegas,United States,booking_via_agoda,agoda,3038.0,Booking.com,aedeb55d71b7d966,2025-08-27,2025,,,10.0,0.0,10.0,10.0,https://www.agoda.com/api/cronos/property/review/HotelReviews?hotelId=50345&pageSize=50&referer=https%3A%2F%2Fwww.agoda.com%2Fwynn-las-vegas%2Fhotel%2Flas-vegas-nv-us.html&providerMode=separate,16,2026-07-11T14:50:10.920828+00:00
HWYNN001,Wynn Las Vegas,Las Vegas,United States,booking_via_agoda,agoda,3038.0,Booking.com,eb06283875c6eecb,2025-08-28,2025,,,9.0,0.0,10.0,9.0,https://www.agoda.com/api/cronos/property/review/HotelReviews?hotelId=50345&pageSize=50&referer=https%3A%2F%2Fwww.agoda.com%2Fwynn-las-vegas%2Fhotel%2Flas-vegas-nv-us.html&providerMode=separate,2,2026-07-11T14:50:10.920828+00:00
HWYNN001,Wynn Las Vegas,Las Vegas,United States,booking_via_agoda,agoda,3038.0,Booking.com,f55e255bd9c06cfc,2025-08-28,2025,,,9.0,0.0,10.0,9.0,https://www.agoda.com/api/cronos/property/review/HotelReviews?hotelId=50345&pageSize=50&referer=https%3A%2F%2Fwww.agoda.com%2Fwynn-las-vegas%2Fhotel%2Flas-vegas-nv-us.html&providerMode=separate,16,2026-07-11T14:50:10.920828+00:00
HWYNN001,Wynn Las Vegas,Las Vegas,United States,booking_via_agoda,agoda,3038.0,Booking.com,374f03f623c4c13c,2025-08-29,2025,,,10.0,0.0,10.0,10.0,https://www.agoda.com/api/cronos/property/review/HotelReviews?hotelId=50345&pageSize=50&referer=https%3A%2F%2Fwww.agoda.com%2Fwynn-las-vegas%2Fhotel%2Flas-vegas-nv-us.html&providerMode=separate,2,2026-07-11T14:50:10.920828+00:00
HWYNN001,Wynn Las Vegas,Las Vegas,United States,booking_via_agoda,agoda,3038.0,Booking.com,0614906aa528955c,2025-09-01,2025,,,1.0,0.0,10.0,1.0,https://www.agoda.com/api/cronos/property/review/HotelReviews?hotelId=50345&pageSize=50&referer=https%3A%2F%2Fwww.agoda.com%2Fwynn-las-vegas%2Fhotel%2Flas-vegas-nv-us.html&providerMode=separate,2,2026-07-11T14:50:10.920828+00:00
HWYNN001,Wynn Las Vegas,Las Vegas,United States,booking_via_agoda,agoda,3038.0,Booking.com,ab7a8e095c616816,2025-09-01,2025,,,8.0,0.0,10.0,8.0,https://www.agoda.com/api/cronos/property/review/HotelReviews?hotelId=50345&pageSize=50&referer=https%3A%2F%2Fwww.agoda.com%2Fwynn-las-vegas%2Fhotel%2Flas-vegas-nv-us.html&providerMode=separate,2,2026-07-11T14:50:10.920828+00:00
HWYNN001,Wynn Las Vegas,Las Vegas,United States,booking_via_agoda,agoda,3038.0,Booking.com,7aceadda22a7586e,2025-09-04,2025,,,10.0,0.0,10.0,10.0,https://www.agoda.com/api/cronos/property/review/HotelReviews?hotelId=50345&pageSize=50&referer=https%3A%2F%2Fwww.agoda.com%2Fwynn-las-vegas%2Fhotel%2Flas-vegas-nv-us.html&providerMode=separate,2,2026-07-11T14:50:10.920828+00:00
HWYNN001,Wynn Las Vegas,Las Vegas,United States,booking_via_agoda,agoda,3038.0,Booking.com,67967aefd735e28b,2025-09-06,2025,,,10.0,0.0,10.0,10.0,https://www.agoda.com/api/cronos/property/review/HotelReviews?hotelId=50345&pageSize=50&referer=https%3A%2F%2Fwww.agoda.com%2Fwynn-las-vegas%2Fhotel%2Flas-vegas-nv-us.html&providerMode=separate,15,2026-07-11T14:50:10.920828+00:00
HWYNN001,Wynn Las Vegas,Las Vegas,United States,booking_via_agoda,agoda,3038.0,Booking.com,1467fcfdd46cce43,2025-09-07,2025,,,10.0,0.0,10.0,10.0,https://www.agoda.com/api/cronos/property/review/HotelReviews?hotelId=50345&pageSize=50&referer=https%3A%2F%2Fwww.agoda.com%2Fwynn-las-vegas%2Fhotel%2Flas-vegas-nv-us.html&providerMode=separate,2,2026-07-11T14:50:10.920828+00:00
HWYNN001,Wynn Las Vegas,Las Vegas,United States,booking_via_agoda,agoda,3038.0,Booking.com,22192e707e007bf7,2025-09-08,2025,,,9.0,0.0,10.0,9.0,https://www.agoda.com/api/cronos/property/review/HotelReviews?hotelId=50345&pageSize=50&referer=https%3A%2F%2Fwww.agoda.com%2Fwynn-las-vegas%2Fhotel%2Flas-vegas-nv-us.html&providerMode=separate,12,2026-07-11T14:50:10.920828+00:00
HWYNN001,Wynn Las Vegas,Las Vegas,United States,booking_via_agoda,agoda,3038.0,Booking.com,d58c815238f66506,2025-09-09,2025,,,10.0,0.0,10.0,10.0,https://www.agoda.com/api/cronos/property/review/HotelReviews?hotelId=50345&pageSize=50&referer=https%3A%2F%2Fwww.agoda.com%2Fwynn-las-vegas%2Fhotel%2Flas-vegas-nv-us.html&providerMode=separate,2,2026-07-11T14:50:10.920828+00:00
HWYNN001,Wynn Las Vegas,Las Vegas,United States,booking_via_agoda,agoda,3038.0,Booking.com,2b12bb095f9d8b9d,2025-09-09,2025,,,9.0,0.0,10.0,9.0,https://www.agoda.com/api/cronos/property/review/HotelReviews?hotelId=50345&pageSize=50&referer=https%3A%2F%2Fwww.agoda.com%2Fwynn-las-vegas%2Fhotel%2Flas-vegas-nv-us.html&providerMode=separate,17,2026-07-11T14:50:10.920828+00:00
HWYNN001,Wynn Las Vegas,Las Vegas,United States,booking_via_agoda,agoda,3038.0,Booking.com,d01008e073de43c2,2025-09-10,2025,,,10.0,0.0,10.0,10.0,https://www.agoda.com/api/cronos/property/review/HotelReviews?hotelId=50345&pageSize=50&referer=https%3A%2F%2Fwww.agoda.com%2Fwynn-las-vegas%2Fhotel%2Flas-vegas-nv-us.html&providerMode=separate,2,2026-07-11T14:50:10.920828+00:00
HWYNN001,Wynn Las Vegas,Las Vegas,United States,booking_via_agoda,agoda,3038.0,Booking.com,a32abf15e11ed3f7,2025-09-12,2025,,,9.0,0.0,10.0,9.0,https://www.agoda.com/api/cronos/property/review/HotelReviews?hotelId=50345&pageSize=50&referer=https%3A%2F%2Fwww.agoda.com%2Fwynn-las-vegas%2Fhotel%2Flas-vegas-nv-us.html&providerMode=separate,10,2026-07-11T14:50:10.920828+00:00
HWYNN001,Wynn Las Vegas,Las Vegas,United States,booking_via_agoda,agoda,3038.0,Booking.com,3c679f8905822aed,2025-09-12,2025,,,9.0,0.0,10.0,9.0,https://www.agoda.com/api/cronos/property/review/HotelReviews?hotelId=50345&pageSize=50&referer=https%3A%2F%2Fwww.agoda.com%2Fwynn-las-vegas%2Fhotel%2Flas-vegas-nv-us.html&providerMode=separate,17,2026-07-11T14:50:10.920828+00:00
HWYNN001,Wynn Las Vegas,Las Vegas,United States,booking_via_agoda,agoda,3038.0,Booking.com,c4928a7aa031baed,2025-09-13,2025,,,10.0,0.0,10.0,10.0,https://www.agoda.com/api/cronos/property/review/HotelReviews?hotelId=50345&pageSize=50&referer=https%3A%2F%2Fwww.agoda.com%2Fwynn-las-vegas%2Fhotel%2Flas-vegas-nv-us.html&providerMode=separate,2,2026-07-11T14:50:10.920828+00:00
HWYNN001,Wynn Las Vegas,Las Vegas,United States,booking_via_agoda,agoda,3038.0,Booking.com,b9dd3dcab28d7b4b,2025-09-16,2025,,,9.0,0.0,10.0,9.0,https://www.agoda.com/api/cronos/property/review/HotelReviews?hotelId=50345&pageSize=50&referer=https%3A%2F%2Fwww.agoda.com%2Fwynn-las-vegas%2Fhotel%2Flas-vegas-nv-us.html&providerMode=separate,2,2026-07-11T14:50:10.920828+00:00
HWYNN001,Wynn Las Vegas,Las Vegas,United States,booking_via_agoda,agoda,3038.0,Booking.com,645e29acc064524b,2025-09-20,2025,,,10.0,0.0,10.0,10.0,https://www.agoda.com/api/cronos/property/review/HotelReviews?hotelId=50345&pageSize=50&referer=https%3A%2F%2Fwww.agoda.com%2Fwynn-las-vegas%2Fhotel%2Flas-vegas-nv-us.html&providerMode=separate,2,2026-07-11T14:50:10.920828+00:00
HWYNN001,Wynn Las Vegas,Las Vegas,United States,booking_via_agoda,agoda,3038.0,Booking.com,f3f8e03f0891a83f,2025-09-20,2025,,,10.0,0.0,10.0,10.0,https://www.agoda.com/api/cronos/property/review/HotelReviews?hotelId=50345&pageSize=50&referer=https%3A%2F%2Fwww.agoda.com%2Fwynn-las-vegas%2Fhotel%2Flas-vegas-nv-us.html&providerMode=separate,10,2026-07-11T14:50:10.920828+00:00
HWYNN001,Wynn Las Vegas,Las Vegas,United States,booking_via_agoda,agoda,3038.0,Booking.com,2349322b15b858a6,2025-09-24,2025,,,10.0,0.0,10.0,10.0,https://www.agoda.com/api/cronos/property/review/HotelReviews?hotelId=50345&pageSize=50&referer=https%3A%2F%2Fwww.agoda.com%2Fwynn-las-vegas%2Fhotel%2Flas-vegas-nv-us.html&providerMode=separate,15,2026-07-11T14:50:10.920828+00:00
HWYNN001,Wynn Las Vegas,Las Vegas,United States,booking_via_agoda,agoda,3038.0,Booking.com,424b2507ea846a04,2025-09-24,2025,,,10.0,0.0,10.0,10.0,https://www.agoda.com/api/cronos/property/review/HotelReviews?hotelId=50345&pageSize=50&referer=https%3A%2F%2Fwww.agoda.com%2Fwynn-las-vegas%2Fhotel%2Flas-vegas-nv-us.html&providerMode=separate,17,2026-07-11T14:50:10.920828+00:00
HWYNN001,Wynn Las Vegas,Las Vegas,United States,booking_via_agoda,agoda,3038.0,Booking.com,9e562192926a855d,2025-09-26,2025,,,10.0,0.0,10.0,10.0,https://www.agoda.com/api/cronos/property/review/HotelReviews?hotelId=50345&pageSize=50&referer=https%3A%2F%2Fwww.agoda.com%2Fwynn-las-vegas%2Fhotel%2Flas-vegas-nv-us.html&providerMode=separate,15,2026-07-11T14:50:10.920828+00:00
HWYNN001,Wynn Las Vegas,Las Vegas,United States,booking_via_agoda,agoda,3038.0,Booking.com,a72840d3ab8db4cb,2025-09-30,2025,,,9.0,0.0,10.0,9.0,https://www.agoda.com/api/cronos/property/review/HotelReviews?hotelId=50345&pageSize=50&referer=https%3A%2F%2Fwww.agoda.com%2Fwynn-las-vegas%2Fhotel%2Flas-vegas-nv-us.html&providerMode=separate,2,2026-07-11T14:50:10.920828+00:00
HWYNN001,Wynn Las Vegas,Las Vegas,United States,booking_via_agoda,agoda,3038.0,Booking.com,3f28d65180c69378,2025-10-02,2025,,,10.0,0.0,10.0,10.0,https://www.agoda.com/api/cronos/property/review/HotelReviews?hotelId=50345&pageSize=50&referer=https%3A%2F%2Fwww.agoda.com%2Fwynn-las-vegas%2Fhotel%2Flas-vegas-nv-us.html&providerMode=separate,2,2026-07-11T14:50:10.920828+00:00
HWYNN001,Wynn Las Vegas,Las Vegas,United States,booking_via_agoda,agoda,3038.0,Booking.com,6156e5b0847a14a1,2025-10-02,2025,,,9.0,0.0,10.0,9.0,https://www.agoda.com/api/cronos/property/review/HotelReviews?hotelId=50345&pageSize=50&referer=https%3A%2F%2Fwww.agoda.com%2Fwynn-las-vegas%2Fhotel%2Flas-vegas-nv-us.html&providerMode=separate,10,2026-07-11T14:50:10.920828+00:00
HWYNN001,Wynn Las Vegas,Las Vegas,United States,booking_via_agoda,agoda,3038.0,Booking.com,08486949956b5dde,2025-10-05,2025,,,1.0,0.0,10.0,1.0,https://www.agoda.com/api/cronos/property/review/HotelReviews?hotelId=50345&pageSize=50&referer=https%3A%2F%2Fwww.agoda.com%2Fwynn-las-vegas%2Fhotel%2Flas-vegas-nv-us.html&providerMode=separate,12,2026-07-11T14:50:10.920828+00:00
HWYNN001,Wynn Las Vegas,Las Vegas,United States,booking_via_agoda,agoda,3038.0,Booking.com,ab59828db5cbec63,2025-10-09,2025,,,9.0,0.0,10.0,9.0,https://www.agoda.com/api/cronos/property/review/HotelReviews?hotelId=50345&pageSize=50&referer=https%3A%2F%2Fwww.agoda.com%2Fwynn-las-vegas%2Fhotel%2Flas-vegas-nv-us.html&providerMode=separate,15,2026-07-11T14:50:10.920828+00:00
HWYNN001,Wynn Las Vegas,Las Vegas,United States,booking_via_agoda,agoda,3038.0,Booking.com,b81e93fb2d335f7b,2025-10-11,2025,,,10.0,0.0,10.0,10.0,https://www.agoda.com/api/cronos/property/review/HotelReviews?hotelId=50345&pageSize=50&referer=https%3A%2F%2Fwww.agoda.com%2Fwynn-las-vegas%2Fhotel%2Flas-vegas-nv-us.html&providerMode=separate,10,2026-07-11T14:50:10.920828+00:00
HWYNN001,Wynn Las Vegas,Las Vegas,United States,booking_via_agoda,agoda,3038.0,Booking.com,66f00cac82c2f787,2025-10-11,2025,,,10.0,0.0,10.0,10.0,https://www.agoda.com/api/cronos/property/review/HotelReviews?hotelId=50345&pageSize=50&referer=https%3A%2F%2Fwww.agoda.com%2Fwynn-las-vegas%2Fhotel%2Flas-vegas-nv-us.html&providerMode=separate,17,2026-07-11T14:50:10.920828+00:00
HWYNN001,Wynn Las Vegas,Las Vegas,United States,booking_via_agoda,agoda,3038.0,Booking.com,257ddb27a4da3127,2025-10-12,2025,,,10.0,0.0,10.0,10.0,https://www.agoda.com/api/cronos/property/review/HotelReviews?hotelId=50345&pageSize=50&referer=https%3A%2F%2Fwww.agoda.com%2Fwynn-las-vegas%2Fhotel%2Flas-vegas-nv-us.html&providerMode=separate,17,2026-07-11T14:50:10.920828+00:00
HWYNN001,Wynn Las Vegas,Las Vegas,United States,booking_via_agoda,agoda,3038.0,Booking.com,ea1663114346cf1b,2025-10-14,2025,,,10.0,0.0,10.0,10.0,https://www.agoda.com/api/cronos/property/review/HotelReviews?hotelId=50345&pageSize=50&referer=https%3A%2F%2Fwww.agoda.com%2Fwynn-las-vegas%2Fhotel%2Flas-vegas-nv-us.html&providerMode=separate,17,2026-07-11T14:50:10.920828+00:00
HWYNN001,Wynn Las Vegas,Las Vegas,United States,booking_via_agoda,agoda,3038.0,Booking.com,9a013881c1e8a8b3,2025-10-17,2025,,,10.0,0.0,10.0,10.0,https://www.agoda.com/api/cronos/property/review/HotelReviews?hotelId=50345&pageSize=50&referer=https%3A%2F%2Fwww.agoda.com%2Fwynn-las-vegas%2Fhotel%2Flas-vegas-nv-us.html&providerMode=separate,2,2026-07-11T14:50:10.920828+00:00
HWYNN001,Wynn Las Vegas,Las Vegas,United States,booking_via_agoda,agoda,3038.0,Booking.com,60687ee913083c32,2025-10-20,2025,,,9.0,0.0,10.0,9.0,https://www.agoda.com/api/cronos/property/review/HotelReviews?hotelId=50345&pageSize=50&referer=https%3A%2F%2Fwww.agoda.com%2Fwynn-las-vegas%2Fhotel%2Flas-vegas-nv-us.html&providerMode=separate,17,2026-07-11T14:50:10.920828+00:00
HWYNN001,Wynn Las Vegas,Las Vegas,United States,booking_via_agoda,agoda,3038.0,Booking.com,88afa39a367af0ea,2025-10-21,2025,,,10.0,0.0,10.0,10.0,https://www.agoda.com/api/cronos/property/review/HotelReviews?hotelId=50345&pageSize=50&referer=https%3A%2F%2Fwww.agoda.com%2Fwynn-las-vegas%2Fhotel%2Flas-vegas-nv-us.html&providerMode=separate,2,2026-07-11T14:50:10.920828+00:00
HWYNN001,Wynn Las Vegas,Las Vegas,United States,booking_via_agoda,agoda,3038.0,Booking.com,136680295a79d068,2025-10-24,2025,,,7.0,0.0,10.0,7.0,https://www.agoda.com/api/cronos/property/review/HotelReviews?hotelId=50345&pageSize=50&referer=https%3A%2F%2Fwww.agoda.com%2Fwynn-las-vegas%2Fhotel%2Flas-vegas-nv-us.html&providerMode=separate,2,2026-07-11T14:50:10.920828+00:00
HWYNN001,Wynn Las Vegas,Las Vegas,United States,booking_via_agoda,agoda,3038.0,Booking.com,8b2f3b351e962c07,2025-10-24,2025,,,10.0,0.0,10.0,10.0,https://www.agoda.com/api/cronos/property/review/HotelReviews?hotelId=50345&pageSize=50&referer=https%3A%2F%2Fwww.agoda.com%2Fwynn-las-vegas%2Fhotel%2Flas-vegas-nv-us.html&providerMode=separate,10,2026-07-11T14:50:10.920828+00:00
HWYNN001,Wynn Las Vegas,Las Vegas,United States,booking_via_agoda,agoda,3038.0,Booking.com,fbb5c748483a96b6,2025-10-27,2025,,,6.0,0.0,10.0,6.0,https://www.agoda.com/api/cronos/property/review/HotelReviews?hotelId=50345&pageSize=50&referer=https%3A%2F%2Fwww.agoda.com%2Fwynn-las-vegas%2Fhotel%2Flas-vegas-nv-us.html&providerMode=separate,2,2026-07-11T14:50:10.920828+00:00
HWYNN001,Wynn Las Vegas,Las Vegas,United States,booking_via_agoda,agoda,3038.0,Booking.com,4edde57490daef27,2025-10-30,2025,,,10.0,0.0,10.0,10.0,https://www.agoda.com/api/cronos/property/review/HotelReviews?hotelId=50345&pageSize=50&referer=https%3A%2F%2Fwww.agoda.com%2Fwynn-las-vegas%2Fhotel%2Flas-vegas-nv-us.html&providerMode=separate,17,2026-07-11T14:50:10.920828+00:00
HWYNN001,Wynn Las Vegas,Las Vegas,United States,booking_via_agoda,agoda,3038.0,Booking.com,4f17057b219ed452,2025-11-01,2025,,,10.0,0.0,10.0,10.0,https://www.agoda.com/api/cronos/property/review/HotelReviews?hotelId=50345&pageSize=50&referer=https%3A%2F%2Fwww.agoda.com%2Fwynn-las-vegas%2Fhotel%2Flas-vegas-nv-us.html&providerMode=separate,2,2026-07-11T14:50:10.920828+00:00
HWYNN001,Wynn Las Vegas,Las Vegas,United States,booking_via_agoda,agoda,3038.0,Booking.com,d0720621b0f64d0b,2025-11-07,2025,,,10.0,0.0,10.0,10.0,https://www.agoda.com/api/cronos/property/review/HotelReviews?hotelId=50345&pageSize=50&referer=https%3A%2F%2Fwww.agoda.com%2Fwynn-las-vegas%2Fhotel%2Flas-vegas-nv-us.html&providerMode=separate,17,2026-07-11T14:50:10.920828+00:00
HWYNN001,Wynn Las Vegas,Las Vegas,United States,booking_via_agoda,agoda,3038.0,Booking.com,ee9bbdc0e8efd574,2025-11-11,2025,,,10.0,0.0,10.0,10.0,https://www.agoda.com/api/cronos/property/review/HotelReviews?hotelId=50345&pageSize=50&referer=https%3A%2F%2Fwww.agoda.com%2Fwynn-las-vegas%2Fhotel%2Flas-vegas-nv-us.html&providerMode=separate,2,2026-07-11T14:50:10.920828+00:00
HWYNN001,Wynn Las Vegas,Las Vegas,United States,booking_via_agoda,agoda,3038.0,Booking.com,95d757bb27651251,2025-11-12,2025,,,10.0,0.0,10.0,10.0,https://www.agoda.com/api/cronos/property/review/HotelReviews?hotelId=50345&pageSize=50&referer=https%3A%2F%2Fwww.agoda.com%2Fwynn-las-vegas%2Fhotel%2Flas-vegas-nv-us.html&providerMode=separate,2,2026-07-11T14:50:10.920828+00:00
HWYNN001,Wynn Las Vegas,Las Vegas,United States,booking_via_agoda,agoda,3038.0,Booking.com,2cf5fd451e339759,2025-11-12,2025,,,9.0,0.0,10.0,9.0,https://www.agoda.com/api/cronos/property/review/HotelReviews?hotelId=50345&pageSize=50&referer=https%3A%2F%2Fwww.agoda.com%2Fwynn-las-vegas%2Fhotel%2Flas-vegas-nv-us.html&providerMode=separate,13,2026-07-11T14:50:10.920828+00:00
HWYNN001,Wynn Las Vegas,Las Vegas,United States,booking_via_agoda,agoda,3038.0,Booking.com,32c42d635b356448,2025-11-12,2025,,,10.0,0.0,10.0,10.0,https://www.agoda.com/api/cronos/property/review/HotelReviews?hotelId=50345&pageSize=50&referer=https%3A%2F%2Fwww.agoda.com%2Fwynn-las-vegas%2Fhotel%2Flas-vegas-nv-us.html&providerMode=separate,17,2026-07-11T14:50:10.920828+00:00
HWYNN001,Wynn Las Vegas,Las Vegas,United States,booking_via_agoda,agoda,3038.0,Booking.com,c2a1db5cf7183886,2025-11-14,2025,,,9.0,0.0,10.0,9.0,https://www.agoda.com/api/cronos/property/review/HotelReviews?hotelId=50345&pageSize=50&referer=https%3A%2F%2Fwww.agoda.com%2Fwynn-las-vegas%2Fhotel%2Flas-vegas-nv-us.html&providerMode=separate,15,2026-07-11T14:50:10.920828+00:00
HWYNN001,Wynn Las Vegas,Las Vegas,United States,booking_via_agoda,agoda,3038.0,Booking.com,1fbd8a1d62a1a77f,2025-11-18,2025,,,10.0,0.0,10.0,10.0,https://www.agoda.com/api/cronos/property/review/HotelReviews?hotelId=50345&pageSize=50&referer=https%3A%2F%2Fwww.agoda.com%2Fwynn-las-vegas%2Fhotel%2Flas-vegas-nv-us.html&providerMode=separate,2,2026-07-11T14:50:10.920828+00:00
HWYNN001,Wynn Las Vegas,Las Vegas,United States,booking_via_agoda,agoda,3038.0,Booking.com,4f995aa61e034485,2025-11-23,2025,,,8.0,0.0,10.0,8.0,https://www.agoda.com/api/cronos/property/review/HotelReviews?hotelId=50345&pageSize=50&referer=https%3A%2F%2Fwww.agoda.com%2Fwynn-las-vegas%2Fhotel%2Flas-vegas-nv-us.html&providerMode=separate,2,2026-07-11T14:50:10.920828+00:00
HWYNN001,Wynn Las Vegas,Las Vegas,United States,booking_via_agoda,agoda,3038.0,Booking.com,b21060848678c2c1,2025-11-25,2025,,,10.0,0.0,10.0,10.0,https://www.agoda.com/api/cronos/property/review/HotelReviews?hotelId=50345&pageSize=50&referer=https%3A%2F%2Fwww.agoda.com%2Fwynn-las-vegas%2Fhotel%2Flas-vegas-nv-us.html&providerMode=separate,2,2026-07-11T14:50:10.920828+00:00
HWYNN001,Wynn Las Vegas,Las Vegas,United States,booking_via_agoda,agoda,3038.0,Booking.com,634b95d2ba23c863,2025-11-25,2025,,,8.0,0.0,10.0,8.0,https://www.agoda.com/api/cronos/property/review/HotelReviews?hotelId=50345&pageSize=50&referer=https%3A%2F%2Fwww.agoda.com%2Fwynn-las-vegas%2Fhotel%2Flas-vegas-nv-us.html&providerMode=separate,17,2026-07-11T14:50:10.920828+00:00
HWYNN001,Wynn Las Vegas,Las Vegas,United States,booking_via_agoda,agoda,3038.0,Booking.com,85e18015d1b49098,2025-11-26,2025,,,10.0,0.0,10.0,10.0,https://www.agoda.com/api/cronos/property/review/HotelReviews?hotelId=50345&pageSize=50&referer=https%3A%2F%2Fwww.agoda.com%2Fwynn-las-vegas%2Fhotel%2Flas-vegas-nv-us.html&providerMode=separate,2,2026-07-11T14:50:10.920828+00:00
HWYNN001,Wynn Las Vegas,Las Vegas,United States,booking_via_agoda,agoda,3038.0,Booking.com,29f776280499b889,2025-11-28,2025,,,7.0,0.0,10.0,7.0,https://www.agoda.com/api/cronos/property/review/HotelReviews?hotelId=50345&pageSize=50&referer=https%3A%2F%2Fwww.agoda.com%2Fwynn-las-vegas%2Fhotel%2Flas-vegas-nv-us.html&providerMode=separate,14,2026-07-11T14:50:10.920828+00:00
HWYNN001,Wynn Las Vegas,Las Vegas,United States,booking_via_agoda,agoda,3038.0,Booking.com,3081157bcf0f5465,2025-12-03,2025,,,10.0,0.0,10.0,10.0,https://www.agoda.com/api/cronos/property/review/HotelReviews?hotelId=50345&pageSize=50&referer=https%3A%2F%2Fwww.agoda.com%2Fwynn-las-vegas%2Fhotel%2Flas-vegas-nv-us.html&providerMode=separate,2,2026-07-11T14:50:10.920828+00:00
HWYNN001,Wynn Las Vegas,Las Vegas,United States,booking_via_agoda,agoda,3038.0,Booking.com,6b6833082184bd59,2025-12-05,2025,,,9.0,0.0,10.0,9.0,https://www.agoda.com/api/cronos/property/review/HotelReviews?hotelId=50345&pageSize=50&referer=https%3A%2F%2Fwww.agoda.com%2Fwynn-las-vegas%2Fhotel%2Flas-vegas-nv-us.html&providerMode=separate,15,2026-07-11T14:50:10.920828+00:00
HWYNN001,Wynn Las Vegas,Las Vegas,United States,booking_via_agoda,agoda,3038.0,Booking.com,f1de435f3855f214,2025-12-06,2025,,,10.0,0.0,10.0,10.0,https://www.agoda.com/api/cronos/property/review/HotelReviews?hotelId=50345&pageSize=50&referer=https%3A%2F%2Fwww.agoda.com%2Fwynn-las-vegas%2Fhotel%2Flas-vegas-nv-us.html&providerMode=separate,2,2026-07-11T14:50:10.920828+00:00
HWYNN001,Wynn Las Vegas,Las Vegas,United States,booking_via_agoda,agoda,3038.0,Booking.com,171b8d3b46656821,2025-12-11,2025,,,5.0,0.0,10.0,5.0,https://www.agoda.com/api/cronos/property/review/HotelReviews?hotelId=50345&pageSize=50&referer=https%3A%2F%2Fwww.agoda.com%2Fwynn-las-vegas%2Fhotel%2Flas-vegas-nv-us.html&providerMode=separate,2,2026-07-11T14:50:10.920828+00:00
HWYNN001,Wynn Las Vegas,Las Vegas,United States,booking_via_agoda,agoda,3038.0,Booking.com,ccd4b73b7d81bcad,2025-12-12,2025,,,10.0,0.0,10.0,10.0,https://www.agoda.com/api/cronos/property/review/HotelReviews?hotelId=50345&pageSize=50&referer=https%3A%2F%2Fwww.agoda.com%2Fwynn-las-vegas%2Fhotel%2Flas-vegas-nv-us.html&providerMode=separate,2,2026-07-11T14:50:10.920828+00:00
HWYNN001,Wynn Las Vegas,Las Vegas,United States,booking_via_agoda,agoda,3038.0,Booking.com,bf79b26b921e57d8,2025-12-14,2025,,,8.0,0.0,10.0,8.0,https://www.agoda.com/api/cronos/property/review/HotelReviews?hotelId=50345&pageSize=50&referer=https%3A%2F%2Fwww.agoda.com%2Fwynn-las-vegas%2Fhotel%2Flas-vegas-nv-us.html&providerMode=separate,2,2026-07-11T14:50:10.920828+00:00
HWYNN001,Wynn Las Vegas,Las Vegas,United States,booking_via_agoda,agoda,3038.0,Booking.com,73345369821d3117,2025-12-14,2025,,,10.0,0.0,10.0,10.0,https://www.agoda.com/api/cronos/property/review/HotelReviews?hotelId=50345&pageSize=50&referer=https%3A%2F%2Fwww.agoda.com%2Fwynn-las-vegas%2Fhotel%2Flas-vegas-nv-us.html&providerMode=separate,2,2026-07-11T14:50:10.920828+00:00
HWYNN001,Wynn Las Vegas,Las Vegas,United States,booking_via_agoda,agoda,3038.0,Booking.com,4f853ecb2dcb9be1,2025-12-15,2025,,,3.0,0.0,10.0,3.0,https://www.agoda.com/api/cronos/property/review/HotelReviews?hotelId=50345&pageSize=50&referer=https%3A%2F%2Fwww.agoda.com%2Fwynn-las-vegas%2Fhotel%2Flas-vegas-nv-us.html&providerMode=separate,2,2026-07-11T14:50:10.920828+00:00
HWYNN001,Wynn Las Vegas,Las Vegas,United States,booking_via_agoda,agoda,3038.0,Booking.com,856d2d4293e787c7,2025-12-17,2025,,,10.0,0.0,10.0,10.0,https://www.agoda.com/api/cronos/property/review/HotelReviews?hotelId=50345&pageSize=50&referer=https%3A%2F%2Fwww.agoda.com%2Fwynn-las-vegas%2Fhotel%2Flas-vegas-nv-us.html&providerMode=separate,2,2026-07-11T14:50:10.920828+00:00
HWYNN001,Wynn Las Vegas,Las Vegas,United States,booking_via_agoda,agoda,3038.0,Booking.com,3cbdbd860b60e1e6,2025-12-17,2025,,,10.0,0.0,10.0,10.0,https://www.agoda.com/api/cronos/property/review/HotelReviews?hotelId=50345&pageSize=50&referer=https%3A%2F%2Fwww.agoda.com%2Fwynn-las-vegas%2Fhotel%2Flas-vegas-nv-us.html&providerMode=separate,10,2026-07-11T14:50:10.920828+00:00
HWYNN001,Wynn Las Vegas,Las Vegas,United States,booking_via_agoda,agoda,3038.0,Booking.com,4829e335cc0d7943,2025-12-18,2025,,,10.0,0.0,10.0,10.0,https://www.agoda.com/api/cronos/property/review/HotelReviews?hotelId=50345&pageSize=50&referer=https%3A%2F%2Fwww.agoda.com%2Fwynn-las-vegas%2Fhotel%2Flas-vegas-nv-us.html&providerMode=separate,10,2026-07-11T14:50:10.920828+00:00
HWYNN001,Wynn Las Vegas,Las Vegas,United States,booking_via_agoda,agoda,3038.0,Booking.com,7cbeb2fc29bc0e67,2025-12-24,2025,,,10.0,0.0,10.0,10.0,https://www.agoda.com/api/cronos/property/review/HotelReviews?hotelId=50345&pageSize=50&referer=https%3A%2F%2Fwww.agoda.com%2Fwynn-las-vegas%2Fhotel%2Flas-vegas-nv-us.html&providerMode=separate,2,2026-07-11T14:50:10.920828+00:00
HWYNN001,Wynn Las Vegas,Las Vegas,United States,booking_via_agoda,agoda,3038.0,Booking.com,ed8f5833bcf4efc2,2025-12-26,2025,,,10.0,0.0,10.0,10.0,https://www.agoda.com/api/cronos/property/review/HotelReviews?hotelId=50345&pageSize=50&referer=https%3A%2F%2Fwww.agoda.com%2Fwynn-las-vegas%2Fhotel%2Flas-vegas-nv-us.html&providerMode=separate,2,2026-07-11T14:50:10.920828+00:00
HWYNN001,Wynn Las Vegas,Las Vegas,United States,booking_via_agoda,agoda,3038.0,Booking.com,675c5b0002c7e4d5,2025-12-26,2025,,,1.0,0.0,10.0,1.0,https://www.agoda.com/api/cronos/property/review/HotelReviews?hotelId=50345&pageSize=50&referer=https%3A%2F%2Fwww.agoda.com%2Fwynn-las-vegas%2Fhotel%2Flas-vegas-nv-us.html&providerMode=separate,15,2026-07-11T14:50:10.920828+00:00
HWYNN001,Wynn Las Vegas,Las Vegas,United States,booking_via_agoda,agoda,3038.0,Booking.com,26f95845d2275772,2025-12-27,2025,,,10.0,0.0,10.0,10.0,https://www.agoda.com/api/cronos/property/review/HotelReviews?hotelId=50345&pageSize=50&referer=https%3A%2F%2Fwww.agoda.com%2Fwynn-las-vegas%2Fhotel%2Flas-vegas-nv-us.html&providerMode=separate,2,2026-07-11T14:50:10.920828+00:00
HWYNN001,Wynn Las Vegas,Las Vegas,United States,booking_via_agoda,agoda,3038.0,Booking.com,a20f5db5c26c14f1,2025-12-27,2025,,,5.0,0.0,10.0,5.0,https://www.agoda.com/api/cronos/property/review/HotelReviews?hotelId=50345&pageSize=50&referer=https%3A%2F%2Fwww.agoda.com%2Fwynn-las-vegas%2Fhotel%2Flas-vegas-nv-us.html&providerMode=separate,16,2026-07-11T14:50:10.920828+00:00
HWYNN001,Wynn Las Vegas,Las Vegas,United States,booking_via_agoda,agoda,3038.0,Booking.com,f58c19658ca624d7,2025-12-27,2025,,,5.0,0.0,10.0,5.0,https://www.agoda.com/api/cronos/property/review/HotelReviews?hotelId=50345&pageSize=50&referer=https%3A%2F%2Fwww.agoda.com%2Fwynn-las-vegas%2Fhotel%2Flas-vegas-nv-us.html&providerMode=separate,16,2026-07-11T14:50:10.920828+00:00
HWYNN001,Wynn Las Vegas,Las Vegas,United States,booking_via_agoda,agoda,3038.0,Booking.com,e843d13349b3a7e2,2025-12-28,2025,,,10.0,0.0,10.0,10.0,https://www.agoda.com/api/cronos/property/review/HotelReviews?hotelId=50345&pageSize=50&referer=https%3A%2F%2Fwww.agoda.com%2Fwynn-las-vegas%2Fhotel%2Flas-vegas-nv-us.html&providerMode=separate,2,2026-07-11T14:50:10.920828+00:00
HWYNN001,Wynn Las Vegas,Las Vegas,United States,booking_via_agoda,agoda,3038.0,Booking.com,3471d62e283b330c,2025-12-28,2025,,,10.0,0.0,10.0,10.0,https://www.agoda.com/api/cronos/property/review/HotelReviews?hotelId=50345&pageSize=50&referer=https%3A%2F%2Fwww.agoda.com%2Fwynn-las-vegas%2Fhotel%2Flas-vegas-nv-us.html&providerMode=separate,14,2026-07-11T14:50:10.920828+00:00
HWYNN001,Wynn Las Vegas,Las Vegas,United States,booking_via_agoda,agoda,3038.0,Booking.com,351dcaca42e05768,2025-12-28,2025,,,7.0,0.0,10.0,7.0,https://www.agoda.com/api/cronos/property/review/HotelReviews?hotelId=50345&pageSize=50&referer=https%3A%2F%2Fwww.agoda.com%2Fwynn-las-vegas%2Fhotel%2Flas-vegas-nv-us.html&providerMode=separate,14,2026-07-11T14:50:10.920828+00:00
HWYNN001,Wynn Las Vegas,Las Vegas,United States,booking_via_agoda,agoda,3038.0,Booking.com,a2e00a375f10583d,2025-12-29,2025,,,9.0,0.0,10.0,9.0,https://www.agoda.com/api/cronos/property/review/HotelReviews?hotelId=50345&pageSize=50&referer=https%3A%2F%2Fwww.agoda.com%2Fwynn-las-vegas%2Fhotel%2Flas-vegas-nv-us.html&providerMode=separate,2,2026-07-11T14:50:10.920828+00:00
HWYNN001,Wynn Las Vegas,Las Vegas,United States,booking_via_agoda,agoda,3038.0,Booking.com,bfaf04f114d4d53f,2025-12-29,2025,,,9.0,0.0,10.0,9.0,https://www.agoda.com/api/cronos/property/review/HotelReviews?hotelId=50345&pageSize=50&referer=https%3A%2F%2Fwww.agoda.com%2Fwynn-las-vegas%2Fhotel%2Flas-vegas-nv-us.html&providerMode=separate,2,2026-07-11T14:50:10.920828+00:00
HWYNN001,Wynn Las Vegas,Las Vegas,United States,booking_via_agoda,agoda,3038.0,Booking.com,b6994f381e7f4614,2025-12-29,2025,,,10.0,0.0,10.0,10.0,https://www.agoda.com/api/cronos/property/review/HotelReviews?hotelId=50345&pageSize=50&referer=https%3A%2F%2Fwww.agoda.com%2Fwynn-las-vegas%2Fhotel%2Flas-vegas-nv-us.html&providerMode=separate,2,2026-07-11T14:50:10.920828+00:00
HWYNN001,Wynn Las Vegas,Las Vegas,United States,booking_via_agoda,agoda,3038.0,Booking.com,374e072418f6de04,2025-12-29,2025,,,7.0,0.0,10.0,7.0,https://www.agoda.com/api/cronos/property/review/HotelReviews?hotelId=50345&pageSize=50&referer=https%3A%2F%2Fwww.agoda.com%2Fwynn-las-vegas%2Fhotel%2Flas-vegas-nv-us.html&providerMode=separate,20,2026-07-11T14:50:10.920828+00:00
HWYNN001,Wynn Las Vegas,Las Vegas,United States,booking_via_agoda,agoda,3038.0,Booking.com,828442635ad35276,2025-12-30,2025,,,10.0,0.0,10.0,10.0,https://www.agoda.com/api/cronos/property/review/HotelReviews?hotelId=50345&pageSize=50&referer=https%3A%2F%2Fwww.agoda.com%2Fwynn-las-vegas%2Fhotel%2Flas-vegas-nv-us.html&providerMode=separate,2,2026-07-11T14:50:10.920828+00:00
HWYNN001,Wynn Las Vegas,Las Vegas,United States,booking_via_agoda,agoda,3038.0,Booking.com,3d0550e2a5b1bb3c,2025-12-30,2025,,,10.0,0.0,10.0,10.0,https://www.agoda.com/api/cronos/property/review/HotelReviews?hotelId=50345&pageSize=50&referer=https%3A%2F%2Fwww.agoda.com%2Fwynn-las-vegas%2Fhotel%2Flas-vegas-nv-us.html&providerMode=separate,17,2026-07-11T14:50:10.920828+00:00
HWYNN001,Wynn Las Vegas,Las Vegas,United States,booking_via_agoda,agoda,3038.0,Booking.com,c99faed1fe1ba098,2025-12-31,2025,,,10.0,0.0,10.0,10.0,https://www.agoda.com/api/cronos/property/review/HotelReviews?hotelId=50345&pageSize=50&referer=https%3A%2F%2Fwww.agoda.com%2Fwynn-las-vegas%2Fhotel%2Flas-vegas-nv-us.html&providerMode=separate,1,2026-07-11T14:50:10.920828+00:00
HWYNN001,Wynn Las Vegas,Las Vegas,United States,booking_via_agoda,agoda,3038.0,Booking.com,5f0abc95bc7c80e3,2025-12-31,2025,,,10.0,0.0,10.0,10.0,https://www.agoda.com/api/cronos/property/review/HotelReviews?hotelId=50345&pageSize=50&referer=https%3A%2F%2Fwww.agoda.com%2Fwynn-las-vegas%2Fhotel%2Flas-vegas-nv-us.html&providerMode=separate,2,2026-07-11T14:50:10.920828+00:00
HWYNN001,Wynn Las Vegas,Las Vegas,United States,booking_via_agoda,agoda,3038.0,Booking.com,391869296b0c12d5,2025-12-31,2025,,,9.0,0.0,10.0,9.0,https://www.agoda.com/api/cronos/property/review/HotelReviews?hotelId=50345&pageSize=50&referer=https%3A%2F%2Fwww.agoda.com%2Fwynn-las-vegas%2Fhotel%2Flas-vegas-nv-us.html&providerMode=separate,10,2026-07-11T14:50:10.920828+00:00
HWYNN001,Wynn Las Vegas,Las Vegas,United States,priceline,priceline,,Priceline,e1e8dbd9d457ee36,2024-01-08,2024,,,7.0,0.0,10.0,7.0,https://www.priceline.com/hotel-deals/en-us/P3000015284/H10899904/wynn-las-vegas.ssp,1,2026-07-11T14:50:40.842935+00:00
HWYNN001,Wynn Las Vegas,Las Vegas,United States,priceline,priceline,,Priceline,fd17875ce821f8e4,2024-01-10,2024,,,10.0,0.0,10.0,10.0,https://www.priceline.com/hotel-deals/en-us/P3000015284/H10899904/wynn-las-vegas.ssp,1,2026-07-11T14:50:40.842935+00:00
HWYNN001,Wynn Las Vegas,Las Vegas,United States,priceline,priceline,,Priceline,fafafeef629317bb,2024-03-04,2024,,,1.0,0.0,10.0,1.0,https://www.priceline.com/hotel-deals/en-us/P3000015284/H10899904/wynn-las-vegas.ssp,1,2026-07-11T14:50:40.842935+00:00
HWYNN001,Wynn Las Vegas,Las Vegas,United States,priceline,priceline,,Priceline,7e9728657933c209,2024-04-11,2024,,,10.0,0.0,10.0,10.0,https://www.priceline.com/hotel-deals/en-us/P3000015284/H10899904/wynn-las-vegas.ssp,1,2026-07-11T14:50:40.842935+00:00
HWYNN001,Wynn Las Vegas,Las Vegas,United States,priceline,priceline,,Priceline,072dc0354310b5c5,2024-04-23,2024,,,9.0,0.0,10.0,9.0,https://www.priceline.com/hotel-deals/en-us/P3000015284/H10899904/wynn-las-vegas.ssp,1,2026-07-11T14:50:40.842935+00:00
HWYNN001,Wynn Las Vegas,Las Vegas,United States,priceline,priceline,,Priceline,160bedf2687e682b,2024-05-06,2024,,,8.0,0.0,10.0,8.0,https://www.priceline.com/hotel-deals/en-us/P3000015284/H10899904/wynn-las-vegas.ssp,1,2026-07-11T14:50:40.842935+00:00
HWYNN001,Wynn Las Vegas,Las Vegas,United States,priceline,priceline,,Priceline,c979800e84612750,2024-06-19,2024,,,10.0,0.0,10.0,10.0,https://www.priceline.com/hotel-deals/en-us/P3000015284/H10899904/wynn-las-vegas.ssp,1,2026-07-11T14:50:40.842935+00:00
HWYNN001,Wynn Las Vegas,Las Vegas,United States,priceline,priceline,,Priceline,b075840f9d5a0b94,2024-07-02,2024,,,8.0,0.0,10.0,8.0,https://www.priceline.com/hotel-deals/en-us/P3000015284/H10899904/wynn-las-vegas.ssp,1,2026-07-11T14:50:40.842935+00:00
HWYNN001,Wynn Las Vegas,Las Vegas,United States,priceline,priceline,,Priceline,8495b9815e1926ab,2024-07-03,2024,,,10.0,0.0,10.0,10.0,https://www.priceline.com/hotel-deals/en-us/P3000015284/H10899904/wynn-las-vegas.ssp,1,2026-07-11T14:50:40.842935+00:00
HWYNN001,Wynn Las Vegas,Las Vegas,United States,priceline,priceline,,Priceline,ab0a6eee3a88e56a,2024-09-09,2024,,,9.0,0.0,10.0,9.0,https://www.priceline.com/hotel-deals/en-us/P3000015284/H10899904/wynn-las-vegas.ssp,1,2026-07-11T14:50:40.842935+00:00
HWYNN001,Wynn Las Vegas,Las Vegas,United States,priceline,priceline,,Priceline,9e59d9785a17b666,2024-09-30,2024,,,8.0,0.0,10.0,8.0,https://www.priceline.com/hotel-deals/en-us/P3000015284/H10899904/wynn-las-vegas.ssp,1,2026-07-11T14:50:40.842935+00:00
HWYNN001,Wynn Las Vegas,Las Vegas,United States,priceline,priceline,,Priceline,4d6398cda8002fc3,2024-10-16,2024,,,10.0,0.0,10.0,10.0,https://www.priceline.com/hotel-deals/en-us/P3000015284/H10899904/wynn-las-vegas.ssp,1,2026-07-11T14:50:40.842935+00:00
HWYNN001,Wynn Las Vegas,Las Vegas,United States,priceline,priceline,,Priceline,8a800b38eefd1ee7,2024-12-23,2024,,,10.0,0.0,10.0,10.0,https://www.priceline.com/hotel-deals/en-us/P3000015284/H10899904/wynn-las-vegas.ssp,1,2026-07-11T14:50:40.842935+00:00
HWYNN001,Wynn Las Vegas,Las Vegas,United States,priceline,priceline,,Priceline,48df76044f8627a7,2025-01-06,2025,,,9.0,0.0,10.0,9.0,https://www.priceline.com/hotel-deals/en-us/P3000015284/H10899904/wynn-las-vegas.ssp,1,2026-07-11T14:50:40.842935+00:00
HWYNN001,Wynn Las Vegas,Las Vegas,United States,priceline,priceline,,Priceline,4624bccee7adf9e8,2025-01-15,2025,,,10.0,0.0,10.0,10.0,https://www.priceline.com/hotel-deals/en-us/P3000015284/H10899904/wynn-las-vegas.ssp,1,2026-07-11T14:50:40.842935+00:00
HWYNN001,Wynn Las Vegas,Las Vegas,United States,priceline,priceline,,Priceline,c04089ea35b2800c,2025-03-03,2025,,,9.0,0.0,10.0,9.0,https://www.priceline.com/hotel-deals/en-us/P3000015284/H10899904/wynn-las-vegas.ssp,1,2026-07-11T14:50:40.842935+00:00
HWYNN001,Wynn Las Vegas,Las Vegas,United States,priceline,priceline,,Priceline,0a894f40e1cbabe6,2025-04-08,2025,,,9.0,0.0,10.0,9.0,https://www.priceline.com/hotel-deals/en-us/P3000015284/H10899904/wynn-las-vegas.ssp,1,2026-07-11T14:50:40.842935+00:00
HWYNN001,Wynn Las Vegas,Las Vegas,United States,priceline,priceline,,Priceline,aa5ff9b9ce40a264,2025-04-09,2025,,,10.0,0.0,10.0,10.0,https://www.priceline.com/hotel-deals/en-us/P3000015284/H10899904/wynn-las-vegas.ssp,1,2026-07-11T14:50:40.842935+00:00
HWYNN001,Wynn Las Vegas,Las Vegas,United States,priceline,priceline,,Priceline,47f336e374b3c654,2025-06-18,2025,,,8.0,0.0,10.0,8.0,https://www.priceline.com/hotel-deals/en-us/P3000015284/H10899904/wynn-las-vegas.ssp,1,2026-07-11T14:50:40.842935+00:00
HWYNN001,Wynn Las Vegas,Las Vegas,United States,priceline,priceline,,Priceline,7543952dd4ed2bc2,2025-06-23,2025,,,10.0,0.0,10.0,10.0,https://www.priceline.com/hotel-deals/en-us/P3000015284/H10899904/wynn-las-vegas.ssp,1,2026-07-11T14:50:40.842935+00:00
HWYNN001,Wynn Las Vegas,Las Vegas,United States,priceline,priceline,,Priceline,da63ce0bc161f378,2025-06-24,2025,,,10.0,0.0,10.0,10.0,https://www.priceline.com/hotel-deals/en-us/P3000015284/H10899904/wynn-las-vegas.ssp,1,2026-07-11T14:50:40.842935+00:00
HWYNN001,Wynn Las Vegas,Las Vegas,United States,priceline,priceline,,Priceline,1c903e0f79b8ea8d,2025-08-11,2025,,,8.0,0.0,10.0,8.0,https://www.priceline.com/hotel-deals/en-us/P3000015284/H10899904/wynn-las-vegas.ssp,1,2026-07-11T14:50:40.842935+00:00
HWYNN001,Wynn Las Vegas,Las Vegas,United States,priceline,priceline,,Priceline,d880dcb46affc8fe,2025-11-11,2025,,,9.0,0.0,10.0,9.0,https://www.priceline.com/hotel-deals/en-us/P3000015284/H10899904/wynn-las-vegas.ssp,1,2026-07-11T14:50:40.842935+00:00
HWYNN001,Wynn Las Vegas,Las Vegas,United States,priceline,priceline,,Priceline,9c2af45ad90cd631,2025-11-14,2025,,,10.0,0.0,10.0,10.0,https://www.priceline.com/hotel-deals/en-us/P3000015284/H10899904/wynn-las-vegas.ssp,1,2026-07-11T14:50:40.842935+00:00
HWYNN001,Wynn Las Vegas,Las Vegas,United States,tripcom,tripcom,,Trip.com,2843b3ae7ff35657,2024-01-01,2024,2023-12-01,2023.0,10.0,0.0,10.0,10.0,https://www.trip.com/hotels/las-vegas-hotel-detail-790608/wynn-las-vegas/?pageSize=20,23,2026-07-11T14:49:29.828611+00:00
HWYNN001,Wynn Las Vegas,Las Vegas,United States,tripcom,tripcom,,Trip.com,e8336b65ba185d97,2024-01-03,2024,2023-12-01,2023.0,10.0,0.0,10.0,10.0,https://www.trip.com/hotels/las-vegas-hotel-detail-790608/wynn-las-vegas/?pageSize=20,23,2026-07-11T14:49:29.828611+00:00
HWYNN001,Wynn Las Vegas,Las Vegas,United States,tripcom,tripcom,,Trip.com,74dc3974ffe51d41,2024-01-06,2024,2024-01-01,2024.0,10.0,0.0,10.0,10.0,https://www.trip.com/hotels/las-vegas-hotel-detail-790608/wynn-las-vegas/?pageSize=20,11,2026-07-11T14:49:29.828611+00:00
HWYNN001,Wynn Las Vegas,Las Vegas,United States,tripcom,tripcom,,Trip.com,cdf76702ec27d2f0,2024-01-06,2024,2024-01-01,2024.0,6.0,0.0,10.0,6.0,https://www.trip.com/hotels/las-vegas-hotel-detail-790608/wynn-las-vegas/?pageSize=20,22,2026-07-11T14:49:29.828611+00:00
HWYNN001,Wynn Las Vegas,Las Vegas,United States,tripcom,tripcom,,Trip.com,b20af9630c49206a,2024-01-07,2024,2024-01-01,2024.0,8.0,0.0,10.0,8.0,https://www.trip.com/hotels/las-vegas-hotel-detail-790608/wynn-las-vegas/?pageSize=20,11,2026-07-11T14:49:29.828611+00:00
HWYNN001,Wynn Las Vegas,Las Vegas,United States,tripcom,tripcom,,Trip.com,4039764b4526f2b7,2024-01-10,2024,2023-12-01,2023.0,10.0,0.0,10.0,10.0,https://www.trip.com/hotels/las-vegas-hotel-detail-790608/wynn-las-vegas/?pageSize=20,13,2026-07-11T14:49:29.828611+00:00
HWYNN001,Wynn Las Vegas,Las Vegas,United States,tripcom,tripcom,,Trip.com,250020b6ca394181,2024-01-12,2024,2023-12-01,2023.0,10.0,0.0,10.0,10.0,https://www.trip.com/hotels/las-vegas-hotel-detail-790608/wynn-las-vegas/?pageSize=20,13,2026-07-11T14:49:29.828611+00:00
HWYNN001,Wynn Las Vegas,Las Vegas,United States,tripcom,tripcom,,Trip.com,a73bdd83d78746a1,2024-01-15,2024,2024-01-01,2024.0,8.0,0.0,10.0,8.0,https://www.trip.com/hotels/las-vegas-hotel-detail-790608/wynn-las-vegas/?pageSize=20,11,2026-07-11T14:49:29.828611+00:00
HWYNN001,Wynn Las Vegas,Las Vegas,United States,tripcom,tripcom,,Trip.com,22cb2603e8464176,2024-01-16,2024,2024-01-01,2024.0,10.0,0.0,10.0,10.0,https://www.trip.com/hotels/las-vegas-hotel-detail-790608/wynn-las-vegas/?pageSize=20,11,2026-07-11T14:49:29.828611+00:00
HWYNN001,Wynn Las Vegas,Las Vegas,United States,tripcom,tripcom,,Trip.com,229927141ef07ecf,2024-01-16,2024,2023-12-01,2023.0,10.0,0.0,10.0,10.0,https://www.trip.com/hotels/las-vegas-hotel-detail-790608/wynn-las-vegas/?pageSize=20,23,2026-07-11T14:49:29.828611+00:00
HWYNN001,Wynn Las Vegas,Las Vegas,United States,tripcom,tripcom,,Trip.com,8a9e00b521404e38,2024-01-19,2024,2024-01-01,2024.0,9.5,0.0,10.0,9.5,https://www.trip.com/hotels/las-vegas-hotel-detail-790608/wynn-las-vegas/?pageSize=20,6,2026-07-11T14:49:29.828611+00:00
HWYNN001,Wynn Las Vegas,Las Vegas,United States,tripcom,tripcom,,Trip.com,37b9df0847252036,2024-01-29,2024,2023-12-01,2023.0,10.0,0.0,10.0,10.0,https://www.trip.com/hotels/las-vegas-hotel-detail-790608/wynn-las-vegas/?pageSize=20,12,2026-07-11T14:49:29.828611+00:00
HWYNN001,Wynn Las Vegas,Las Vegas,United States,tripcom,tripcom,,Trip.com,640bf06a246663c8,2024-02-07,2024,2024-02-01,2024.0,10.0,0.0,10.0,10.0,https://www.trip.com/hotels/las-vegas-hotel-detail-790608/wynn-las-vegas/?pageSize=20,11,2026-07-11T14:49:29.828611+00:00
HWYNN001,Wynn Las Vegas,Las Vegas,United States,tripcom,tripcom,,Trip.com,32399f46ea34908f,2024-02-10,2024,2024-02-01,2024.0,10.0,0.0,10.0,10.0,https://www.trip.com/hotels/las-vegas-hotel-detail-790608/wynn-las-vegas/?pageSize=20,22,2026-07-11T14:49:29.828611+00:00
HWYNN001,Wynn Las Vegas,Las Vegas,United States,tripcom,tripcom,,Trip.com,fc7726cb19308648,2024-02-12,2024,2023-12-01,2023.0,10.0,0.0,10.0,10.0,https://www.trip.com/hotels/las-vegas-hotel-detail-790608/wynn-las-vegas/?pageSize=20,22,2026-07-11T14:49:29.828611+00:00
HWYNN001,Wynn Las Vegas,Las Vegas,United States,tripcom,tripcom,,Trip.com,37ffd4bc1e06e65c,2024-02-13,2024,2023-12-01,2023.0,10.0,0.0,10.0,10.0,https://www.trip.com/hotels/las-vegas-hotel-detail-790608/wynn-las-vegas/?pageSize=20,22,2026-07-11T14:49:29.828611+00:00
HWYNN001,Wynn Las Vegas,Las Vegas,United States,tripcom,tripcom,,Trip.com,233a21c315ad70ba,2024-02-14,2024,2023-12-01,2023.0,10.0,0.0,10.0,10.0,https://www.trip.com/hotels/las-vegas-hotel-detail-790608/wynn-las-vegas/?pageSize=20,21,2026-07-11T14:49:29.828611+00:00
HWYNN001,Wynn Las Vegas,Las Vegas,United States,tripcom,tripcom,,Trip.com,5733e83094d1d749,2024-02-19,2024,2023-12-01,2023.0,8.5,0.0,10.0,8.5,https://www.trip.com/hotels/las-vegas-hotel-detail-790608/wynn-las-vegas/?pageSize=20,5,2026-07-11T14:49:29.828611+00:00
HWYNN001,Wynn Las Vegas,Las Vegas,United States,tripcom,tripcom,,Trip.com,34572f106b01fddc,2024-02-19,2024,2024-02-01,2024.0,10.0,0.0,10.0,10.0,https://www.trip.com/hotels/las-vegas-hotel-detail-790608/wynn-las-vegas/?pageSize=20,11,2026-07-11T14:49:29.828611+00:00
HWYNN001,Wynn Las Vegas,Las Vegas,United States,tripcom,tripcom,,Trip.com,4625533358eaf5b0,2024-02-21,2024,2024-02-01,2024.0,10.0,0.0,10.0,10.0,https://www.trip.com/hotels/las-vegas-hotel-detail-790608/wynn-las-vegas/?pageSize=20,20,2026-07-11T14:49:29.828611+00:00
HWYNN001,Wynn Las Vegas,Las Vegas,United States,tripcom,tripcom,,Trip.com,94168d739be08a1c,2024-02-23,2024,2024-02-01,2024.0,9.0,0.0,10.0,9.0,https://www.trip.com/hotels/las-vegas-hotel-detail-790608/wynn-las-vegas/?pageSize=20,11,2026-07-11T14:49:29.828611+00:00
HWYNN001,Wynn Las Vegas,Las Vegas,United States,tripcom,tripcom,,Trip.com,4f1ec957a1e999a9,2024-02-23,2024,2024-02-01,2024.0,9.0,0.0,10.0,9.0,https://www.trip.com/hotels/las-vegas-hotel-detail-790608/wynn-las-vegas/?pageSize=20,23,2026-07-11T14:49:29.828611+00:00
HWYNN001,Wynn Las Vegas,Las Vegas,United States,tripcom,tripcom,,Trip.com,0a8c4849abab1d51,2024-02-25,2024,2024-02-01,2024.0,10.0,0.0,10.0,10.0,https://www.trip.com/hotels/las-vegas-hotel-detail-790608/wynn-las-vegas/?pageSize=20,11,2026-07-11T14:49:29.828611+00:00
HWYNN001,Wynn Las Vegas,Las Vegas,United States,tripcom,tripcom,,Trip.com,410653213b8ad87e,2024-02-27,2024,2024-02-01,2024.0,10.0,0.0,10.0,10.0,https://www.trip.com/hotels/las-vegas-hotel-detail-790608/wynn-las-vegas/?pageSize=20,12,2026-07-11T14:49:29.828611+00:00
HWYNN001,Wynn Las Vegas,Las Vegas,United States,tripcom,tripcom,,Trip.com,258bbe7f61499dfd,2024-03-02,2024,2024-01-01,2024.0,10.0,0.0,10.0,10.0,https://www.trip.com/hotels/las-vegas-hotel-detail-790608/wynn-las-vegas/?pageSize=20,13,2026-07-11T14:49:29.828611+00:00
HWYNN001,Wynn Las Vegas,Las Vegas,United States,tripcom,tripcom,,Trip.com,5cc667dea09a961d,2024-03-04,2024,2024-03-01,2024.0,10.0,0.0,10.0,10.0,https://www.trip.com/hotels/las-vegas-hotel-detail-790608/wynn-las-vegas/?pageSize=20,6,2026-07-11T14:49:29.828611+00:00
HWYNN001,Wynn Las Vegas,Las Vegas,United States,tripcom,tripcom,,Trip.com,ad61a4129d21de76,2024-03-07,2024,2024-01-01,2024.0,10.0,0.0,10.0,10.0,https://www.trip.com/hotels/las-vegas-hotel-detail-790608/wynn-las-vegas/?pageSize=20,5,2026-07-11T14:49:29.828611+00:00
HWYNN001,Wynn Las Vegas,Las Vegas,United States,tripcom,tripcom,,Trip.com,a21fbb8dd593a0ac,2024-03-12,2024,2024-01-01,2024.0,9.5,0.0,10.0,9.5,https://www.trip.com/hotels/las-vegas-hotel-detail-790608/wynn-las-vegas/?pageSize=20,14,2026-07-11T14:49:29.828611+00:00
HWYNN001,Wynn Las Vegas,Las Vegas,United States,tripcom,tripcom,,Trip.com,5586663095fbd8e5,2024-03-17,2024,2024-02-01,2024.0,10.0,0.0,10.0,10.0,https://www.trip.com/hotels/las-vegas-hotel-detail-790608/wynn-las-vegas/?pageSize=20,21,2026-07-11T14:49:29.828611+00:00
HWYNN001,Wynn Las Vegas,Las Vegas,United States,tripcom,tripcom,,Trip.com,74f28caf809234c8,2024-03-19,2024,2023-12-01,2023.0,3.5,0.0,10.0,3.5,https://www.trip.com/hotels/las-vegas-hotel-detail-790608/wynn-las-vegas/?pageSize=20,14,2026-07-11T14:49:29.828611+00:00
HWYNN001,Wynn Las Vegas,Las Vegas,United States,tripcom,tripcom,,Trip.com,a10f5d5c268c02a8,2024-03-26,2024,2024-03-01,2024.0,10.0,0.0,10.0,10.0,https://www.trip.com/hotels/las-vegas-hotel-detail-790608/wynn-las-vegas/?pageSize=20,11,2026-07-11T14:49:29.828611+00:00
HWYNN001,Wynn Las Vegas,Las Vegas,United States,tripcom,tripcom,,Trip.com,64143886ef14ca49,2024-04-03,2024,2024-03-01,2024.0,10.0,0.0,10.0,10.0,https://www.trip.com/hotels/las-vegas-hotel-detail-790608/wynn-las-vegas/?pageSize=20,11,2026-07-11T14:49:29.828611+00:00
HWYNN001,Wynn Las Vegas,Las Vegas,United States,tripcom,tripcom,,Trip.com,7fee546bde625dbf,2024-04-03,2024,2024-03-01,2024.0,5.5,0.0,10.0,5.5,https://www.trip.com/hotels/las-vegas-hotel-detail-790608/wynn-las-vegas/?pageSize=20,12,2026-07-11T14:49:29.828611+00:00
HWYNN001,Wynn Las Vegas,Las Vegas,United States,tripcom,tripcom,,Trip.com,d12a503ed3cd563e,2024-04-03,2024,2024-03-01,2024.0,10.0,0.0,10.0,10.0,https://www.trip.com/hotels/las-vegas-hotel-detail-790608/wynn-las-vegas/?pageSize=20,22,2026-07-11T14:49:29.828611+00:00
HWYNN001,Wynn Las Vegas,Las Vegas,United States,tripcom,tripcom,,Trip.com,c4d9ac06a8c21e0b,2024-04-06,2024,2024-04-01,2024.0,8.5,0.0,10.0,8.5,https://www.trip.com/hotels/las-vegas-hotel-detail-790608/wynn-las-vegas/?pageSize=20,6,2026-07-11T14:49:29.828611+00:00
HWYNN001,Wynn Las Vegas,Las Vegas,United States,tripcom,tripcom,,Trip.com,fd4324fa01783073,2024-04-12,2024,2024-01-01,2024.0,6.0,0.0,10.0,6.0,https://www.trip.com/hotels/las-vegas-hotel-detail-790608/wynn-las-vegas/?pageSize=20,22,2026-07-11T14:49:29.828611+00:00
HWYNN001,Wynn Las Vegas,Las Vegas,United States,tripcom,tripcom,,Trip.com,98c4b7ac13e7661a,2024-04-17,2024,2024-04-01,2024.0,9.5,0.0,10.0,9.5,https://www.trip.com/hotels/las-vegas-hotel-detail-790608/wynn-las-vegas/?pageSize=20,5,2026-07-11T14:49:29.828611+00:00
HWYNN001,Wynn Las Vegas,Las Vegas,United States,tripcom,tripcom,,Trip.com,66ad5462c4d86f5b,2024-04-18,2024,2024-02-01,2024.0,10.0,0.0,10.0,10.0,https://www.trip.com/hotels/las-vegas-hotel-detail-790608/wynn-las-vegas/?pageSize=20,21,2026-07-11T14:49:29.828611+00:00
HWYNN001,Wynn Las Vegas,Las Vegas,United States,tripcom,tripcom,,Trip.com,e4f5da5b0d0804a7,2024-04-22,2024,2024-04-01,2024.0,10.0,0.0,10.0,10.0,https://www.trip.com/hotels/las-vegas-hotel-detail-790608/wynn-las-vegas/?pageSize=20,5,2026-07-11T14:49:29.828611+00:00
HWYNN001,Wynn Las Vegas,Las Vegas,United States,tripcom,tripcom,,Trip.com,5d6a430450d27c83,2024-04-26,2024,2024-04-01,2024.0,10.0,0.0,10.0,10.0,https://www.trip.com/hotels/las-vegas-hotel-detail-790608/wynn-las-vegas/?pageSize=20,22,2026-07-11T14:49:29.828611+00:00
HWYNN001,Wynn Las Vegas,Las Vegas,United States,tripcom,tripcom,,Trip.com,90065c357325002a,2024-04-27,2024,2024-03-01,2024.0,10.0,0.0,10.0,10.0,https://www.trip.com/hotels/las-vegas-hotel-detail-790608/wynn-las-vegas/?pageSize=20,5,2026-07-11T14:49:29.828611+00:00
HWYNN001,Wynn Las Vegas,Las Vegas,United States,tripcom,tripcom,,Trip.com,97cf80a3988171eb,2024-04-27,2024,2024-04-01,2024.0,8.5,0.0,10.0,8.5,https://www.trip.com/hotels/las-vegas-hotel-detail-790608/wynn-las-vegas/?pageSize=20,21,2026-07-11T14:49:29.828611+00:00
HWYNN001,Wynn Las Vegas,Las Vegas,United States,tripcom,tripcom,,Trip.com,f5fae99eab9ede3c,2024-05-04,2024,2024-04-01,2024.0,9.5,0.0,10.0,9.5,https://www.trip.com/hotels/las-vegas-hotel-detail-790608/wynn-las-vegas/?pageSize=20,6,2026-07-11T14:49:29.828611+00:00
HWYNN001,Wynn Las Vegas,Las Vegas,United States,tripcom,tripcom,,Trip.com,7e6f6ebe6a606cd5,2024-05-05,2024,2024-04-01,2024.0,10.0,0.0,10.0,10.0,https://www.trip.com/hotels/las-vegas-hotel-detail-790608/wynn-las-vegas/?pageSize=20,20,2026-07-11T14:49:29.828611+00:00
HWYNN001,Wynn Las Vegas,Las Vegas,United States,tripcom,tripcom,,Trip.com,0b9feb42f40b4118,2024-05-06,2024,2024-05-01,2024.0,10.0,0.0,10.0,10.0,https://www.trip.com/hotels/las-vegas-hotel-detail-790608/wynn-las-vegas/?pageSize=20,21,2026-07-11T14:49:29.828611+00:00
HWYNN001,Wynn Las Vegas,Las Vegas,United States,tripcom,tripcom,,Trip.com,38a95688f5c3b583,2024-05-18,2024,2024-05-01,2024.0,10.0,0.0,10.0,10.0,https://www.trip.com/hotels/las-vegas-hotel-detail-790608/wynn-las-vegas/?pageSize=20,10,2026-07-11T14:49:29.828611+00:00
HWYNN001,Wynn Las Vegas,Las Vegas,United States,tripcom,tripcom,,Trip.com,4e84ccc7f9d1608f,2024-05-20,2024,2024-04-01,2024.0,10.0,0.0,10.0,10.0,https://www.trip.com/hotels/las-vegas-hotel-detail-790608/wynn-las-vegas/?pageSize=20,20,2026-07-11T14:49:29.828611+00:00
HWYNN001,Wynn Las Vegas,Las Vegas,United States,tripcom,tripcom,,Trip.com,fb19186915a3144d,2024-05-23,2024,2024-05-01,2024.0,7.0,0.0,10.0,7.0,https://www.trip.com/hotels/las-vegas-hotel-detail-790608/wynn-las-vegas/?pageSize=20,21,2026-07-11T14:49:29.828611+00:00
HWYNN001,Wynn Las Vegas,Las Vegas,United States,tripcom,tripcom,,Trip.com,0a129497db88565e,2024-05-24,2024,2024-03-01,2024.0,10.0,0.0,10.0,10.0,https://www.trip.com/hotels/las-vegas-hotel-detail-790608/wynn-las-vegas/?pageSize=20,23,2026-07-11T14:49:29.828611+00:00
HWYNN001,Wynn Las Vegas,Las Vegas,United States,tripcom,tripcom,,Trip.com,8a29fe19751526b7,2024-05-25,2024,2024-05-01,2024.0,10.0,0.0,10.0,10.0,https://www.trip.com/hotels/las-vegas-hotel-detail-790608/wynn-las-vegas/?pageSize=20,22,2026-07-11T14:49:29.828611+00:00
HWYNN001,Wynn Las Vegas,Las Vegas,United States,tripcom,tripcom,,Trip.com,346faa2f45b843a4,2024-05-25,2024,2024-04-01,2024.0,9.5,0.0,10.0,9.5,https://www.trip.com/hotels/las-vegas-hotel-detail-790608/wynn-las-vegas/?pageSize=20,22,2026-07-11T14:49:29.828611+00:00
HWYNN001,Wynn Las Vegas,Las Vegas,United States,tripcom,tripcom,,Trip.com,dd014be400896386,2024-05-26,2024,2024-04-01,2024.0,10.0,0.0,10.0,10.0,https://www.trip.com/hotels/las-vegas-hotel-detail-790608/wynn-las-vegas/?pageSize=20,5,2026-07-11T14:49:29.828611+00:00
HWYNN001,Wynn Las Vegas,Las Vegas,United States,tripcom,tripcom,,Trip.com,25adaba9259250d3,2024-05-29,2024,2024-05-01,2024.0,10.0,0.0,10.0,10.0,https://www.trip.com/hotels/las-vegas-hotel-detail-790608/wynn-las-vegas/?pageSize=20,20,2026-07-11T14:49:29.828611+00:00
HWYNN001,Wynn Las Vegas,Las Vegas,United States,tripcom,tripcom,,Trip.com,5bb5e1728b1b66ae,2024-06-09,2024,2024-03-01,2024.0,10.0,0.0,10.0,10.0,https://www.trip.com/hotels/las-vegas-hotel-detail-790608/wynn-las-vegas/?pageSize=20,22,2026-07-11T14:49:29.828611+00:00
HWYNN001,Wynn Las Vegas,Las Vegas,United States,tripcom,tripcom,,Trip.com,c844ad1af1c0ec0d,2024-06-11,2024,2024-06-01,2024.0,10.0,0.0,10.0,10.0,https://www.trip.com/hotels/las-vegas-hotel-detail-790608/wynn-las-vegas/?pageSize=20,6,2026-07-11T14:49:29.828611+00:00
HWYNN001,Wynn Las Vegas,Las Vegas,United States,tripcom,tripcom,,Trip.com,31ae16edf6f68cad,2024-06-23,2024,2024-06-01,2024.0,10.0,0.0,10.0,10.0,https://www.trip.com/hotels/las-vegas-hotel-detail-790608/wynn-las-vegas/?pageSize=20,20,2026-07-11T14:49:29.828611+00:00
HWYNN001,Wynn Las Vegas,Las Vegas,United States,tripcom,tripcom,,Trip.com,ebb3ab1e15c9733a,2024-06-25,2024,2024-06-01,2024.0,10.0,0.0,10.0,10.0,https://www.trip.com/hotels/las-vegas-hotel-detail-790608/wynn-las-vegas/?pageSize=20,12,2026-07-11T14:49:29.828611+00:00
HWYNN001,Wynn Las Vegas,Las Vegas,United States,tripcom,tripcom,,Trip.com,5cf6cc44f8273f60,2024-06-27,2024,2024-06-01,2024.0,10.0,0.0,10.0,10.0,https://www.trip.com/hotels/las-vegas-hotel-detail-790608/wynn-las-vegas/?pageSize=20,20,2026-07-11T14:49:29.828611+00:00
HWYNN001,Wynn Las Vegas,Las Vegas,United States,tripcom,tripcom,,Trip.com,4d5af17e32f5a719,2024-06-28,2024,2024-06-01,2024.0,9.5,0.0,10.0,9.5,https://www.trip.com/hotels/las-vegas-hotel-detail-790608/wynn-las-vegas/?pageSize=20,10,2026-07-11T14:49:29.828611+00:00
HWYNN001,Wynn Las Vegas,Las Vegas,United States,tripcom,tripcom,,Trip.com,fbb97e62883f5a2f,2024-06-28,2024,2024-06-01,2024.0,10.0,0.0,10.0,10.0,https://www.trip.com/hotels/las-vegas-hotel-detail-790608/wynn-las-vegas/?pageSize=20,12,2026-07-11T14:49:29.828611+00:00
HWYNN001,Wynn Las Vegas,Las Vegas,United States,tripcom,tripcom,,Trip.com,1f6654ab1ffb1766,2024-06-28,2024,2024-05-01,2024.0,10.0,0.0,10.0,10.0,https://www.trip.com/hotels/las-vegas-hotel-detail-790608/wynn-las-vegas/?pageSize=20,17,2026-07-11T14:49:29.828611+00:00
HWYNN001,Wynn Las Vegas,Las Vegas,United States,tripcom,tripcom,,Trip.com,76684ce418f62cb4,2024-07-01,2024,2024-06-01,2024.0,10.0,0.0,10.0,10.0,https://www.trip.com/hotels/las-vegas-hotel-detail-790608/wynn-las-vegas/?pageSize=20,5,2026-07-11T14:49:29.828611+00:00
HWYNN001,Wynn Las Vegas,Las Vegas,United States,tripcom,tripcom,,Trip.com,dcd6403b27a97210,2024-07-02,2024,2024-06-01,2024.0,10.0,0.0,10.0,10.0,https://www.trip.com/hotels/las-vegas-hotel-detail-790608/wynn-las-vegas/?pageSize=20,18,2026-07-11T14:49:29.828611+00:00
HWYNN001,Wynn Las Vegas,Las Vegas,United States,tripcom,tripcom,,Trip.com,07a1d525f62fb219,2024-07-03,2024,2024-06-01,2024.0,9.0,0.0,10.0,9.0,https://www.trip.com/hotels/las-vegas-hotel-detail-790608/wynn-las-vegas/?pageSize=20,10,2026-07-11T14:49:29.828611+00:00
HWYNN001,Wynn Las Vegas,Las Vegas,United States,tripcom,tripcom,,Trip.com,12e5a4b2d96b2476,2024-07-04,2024,2024-07-01,2024.0,10.0,0.0,10.0,10.0,https://www.trip.com/hotels/las-vegas-hotel-detail-790608/wynn-las-vegas/?pageSize=20,21,2026-07-11T14:49:29.828611+00:00
HWYNN001,Wynn Las Vegas,Las Vegas,United States,tripcom,tripcom,,Trip.com,53a7d5281a922d8d,2024-07-05,2024,2024-06-01,2024.0,10.0,0.0,10.0,10.0,https://www.trip.com/hotels/las-vegas-hotel-detail-790608/wynn-las-vegas/?pageSize=20,18,2026-07-11T14:49:29.828611+00:00
HWYNN001,Wynn Las Vegas,Las Vegas,United States,tripcom,tripcom,,Trip.com,a530dd9e3a664aaf,2024-07-06,2024,2024-05-01,2024.0,9.5,0.0,10.0,9.5,https://www.trip.com/hotels/las-vegas-hotel-detail-790608/wynn-las-vegas/?pageSize=20,20,2026-07-11T14:49:29.828611+00:00
HWYNN001,Wynn Las Vegas,Las Vegas,United States,tripcom,tripcom,,Trip.com,5963f269f0b5927f,2024-07-10,2024,2024-06-01,2024.0,10.0,0.0,10.0,10.0,https://www.trip.com/hotels/las-vegas-hotel-detail-790608/wynn-las-vegas/?pageSize=20,10,2026-07-11T14:49:29.828611+00:00
HWYNN001,Wynn Las Vegas,Las Vegas,United States,tripcom,tripcom,,Trip.com,f8ed5daac0af30f5,2024-07-10,2024,2024-06-01,2024.0,10.0,0.0,10.0,10.0,https://www.trip.com/hotels/las-vegas-hotel-detail-790608/wynn-las-vegas/?pageSize=20,21,2026-07-11T14:49:29.828611+00:00
HWYNN001,Wynn Las Vegas,Las Vegas,United States,tripcom,tripcom,,Trip.com,8baef6fc8ae21ca8,2024-07-11,2024,2024-06-01,2024.0,10.0,0.0,10.0,10.0,https://www.trip.com/hotels/las-vegas-hotel-detail-790608/wynn-las-vegas/?pageSize=20,21,2026-07-11T14:49:29.828611+00:00
HWYNN001,Wynn Las Vegas,Las Vegas,United States,tripcom,tripcom,,Trip.com,37a1aad38d038d39,2024-07-12,2024,2024-07-01,2024.0,10.0,0.0,10.0,10.0,https://www.trip.com/hotels/las-vegas-hotel-detail-790608/wynn-las-vegas/?pageSize=20,17,2026-07-11T14:49:29.828611+00:00
HWYNN001,Wynn Las Vegas,Las Vegas,United States,tripcom,tripcom,,Trip.com,ea0a4e4237bb0e56,2024-07-13,2024,2024-07-01,2024.0,8.0,0.0,10.0,8.0,https://www.trip.com/hotels/las-vegas-hotel-detail-790608/wynn-las-vegas/?pageSize=20,21,2026-07-11T14:49:29.828611+00:00
HWYNN001,Wynn Las Vegas,Las Vegas,United States,tripcom,tripcom,,Trip.com,b260ba87b4f63aee,2024-07-14,2024,2024-07-01,2024.0,9.0,0.0,10.0,9.0,https://www.trip.com/hotels/las-vegas-hotel-detail-790608/wynn-las-vegas/?pageSize=20,18,2026-07-11T14:49:29.828611+00:00
HWYNN001,Wynn Las Vegas,Las Vegas,United States,tripcom,tripcom,,Trip.com,a13c4fea0c9e9f85,2024-07-17,2024,2024-07-01,2024.0,10.0,0.0,10.0,10.0,https://www.trip.com/hotels/las-vegas-hotel-detail-790608/wynn-las-vegas/?pageSize=20,20,2026-07-11T14:49:29.828611+00:00
HWYNN001,Wynn Las Vegas,Las Vegas,United States,tripcom,tripcom,,Trip.com,8cf5240bba93a789,2024-07-22,2024,2024-07-01,2024.0,10.0,0.0,10.0,10.0,https://www.trip.com/hotels/las-vegas-hotel-detail-790608/wynn-las-vegas/?pageSize=20,10,2026-07-11T14:49:29.828611+00:00
HWYNN001,Wynn Las Vegas,Las Vegas,United States,tripcom,tripcom,,Trip.com,774d8e2eb8d3f035,2024-07-22,2024,2024-07-01,2024.0,8.0,0.0,10.0,8.0,https://www.trip.com/hotels/las-vegas-hotel-detail-790608/wynn-las-vegas/?pageSize=20,10,2026-07-11T14:49:29.828611+00:00
HWYNN001,Wynn Las Vegas,Las Vegas,United States,tripcom,tripcom,,Trip.com,4807440f69ae5d33,2024-07-22,2024,2024-07-01,2024.0,10.0,0.0,10.0,10.0,https://www.trip.com/hotels/las-vegas-hotel-detail-790608/wynn-las-vegas/?pageSize=20,20,2026-07-11T14:49:29.828611+00:00
HWYNN001,Wynn Las Vegas,Las Vegas,United States,tripcom,tripcom,,Trip.com,b77751138fa8d05b,2024-07-24,2024,2024-06-01,2024.0,8.0,0.0,10.0,8.0,https://www.trip.com/hotels/las-vegas-hotel-detail-790608/wynn-las-vegas/?pageSize=20,11,2026-07-11T14:49:29.828611+00:00
HWYNN001,Wynn Las Vegas,Las Vegas,United States,tripcom,tripcom,,Trip.com,62e07ad54d61da85,2024-07-24,2024,2024-07-01,2024.0,10.0,0.0,10.0,10.0,https://www.trip.com/hotels/las-vegas-hotel-detail-790608/wynn-las-vegas/?pageSize=20,20,2026-07-11T14:49:29.828611+00:00
HWYNN001,Wynn Las Vegas,Las Vegas,United States,tripcom,tripcom,,Trip.com,95c53b932f4448a0,2024-07-24,2024,2024-07-01,2024.0,10.0,0.0,10.0,10.0,https://www.trip.com/hotels/las-vegas-hotel-detail-790608/wynn-las-vegas/?pageSize=20,21,2026-07-11T14:49:29.828611+00:00
HWYNN001,Wynn Las Vegas,Las Vegas,United States,tripcom,tripcom,,Trip.com,35c88b5821f3d1fc,2024-07-27,2024,2024-07-01,2024.0,10.0,0.0,10.0,10.0,https://www.trip.com/hotels/las-vegas-hotel-detail-790608/wynn-las-vegas/?pageSize=20,10,2026-07-11T14:49:29.828611+00:00
HWYNN001,Wynn Las Vegas,Las Vegas,United States,tripcom,tripcom,,Trip.com,026e14d7050b9f9b,2024-07-28,2024,2024-07-01,2024.0,9.0,0.0,10.0,9.0,https://www.trip.com/hotels/las-vegas-hotel-detail-790608/wynn-las-vegas/?pageSize=20,5,2026-07-11T14:49:29.828611+00:00
HWYNN001,Wynn Las Vegas,Las Vegas,United States,tripcom,tripcom,,Trip.com,a882e77b6fed189b,2024-07-28,2024,2024-07-01,2024.0,10.0,0.0,10.0,10.0,https://www.trip.com/hotels/las-vegas-hotel-detail-790608/wynn-las-vegas/?pageSize=20,18,2026-07-11T14:49:29.828611+00:00
HWYNN001,Wynn Las Vegas,Las Vegas,United States,tripcom,tripcom,,Trip.com,bc4fff11ef75f8cf,2024-07-28,2024,2024-07-01,2024.0,8.5,0.0,10.0,8.5,https://www.trip.com/hotels/las-vegas-hotel-detail-790608/wynn-las-vegas/?pageSize=20,18,2026-07-11T14:49:29.828611+00:00
HWYNN001,Wynn Las Vegas,Las Vegas,United States,tripcom,tripcom,,Trip.com,f8f284b2c24567c6,2024-07-28,2024,2024-07-01,2024.0,10.0,0.0,10.0,10.0,https://www.trip.com/hotels/las-vegas-hotel-detail-790608/wynn-las-vegas/?pageSize=20,21,2026-07-11T14:49:29.828611+00:00
HWYNN001,Wynn Las Vegas,Las Vegas,United States,tripcom,tripcom,,Trip.com,3f7ff255e0c836ef,2024-07-30,2024,2024-07-01,2024.0,8.0,0.0,10.0,8.0,https://www.trip.com/hotels/las-vegas-hotel-detail-790608/wynn-las-vegas/?pageSize=20,18,2026-07-11T14:49:29.828611+00:00
HWYNN001,Wynn Las Vegas,Las Vegas,United States,tripcom,tripcom,,Trip.com,702edf2510ea8486,2024-07-30,2024,2024-07-01,2024.0,8.0,0.0,10.0,8.0,https://www.trip.com/hotels/las-vegas-hotel-detail-790608/wynn-las-vegas/?pageSize=20,22,2026-07-11T14:49:29.828611+00:00
HWYNN001,Wynn Las Vegas,Las Vegas,United States,tripcom,tripcom,,Trip.com,f1315ab8875760c3,2024-07-31,2024,2024-07-01,2024.0,10.0,0.0,10.0,10.0,https://www.trip.com/hotels/las-vegas-hotel-detail-790608/wynn-las-vegas/?pageSize=20,19,2026-07-11T14:49:29.828611+00:00
HWYNN001,Wynn Las Vegas,Las Vegas,United States,tripcom,tripcom,,Trip.com,a939b485352158b6,2024-07-31,2024,2024-07-01,2024.0,9.0,0.0,10.0,9.0,https://www.trip.com/hotels/las-vegas-hotel-detail-790608/wynn-las-vegas/?pageSize=20,20,2026-07-11T14:49:29.828611+00:00
HWYNN001,Wynn Las Vegas,Las Vegas,United States,tripcom,tripcom,,Trip.com,8df0693ddb76c2a3,2024-07-31,2024,2024-06-01,2024.0,10.0,0.0,10.0,10.0,https://www.trip.com/hotels/las-vegas-hotel-detail-790608/wynn-las-vegas/?pageSize=20,22,2026-07-11T14:49:29.828611+00:00
HWYNN001,Wynn Las Vegas,Las Vegas,United States,tripcom,tripcom,,Trip.com,bd0957819135d2c7,2024-08-03,2024,2024-07-01,2024.0,10.0,0.0,10.0,10.0,https://www.trip.com/hotels/las-vegas-hotel-detail-790608/wynn-las-vegas/?pageSize=20,10,2026-07-11T14:49:29.828611+00:00
HWYNN001,Wynn Las Vegas,Las Vegas,United States,tripcom,tripcom,,Trip.com,e357ba03897c3755,2024-08-03,2024,2024-07-01,2024.0,9.5,0.0,10.0,9.5,https://www.trip.com/hotels/las-vegas-hotel-detail-790608/wynn-las-vegas/?pageSize=20,17,2026-07-11T14:49:29.828611+00:00
HWYNN001,Wynn Las Vegas,Las Vegas,United States,tripcom,tripcom,,Trip.com,23d64882ede496a2,2024-08-03,2024,2024-07-01,2024.0,9.0,0.0,10.0,9.0,https://www.trip.com/hotels/las-vegas-hotel-detail-790608/wynn-las-vegas/?pageSize=20,18,2026-07-11T14:49:29.828611+00:00
HWYNN001,Wynn Las Vegas,Las Vegas,United States,tripcom,tripcom,,Trip.com,39a1b112b085d866,2024-08-05,2024,2024-06-01,2024.0,9.5,0.0,10.0,9.5,https://www.trip.com/hotels/las-vegas-hotel-detail-790608/wynn-las-vegas/?pageSize=20,10,2026-07-11T14:49:29.828611+00:00
HWYNN001,Wynn Las Vegas,Las Vegas,United States,tripcom,tripcom,,Trip.com,8621adffe4f2e54e,2024-08-06,2024,2024-05-01,2024.0,10.0,0.0,10.0,10.0,https://www.trip.com/hotels/las-vegas-hotel-detail-790608/wynn-las-vegas/?pageSize=20,17,2026-07-11T14:49:29.828611+00:00
HWYNN001,Wynn Las Vegas,Las Vegas,United States,tripcom,tripcom,,Trip.com,5f3c6236da54c54e,2024-08-07,2024,2024-08-01,2024.0,7.0,0.0,10.0,7.0,https://www.trip.com/hotels/las-vegas-hotel-detail-790608/wynn-las-vegas/?pageSize=20,11,2026-07-11T14:49:29.828611+00:00
HWYNN001,Wynn Las Vegas,Las Vegas,United States,tripcom,tripcom,,Trip.com,2db98779fa563db9,2024-08-08,2024,2024-07-01,2024.0,6.0,0.0,10.0,6.0,https://www.trip.com/hotels/las-vegas-hotel-detail-790608/wynn-las-vegas/?pageSize=20,10,2026-07-11T14:49:29.828611+00:00
HWYNN001,Wynn Las Vegas,Las Vegas,United States,tripcom,tripcom,,Trip.com,474baebafff4d754,2024-08-08,2024,2024-08-01,2024.0,10.0,0.0,10.0,10.0,https://www.trip.com/hotels/las-vegas-hotel-detail-790608/wynn-las-vegas/?pageSize=20,12,2026-07-11T14:49:29.828611+00:00
HWYNN001,Wynn Las Vegas,Las Vegas,United States,tripcom,tripcom,,Trip.com,0ea9aafa386efe46,2024-08-17,2024,2024-08-01,2024.0,10.0,0.0,10.0,10.0,https://www.trip.com/hotels/las-vegas-hotel-detail-790608/wynn-las-vegas/?pageSize=20,9,2026-07-11T14:49:29.828611+00:00
HWYNN001,Wynn Las Vegas,Las Vegas,United States,tripcom,tripcom,,Trip.com,4ac8b6884d3e9a3e,2024-08-18,2024,2024-08-01,2024.0,8.0,0.0,10.0,8.0,https://www.trip.com/hotels/las-vegas-hotel-detail-790608/wynn-las-vegas/?pageSize=20,5,2026-07-11T14:49:29.828611+00:00
HWYNN001,Wynn Las Vegas,Las Vegas,United States,tripcom,tripcom,,Trip.com,712075be42b0bf60,2024-08-18,2024,2024-08-01,2024.0,9.0,0.0,10.0,9.0,https://www.trip.com/hotels/las-vegas-hotel-detail-790608/wynn-las-vegas/?pageSize=20,11,2026-07-11T14:49:29.828611+00:00
HWYNN001,Wynn Las Vegas,Las Vegas,United States,tripcom,tripcom,,Trip.com,ed9e111f4e942f92,2024-08-19,2024,2024-08-01,2024.0,10.0,0.0,10.0,10.0,https://www.trip.com/hotels/las-vegas-hotel-detail-790608/wynn-las-vegas/?pageSize=20,10,2026-07-11T14:49:29.828611+00:00
HWYNN001,Wynn Las Vegas,Las Vegas,United States,tripcom,tripcom,,Trip.com,59c6cad8c45b810c,2024-08-19,2024,2024-08-01,2024.0,10.0,0.0,10.0,10.0,https://www.trip.com/hotels/las-vegas-hotel-detail-790608/wynn-las-vegas/?pageSize=20,11,2026-07-11T14:49:29.828611+00:00
HWYNN001,Wynn Las Vegas,Las Vegas,United States,tripcom,tripcom,,Trip.com,3c3671ec2ebaec52,2024-08-22,2024,2024-08-01,2024.0,10.0,0.0,10.0,10.0,https://www.trip.com/hotels/las-vegas-hotel-detail-790608/wynn-las-vegas/?pageSize=20,10,2026-07-11T14:49:29.828611+00:00
HWYNN001,Wynn Las Vegas,Las Vegas,United States,tripcom,tripcom,,Trip.com,a296c53556c192b3,2024-08-25,2024,2024-08-01,2024.0,10.0,0.0,10.0,10.0,https://www.trip.com/hotels/las-vegas-hotel-detail-790608/wynn-las-vegas/?pageSize=20,11,2026-07-11T14:49:29.828611+00:00
HWYNN001,Wynn Las Vegas,Las Vegas,United States,tripcom,tripcom,,Trip.com,f1cbefb6804df6d5,2024-08-26,2024,2024-08-01,2024.0,10.0,0.0,10.0,10.0,https://www.trip.com/hotels/las-vegas-hotel-detail-790608/wynn-las-vegas/?pageSize=20,9,2026-07-11T14:49:29.828611+00:00
HWYNN001,Wynn Las Vegas,Las Vegas,United States,tripcom,tripcom,,Trip.com,5664dcea07cbd6ea,2024-08-27,2024,2024-08-01,2024.0,10.0,0.0,10.0,10.0,https://www.trip.com/hotels/las-vegas-hotel-detail-790608/wynn-las-vegas/?pageSize=20,10,2026-07-11T14:49:29.828611+00:00
HWYNN001,Wynn Las Vegas,Las Vegas,United States,tripcom,tripcom,,Trip.com,165dd4c7ee3f8242,2024-08-27,2024,2024-08-01,2024.0,10.0,0.0,10.0,10.0,https://www.trip.com/hotels/las-vegas-hotel-detail-790608/wynn-las-vegas/?pageSize=20,21,2026-07-11T14:49:29.828611+00:00
HWYNN001,Wynn Las Vegas,Las Vegas,United States,tripcom,tripcom,,Trip.com,4b786ac221433cb6,2024-08-28,2024,2024-08-01,2024.0,8.0,0.0,10.0,8.0,https://www.trip.com/hotels/las-vegas-hotel-detail-790608/wynn-las-vegas/?pageSize=20,19,2026-07-11T14:49:29.828611+00:00
HWYNN001,Wynn Las Vegas,Las Vegas,United States,tripcom,tripcom,,Trip.com,e1ea482b46372f22,2024-09-12,2024,2024-08-01,2024.0,10.0,0.0,10.0,10.0,https://www.trip.com/hotels/las-vegas-hotel-detail-790608/wynn-las-vegas/?pageSize=20,9,2026-07-11T14:49:29.828611+00:00
HWYNN001,Wynn Las Vegas,Las Vegas,United States,tripcom,tripcom,,Trip.com,d9c834f8babdc5a4,2024-09-12,2024,2024-09-01,2024.0,9.5,0.0,10.0,9.5,https://www.trip.com/hotels/las-vegas-hotel-detail-790608/wynn-las-vegas/?pageSize=20,13,2026-07-11T14:49:29.828611+00:00
HWYNN001,Wynn Las Vegas,Las Vegas,United States,tripcom,tripcom,,Trip.com,f49042deec2e96bc,2024-09-14,2024,2024-07-01,2024.0,10.0,0.0,10.0,10.0,https://www.trip.com/hotels/las-vegas-hotel-detail-790608/wynn-las-vegas/?pageSize=20,17,2026-07-11T14:49:29.828611+00:00
HWYNN001,Wynn Las Vegas,Las Vegas,United States,tripcom,tripcom,,Trip.com,32dcf5ccf04705b8,2024-09-21,2024,2024-09-01,2024.0,10.0,0.0,10.0,10.0,https://www.trip.com/hotels/las-vegas-hotel-detail-790608/wynn-las-vegas/?pageSize=20,9,2026-07-11T14:49:29.828611+00:00
HWYNN001,Wynn Las Vegas,Las Vegas,United States,tripcom,tripcom,,Trip.com,1e7abe33a5599bdb,2024-09-22,2024,2024-07-01,2024.0,10.0,0.0,10.0,10.0,https://www.trip.com/hotels/las-vegas-hotel-detail-790608/wynn-las-vegas/?pageSize=20,16,2026-07-11T14:49:29.828611+00:00
HWYNN001,Wynn Las Vegas,Las Vegas,United States,tripcom,tripcom,,Trip.com,f880baf529b860ff,2024-09-28,2024,2024-07-01,2024.0,10.0,0.0,10.0,10.0,https://www.trip.com/hotels/las-vegas-hotel-detail-790608/wynn-las-vegas/?pageSize=20,21,2026-07-11T14:49:29.828611+00:00
HWYNN001,Wynn Las Vegas,Las Vegas,United States,tripcom,tripcom,,Trip.com,e6034d5ca1f2c69d,2024-10-03,2024,2024-10-01,2024.0,4.0,0.0,10.0,4.0,https://www.trip.com/hotels/las-vegas-hotel-detail-790608/wynn-las-vegas/?pageSize=20,12,2026-07-11T14:49:29.828611+00:00
HWYNN001,Wynn Las Vegas,Las Vegas,United States,tripcom,tripcom,,Trip.com,d58e513cd9ba21b6,2024-10-04,2024,2024-08-01,2024.0,10.0,0.0,10.0,10.0,https://www.trip.com/hotels/las-vegas-hotel-detail-790608/wynn-las-vegas/?pageSize=20,11,2026-07-11T14:49:29.828611+00:00
HWYNN001,Wynn Las Vegas,Las Vegas,United States,tripcom,tripcom,,Trip.com,0f682255840a1148,2024-10-04,2024,2024-10-01,2024.0,7.0,0.0,10.0,7.0,https://www.trip.com/hotels/las-vegas-hotel-detail-790608/wynn-las-vegas/?pageSize=20,13,2026-07-11T14:49:29.828611+00:00
HWYNN001,Wynn Las Vegas,Las Vegas,United States,tripcom,tripcom,,Trip.com,cd11ca3c42ec0b76,2024-10-08,2024,2024-09-01,2024.0,9.0,0.0,10.0,9.0,https://www.trip.com/hotels/las-vegas-hotel-detail-790608/wynn-las-vegas/?pageSize=20,9,2026-07-11T14:49:29.828611+00:00
HWYNN001,Wynn Las Vegas,Las Vegas,United States,tripcom,tripcom,,Trip.com,92b16832d24ac4f4,2024-10-09,2024,2024-10-01,2024.0,10.0,0.0,10.0,10.0,https://www.trip.com/hotels/las-vegas-hotel-detail-790608/wynn-las-vegas/?pageSize=20,12,2026-07-11T14:49:29.828611+00:00
HWYNN001,Wynn Las Vegas,Las Vegas,United States,tripcom,tripcom,,Trip.com,309d1209a71fb040,2024-10-12,2024,2024-09-01,2024.0,4.5,0.0,10.0,4.5,https://www.trip.com/hotels/las-vegas-hotel-detail-790608/wynn-las-vegas/?pageSize=20,12,2026-07-11T14:49:29.828611+00:00
HWYNN001,Wynn Las Vegas,Las Vegas,United States,tripcom,tripcom,,Trip.com,2d516bc66df86756,2024-10-13,2024,2024-10-01,2024.0,9.7,0.0,10.0,9.7,https://www.trip.com/hotels/las-vegas-hotel-detail-790608/wynn-las-vegas/?pageSize=20,9,2026-07-11T14:49:29.828611+00:00
HWYNN001,Wynn Las Vegas,Las Vegas,United States,tripcom,tripcom,,Trip.com,45ea7cbc8060c723,2024-10-13,2024,2024-10-01,2024.0,6.0,0.0,10.0,6.0,https://www.trip.com/hotels/las-vegas-hotel-detail-790608/wynn-las-vegas/?pageSize=20,21,2026-07-11T14:49:29.828611+00:00
HWYNN001,Wynn Las Vegas,Las Vegas,United States,tripcom,tripcom,,Trip.com,8f87f8426696cd7d,2024-10-15,2024,2024-10-01,2024.0,10.0,0.0,10.0,10.0,https://www.trip.com/hotels/las-vegas-hotel-detail-790608/wynn-las-vegas/?pageSize=20,13,2026-07-11T14:49:29.828611+00:00
HWYNN001,Wynn Las Vegas,Las Vegas,United States,tripcom,tripcom,,Trip.com,fef127dde707f2e8,2024-10-21,2024,2024-09-01,2024.0,10.0,0.0,10.0,10.0,https://www.trip.com/hotels/las-vegas-hotel-detail-790608/wynn-las-vegas/?pageSize=20,16,2026-07-11T14:49:29.828611+00:00
HWYNN001,Wynn Las Vegas,Las Vegas,United States,tripcom,tripcom,,Trip.com,0406c30763a21990,2024-10-25,2024,2024-10-01,2024.0,3.5,0.0,10.0,3.5,https://www.trip.com/hotels/las-vegas-hotel-detail-790608/wynn-las-vegas/?pageSize=20,9,2026-07-11T14:49:29.828611+00:00
HWYNN001,Wynn Las Vegas,Las Vegas,United States,tripcom,tripcom,,Trip.com,02afeda67bb9399c,2024-10-28,2024,2024-09-01,2024.0,10.0,0.0,10.0,10.0,https://www.trip.com/hotels/las-vegas-hotel-detail-790608/wynn-las-vegas/?pageSize=20,9,2026-07-11T14:49:29.828611+00:00
HWYNN001,Wynn Las Vegas,Las Vegas,United States,tripcom,tripcom,,Trip.com,91e9c4fb9b2257f9,2024-10-30,2024,2024-10-01,2024.0,10.0,0.0,10.0,10.0,https://www.trip.com/hotels/las-vegas-hotel-detail-790608/wynn-las-vegas/?pageSize=20,11,2026-07-11T14:49:29.828611+00:00
HWYNN001,Wynn Las Vegas,Las Vegas,United States,tripcom,tripcom,,Trip.com,bba349ddf4e60e97,2024-11-02,2024,2024-10-01,2024.0,9.5,0.0,10.0,9.5,https://www.trip.com/hotels/las-vegas-hotel-detail-790608/wynn-las-vegas/?pageSize=20,11,2026-07-11T14:49:29.828611+00:00
HWYNN001,Wynn Las Vegas,Las Vegas,United States,tripcom,tripcom,,Trip.com,fc51bc75bcdbc4d2,2024-11-05,2024,2024-09-01,2024.0,10.0,0.0,10.0,10.0,https://www.trip.com/hotels/las-vegas-hotel-detail-790608/wynn-las-vegas/?pageSize=20,22,2026-07-11T14:49:29.828611+00:00
HWYNN001,Wynn Las Vegas,Las Vegas,United States,tripcom,tripcom,,Trip.com,c0f7cf64adac21a4,2024-11-13,2024,2024-08-01,2024.0,10.0,0.0,10.0,10.0,https://www.trip.com/hotels/las-vegas-hotel-detail-790608/wynn-las-vegas/?pageSize=20,21,2026-07-11T14:49:29.828611+00:00
HWYNN001,Wynn Las Vegas,Las Vegas,United States,tripcom,tripcom,,Trip.com,957eeb656b9a0958,2024-11-22,2024,2024-09-01,2024.0,10.0,0.0,10.0,10.0,https://www.trip.com/hotels/las-vegas-hotel-detail-790608/wynn-las-vegas/?pageSize=20,20,2026-07-11T14:49:29.828611+00:00
HWYNN001,Wynn Las Vegas,Las Vegas,United States,tripcom,tripcom,,Trip.com,5fd599208bd74423,2024-11-27,2024,2024-10-01,2024.0,10.0,0.0,10.0,10.0,https://www.trip.com/hotels/las-vegas-hotel-detail-790608/wynn-las-vegas/?pageSize=20,4,2026-07-11T14:49:29.828611+00:00
HWYNN001,Wynn Las Vegas,Las Vegas,United States,tripcom,tripcom,,Trip.com,945af6e32de93b69,2024-11-28,2024,2024-11-01,2024.0,10.0,0.0,10.0,10.0,https://www.trip.com/hotels/las-vegas-hotel-detail-790608/wynn-las-vegas/?pageSize=20,4,2026-07-11T14:49:29.828611+00:00
HWYNN001,Wynn Las Vegas,Las Vegas,United States,tripcom,tripcom,,Trip.com,4d72b91eb6a2ac27,2024-12-02,2024,2024-10-01,2024.0,10.0,0.0,10.0,10.0,https://www.trip.com/hotels/las-vegas-hotel-detail-790608/wynn-las-vegas/?pageSize=20,9,2026-07-11T14:49:29.828611+00:00
HWYNN001,Wynn Las Vegas,Las Vegas,United States,tripcom,tripcom,,Trip.com,33e4289d1b9690ea,2024-12-02,2024,2024-10-01,2024.0,10.0,0.0,10.0,10.0,https://www.trip.com/hotels/las-vegas-hotel-detail-790608/wynn-las-vegas/?pageSize=20,13,2026-07-11T14:49:29.828611+00:00
HWYNN001,Wynn Las Vegas,Las Vegas,United States,tripcom,tripcom,,Trip.com,6e039912140680a8,2024-12-23,2024,2024-12-01,2024.0,10.0,0.0,10.0,10.0,https://www.trip.com/hotels/las-vegas-hotel-detail-790608/wynn-las-vegas/?pageSize=20,10,2026-07-11T14:49:29.828611+00:00
HWYNN001,Wynn Las Vegas,Las Vegas,United States,tripcom,tripcom,,Trip.com,3d9b0627b1aef99c,2024-12-24,2024,2024-12-01,2024.0,6.0,0.0,10.0,6.0,https://www.trip.com/hotels/las-vegas-hotel-detail-790608/wynn-las-vegas/?pageSize=20,10,2026-07-11T14:49:29.828611+00:00
HWYNN001,Wynn Las Vegas,Las Vegas,United States,tripcom,tripcom,,Trip.com,39893ae9c1e3ca7c,2024-12-26,2024,2024-12-01,2024.0,10.0,0.0,10.0,10.0,https://www.trip.com/hotels/las-vegas-hotel-detail-790608/wynn-las-vegas/?pageSize=20,21,2026-07-11T14:49:29.828611+00:00
HWYNN001,Wynn Las Vegas,Las Vegas,United States,tripcom,tripcom,,Trip.com,8ccf8cf4c2403700,2024-12-29,2024,2024-12-01,2024.0,10.0,0.0,10.0,10.0,https://www.trip.com/hotels/las-vegas-hotel-detail-790608/wynn-las-vegas/?pageSize=20,4,2026-07-11T14:49:29.828611+00:00
HWYNN001,Wynn Las Vegas,Las Vegas,United States,tripcom,tripcom,,Trip.com,18099c0d94c51733,2024-12-30,2024,2024-09-01,2024.0,10.0,0.0,10.0,10.0,https://www.trip.com/hotels/las-vegas-hotel-detail-790608/wynn-las-vegas/?pageSize=20,11,2026-07-11T14:49:29.828611+00:00
HWYNN001,Wynn Las Vegas,Las Vegas,United States,tripcom,tripcom,,Trip.com,5baf61b5b1ed5d18,2025-01-02,2025,2024-12-01,2024.0,10.0,0.0,10.0,10.0,https://www.trip.com/hotels/las-vegas-hotel-detail-790608/wynn-las-vegas/?pageSize=20,5,2026-07-11T14:49:29.828611+00:00
HWYNN001,Wynn Las Vegas,Las Vegas,United States,tripcom,tripcom,,Trip.com,9a114bab37b6e228,2025-01-04,2025,2024-11-01,2024.0,10.0,0.0,10.0,10.0,https://www.trip.com/hotels/las-vegas-hotel-detail-790608/wynn-las-vegas/?pageSize=20,16,2026-07-11T14:49:29.828611+00:00
HWYNN001,Wynn Las Vegas,Las Vegas,United States,tripcom,tripcom,,Trip.com,83e063b74a2d4657,2025-01-05,2025,2025-01-01,2025.0,10.0,0.0,10.0,10.0,https://www.trip.com/hotels/las-vegas-hotel-detail-790608/wynn-las-vegas/?pageSize=20,8,2026-07-11T14:49:29.828611+00:00
HWYNN001,Wynn Las Vegas,Las Vegas,United States,tripcom,tripcom,,Trip.com,3998914fe31eed94,2025-01-05,2025,2024-12-01,2024.0,10.0,0.0,10.0,10.0,https://www.trip.com/hotels/las-vegas-hotel-detail-790608/wynn-las-vegas/?pageSize=20,10,2026-07-11T14:49:29.828611+00:00
HWYNN001,Wynn Las Vegas,Las Vegas,United States,tripcom,tripcom,,Trip.com,e86e9a8c4de70cd8,2025-01-07,2025,2024-10-01,2024.0,10.0,0.0,10.0,10.0,https://www.trip.com/hotels/las-vegas-hotel-detail-790608/wynn-las-vegas/?pageSize=20,23,2026-07-11T14:49:29.828611+00:00
HWYNN001,Wynn Las Vegas,Las Vegas,United States,tripcom,tripcom,,Trip.com,405c3fa4ec8db1ac,2025-01-08,2025,2024-12-01,2024.0,10.0,0.0,10.0,10.0,https://www.trip.com/hotels/las-vegas-hotel-detail-790608/wynn-las-vegas/?pageSize=20,20,2026-07-11T14:49:29.828611+00:00
HWYNN001,Wynn Las Vegas,Las Vegas,United States,tripcom,tripcom,,Trip.com,de858768a0ea3a2c,2025-01-11,2025,2025-01-01,2025.0,10.0,0.0,10.0,10.0,https://www.trip.com/hotels/las-vegas-hotel-detail-790608/wynn-las-vegas/?pageSize=20,13,2026-07-11T14:49:29.828611+00:00
HWYNN001,Wynn Las Vegas,Las Vegas,United States,tripcom,tripcom,,Trip.com,075e01219bdf1914,2025-01-13,2025,2025-01-01,2025.0,9.0,0.0,10.0,9.0,https://www.trip.com/hotels/las-vegas-hotel-detail-790608/wynn-las-vegas/?pageSize=20,21,2026-07-11T14:49:29.828611+00:00
HWYNN001,Wynn Las Vegas,Las Vegas,United States,tripcom,tripcom,,Trip.com,71aed34d22dc2061,2025-01-14,2025,2025-01-01,2025.0,10.0,0.0,10.0,10.0,https://www.trip.com/hotels/las-vegas-hotel-detail-790608/wynn-las-vegas/?pageSize=20,10,2026-07-11T14:49:29.828611+00:00
HWYNN001,Wynn Las Vegas,Las Vegas,United States,tripcom,tripcom,,Trip.com,66e246dd480f4f23,2025-01-14,2025,2025-01-01,2025.0,6.5,0.0,10.0,6.5,https://www.trip.com/hotels/las-vegas-hotel-detail-790608/wynn-las-vegas/?pageSize=20,13,2026-07-11T14:49:29.828611+00:00
HWYNN001,Wynn Las Vegas,Las Vegas,United States,tripcom,tripcom,,Trip.com,8a098ee305d8e0e6,2025-01-15,2025,2025-01-01,2025.0,10.0,0.0,10.0,10.0,https://www.trip.com/hotels/las-vegas-hotel-detail-790608/wynn-las-vegas/?pageSize=20,8,2026-07-11T14:49:29.828611+00:00
HWYNN001,Wynn Las Vegas,Las Vegas,United States,tripcom,tripcom,,Trip.com,180e11b617e1a5d6,2025-01-19,2025,2025-01-01,2025.0,3.7,0.0,10.0,3.7,https://www.trip.com/hotels/las-vegas-hotel-detail-790608/wynn-las-vegas/?pageSize=20,10,2026-07-11T14:49:29.828611+00:00
HWYNN001,Wynn Las Vegas,Las Vegas,United States,tripcom,tripcom,,Trip.com,747e04c7bf7eff96,2025-01-19,2025,2025-01-01,2025.0,8.5,0.0,10.0,8.5,https://www.trip.com/hotels/las-vegas-hotel-detail-790608/wynn-las-vegas/?pageSize=20,19,2026-07-11T14:49:29.828611+00:00
HWYNN001,Wynn Las Vegas,Las Vegas,United States,tripcom,tripcom,,Trip.com,b96067762215cdbd,2025-01-20,2025,2024-11-01,2024.0,10.0,0.0,10.0,10.0,https://www.trip.com/hotels/las-vegas-hotel-detail-790608/wynn-las-vegas/?pageSize=20,19,2026-07-11T14:49:29.828611+00:00
HWYNN001,Wynn Las Vegas,Las Vegas,United States,tripcom,tripcom,,Trip.com,7eeced6eebf58c1f,2025-01-21,2025,2025-01-01,2025.0,10.0,0.0,10.0,10.0,https://www.trip.com/hotels/las-vegas-hotel-detail-790608/wynn-las-vegas/?pageSize=20,5,2026-07-11T14:49:29.828611+00:00
HWYNN001,Wynn Las Vegas,Las Vegas,United States,tripcom,tripcom,,Trip.com,895d4616c631d72d,2025-01-22,2025,2025-01-01,2025.0,9.5,0.0,10.0,9.5,https://www.trip.com/hotels/las-vegas-hotel-detail-790608/wynn-las-vegas/?pageSize=20,15,2026-07-11T14:49:29.828611+00:00
HWYNN001,Wynn Las Vegas,Las Vegas,United States,tripcom,tripcom,,Trip.com,397089aa6e901c4c,2025-01-22,2025,2025-01-01,2025.0,10.0,0.0,10.0,10.0,https://www.trip.com/hotels/las-vegas-hotel-detail-790608/wynn-las-vegas/?pageSize=20,16,2026-07-11T14:49:29.828611+00:00
HWYNN001,Wynn Las Vegas,Las Vegas,United States,tripcom,tripcom,,Trip.com,0f0f91aa527189c5,2025-01-31,2025,2025-01-01,2025.0,8.5,0.0,10.0,8.5,https://www.trip.com/hotels/las-vegas-hotel-detail-790608/wynn-las-vegas/?pageSize=20,8,2026-07-11T14:49:29.828611+00:00
HWYNN001,Wynn Las Vegas,Las Vegas,United States,tripcom,tripcom,,Trip.com,d36657fb6aa55239,2025-02-01,2025,2025-01-01,2025.0,10.0,0.0,10.0,10.0,https://www.trip.com/hotels/las-vegas-hotel-detail-790608/wynn-las-vegas/?pageSize=20,4,2026-07-11T14:49:29.828611+00:00
HWYNN001,Wynn Las Vegas,Las Vegas,United States,tripcom,tripcom,,Trip.com,befe7610eef450c5,2025-02-01,2025,2025-01-01,2025.0,7.5,0.0,10.0,7.5,https://www.trip.com/hotels/las-vegas-hotel-detail-790608/wynn-las-vegas/?pageSize=20,10,2026-07-11T14:49:29.828611+00:00
HWYNN001,Wynn Las Vegas,Las Vegas,United States,tripcom,tripcom,,Trip.com,5f13e97fe42dec80,2025-02-01,2025,2025-01-01,2025.0,10.0,0.0,10.0,10.0,https://www.trip.com/hotels/las-vegas-hotel-detail-790608/wynn-las-vegas/?pageSize=20,15,2026-07-11T14:49:29.828611+00:00
HWYNN001,Wynn Las Vegas,Las Vegas,United States,tripcom,tripcom,,Trip.com,b1b04896914c796d,2025-02-01,2025,2025-01-01,2025.0,10.0,0.0,10.0,10.0,https://www.trip.com/hotels/las-vegas-hotel-detail-790608/wynn-las-vegas/?pageSize=20,19,2026-07-11T14:49:29.828611+00:00
HWYNN001,Wynn Las Vegas,Las Vegas,United States,tripcom,tripcom,,Trip.com,4e56899fe3690d32,2025-02-03,2025,2025-01-01,2025.0,8.5,0.0,10.0,8.5,https://www.trip.com/hotels/las-vegas-hotel-detail-790608/wynn-las-vegas/?pageSize=20,17,2026-07-11T14:49:29.828611+00:00
HWYNN001,Wynn Las Vegas,Las Vegas,United States,tripcom,tripcom,,Trip.com,bd3e032e149d389a,2025-02-04,2025,2025-01-01,2025.0,9.0,0.0,10.0,9.0,https://www.trip.com/hotels/las-vegas-hotel-detail-790608/wynn-las-vegas/?pageSize=20,20,2026-07-11T14:49:29.828611+00:00
HWYNN001,Wynn Las Vegas,Las Vegas,United States,tripcom,tripcom,,Trip.com,69f52bd8e9b2b5b8,2025-02-07,2025,2025-01-01,2025.0,10.0,0.0,10.0,10.0,https://www.trip.com/hotels/las-vegas-hotel-detail-790608/wynn-las-vegas/?pageSize=20,16,2026-07-11T14:49:29.828611+00:00
HWYNN001,Wynn Las Vegas,Las Vegas,United States,tripcom,tripcom,,Trip.com,6faced2128927950,2025-02-08,2025,2025-02-01,2025.0,10.0,0.0,10.0,10.0,https://www.trip.com/hotels/las-vegas-hotel-detail-790608/wynn-las-vegas/?pageSize=20,8,2026-07-11T14:49:29.828611+00:00
HWYNN001,Wynn Las Vegas,Las Vegas,United States,tripcom,tripcom,,Trip.com,c00e133c8c23a2f5,2025-02-08,2025,2025-02-01,2025.0,9.0,0.0,10.0,9.0,https://www.trip.com/hotels/las-vegas-hotel-detail-790608/wynn-las-vegas/?pageSize=20,8,2026-07-11T14:49:29.828611+00:00
HWYNN001,Wynn Las Vegas,Las Vegas,United States,tripcom,tripcom,,Trip.com,340fff2a0ed40cde,2025-02-08,2025,2024-12-01,2024.0,10.0,0.0,10.0,10.0,https://www.trip.com/hotels/las-vegas-hotel-detail-790608/wynn-las-vegas/?pageSize=20,23,2026-07-11T14:49:29.828611+00:00
HWYNN001,Wynn Las Vegas,Las Vegas,United States,tripcom,tripcom,,Trip.com,171f616a0c9b6753,2025-02-09,2025,2025-02-01,2025.0,10.0,0.0,10.0,10.0,https://www.trip.com/hotels/las-vegas-hotel-detail-790608/wynn-las-vegas/?pageSize=20,20,2026-07-11T14:49:29.828611+00:00
HWYNN001,Wynn Las Vegas,Las Vegas,United States,tripcom,tripcom,,Trip.com,272ceab84e6d5d52,2025-02-10,2025,2025-01-01,2025.0,9.7,0.0,10.0,9.7,https://www.trip.com/hotels/las-vegas-hotel-detail-790608/wynn-las-vegas/?pageSize=20,15,2026-07-11T14:49:29.828611+00:00
HWYNN001,Wynn Las Vegas,Las Vegas,United States,tripcom,tripcom,,Trip.com,e6044703613b83ca,2025-02-11,2025,2025-01-01,2025.0,10.0,0.0,10.0,10.0,https://www.trip.com/hotels/las-vegas-hotel-detail-790608/wynn-las-vegas/?pageSize=20,20,2026-07-11T14:49:29.828611+00:00
HWYNN001,Wynn Las Vegas,Las Vegas,United States,tripcom,tripcom,,Trip.com,d1023e014e903c53,2025-02-13,2025,2025-02-01,2025.0,9.0,0.0,10.0,9.0,https://www.trip.com/hotels/las-vegas-hotel-detail-790608/wynn-las-vegas/?pageSize=20,18,2026-07-11T14:49:29.828611+00:00
HWYNN001,Wynn Las Vegas,Las Vegas,United States,tripcom,tripcom,,Trip.com,224be26e94db6fd7,2025-02-15,2025,2025-02-01,2025.0,10.0,0.0,10.0,10.0,https://www.trip.com/hotels/las-vegas-hotel-detail-790608/wynn-las-vegas/?pageSize=20,20,2026-07-11T14:49:29.828611+00:00
HWYNN001,Wynn Las Vegas,Las Vegas,United States,tripcom,tripcom,,Trip.com,6757f5f25de59839,2025-02-20,2025,2025-02-01,2025.0,6.0,0.0,10.0,6.0,https://www.trip.com/hotels/las-vegas-hotel-detail-790608/wynn-las-vegas/?pageSize=20,10,2026-07-11T14:49:29.828611+00:00
HWYNN001,Wynn Las Vegas,Las Vegas,United States,tripcom,tripcom,,Trip.com,e6fb4615a848686e,2025-02-20,2025,2025-02-01,2025.0,10.0,0.0,10.0,10.0,https://www.trip.com/hotels/las-vegas-hotel-detail-790608/wynn-las-vegas/?pageSize=20,16,2026-07-11T14:49:29.828611+00:00
HWYNN001,Wynn Las Vegas,Las Vegas,United States,tripcom,tripcom,,Trip.com,cd1b3dde1e09a376,2025-02-22,2025,2025-01-01,2025.0,10.0,0.0,10.0,10.0,https://www.trip.com/hotels/las-vegas-hotel-detail-790608/wynn-las-vegas/?pageSize=20,8,2026-07-11T14:49:29.828611+00:00
HWYNN001,Wynn Las Vegas,Las Vegas,United States,tripcom,tripcom,,Trip.com,2919721a51ceeacc,2025-02-23,2025,2025-01-01,2025.0,10.0,0.0,10.0,10.0,https://www.trip.com/hotels/las-vegas-hotel-detail-790608/wynn-las-vegas/?pageSize=20,8,2026-07-11T14:49:29.828611+00:00
HWYNN001,Wynn Las Vegas,Las Vegas,United States,tripcom,tripcom,,Trip.com,19c46b1444d64afc,2025-02-26,2025,2025-02-01,2025.0,10.0,0.0,10.0,10.0,https://www.trip.com/hotels/las-vegas-hotel-detail-790608/wynn-las-vegas/?pageSize=20,18,2026-07-11T14:49:29.828611+00:00
HWYNN001,Wynn Las Vegas,Las Vegas,United States,tripcom,tripcom,,Trip.com,86e4e225612a68b5,2025-03-10,2025,2025-03-01,2025.0,9.5,0.0,10.0,9.5,https://www.trip.com/hotels/las-vegas-hotel-detail-790608/wynn-las-vegas/?pageSize=20,8,2026-07-11T14:49:29.828611+00:00
HWYNN001,Wynn Las Vegas,Las Vegas,United States,tripcom,tripcom,,Trip.com,4e7c597a23277db6,2025-03-14,2025,2025-02-01,2025.0,10.0,0.0,10.0,10.0,https://www.trip.com/hotels/las-vegas-hotel-detail-790608/wynn-las-vegas/?pageSize=20,17,2026-07-11T14:49:29.828611+00:00
HWYNN001,Wynn Las Vegas,Las Vegas,United States,tripcom,tripcom,,Trip.com,9c61effe7b1660b2,2025-03-14,2025,2025-03-01,2025.0,10.0,0.0,10.0,10.0,https://www.trip.com/hotels/las-vegas-hotel-detail-790608/wynn-las-vegas/?pageSize=20,21,2026-07-11T14:49:29.828611+00:00
HWYNN001,Wynn Las Vegas,Las Vegas,United States,tripcom,tripcom,,Trip.com,eb4c66fd8f0e39ea,2025-03-17,2025,2025-02-01,2025.0,9.7,0.0,10.0,9.7,https://www.trip.com/hotels/las-vegas-hotel-detail-790608/wynn-las-vegas/?pageSize=20,17,2026-07-11T14:49:29.828611+00:00
HWYNN001,Wynn Las Vegas,Las Vegas,United States,tripcom,tripcom,,Trip.com,99a094a44c848ba8,2025-03-18,2025,2025-03-01,2025.0,9.2,0.0,10.0,9.2,https://www.trip.com/hotels/las-vegas-hotel-detail-790608/wynn-las-vegas/?pageSize=20,8,2026-07-11T14:49:29.828611+00:00
HWYNN001,Wynn Las Vegas,Las Vegas,United States,tripcom,tripcom,,Trip.com,f6f2ee164ff437de,2025-03-19,2025,2025-03-01,2025.0,10.0,0.0,10.0,10.0,https://www.trip.com/hotels/las-vegas-hotel-detail-790608/wynn-las-vegas/?pageSize=20,8,2026-07-11T14:49:29.828611+00:00
HWYNN001,Wynn Las Vegas,Las Vegas,United States,tripcom,tripcom,,Trip.com,099f961a1ebcda65,2025-03-29,2025,2025-01-01,2025.0,10.0,0.0,10.0,10.0,https://www.trip.com/hotels/las-vegas-hotel-detail-790608/wynn-las-vegas/?pageSize=20,17,2026-07-11T14:49:29.828611+00:00
HWYNN001,Wynn Las Vegas,Las Vegas,United States,tripcom,tripcom,,Trip.com,888fe744360f1cd6,2025-04-01,2025,2025-03-01,2025.0,10.0,0.0,10.0,10.0,https://www.trip.com/hotels/las-vegas-hotel-detail-790608/wynn-las-vegas/?pageSize=20,15,2026-07-11T14:49:29.828611+00:00
HWYNN001,Wynn Las Vegas,Las Vegas,United States,tripcom,tripcom,,Trip.com,fc2a2d50cf8f9a1a,2025-04-03,2025,2025-03-01,2025.0,9.0,0.0,10.0,9.0,https://www.trip.com/hotels/las-vegas-hotel-detail-790608/wynn-las-vegas/?pageSize=20,16,2026-07-11T14:49:29.828611+00:00
HWYNN001,Wynn Las Vegas,Las Vegas,United States,tripcom,tripcom,,Trip.com,18d1cdc8f996eefd,2025-04-11,2025,2025-04-01,2025.0,9.0,0.0,10.0,9.0,https://www.trip.com/hotels/las-vegas-hotel-detail-790608/wynn-las-vegas/?pageSize=20,8,2026-07-11T14:49:29.828611+00:00
HWYNN001,Wynn Las Vegas,Las Vegas,United States,tripcom,tripcom,,Trip.com,fdc24665327a1634,2025-04-14,2025,2025-03-01,2025.0,10.0,0.0,10.0,10.0,https://www.trip.com/hotels/las-vegas-hotel-detail-790608/wynn-las-vegas/?pageSize=20,16,2026-07-11T14:49:29.828611+00:00
HWYNN001,Wynn Las Vegas,Las Vegas,United States,tripcom,tripcom,,Trip.com,07b7d743b45aa068,2025-04-19,2025,2025-03-01,2025.0,10.0,0.0,10.0,10.0,https://www.trip.com/hotels/las-vegas-hotel-detail-790608/wynn-las-vegas/?pageSize=20,15,2026-07-11T14:49:29.828611+00:00
HWYNN001,Wynn Las Vegas,Las Vegas,United States,tripcom,tripcom,,Trip.com,360bda2dd9b7c165,2025-04-20,2025,2025-04-01,2025.0,10.0,0.0,10.0,10.0,https://www.trip.com/hotels/las-vegas-hotel-detail-790608/wynn-las-vegas/?pageSize=20,17,2026-07-11T14:49:29.828611+00:00
HWYNN001,Wynn Las Vegas,Las Vegas,United States,tripcom,tripcom,,Trip.com,a18a6951586284f9,2025-04-20,2025,2025-02-01,2025.0,9.5,0.0,10.0,9.5,https://www.trip.com/hotels/las-vegas-hotel-detail-790608/wynn-las-vegas/?pageSize=20,19,2026-07-11T14:49:29.828611+00:00
HWYNN001,Wynn Las Vegas,Las Vegas,United States,tripcom,tripcom,,Trip.com,cdf59d30581a6e6e,2025-04-21,2025,2025-04-01,2025.0,8.5,0.0,10.0,8.5,https://www.trip.com/hotels/las-vegas-hotel-detail-790608/wynn-las-vegas/?pageSize=20,4,2026-07-11T14:49:29.828611+00:00
HWYNN001,Wynn Las Vegas,Las Vegas,United States,tripcom,tripcom,,Trip.com,fb9ded8d478c118f,2025-04-26,2025,2025-04-01,2025.0,10.0,0.0,10.0,10.0,https://www.trip.com/hotels/las-vegas-hotel-detail-790608/wynn-las-vegas/?pageSize=20,7,2026-07-11T14:49:29.828611+00:00
HWYNN001,Wynn Las Vegas,Las Vegas,United States,tripcom,tripcom,,Trip.com,919ac054ff3023af,2025-05-06,2025,2025-03-01,2025.0,7.0,0.0,10.0,7.0,https://www.trip.com/hotels/las-vegas-hotel-detail-790608/wynn-las-vegas/?pageSize=20,20,2026-07-11T14:49:29.828611+00:00
HWYNN001,Wynn Las Vegas,Las Vegas,United States,tripcom,tripcom,,Trip.com,157fadea9fca0d3c,2025-05-13,2025,2025-05-01,2025.0,10.0,0.0,10.0,10.0,https://www.trip.com/hotels/las-vegas-hotel-detail-790608/wynn-las-vegas/?pageSize=20,7,2026-07-11T14:49:29.828611+00:00
HWYNN001,Wynn Las Vegas,Las Vegas,United States,tripcom,tripcom,,Trip.com,dbfedf307dc83480,2025-05-20,2025,2025-05-01,2025.0,10.0,0.0,10.0,10.0,https://www.trip.com/hotels/las-vegas-hotel-detail-790608/wynn-las-vegas/?pageSize=20,7,2026-07-11T14:49:29.828611+00:00
HWYNN001,Wynn Las Vegas,Las Vegas,United States,tripcom,tripcom,,Trip.com,b703d04cb3cd0bf4,2025-05-22,2025,2025-05-01,2025.0,10.0,0.0,10.0,10.0,https://www.trip.com/hotels/las-vegas-hotel-detail-790608/wynn-las-vegas/?pageSize=20,20,2026-07-11T14:49:29.828611+00:00
HWYNN001,Wynn Las Vegas,Las Vegas,United States,tripcom,tripcom,,Trip.com,deca3ca923b2f208,2025-05-24,2025,2025-05-01,2025.0,10.0,0.0,10.0,10.0,https://www.trip.com/hotels/las-vegas-hotel-detail-790608/wynn-las-vegas/?pageSize=20,4,2026-07-11T14:49:29.828611+00:00
HWYNN001,Wynn Las Vegas,Las Vegas,United States,tripcom,tripcom,,Trip.com,762bce4c0a7cf3aa,2025-05-24,2025,2025-05-01,2025.0,10.0,0.0,10.0,10.0,https://www.trip.com/hotels/las-vegas-hotel-detail-790608/wynn-las-vegas/?pageSize=20,9,2026-07-11T14:49:29.828611+00:00
HWYNN001,Wynn Las Vegas,Las Vegas,United States,tripcom,tripcom,,Trip.com,150001f9b1ec9124,2025-05-24,2025,2025-05-01,2025.0,10.0,0.0,10.0,10.0,https://www.trip.com/hotels/las-vegas-hotel-detail-790608/wynn-las-vegas/?pageSize=20,19,2026-07-11T14:49:29.828611+00:00
HWYNN001,Wynn Las Vegas,Las Vegas,United States,tripcom,tripcom,,Trip.com,bd8c8aede5d919ad,2025-05-25,2025,2025-05-01,2025.0,10.0,0.0,10.0,10.0,https://www.trip.com/hotels/las-vegas-hotel-detail-790608/wynn-las-vegas/?pageSize=20,20,2026-07-11T14:49:29.828611+00:00
HWYNN001,Wynn Las Vegas,Las Vegas,United States,tripcom,tripcom,,Trip.com,01f9d241ad3edaeb,2025-05-30,2025,2025-05-01,2025.0,10.0,0.0,10.0,10.0,https://www.trip.com/hotels/las-vegas-hotel-detail-790608/wynn-las-vegas/?pageSize=20,15,2026-07-11T14:49:29.828611+00:00
HWYNN001,Wynn Las Vegas,Las Vegas,United States,tripcom,tripcom,,Trip.com,20822fd2556feb62,2025-06-01,2025,2025-05-01,2025.0,10.0,0.0,10.0,10.0,https://www.trip.com/hotels/las-vegas-hotel-detail-790608/wynn-las-vegas/?pageSize=20,15,2026-07-11T14:49:29.828611+00:00
HWYNN001,Wynn Las Vegas,Las Vegas,United States,tripcom,tripcom,,Trip.com,eb3d57b7801aec2f,2025-06-07,2025,2025-05-01,2025.0,10.0,0.0,10.0,10.0,https://www.trip.com/hotels/las-vegas-hotel-detail-790608/wynn-las-vegas/?pageSize=20,19,2026-07-11T14:49:29.828611+00:00
HWYNN001,Wynn Las Vegas,Las Vegas,United States,tripcom,tripcom,,Trip.com,e74497b90e55a6f0,2025-06-07,2025,2025-05-01,2025.0,10.0,0.0,10.0,10.0,https://www.trip.com/hotels/las-vegas-hotel-detail-790608/wynn-las-vegas/?pageSize=20,23,2026-07-11T14:49:29.828611+00:00
HWYNN001,Wynn Las Vegas,Las Vegas,United States,tripcom,tripcom,,Trip.com,acd6aff984dd6891,2025-06-10,2025,2025-06-01,2025.0,10.0,0.0,10.0,10.0,https://www.trip.com/hotels/las-vegas-hotel-detail-790608/wynn-las-vegas/?pageSize=20,4,2026-07-11T14:49:29.828611+00:00
HWYNN001,Wynn Las Vegas,Las Vegas,United States,tripcom,tripcom,,Trip.com,ba99590ccb7f9a87,2025-06-10,2025,2025-05-01,2025.0,8.0,0.0,10.0,8.0,https://www.trip.com/hotels/las-vegas-hotel-detail-790608/wynn-las-vegas/?pageSize=20,9,2026-07-11T14:49:29.828611+00:00
HWYNN001,Wynn Las Vegas,Las Vegas,United States,tripcom,tripcom,,Trip.com,97461c1bfefd91e2,2025-06-13,2025,2025-06-01,2025.0,9.5,0.0,10.0,9.5,https://www.trip.com/hotels/las-vegas-hotel-detail-790608/wynn-las-vegas/?pageSize=20,3,2026-07-11T14:49:29.828611+00:00
HWYNN001,Wynn Las Vegas,Las Vegas,United States,tripcom,tripcom,,Trip.com,b29767d13a558889,2025-06-16,2025,2025-05-01,2025.0,6.0,0.0,10.0,6.0,https://www.trip.com/hotels/las-vegas-hotel-detail-790608/wynn-las-vegas/?pageSize=20,9,2026-07-11T14:49:29.828611+00:00
HWYNN001,Wynn Las Vegas,Las Vegas,United States,tripcom,tripcom,,Trip.com,4e6b51a90495419f,2025-06-17,2025,2025-05-01,2025.0,10.0,0.0,10.0,10.0,https://www.trip.com/hotels/las-vegas-hotel-detail-790608/wynn-las-vegas/?pageSize=20,17,2026-07-11T14:49:29.828611+00:00
HWYNN001,Wynn Las Vegas,Las Vegas,United States,tripcom,tripcom,,Trip.com,72040150da12fbe7,2025-06-21,2025,2025-06-01,2025.0,10.0,0.0,10.0,10.0,https://www.trip.com/hotels/las-vegas-hotel-detail-790608/wynn-las-vegas/?pageSize=20,9,2026-07-11T14:49:29.828611+00:00
HWYNN001,Wynn Las Vegas,Las Vegas,United States,tripcom,tripcom,,Trip.com,715a3a48c54126d8,2025-06-24,2025,2025-04-01,2025.0,10.0,0.0,10.0,10.0,https://www.trip.com/hotels/las-vegas-hotel-detail-790608/wynn-las-vegas/?pageSize=20,19,2026-07-11T14:49:29.828611+00:00
HWYNN001,Wynn Las Vegas,Las Vegas,United States,tripcom,tripcom,,Trip.com,72bcf125fdf61543,2025-06-26,2025,2025-05-01,2025.0,10.0,0.0,10.0,10.0,https://www.trip.com/hotels/las-vegas-hotel-detail-790608/wynn-las-vegas/?pageSize=20,9,2026-07-11T14:49:29.828611+00:00
HWYNN001,Wynn Las Vegas,Las Vegas,United States,tripcom,tripcom,,Trip.com,abfd81b7b9342c36,2025-06-29,2025,2025-06-01,2025.0,10.0,0.0,10.0,10.0,https://www.trip.com/hotels/las-vegas-hotel-detail-790608/wynn-las-vegas/?pageSize=20,4,2026-07-11T14:49:29.828611+00:00
HWYNN001,Wynn Las Vegas,Las Vegas,United States,tripcom,tripcom,,Trip.com,a38f8f256e2939ce,2025-07-03,2025,2025-06-01,2025.0,8.5,0.0,10.0,8.5,https://www.trip.com/hotels/las-vegas-hotel-detail-790608/wynn-las-vegas/?pageSize=20,9,2026-07-11T14:49:29.828611+00:00
HWYNN001,Wynn Las Vegas,Las Vegas,United States,tripcom,tripcom,,Trip.com,38aaabfa84480e0b,2025-07-03,2025,2025-06-01,2025.0,10.0,0.0,10.0,10.0,https://www.trip.com/hotels/las-vegas-hotel-detail-790608/wynn-las-vegas/?pageSize=20,19,2026-07-11T14:49:29.828611+00:00
HWYNN001,Wynn Las Vegas,Las Vegas,United States,tripcom,tripcom,,Trip.com,54a05b36324df874,2025-07-03,2025,2025-05-01,2025.0,10.0,0.0,10.0,10.0,https://www.trip.com/hotels/las-vegas-hotel-detail-790608/wynn-las-vegas/?pageSize=20,19,2026-07-11T14:49:29.828611+00:00
HWYNN001,Wynn Las Vegas,Las Vegas,United States,tripcom,tripcom,,Trip.com,45d01f32eaee9236,2025-07-05,2025,2025-06-01,2025.0,10.0,0.0,10.0,10.0,https://www.trip.com/hotels/las-vegas-hotel-detail-790608/wynn-las-vegas/?pageSize=20,9,2026-07-11T14:49:29.828611+00:00
HWYNN001,Wynn Las Vegas,Las Vegas,United States,tripcom,tripcom,,Trip.com,64e11217071e28bf,2025-07-07,2025,2025-06-01,2025.0,10.0,0.0,10.0,10.0,https://www.trip.com/hotels/las-vegas-hotel-detail-790608/wynn-las-vegas/?pageSize=20,7,2026-07-11T14:49:29.828611+00:00
HWYNN001,Wynn Las Vegas,Las Vegas,United States,tripcom,tripcom,,Trip.com,0edd14342b560b57,2025-07-08,2025,2025-07-01,2025.0,10.0,0.0,10.0,10.0,https://www.trip.com/hotels/las-vegas-hotel-detail-790608/wynn-las-vegas/?pageSize=20,7,2026-07-11T14:49:29.828611+00:00
HWYNN001,Wynn Las Vegas,Las Vegas,United States,tripcom,tripcom,,Trip.com,4c741fab4e2e2db9,2025-07-10,2025,2025-06-01,2025.0,10.0,0.0,10.0,10.0,https://www.trip.com/hotels/las-vegas-hotel-detail-790608/wynn-las-vegas/?pageSize=20,15,2026-07-11T14:49:29.828611+00:00
HWYNN001,Wynn Las Vegas,Las Vegas,United States,tripcom,tripcom,,Trip.com,9f1012fa8ec767a3,2025-07-11,2025,2025-04-01,2025.0,10.0,0.0,10.0,10.0,https://www.trip.com/hotels/las-vegas-hotel-detail-790608/wynn-las-vegas/?pageSize=20,19,2026-07-11T14:49:29.828611+00:00
HWYNN001,Wynn Las Vegas,Las Vegas,United States,tripcom,tripcom,,Trip.com,5a41318da8185801,2025-07-12,2025,2025-07-01,2025.0,9.5,0.0,10.0,9.5,https://www.trip.com/hotels/las-vegas-hotel-detail-790608/wynn-las-vegas/?pageSize=20,4,2026-07-11T14:49:29.828611+00:00
HWYNN001,Wynn Las Vegas,Las Vegas,United States,tripcom,tripcom,,Trip.com,9843442a4fb80d6b,2025-07-12,2025,2025-07-01,2025.0,5.5,0.0,10.0,5.5,https://www.trip.com/hotels/las-vegas-hotel-detail-790608/wynn-las-vegas/?pageSize=20,9,2026-07-11T14:49:29.828611+00:00
HWYNN001,Wynn Las Vegas,Las Vegas,United States,tripcom,tripcom,,Trip.com,7699978c75a411db,2025-07-14,2025,2025-07-01,2025.0,10.0,0.0,10.0,10.0,https://www.trip.com/hotels/las-vegas-hotel-detail-790608/wynn-las-vegas/?pageSize=20,3,2026-07-11T14:49:29.828611+00:00
HWYNN001,Wynn Las Vegas,Las Vegas,United States,tripcom,tripcom,,Trip.com,017b0ca6fe2aa8c3,2025-07-15,2025,2025-07-01,2025.0,10.0,0.0,10.0,10.0,https://www.trip.com/hotels/las-vegas-hotel-detail-790608/wynn-las-vegas/?pageSize=20,9,2026-07-11T14:49:29.828611+00:00
HWYNN001,Wynn Las Vegas,Las Vegas,United States,tripcom,tripcom,,Trip.com,480d47b3efa3b406,2025-07-16,2025,2025-05-01,2025.0,8.0,0.0,10.0,8.0,https://www.trip.com/hotels/las-vegas-hotel-detail-790608/wynn-las-vegas/?pageSize=20,9,2026-07-11T14:49:29.828611+00:00
HWYNN001,Wynn Las Vegas,Las Vegas,United States,tripcom,tripcom,,Trip.com,4e253a7882be4e48,2025-07-17,2025,2025-07-01,2025.0,10.0,0.0,10.0,10.0,https://www.trip.com/hotels/las-vegas-hotel-detail-790608/wynn-las-vegas/?pageSize=20,18,2026-07-11T14:49:29.828611+00:00
HWYNN001,Wynn Las Vegas,Las Vegas,United States,tripcom,tripcom,,Trip.com,938ef689abd3f215,2025-07-22,2025,2025-07-01,2025.0,10.0,0.0,10.0,10.0,https://www.trip.com/hotels/las-vegas-hotel-detail-790608/wynn-las-vegas/?pageSize=20,17,2026-07-11T14:49:29.828611+00:00
HWYNN001,Wynn Las Vegas,Las Vegas,United States,tripcom,tripcom,,Trip.com,5b69c11c78bc050e,2025-07-24,2025,2025-07-01,2025.0,10.0,0.0,10.0,10.0,https://www.trip.com/hotels/las-vegas-hotel-detail-790608/wynn-las-vegas/?pageSize=20,4,2026-07-11T14:49:29.828611+00:00
HWYNN001,Wynn Las Vegas,Las Vegas,United States,tripcom,tripcom,,Trip.com,d0ae43e07c0e72e2,2025-07-24,2025,2025-07-01,2025.0,10.0,0.0,10.0,10.0,https://www.trip.com/hotels/las-vegas-hotel-detail-790608/wynn-las-vegas/?pageSize=20,19,2026-07-11T14:49:29.828611+00:00
HWYNN001,Wynn Las Vegas,Las Vegas,United States,tripcom,tripcom,,Trip.com,33d6906e66d9775a,2025-07-25,2025,2025-07-01,2025.0,10.0,0.0,10.0,10.0,https://www.trip.com/hotels/las-vegas-hotel-detail-790608/wynn-las-vegas/?pageSize=20,3,2026-07-11T14:49:29.828611+00:00
HWYNN001,Wynn Las Vegas,Las Vegas,United States,tripcom,tripcom,,Trip.com,d8345557c4fcfd98,2025-07-27,2025,2025-06-01,2025.0,10.0,0.0,10.0,10.0,https://www.trip.com/hotels/las-vegas-hotel-detail-790608/wynn-las-vegas/?pageSize=20,15,2026-07-11T14:49:29.828611+00:00
HWYNN001,Wynn Las Vegas,Las Vegas,United States,tripcom,tripcom,,Trip.com,8d2c29365f1b462a,2025-07-29,2025,2025-07-01,2025.0,7.5,0.0,10.0,7.5,https://www.trip.com/hotels/las-vegas-hotel-detail-790608/wynn-las-vegas/?pageSize=20,8,2026-07-11T14:49:29.828611+00:00
HWYNN001,Wynn Las Vegas,Las Vegas,United States,tripcom,tripcom,,Trip.com,a470c4916b9a3642,2025-07-29,2025,2025-07-01,2025.0,4.0,0.0,10.0,4.0,https://www.trip.com/hotels/las-vegas-hotel-detail-790608/wynn-las-vegas/?pageSize=20,8,2026-07-11T14:49:29.828611+00:00
HWYNN001,Wynn Las Vegas,Las Vegas,United States,tripcom,tripcom,,Trip.com,53570bad00e8e489,2025-07-31,2025,2025-07-01,2025.0,9.5,0.0,10.0,9.5,https://www.trip.com/hotels/las-vegas-hotel-detail-790608/wynn-las-vegas/?pageSize=20,18,2026-07-11T14:49:29.828611+00:00
HWYNN001,Wynn Las Vegas,Las Vegas,United States,tripcom,tripcom,,Trip.com,f6596551cfdd5dec,2025-08-01,2025,2025-07-01,2025.0,5.0,0.0,10.0,5.0,https://www.trip.com/hotels/las-vegas-hotel-detail-790608/wynn-las-vegas/?pageSize=20,8,2026-07-11T14:49:29.828611+00:00
HWYNN001,Wynn Las Vegas,Las Vegas,United States,tripcom,tripcom,,Trip.com,d59b1d7009dd87ed,2025-08-02,2025,2025-07-01,2025.0,10.0,0.0,10.0,10.0,https://www.trip.com/hotels/las-vegas-hotel-detail-790608/wynn-las-vegas/?pageSize=20,15,2026-07-11T14:49:29.828611+00:00
HWYNN001,Wynn Las Vegas,Las Vegas,United States,tripcom,tripcom,,Trip.com,a8c046339d1f14f6,2025-08-06,2025,2025-07-01,2025.0,2.0,0.0,10.0,2.0,https://www.trip.com/hotels/las-vegas-hotel-detail-790608/wynn-las-vegas/?pageSize=20,8,2026-07-11T14:49:29.828611+00:00
HWYNN001,Wynn Las Vegas,Las Vegas,United States,tripcom,tripcom,,Trip.com,9b72d2f964016b99,2025-08-07,2025,2025-08-01,2025.0,10.0,0.0,10.0,10.0,https://www.trip.com/hotels/las-vegas-hotel-detail-790608/wynn-las-vegas/?pageSize=20,16,2026-07-11T14:49:29.828611+00:00
HWYNN001,Wynn Las Vegas,Las Vegas,United States,tripcom,tripcom,,Trip.com,a2385f7c17f24bc6,2025-08-08,2025,2025-07-01,2025.0,10.0,0.0,10.0,10.0,https://www.trip.com/hotels/las-vegas-hotel-detail-790608/wynn-las-vegas/?pageSize=20,3,2026-07-11T14:49:29.828611+00:00
HWYNN001,Wynn Las Vegas,Las Vegas,United States,tripcom,tripcom,,Trip.com,84b0a26fbe4dd295,2025-08-08,2025,2025-08-01,2025.0,8.7,0.0,10.0,8.7,https://www.trip.com/hotels/las-vegas-hotel-detail-790608/wynn-las-vegas/?pageSize=20,4,2026-07-11T14:49:29.828611+00:00
HWYNN001,Wynn Las Vegas,Las Vegas,United States,tripcom,tripcom,,Trip.com,41fd58efdd04e0a9,2025-08-09,2025,2025-08-01,2025.0,4.5,0.0,10.0,4.5,https://www.trip.com/hotels/las-vegas-hotel-detail-790608/wynn-las-vegas/?pageSize=20,8,2026-07-11T14:49:29.828611+00:00
HWYNN001,Wynn Las Vegas,Las Vegas,United States,tripcom,tripcom,,Trip.com,356718da262e6364,2025-08-09,2025,2025-08-01,2025.0,10.0,0.0,10.0,10.0,https://www.trip.com/hotels/las-vegas-hotel-detail-790608/wynn-las-vegas/?pageSize=20,14,2026-07-11T14:49:29.828611+00:00
HWYNN001,Wynn Las Vegas,Las Vegas,United States,tripcom,tripcom,,Trip.com,6c300a136a4bc887,2025-08-13,2025,2025-08-01,2025.0,10.0,0.0,10.0,10.0,https://www.trip.com/hotels/las-vegas-hotel-detail-790608/wynn-las-vegas/?pageSize=20,3,2026-07-11T14:49:29.828611+00:00
HWYNN001,Wynn Las Vegas,Las Vegas,United States,tripcom,tripcom,,Trip.com,9ead540724849109,2025-08-13,2025,2025-08-01,2025.0,8.5,0.0,10.0,8.5,https://www.trip.com/hotels/las-vegas-hotel-detail-790608/wynn-las-vegas/?pageSize=20,3,2026-07-11T14:49:29.828611+00:00
HWYNN001,Wynn Las Vegas,Las Vegas,United States,tripcom,tripcom,,Trip.com,97d32558ddc1d515,2025-08-15,2025,2025-08-01,2025.0,10.0,0.0,10.0,10.0,https://www.trip.com/hotels/las-vegas-hotel-detail-790608/wynn-las-vegas/?pageSize=20,3,2026-07-11T14:49:29.828611+00:00
HWYNN001,Wynn Las Vegas,Las Vegas,United States,tripcom,tripcom,,Trip.com,1c5441c9adc0b1ca,2025-08-16,2025,2025-08-01,2025.0,10.0,0.0,10.0,10.0,https://www.trip.com/hotels/las-vegas-hotel-detail-790608/wynn-las-vegas/?pageSize=20,2,2026-07-11T14:49:29.828611+00:00
HWYNN001,Wynn Las Vegas,Las Vegas,United States,tripcom,tripcom,,Trip.com,a2d9fbd8900fa36b,2025-08-16,2025,2025-08-01,2025.0,8.5,0.0,10.0,8.5,https://www.trip.com/hotels/las-vegas-hotel-detail-790608/wynn-las-vegas/?pageSize=20,4,2026-07-11T14:49:29.828611+00:00
HWYNN001,Wynn Las Vegas,Las Vegas,United States,tripcom,tripcom,,Trip.com,86c52d3b47e9a85c,2025-08-16,2025,2025-08-01,2025.0,8.0,0.0,10.0,8.0,https://www.trip.com/hotels/las-vegas-hotel-detail-790608/wynn-las-vegas/?pageSize=20,4,2026-07-11T14:49:29.828611+00:00
HWYNN001,Wynn Las Vegas,Las Vegas,United States,tripcom,tripcom,,Trip.com,0da7a964cd8ef6dc,2025-08-16,2025,2025-07-01,2025.0,10.0,0.0,10.0,10.0,https://www.trip.com/hotels/las-vegas-hotel-detail-790608/wynn-las-vegas/?pageSize=20,19,2026-07-11T14:49:29.828611+00:00
HWYNN001,Wynn Las Vegas,Las Vegas,United States,tripcom,tripcom,,Trip.com,060541d64f4b259b,2025-08-17,2025,2025-06-01,2025.0,10.0,0.0,10.0,10.0,https://www.trip.com/hotels/las-vegas-hotel-detail-790608/wynn-las-vegas/?pageSize=20,16,2026-07-11T14:49:29.828611+00:00
HWYNN001,Wynn Las Vegas,Las Vegas,United States,tripcom,tripcom,,Trip.com,77f07023e759ae60,2025-08-18,2025,2025-08-01,2025.0,10.0,0.0,10.0,10.0,https://www.trip.com/hotels/las-vegas-hotel-detail-790608/wynn-las-vegas/?pageSize=20,5,2026-07-11T14:49:29.828611+00:00
HWYNN001,Wynn Las Vegas,Las Vegas,United States,tripcom,tripcom,,Trip.com,5b428133845091fa,2025-08-19,2025,2025-08-01,2025.0,10.0,0.0,10.0,10.0,https://www.trip.com/hotels/las-vegas-hotel-detail-790608/wynn-las-vegas/?pageSize=20,3,2026-07-11T14:49:29.828611+00:00
HWYNN001,Wynn Las Vegas,Las Vegas,United States,tripcom,tripcom,,Trip.com,cfbb908bc181395a,2025-08-21,2025,2025-07-01,2025.0,10.0,0.0,10.0,10.0,https://www.trip.com/hotels/las-vegas-hotel-detail-790608/wynn-las-vegas/?pageSize=20,3,2026-07-11T14:49:29.828611+00:00
HWYNN001,Wynn Las Vegas,Las Vegas,United States,tripcom,tripcom,,Trip.com,54970fbbe34c9d22,2025-08-21,2025,2025-08-01,2025.0,7.5,0.0,10.0,7.5,https://www.trip.com/hotels/las-vegas-hotel-detail-790608/wynn-las-vegas/?pageSize=20,7,2026-07-11T14:49:29.828611+00:00
HWYNN001,Wynn Las Vegas,Las Vegas,United States,tripcom,tripcom,,Trip.com,4c66b790c871ba7a,2025-08-21,2025,2025-08-01,2025.0,5.0,0.0,10.0,5.0,https://www.trip.com/hotels/las-vegas-hotel-detail-790608/wynn-las-vegas/?pageSize=20,8,2026-07-11T14:49:29.828611+00:00
HWYNN001,Wynn Las Vegas,Las Vegas,United States,tripcom,tripcom,,Trip.com,2fbfd025e2d2ca8b,2025-08-25,2025,2025-07-01,2025.0,10.0,0.0,10.0,10.0,https://www.trip.com/hotels/las-vegas-hotel-detail-790608/wynn-las-vegas/?pageSize=20,14,2026-07-11T14:49:29.828611+00:00
HWYNN001,Wynn Las Vegas,Las Vegas,United States,tripcom,tripcom,,Trip.com,b742841be0b48cfd,2025-08-28,2025,2025-08-01,2025.0,10.0,0.0,10.0,10.0,https://www.trip.com/hotels/las-vegas-hotel-detail-790608/wynn-las-vegas/?pageSize=20,14,2026-07-11T14:49:29.828611+00:00
HWYNN001,Wynn Las Vegas,Las Vegas,United States,tripcom,tripcom,,Trip.com,5b76779fcb1b577f,2025-08-30,2025,2025-07-01,2025.0,10.0,0.0,10.0,10.0,https://www.trip.com/hotels/las-vegas-hotel-detail-790608/wynn-las-vegas/?pageSize=20,6,2026-07-11T14:49:29.828611+00:00
HWYNN001,Wynn Las Vegas,Las Vegas,United States,tripcom,tripcom,,Trip.com,576fda53c0e711ce,2025-09-02,2025,2025-09-01,2025.0,10.0,0.0,10.0,10.0,https://www.trip.com/hotels/las-vegas-hotel-detail-790608/wynn-las-vegas/?pageSize=20,17,2026-07-11T14:49:29.828611+00:00
HWYNN001,Wynn Las Vegas,Las Vegas,United States,tripcom,tripcom,,Trip.com,5a9c4cd8cf1dd227,2025-09-03,2025,2025-08-01,2025.0,9.5,0.0,10.0,9.5,https://www.trip.com/hotels/las-vegas-hotel-detail-790608/wynn-las-vegas/?pageSize=20,18,2026-07-11T14:49:29.828611+00:00
HWYNN001,Wynn Las Vegas,Las Vegas,United States,tripcom,tripcom,,Trip.com,47e74fca0d069002,2025-09-03,2025,2025-07-01,2025.0,8.5,0.0,10.0,8.5,https://www.trip.com/hotels/las-vegas-hotel-detail-790608/wynn-las-vegas/?pageSize=20,18,2026-07-11T14:49:29.828611+00:00
HWYNN001,Wynn Las Vegas,Las Vegas,United States,tripcom,tripcom,,Trip.com,e307bb78aaaf8735,2025-09-04,2025,2025-08-01,2025.0,10.0,0.0,10.0,10.0,https://www.trip.com/hotels/las-vegas-hotel-detail-790608/wynn-las-vegas/?pageSize=20,14,2026-07-11T14:49:29.828611+00:00
HWYNN001,Wynn Las Vegas,Las Vegas,United States,tripcom,tripcom,,Trip.com,be7d4166b6b8c85c,2025-09-07,2025,2025-09-01,2025.0,10.0,0.0,10.0,10.0,https://www.trip.com/hotels/las-vegas-hotel-detail-790608/wynn-las-vegas/?pageSize=20,16,2026-07-11T14:49:29.828611+00:00
HWYNN001,Wynn Las Vegas,Las Vegas,United States,tripcom,tripcom,,Trip.com,3c4d99d9f7408cfe,2025-09-09,2025,2025-08-01,2025.0,10.0,0.0,10.0,10.0,https://www.trip.com/hotels/las-vegas-hotel-detail-790608/wynn-las-vegas/?pageSize=20,19,2026-07-11T14:49:29.828611+00:00
HWYNN001,Wynn Las Vegas,Las Vegas,United States,tripcom,tripcom,,Trip.com,f01c137593cb89d2,2025-09-12,2025,2025-08-01,2025.0,9.7,0.0,10.0,9.7,https://www.trip.com/hotels/las-vegas-hotel-detail-790608/wynn-las-vegas/?pageSize=20,19,2026-07-11T14:49:29.828611+00:00
HWYNN001,Wynn Las Vegas,Las Vegas,United States,tripcom,tripcom,,Trip.com,10f54bd058588f0e,2025-09-25,2025,2025-09-01,2025.0,10.0,0.0,10.0,10.0,https://www.trip.com/hotels/las-vegas-hotel-detail-790608/wynn-las-vegas/?pageSize=20,8,2026-07-11T14:49:29.828611+00:00
HWYNN001,Wynn Las Vegas,Las Vegas,United States,tripcom,tripcom,,Trip.com,13126818e574bc57,2025-09-30,2025,2025-07-01,2025.0,10.0,0.0,10.0,10.0,https://www.trip.com/hotels/las-vegas-hotel-detail-790608/wynn-las-vegas/?pageSize=20,15,2026-07-11T14:49:29.828611+00:00
HWYNN001,Wynn Las Vegas,Las Vegas,United States,tripcom,tripcom,,Trip.com,d9c235b1cb19687f,2025-10-04,2025,2025-09-01,2025.0,10.0,0.0,10.0,10.0,https://www.trip.com/hotels/las-vegas-hotel-detail-790608/wynn-las-vegas/?pageSize=20,7,2026-07-11T14:49:29.828611+00:00
HWYNN001,Wynn Las Vegas,Las Vegas,United States,tripcom,tripcom,,Trip.com,d4956b6db24e70cb,2025-10-07,2025,2025-10-01,2025.0,10.0,0.0,10.0,10.0,https://www.trip.com/hotels/las-vegas-hotel-detail-790608/wynn-las-vegas/?pageSize=20,15,2026-07-11T14:49:29.828611+00:00
HWYNN001,Wynn Las Vegas,Las Vegas,United States,tripcom,tripcom,,Trip.com,98c6df49307cb512,2025-10-08,2025,2025-07-01,2025.0,10.0,0.0,10.0,10.0,https://www.trip.com/hotels/las-vegas-hotel-detail-790608/wynn-las-vegas/?pageSize=20,19,2026-07-11T14:49:29.828611+00:00
HWYNN001,Wynn Las Vegas,Las Vegas,United States,tripcom,tripcom,,Trip.com,e509cdbf80989ada,2025-10-12,2025,2025-10-01,2025.0,10.0,0.0,10.0,10.0,https://www.trip.com/hotels/las-vegas-hotel-detail-790608/wynn-las-vegas/?pageSize=20,7,2026-07-11T14:49:29.828611+00:00
HWYNN001,Wynn Las Vegas,Las Vegas,United States,tripcom,tripcom,,Trip.com,b5c7397226e2c381,2025-10-12,2025,2025-09-01,2025.0,10.0,0.0,10.0,10.0,https://www.trip.com/hotels/las-vegas-hotel-detail-790608/wynn-las-vegas/?pageSize=20,7,2026-07-11T14:49:29.828611+00:00
HWYNN001,Wynn Las Vegas,Las Vegas,United States,tripcom,tripcom,,Trip.com,8836f2ad6494ff52,2025-10-15,2025,2025-09-01,2025.0,6.7,0.0,10.0,6.7,https://www.trip.com/hotels/las-vegas-hotel-detail-790608/wynn-las-vegas/?pageSize=20,7,2026-07-11T14:49:29.828611+00:00
HWYNN001,Wynn Las Vegas,Las Vegas,United States,tripcom,tripcom,,Trip.com,9ba826093b6e85fd,2025-10-20,2025,2025-09-01,2025.0,10.0,0.0,10.0,10.0,https://www.trip.com/hotels/las-vegas-hotel-detail-790608/wynn-las-vegas/?pageSize=20,23,2026-07-11T14:49:29.828611+00:00
HWYNN001,Wynn Las Vegas,Las Vegas,United States,tripcom,tripcom,,Trip.com,04a901ee3084d3c1,2025-10-28,2025,2025-09-01,2025.0,8.7,0.0,10.0,8.7,https://www.trip.com/hotels/las-vegas-hotel-detail-790608/wynn-las-vegas/?pageSize=20,16,2026-07-11T14:49:29.828611+00:00
HWYNN001,Wynn Las Vegas,Las Vegas,United States,tripcom,tripcom,,Trip.com,c7749e221a0a4015,2025-10-30,2025,2025-10-01,2025.0,10.0,0.0,10.0,10.0,https://www.trip.com/hotels/las-vegas-hotel-detail-790608/wynn-las-vegas/?pageSize=20,18,2026-07-11T14:49:29.828611+00:00
HWYNN001,Wynn Las Vegas,Las Vegas,United States,tripcom,tripcom,,Trip.com,5d87a0b1a22a7e09,2025-10-31,2025,2025-10-01,2025.0,10.0,0.0,10.0,10.0,https://www.trip.com/hotels/las-vegas-hotel-detail-790608/wynn-las-vegas/?pageSize=20,3,2026-07-11T14:49:29.828611+00:00
HWYNN001,Wynn Las Vegas,Las Vegas,United States,tripcom,tripcom,,Trip.com,ac2f3efbeaaa5598,2025-11-06,2025,2025-11-01,2025.0,6.0,0.0,10.0,6.0,https://www.trip.com/hotels/las-vegas-hotel-detail-790608/wynn-las-vegas/?pageSize=20,7,2026-07-11T14:49:29.828611+00:00
HWYNN001,Wynn Las Vegas,Las Vegas,United States,tripcom,tripcom,,Trip.com,2dd0aac7338f3fb8,2025-11-16,2025,2025-11-01,2025.0,9.0,0.0,10.0,9.0,https://www.trip.com/hotels/las-vegas-hotel-detail-790608/wynn-las-vegas/?pageSize=20,6,2026-07-11T14:49:29.828611+00:00
HWYNN001,Wynn Las Vegas,Las Vegas,United States,tripcom,tripcom,,Trip.com,66b41e4c0f7fb535,2025-11-18,2025,2025-11-01,2025.0,10.0,0.0,10.0,10.0,https://www.trip.com/hotels/las-vegas-hotel-detail-790608/wynn-las-vegas/?pageSize=20,2,2026-07-11T14:49:29.828611+00:00
HWYNN001,Wynn Las Vegas,Las Vegas,United States,tripcom,tripcom,,Trip.com,37619a0399d09daa,2025-11-22,2025,2025-10-01,2025.0,9.7,0.0,10.0,9.7,https://www.trip.com/hotels/las-vegas-hotel-detail-790608/wynn-las-vegas/?pageSize=20,7,2026-07-11T14:49:29.828611+00:00
HWYNN001,Wynn Las Vegas,Las Vegas,United States,tripcom,tripcom,,Trip.com,29a65371cb91646c,2025-11-22,2025,2025-11-01,2025.0,10.0,0.0,10.0,10.0,https://www.trip.com/hotels/las-vegas-hotel-detail-790608/wynn-las-vegas/?pageSize=20,7,2026-07-11T14:49:29.828611+00:00
HWYNN001,Wynn Las Vegas,Las Vegas,United States,tripcom,tripcom,,Trip.com,32cd3fee1d1e0b9c,2025-11-27,2025,2025-11-01,2025.0,10.0,0.0,10.0,10.0,https://www.trip.com/hotels/las-vegas-hotel-detail-790608/wynn-las-vegas/?pageSize=20,5,2026-07-11T14:49:29.828611+00:00
HWYNN001,Wynn Las Vegas,Las Vegas,United States,tripcom,tripcom,,Trip.com,092168d3ded55a96,2025-12-04,2025,2025-11-01,2025.0,7.5,0.0,10.0,7.5,https://www.trip.com/hotels/las-vegas-hotel-detail-790608/wynn-las-vegas/?pageSize=20,8,2026-07-11T14:49:29.828611+00:00
HWYNN001,Wynn Las Vegas,Las Vegas,United States,tripcom,tripcom,,Trip.com,a8769599c23c9384,2025-12-06,2025,2025-11-01,2025.0,10.0,0.0,10.0,10.0,https://www.trip.com/hotels/las-vegas-hotel-detail-790608/wynn-las-vegas/?pageSize=20,8,2026-07-11T14:49:29.828611+00:00
HWYNN001,Wynn Las Vegas,Las Vegas,United States,tripcom,tripcom,,Trip.com,4c972c9bed90f97e,2025-12-13,2025,2025-12-01,2025.0,10.0,0.0,10.0,10.0,https://www.trip.com/hotels/las-vegas-hotel-detail-790608/wynn-las-vegas/?pageSize=20,11,2026-07-11T14:49:29.828611+00:00
HWYNN001,Wynn Las Vegas,Las Vegas,United States,tripcom,tripcom,,Trip.com,5dac542ebf99c2ff,2025-12-17,2025,2025-11-01,2025.0,8.5,0.0,10.0,8.5,https://www.trip.com/hotels/las-vegas-hotel-detail-790608/wynn-las-vegas/?pageSize=20,18,2026-07-11T14:49:29.828611+00:00
HWYNN001,Wynn Las Vegas,Las Vegas,United States,tripcom,tripcom,,Trip.com,c5292df53e94751e,2025-12-21,2025,2025-11-01,2025.0,10.0,0.0,10.0,10.0,https://www.trip.com/hotels/las-vegas-hotel-detail-790608/wynn-las-vegas/?pageSize=20,19,2026-07-11T14:49:29.828611+00:00
HWYNN001,Wynn Las Vegas,Las Vegas,United States,tripcom,tripcom,,Trip.com,65464c51ff861d61,2025-12-23,2025,2025-12-01,2025.0,10.0,0.0,10.0,10.0,https://www.trip.com/hotels/las-vegas-hotel-detail-790608/wynn-las-vegas/?pageSize=20,5,2026-07-11T14:49:29.828611+00:00
HWYNN001,Wynn Las Vegas,Las Vegas,United States,tripcom,tripcom,,Trip.com,d825a88d426122b4,2025-12-23,2025,2025-12-01,2025.0,10.0,0.0,10.0,10.0,https://www.trip.com/hotels/las-vegas-hotel-detail-790608/wynn-las-vegas/?pageSize=20,19,2026-07-11T14:49:29.828611+00:00
HWYNN001,Wynn Las Vegas,Las Vegas,United States,tripcom,tripcom,,Trip.com,4a8f0c884e4f7c3e,2025-12-24,2025,2025-12-01,2025.0,10.0,0.0,10.0,10.0,https://www.trip.com/hotels/las-vegas-hotel-detail-790608/wynn-las-vegas/?pageSize=20,3,2026-07-11T14:49:29.828611+00:00
HWYNN001,Wynn Las Vegas,Las Vegas,United States,tripcom,tripcom,,Trip.com,2cd5ee8a081701a0,2025-12-24,2025,2025-12-01,2025.0,5.0,0.0,10.0,5.0,https://www.trip.com/hotels/las-vegas-hotel-detail-790608/wynn-las-vegas/?pageSize=20,9,2026-07-11T14:49:29.828611+00:00
HWYNN001,Wynn Las Vegas,Las Vegas,United States,tripcom,tripcom,,Trip.com,87b2af0796dfe161,2025-12-25,2025,2025-11-01,2025.0,9.7,0.0,10.0,9.7,https://www.trip.com/hotels/las-vegas-hotel-detail-790608/wynn-las-vegas/?pageSize=20,2,2026-07-11T14:49:29.828611+00:00
HWYNN001,Wynn Las Vegas,Las Vegas,United States,tripcom,tripcom,,Trip.com,e1f3c5951500fbf0,2025-12-25,2025,2025-12-01,2025.0,8.7,0.0,10.0,8.7,https://www.trip.com/hotels/las-vegas-hotel-detail-790608/wynn-las-vegas/?pageSize=20,3,2026-07-11T14:49:29.828611+00:00
HWYNN001,Wynn Las Vegas,Las Vegas,United States,tripcom,tripcom,,Trip.com,30b29e16a2595386,2025-12-25,2025,2025-12-01,2025.0,8.5,0.0,10.0,8.5,https://www.trip.com/hotels/las-vegas-hotel-detail-790608/wynn-las-vegas/?pageSize=20,3,2026-07-11T14:49:29.828611+00:00
HWYNN001,Wynn Las Vegas,Las Vegas,United States,tripcom,tripcom,,Trip.com,5bb674f8aaabbeee,2025-12-26,2025,2025-12-01,2025.0,9.0,0.0,10.0,9.0,https://www.trip.com/hotels/las-vegas-hotel-detail-790608/wynn-las-vegas/?pageSize=20,2,2026-07-11T14:49:29.828611+00:00
HWYNN001,Wynn Las Vegas,Las Vegas,United States,tripcom,tripcom,,Trip.com,74c600403435bbdc,2025-12-26,2025,2025-11-01,2025.0,9.7,0.0,10.0,9.7,https://www.trip.com/hotels/las-vegas-hotel-detail-790608/wynn-las-vegas/?pageSize=20,2,2026-07-11T14:49:29.828611+00:00
HWYNN001,Wynn Las Vegas,Las Vegas,United States,tripcom,tripcom,,Trip.com,4a3b2e85795d0f8b,2025-12-26,2025,2025-12-01,2025.0,7.5,0.0,10.0,7.5,https://www.trip.com/hotels/las-vegas-hotel-detail-790608/wynn-las-vegas/?pageSize=20,3,2026-07-11T14:49:29.828611+00:00
HWYNN001,Wynn Las Vegas,Las Vegas,United States,tripcom,tripcom,,Trip.com,f9b39a8fc24483e9,2025-12-26,2025,2025-12-01,2025.0,10.0,0.0,10.0,10.0,https://www.trip.com/hotels/las-vegas-hotel-detail-790608/wynn-las-vegas/?pageSize=20,3,2026-07-11T14:49:29.828611+00:00
HWYNN001,Wynn Las Vegas,Las Vegas,United States,tripcom,tripcom,,Trip.com,6e10bdef184b36fc,2025-12-26,2025,2025-12-01,2025.0,10.0,0.0,10.0,10.0,https://www.trip.com/hotels/las-vegas-hotel-detail-790608/wynn-las-vegas/?pageSize=20,14,2026-07-11T14:49:29.828611+00:00
HWYNN001,Wynn Las Vegas,Las Vegas,United States,tripcom,tripcom,,Trip.com,16f1f7454e4de128,2025-12-27,2025,2025-12-01,2025.0,10.0,0.0,10.0,10.0,https://www.trip.com/hotels/las-vegas-hotel-detail-790608/wynn-las-vegas/?pageSize=20,4,2026-07-11T14:49:29.828611+00:00
HWYNN001,Wynn Las Vegas,Las Vegas,United States,tripcom,tripcom,,Trip.com,2b50086e1f91118f,2025-12-27,2025,2025-12-01,2025.0,10.0,0.0,10.0,10.0,https://www.trip.com/hotels/las-vegas-hotel-detail-790608/wynn-las-vegas/?pageSize=20,17,2026-07-11T14:49:29.828611+00:00
HWYNN001,Wynn Las Vegas,Las Vegas,United States,tripcom,tripcom,,Trip.com,c9c9e624fc2335f1,2025-12-31,2025,2025-12-01,2025.0,10.0,0.0,10.0,10.0,https://www.trip.com/hotels/las-vegas-hotel-detail-790608/wynn-las-vegas/?pageSize=20,16,2026-07-11T14:49:29.828611+00:00
HWYNN001,Wynn Las Vegas,Las Vegas,United States,tripcom,tripcom,,Trip.com,54527e8bb65ab7dc,2025-12-31,2025,2025-12-01,2025.0,9.5,0.0,10.0,9.5,https://www.trip.com/hotels/las-vegas-hotel-detail-790608/wynn-las-vegas/?pageSize=20,17,2026-07-11T14:49:29.828611+00:00
HWYNN001,Wynn Las Vegas,Las Vegas,United States,tripcom,tripcom,,Trip.com,79d85b3b162df44e,2025-12-31,2025,2025-12-01,2025.0,10.0,0.0,10.0,10.0,https://www.trip.com/hotels/las-vegas-hotel-detail-790608/wynn-las-vegas/?pageSize=20,18,2026-07-11T14:49:29.828611+00:00
