hotel_id;hotel_name;city;country;platform;source_platform;provider_id;provider_name;review_id;review_date;review_year;stay_date;stay_year;rating_raw;rating_min;rating_max;rating_scaled_0_10;source_url;page;scrape_date;status;error
HVEGAS001;The Venetian Resort Las Vegas;Las Vegas;United States;agoda;agoda;332.0;Agoda;e868f3639114434f;01/01/2024;2024;21/12/2023;2023.0;7.2;0.0;10.0;7.2;https://www.agoda.com/api/cronos/property/review/HotelReviews?hotelId=2937&pageSize=50&referer=https%3A%2F%2Fwww.agoda.com%2Fvenetian-resort-hotel-casino%2Fhotel%2Flas-vegas-nv-us.html&providerMode=separate;26;2026-06-07T16:23:33.156739+00:00;ok;
HVEGAS001;The Venetian Resort Las Vegas;Las Vegas;United States;agoda;agoda;332.0;Agoda;e3aa52dcfcd7a6f9;02/01/2024;2024;31/12/2023;2023.0;6.4;0.0;10.0;6.4;https://www.agoda.com/api/cronos/property/review/HotelReviews?hotelId=2937&pageSize=50&referer=https%3A%2F%2Fwww.agoda.com%2Fvenetian-resort-hotel-casino%2Fhotel%2Flas-vegas-nv-us.html&providerMode=separate;4;2026-06-07T16:23:33.156739+00:00;ok;
HVEGAS001;The Venetian Resort Las Vegas;Las Vegas;United States;agoda;agoda;332.0;Agoda;cb7f564aee581517;05/01/2024;2024;02/06/2023;2023.0;6.0;0.0;10.0;6.0;https://www.agoda.com/api/cronos/property/review/HotelReviews?hotelId=2937&pageSize=50&referer=https%3A%2F%2Fwww.agoda.com%2Fvenetian-resort-hotel-casino%2Fhotel%2Flas-vegas-nv-us.html&providerMode=separate;4;2026-06-07T16:23:33.156739+00:00;ok;
HVEGAS001;The Venetian Resort Las Vegas;Las Vegas;United States;agoda;agoda;332.0;Agoda;9a9d0892d31418b8;14/01/2024;2024;12/01/2024;2024.0;2.0;0.0;10.0;2.0;https://www.agoda.com/api/cronos/property/review/HotelReviews?hotelId=2937&pageSize=50&referer=https%3A%2F%2Fwww.agoda.com%2Fvenetian-resort-hotel-casino%2Fhotel%2Flas-vegas-nv-us.html&providerMode=separate;24;2026-06-07T16:23:33.156739+00:00;ok;
HVEGAS001;The Venetian Resort Las Vegas;Las Vegas;United States;agoda;agoda;332.0;Agoda;e6d50f8fce703892;15/01/2024;2024;03/01/2024;2024.0;8.0;0.0;10.0;8.0;https://www.agoda.com/api/cronos/property/review/HotelReviews?hotelId=2937&pageSize=50&referer=https%3A%2F%2Fwww.agoda.com%2Fvenetian-resort-hotel-casino%2Fhotel%2Flas-vegas-nv-us.html&providerMode=separate;4;2026-06-07T16:23:33.156739+00:00;ok;
HVEGAS001;The Venetian Resort Las Vegas;Las Vegas;United States;agoda;agoda;332.0;Agoda;0866c639b592d058;21/01/2024;2024;18/01/2024;2024.0;10.0;0.0;10.0;10.0;https://www.agoda.com/api/cronos/property/review/HotelReviews?hotelId=2937&pageSize=50&referer=https%3A%2F%2Fwww.agoda.com%2Fvenetian-resort-hotel-casino%2Fhotel%2Flas-vegas-nv-us.html&providerMode=separate;4;2026-06-07T16:23:33.156739+00:00;ok;
HVEGAS001;The Venetian Resort Las Vegas;Las Vegas;United States;agoda;agoda;332.0;Agoda;dd3bfcd5d34ed911;23/01/2024;2024;18/01/2024;2024.0;6.0;0.0;10.0;6.0;https://www.agoda.com/api/cronos/property/review/HotelReviews?hotelId=2937&pageSize=50&referer=https%3A%2F%2Fwww.agoda.com%2Fvenetian-resort-hotel-casino%2Fhotel%2Flas-vegas-nv-us.html&providerMode=separate;4;2026-06-07T16:23:33.156739+00:00;ok;
HVEGAS001;The Venetian Resort Las Vegas;Las Vegas;United States;agoda;agoda;332.0;Agoda;0466d833d37a6ee5;30/01/2024;2024;29/01/2024;2024.0;10.0;0.0;10.0;10.0;https://www.agoda.com/api/cronos/property/review/HotelReviews?hotelId=2937&pageSize=50&referer=https%3A%2F%2Fwww.agoda.com%2Fvenetian-resort-hotel-casino%2Fhotel%2Flas-vegas-nv-us.html&providerMode=separate;4;2026-06-07T16:23:33.156739+00:00;ok;
HVEGAS001;The Venetian Resort Las Vegas;Las Vegas;United States;agoda;agoda;332.0;Agoda;691a4563f62c6db4;30/01/2024;2024;21/01/2024;2024.0;6.0;0.0;10.0;6.0;https://www.agoda.com/api/cronos/property/review/HotelReviews?hotelId=2937&pageSize=50&referer=https%3A%2F%2Fwww.agoda.com%2Fvenetian-resort-hotel-casino%2Fhotel%2Flas-vegas-nv-us.html&providerMode=separate;26;2026-06-07T16:23:33.156739+00:00;ok;
HVEGAS001;The Venetian Resort Las Vegas;Las Vegas;United States;agoda;agoda;332.0;Agoda;a2466430703d8af7;19/02/2024;2024;11/02/2024;2024.0;10.0;0.0;10.0;10.0;https://www.agoda.com/api/cronos/property/review/HotelReviews?hotelId=2937&pageSize=50&referer=https%3A%2F%2Fwww.agoda.com%2Fvenetian-resort-hotel-casino%2Fhotel%2Flas-vegas-nv-us.html&providerMode=separate;4;2026-06-07T16:23:33.156739+00:00;ok;
HVEGAS001;The Venetian Resort Las Vegas;Las Vegas;United States;agoda;agoda;332.0;Agoda;f9f1e8fae12a7a28;20/02/2024;2024;23/07/2023;2023.0;10.0;0.0;10.0;10.0;https://www.agoda.com/api/cronos/property/review/HotelReviews?hotelId=2937&pageSize=50&referer=https%3A%2F%2Fwww.agoda.com%2Fvenetian-resort-hotel-casino%2Fhotel%2Flas-vegas-nv-us.html&providerMode=separate;4;2026-06-07T16:23:33.156739+00:00;ok;
HVEGAS001;The Venetian Resort Las Vegas;Las Vegas;United States;agoda;agoda;332.0;Agoda;701af0dac56b33b5;29/02/2024;2024;05/01/2024;2024.0;8.8;0.0;10.0;8.8;https://www.agoda.com/api/cronos/property/review/HotelReviews?hotelId=2937&pageSize=50&referer=https%3A%2F%2Fwww.agoda.com%2Fvenetian-resort-hotel-casino%2Fhotel%2Flas-vegas-nv-us.html&providerMode=separate;4;2026-06-07T16:23:33.156739+00:00;ok;
HVEGAS001;The Venetian Resort Las Vegas;Las Vegas;United States;agoda;agoda;332.0;Agoda;6622db5ec951feb4;15/03/2024;2024;09/03/2024;2024.0;10.0;0.0;10.0;10.0;https://www.agoda.com/api/cronos/property/review/HotelReviews?hotelId=2937&pageSize=50&referer=https%3A%2F%2Fwww.agoda.com%2Fvenetian-resort-hotel-casino%2Fhotel%2Flas-vegas-nv-us.html&providerMode=separate;4;2026-06-07T16:23:33.156739+00:00;ok;
HVEGAS001;The Venetian Resort Las Vegas;Las Vegas;United States;agoda;agoda;332.0;Agoda;4f3f0ffc2909156f;18/03/2024;2024;16/03/2024;2024.0;10.0;0.0;10.0;10.0;https://www.agoda.com/api/cronos/property/review/HotelReviews?hotelId=2937&pageSize=50&referer=https%3A%2F%2Fwww.agoda.com%2Fvenetian-resort-hotel-casino%2Fhotel%2Flas-vegas-nv-us.html&providerMode=separate;4;2026-06-07T16:23:33.156739+00:00;ok;
HVEGAS001;The Venetian Resort Las Vegas;Las Vegas;United States;agoda;agoda;332.0;Agoda;cd3d60ad7173dee2;18/03/2024;2024;14/03/2024;2024.0;3.6;0.0;10.0;3.6;https://www.agoda.com/api/cronos/property/review/HotelReviews?hotelId=2937&pageSize=50&referer=https%3A%2F%2Fwww.agoda.com%2Fvenetian-resort-hotel-casino%2Fhotel%2Flas-vegas-nv-us.html&providerMode=separate;24;2026-06-07T16:23:33.156739+00:00;ok;
HVEGAS001;The Venetian Resort Las Vegas;Las Vegas;United States;agoda;agoda;332.0;Agoda;12b1d2d710bc20cc;19/03/2024;2024;13/03/2024;2024.0;8.0;0.0;10.0;8.0;https://www.agoda.com/api/cronos/property/review/HotelReviews?hotelId=2937&pageSize=50&referer=https%3A%2F%2Fwww.agoda.com%2Fvenetian-resort-hotel-casino%2Fhotel%2Flas-vegas-nv-us.html&providerMode=separate;4;2026-06-07T16:23:33.156739+00:00;ok;
HVEGAS001;The Venetian Resort Las Vegas;Las Vegas;United States;agoda;agoda;332.0;Agoda;7ed5e71f54a25bb9;31/03/2024;2024;31/03/2024;2024.0;10.0;0.0;10.0;10.0;https://www.agoda.com/api/cronos/property/review/HotelReviews?hotelId=2937&pageSize=50&referer=https%3A%2F%2Fwww.agoda.com%2Fvenetian-resort-hotel-casino%2Fhotel%2Flas-vegas-nv-us.html&providerMode=separate;4;2026-06-07T16:23:33.156739+00:00;ok;
HVEGAS001;The Venetian Resort Las Vegas;Las Vegas;United States;agoda;agoda;332.0;Agoda;77e8545ac277a2a4;11/04/2024;2024;07/04/2024;2024.0;10.0;0.0;10.0;10.0;https://www.agoda.com/api/cronos/property/review/HotelReviews?hotelId=2937&pageSize=50&referer=https%3A%2F%2Fwww.agoda.com%2Fvenetian-resort-hotel-casino%2Fhotel%2Flas-vegas-nv-us.html&providerMode=separate;32;2026-06-07T16:23:33.156739+00:00;ok;
HVEGAS001;The Venetian Resort Las Vegas;Las Vegas;United States;agoda;agoda;332.0;Agoda;b0e1ca3e76d8c17f;13/04/2024;2024;19/05/2023;2023.0;8.4;0.0;10.0;8.4;https://www.agoda.com/api/cronos/property/review/HotelReviews?hotelId=2937&pageSize=50&referer=https%3A%2F%2Fwww.agoda.com%2Fvenetian-resort-hotel-casino%2Fhotel%2Flas-vegas-nv-us.html&providerMode=separate;4;2026-06-07T16:23:33.156739+00:00;ok;
HVEGAS001;The Venetian Resort Las Vegas;Las Vegas;United States;agoda;agoda;332.0;Agoda;1e56fe69b1a22b4c;16/04/2024;2024;03/04/2024;2024.0;9.6;0.0;10.0;9.6;https://www.agoda.com/api/cronos/property/review/HotelReviews?hotelId=2937&pageSize=50&referer=https%3A%2F%2Fwww.agoda.com%2Fvenetian-resort-hotel-casino%2Fhotel%2Flas-vegas-nv-us.html&providerMode=separate;33;2026-06-07T16:23:33.156739+00:00;ok;
HVEGAS001;The Venetian Resort Las Vegas;Las Vegas;United States;agoda;agoda;332.0;Agoda;670fad0f6f261403;20/04/2024;2024;16/12/2023;2023.0;9.6;0.0;10.0;9.6;https://www.agoda.com/api/cronos/property/review/HotelReviews?hotelId=2937&pageSize=50&referer=https%3A%2F%2Fwww.agoda.com%2Fvenetian-resort-hotel-casino%2Fhotel%2Flas-vegas-nv-us.html&providerMode=separate;4;2026-06-07T16:23:33.156739+00:00;ok;
HVEGAS001;The Venetian Resort Las Vegas;Las Vegas;United States;agoda;agoda;332.0;Agoda;4f0d7fb3a410cf3d;22/04/2024;2024;21/04/2024;2024.0;9.6;0.0;10.0;9.6;https://www.agoda.com/api/cronos/property/review/HotelReviews?hotelId=2937&pageSize=50&referer=https%3A%2F%2Fwww.agoda.com%2Fvenetian-resort-hotel-casino%2Fhotel%2Flas-vegas-nv-us.html&providerMode=separate;4;2026-06-07T16:23:33.156739+00:00;ok;
HVEGAS001;The Venetian Resort Las Vegas;Las Vegas;United States;agoda;agoda;332.0;Agoda;20cc6d50cd8f53b5;24/04/2024;2024;18/04/2024;2024.0;10.0;0.0;10.0;10.0;https://www.agoda.com/api/cronos/property/review/HotelReviews?hotelId=2937&pageSize=50&referer=https%3A%2F%2Fwww.agoda.com%2Fvenetian-resort-hotel-casino%2Fhotel%2Flas-vegas-nv-us.html&providerMode=separate;4;2026-06-07T16:23:33.156739+00:00;ok;
HVEGAS001;The Venetian Resort Las Vegas;Las Vegas;United States;agoda;agoda;332.0;Agoda;a04bbac5315f171c;26/04/2024;2024;25/04/2024;2024.0;10.0;0.0;10.0;10.0;https://www.agoda.com/api/cronos/property/review/HotelReviews?hotelId=2937&pageSize=50&referer=https%3A%2F%2Fwww.agoda.com%2Fvenetian-resort-hotel-casino%2Fhotel%2Flas-vegas-nv-us.html&providerMode=separate;4;2026-06-07T16:23:33.156739+00:00;ok;
HVEGAS001;The Venetian Resort Las Vegas;Las Vegas;United States;agoda;agoda;332.0;Agoda;5866aa922c03768a;29/04/2024;2024;20/12/2023;2023.0;8.8;0.0;10.0;8.8;https://www.agoda.com/api/cronos/property/review/HotelReviews?hotelId=2937&pageSize=50&referer=https%3A%2F%2Fwww.agoda.com%2Fvenetian-resort-hotel-casino%2Fhotel%2Flas-vegas-nv-us.html&providerMode=separate;4;2026-06-07T16:23:33.156739+00:00;ok;
HVEGAS001;The Venetian Resort Las Vegas;Las Vegas;United States;agoda;agoda;332.0;Agoda;7b3e91812bf14b18;02/05/2024;2024;04/02/2024;2024.0;3.2;0.0;10.0;3.2;https://www.agoda.com/api/cronos/property/review/HotelReviews?hotelId=2937&pageSize=50&referer=https%3A%2F%2Fwww.agoda.com%2Fvenetian-resort-hotel-casino%2Fhotel%2Flas-vegas-nv-us.html&providerMode=separate;27;2026-06-07T16:23:33.156739+00:00;ok;
HVEGAS001;The Venetian Resort Las Vegas;Las Vegas;United States;agoda;agoda;332.0;Agoda;a7f77697811a0f83;06/05/2024;2024;05/05/2024;2024.0;9.2;0.0;10.0;9.2;https://www.agoda.com/api/cronos/property/review/HotelReviews?hotelId=2937&pageSize=50&referer=https%3A%2F%2Fwww.agoda.com%2Fvenetian-resort-hotel-casino%2Fhotel%2Flas-vegas-nv-us.html&providerMode=separate;4;2026-06-07T16:23:33.156739+00:00;ok;
HVEGAS001;The Venetian Resort Las Vegas;Las Vegas;United States;agoda;agoda;332.0;Agoda;59e2ae14e038805e;17/05/2024;2024;11/05/2024;2024.0;10.0;0.0;10.0;10.0;https://www.agoda.com/api/cronos/property/review/HotelReviews?hotelId=2937&pageSize=50&referer=https%3A%2F%2Fwww.agoda.com%2Fvenetian-resort-hotel-casino%2Fhotel%2Flas-vegas-nv-us.html&providerMode=separate;33;2026-06-07T16:23:33.156739+00:00;ok;
HVEGAS001;The Venetian Resort Las Vegas;Las Vegas;United States;agoda;agoda;332.0;Agoda;6f238e76b002cb48;01/06/2024;2024;23/05/2024;2024.0;9.2;0.0;10.0;9.2;https://www.agoda.com/api/cronos/property/review/HotelReviews?hotelId=2937&pageSize=50&referer=https%3A%2F%2Fwww.agoda.com%2Fvenetian-resort-hotel-casino%2Fhotel%2Flas-vegas-nv-us.html&providerMode=separate;4;2026-06-07T16:23:33.156739+00:00;ok;
HVEGAS001;The Venetian Resort Las Vegas;Las Vegas;United States;agoda;agoda;332.0;Agoda;74cda0cca4ab7f30;06/06/2024;2024;28/05/2024;2024.0;9.6;0.0;10.0;9.6;https://www.agoda.com/api/cronos/property/review/HotelReviews?hotelId=2937&pageSize=50&referer=https%3A%2F%2Fwww.agoda.com%2Fvenetian-resort-hotel-casino%2Fhotel%2Flas-vegas-nv-us.html&providerMode=separate;4;2026-06-07T16:23:33.156739+00:00;ok;
HVEGAS001;The Venetian Resort Las Vegas;Las Vegas;United States;agoda;agoda;332.0;Agoda;96f656a4ae99c2a0;06/06/2024;2024;05/06/2024;2024.0;9.6;0.0;10.0;9.6;https://www.agoda.com/api/cronos/property/review/HotelReviews?hotelId=2937&pageSize=50&referer=https%3A%2F%2Fwww.agoda.com%2Fvenetian-resort-hotel-casino%2Fhotel%2Flas-vegas-nv-us.html&providerMode=separate;4;2026-06-07T16:23:33.156739+00:00;ok;
HVEGAS001;The Venetian Resort Las Vegas;Las Vegas;United States;agoda;agoda;332.0;Agoda;38ee988724b357c3;07/06/2024;2024;29/05/2024;2024.0;9.6;0.0;10.0;9.6;https://www.agoda.com/api/cronos/property/review/HotelReviews?hotelId=2937&pageSize=50&referer=https%3A%2F%2Fwww.agoda.com%2Fvenetian-resort-hotel-casino%2Fhotel%2Flas-vegas-nv-us.html&providerMode=separate;33;2026-06-07T16:23:33.156739+00:00;ok;
HVEGAS001;The Venetian Resort Las Vegas;Las Vegas;United States;agoda;agoda;332.0;Agoda;2222e022b2f4c3f2;10/06/2024;2024;09/06/2024;2024.0;10.0;0.0;10.0;10.0;https://www.agoda.com/api/cronos/property/review/HotelReviews?hotelId=2937&pageSize=50&referer=https%3A%2F%2Fwww.agoda.com%2Fvenetian-resort-hotel-casino%2Fhotel%2Flas-vegas-nv-us.html&providerMode=separate;4;2026-06-07T16:23:33.156739+00:00;ok;
HVEGAS001;The Venetian Resort Las Vegas;Las Vegas;United States;agoda;agoda;332.0;Agoda;c550e7099d416734;10/06/2024;2024;09/06/2024;2024.0;10.0;0.0;10.0;10.0;https://www.agoda.com/api/cronos/property/review/HotelReviews?hotelId=2937&pageSize=50&referer=https%3A%2F%2Fwww.agoda.com%2Fvenetian-resort-hotel-casino%2Fhotel%2Flas-vegas-nv-us.html&providerMode=separate;4;2026-06-07T16:23:33.156739+00:00;ok;
HVEGAS001;The Venetian Resort Las Vegas;Las Vegas;United States;agoda;agoda;332.0;Agoda;16b4b71f3000dbb6;10/06/2024;2024;28/05/2024;2024.0;6.0;0.0;10.0;6.0;https://www.agoda.com/api/cronos/property/review/HotelReviews?hotelId=2937&pageSize=50&referer=https%3A%2F%2Fwww.agoda.com%2Fvenetian-resort-hotel-casino%2Fhotel%2Flas-vegas-nv-us.html&providerMode=separate;25;2026-06-07T16:23:33.156739+00:00;ok;
HVEGAS001;The Venetian Resort Las Vegas;Las Vegas;United States;agoda;agoda;332.0;Agoda;a94ea71e0c7d7439;15/06/2024;2024;09/06/2024;2024.0;9.6;0.0;10.0;9.6;https://www.agoda.com/api/cronos/property/review/HotelReviews?hotelId=2937&pageSize=50&referer=https%3A%2F%2Fwww.agoda.com%2Fvenetian-resort-hotel-casino%2Fhotel%2Flas-vegas-nv-us.html&providerMode=separate;4;2026-06-07T16:23:33.156739+00:00;ok;
HVEGAS001;The Venetian Resort Las Vegas;Las Vegas;United States;agoda;agoda;332.0;Agoda;a9d0a5e91dbea5da;15/06/2024;2024;12/06/2024;2024.0;10.0;0.0;10.0;10.0;https://www.agoda.com/api/cronos/property/review/HotelReviews?hotelId=2937&pageSize=50&referer=https%3A%2F%2Fwww.agoda.com%2Fvenetian-resort-hotel-casino%2Fhotel%2Flas-vegas-nv-us.html&providerMode=separate;27;2026-06-07T16:23:33.156739+00:00;ok;
HVEGAS001;The Venetian Resort Las Vegas;Las Vegas;United States;agoda;agoda;332.0;Agoda;ae6da75bbb5e11f6;15/06/2024;2024;08/11/2023;2023.0;10.0;0.0;10.0;10.0;https://www.agoda.com/api/cronos/property/review/HotelReviews?hotelId=2937&pageSize=50&referer=https%3A%2F%2Fwww.agoda.com%2Fvenetian-resort-hotel-casino%2Fhotel%2Flas-vegas-nv-us.html&providerMode=separate;33;2026-06-07T16:23:33.156739+00:00;ok;
HVEGAS001;The Venetian Resort Las Vegas;Las Vegas;United States;agoda;agoda;332.0;Agoda;2a5ca39b61dc4c3b;15/06/2024;2024;23/03/2024;2024.0;10.0;0.0;10.0;10.0;https://www.agoda.com/api/cronos/property/review/HotelReviews?hotelId=2937&pageSize=50&referer=https%3A%2F%2Fwww.agoda.com%2Fvenetian-resort-hotel-casino%2Fhotel%2Flas-vegas-nv-us.html&providerMode=separate;33;2026-06-07T16:23:33.156739+00:00;ok;
HVEGAS001;The Venetian Resort Las Vegas;Las Vegas;United States;agoda;agoda;332.0;Agoda;93e49a3f81b75fc3;24/06/2024;2024;21/06/2024;2024.0;9.2;0.0;10.0;9.2;https://www.agoda.com/api/cronos/property/review/HotelReviews?hotelId=2937&pageSize=50&referer=https%3A%2F%2Fwww.agoda.com%2Fvenetian-resort-hotel-casino%2Fhotel%2Flas-vegas-nv-us.html&providerMode=separate;4;2026-06-07T16:23:33.156739+00:00;ok;
HVEGAS001;The Venetian Resort Las Vegas;Las Vegas;United States;agoda;agoda;332.0;Agoda;b2c1788d05f3bb3b;27/06/2024;2024;25/06/2024;2024.0;5.6;0.0;10.0;5.6;https://www.agoda.com/api/cronos/property/review/HotelReviews?hotelId=2937&pageSize=50&referer=https%3A%2F%2Fwww.agoda.com%2Fvenetian-resort-hotel-casino%2Fhotel%2Flas-vegas-nv-us.html&providerMode=separate;22;2026-06-07T16:23:33.156739+00:00;ok;
HVEGAS001;The Venetian Resort Las Vegas;Las Vegas;United States;agoda;agoda;332.0;Agoda;75d46a1b6720ecf0;28/06/2024;2024;26/06/2024;2024.0;6.4;0.0;10.0;6.4;https://www.agoda.com/api/cronos/property/review/HotelReviews?hotelId=2937&pageSize=50&referer=https%3A%2F%2Fwww.agoda.com%2Fvenetian-resort-hotel-casino%2Fhotel%2Flas-vegas-nv-us.html&providerMode=separate;27;2026-06-07T16:23:33.156739+00:00;ok;
HVEGAS001;The Venetian Resort Las Vegas;Las Vegas;United States;agoda;agoda;332.0;Agoda;f75a79e36868f12e;29/06/2024;2024;25/06/2024;2024.0;10.0;0.0;10.0;10.0;https://www.agoda.com/api/cronos/property/review/HotelReviews?hotelId=2937&pageSize=50&referer=https%3A%2F%2Fwww.agoda.com%2Fvenetian-resort-hotel-casino%2Fhotel%2Flas-vegas-nv-us.html&providerMode=separate;22;2026-06-07T16:23:33.156739+00:00;ok;
HVEGAS001;The Venetian Resort Las Vegas;Las Vegas;United States;agoda;agoda;332.0;Agoda;5ad9c42275475b9d;01/07/2024;2024;29/06/2024;2024.0;10.0;0.0;10.0;10.0;https://www.agoda.com/api/cronos/property/review/HotelReviews?hotelId=2937&pageSize=50&referer=https%3A%2F%2Fwww.agoda.com%2Fvenetian-resort-hotel-casino%2Fhotel%2Flas-vegas-nv-us.html&providerMode=separate;4;2026-06-07T16:23:33.156739+00:00;ok;
HVEGAS001;The Venetian Resort Las Vegas;Las Vegas;United States;agoda;agoda;332.0;Agoda;ecad22e2280e6a85;03/07/2024;2024;30/06/2024;2024.0;10.0;0.0;10.0;10.0;https://www.agoda.com/api/cronos/property/review/HotelReviews?hotelId=2937&pageSize=50&referer=https%3A%2F%2Fwww.agoda.com%2Fvenetian-resort-hotel-casino%2Fhotel%2Flas-vegas-nv-us.html&providerMode=separate;4;2026-06-07T16:23:33.156739+00:00;ok;
HVEGAS001;The Venetian Resort Las Vegas;Las Vegas;United States;agoda;agoda;332.0;Agoda;1312400e42fd53fd;03/07/2024;2024;01/07/2024;2024.0;10.0;0.0;10.0;10.0;https://www.agoda.com/api/cronos/property/review/HotelReviews?hotelId=2937&pageSize=50&referer=https%3A%2F%2Fwww.agoda.com%2Fvenetian-resort-hotel-casino%2Fhotel%2Flas-vegas-nv-us.html&providerMode=separate;21;2026-06-07T16:23:33.156739+00:00;ok;
HVEGAS001;The Venetian Resort Las Vegas;Las Vegas;United States;agoda;agoda;332.0;Agoda;6b9763cfa91e4d0a;04/07/2024;2024;02/07/2024;2024.0;10.0;0.0;10.0;10.0;https://www.agoda.com/api/cronos/property/review/HotelReviews?hotelId=2937&pageSize=50&referer=https%3A%2F%2Fwww.agoda.com%2Fvenetian-resort-hotel-casino%2Fhotel%2Flas-vegas-nv-us.html&providerMode=separate;4;2026-06-07T16:23:33.156739+00:00;ok;
HVEGAS001;The Venetian Resort Las Vegas;Las Vegas;United States;agoda;agoda;332.0;Agoda;085852a1850d3125;04/07/2024;2024;30/06/2024;2024.0;9.6;0.0;10.0;9.6;https://www.agoda.com/api/cronos/property/review/HotelReviews?hotelId=2937&pageSize=50&referer=https%3A%2F%2Fwww.agoda.com%2Fvenetian-resort-hotel-casino%2Fhotel%2Flas-vegas-nv-us.html&providerMode=separate;4;2026-06-07T16:23:33.156739+00:00;ok;
HVEGAS001;The Venetian Resort Las Vegas;Las Vegas;United States;agoda;agoda;332.0;Agoda;277c9e8392e4c816;05/07/2024;2024;03/07/2024;2024.0;10.0;0.0;10.0;10.0;https://www.agoda.com/api/cronos/property/review/HotelReviews?hotelId=2937&pageSize=50&referer=https%3A%2F%2Fwww.agoda.com%2Fvenetian-resort-hotel-casino%2Fhotel%2Flas-vegas-nv-us.html&providerMode=separate;4;2026-06-07T16:23:33.156739+00:00;ok;
HVEGAS001;The Venetian Resort Las Vegas;Las Vegas;United States;agoda;agoda;332.0;Agoda;85ed314bf1809a1a;06/07/2024;2024;14/06/2024;2024.0;10.0;0.0;10.0;10.0;https://www.agoda.com/api/cronos/property/review/HotelReviews?hotelId=2937&pageSize=50&referer=https%3A%2F%2Fwww.agoda.com%2Fvenetian-resort-hotel-casino%2Fhotel%2Flas-vegas-nv-us.html&providerMode=separate;4;2026-06-07T16:23:33.156739+00:00;ok;
HVEGAS001;The Venetian Resort Las Vegas;Las Vegas;United States;agoda;agoda;332.0;Agoda;b12fca05a1b3a211;09/07/2024;2024;02/07/2024;2024.0;6.8;0.0;10.0;6.8;https://www.agoda.com/api/cronos/property/review/HotelReviews?hotelId=2937&pageSize=50&referer=https%3A%2F%2Fwww.agoda.com%2Fvenetian-resort-hotel-casino%2Fhotel%2Flas-vegas-nv-us.html&providerMode=separate;4;2026-06-07T16:23:33.156739+00:00;ok;
HVEGAS001;The Venetian Resort Las Vegas;Las Vegas;United States;agoda;agoda;332.0;Agoda;90d106dbea58d553;10/07/2024;2024;02/07/2024;2024.0;8.4;0.0;10.0;8.4;https://www.agoda.com/api/cronos/property/review/HotelReviews?hotelId=2937&pageSize=50&referer=https%3A%2F%2Fwww.agoda.com%2Fvenetian-resort-hotel-casino%2Fhotel%2Flas-vegas-nv-us.html&providerMode=separate;27;2026-06-07T16:23:33.156739+00:00;ok;
HVEGAS001;The Venetian Resort Las Vegas;Las Vegas;United States;agoda;agoda;332.0;Agoda;037ce94c9a4a3bb2;10/07/2024;2024;08/07/2024;2024.0;10.0;0.0;10.0;10.0;https://www.agoda.com/api/cronos/property/review/HotelReviews?hotelId=2937&pageSize=50&referer=https%3A%2F%2Fwww.agoda.com%2Fvenetian-resort-hotel-casino%2Fhotel%2Flas-vegas-nv-us.html&providerMode=separate;32;2026-06-07T16:23:33.156739+00:00;ok;
HVEGAS001;The Venetian Resort Las Vegas;Las Vegas;United States;agoda;agoda;332.0;Agoda;4dd4f0766b0999ce;16/07/2024;2024;09/07/2024;2024.0;10.0;0.0;10.0;10.0;https://www.agoda.com/api/cronos/property/review/HotelReviews?hotelId=2937&pageSize=50&referer=https%3A%2F%2Fwww.agoda.com%2Fvenetian-resort-hotel-casino%2Fhotel%2Flas-vegas-nv-us.html&providerMode=separate;4;2026-06-07T16:23:33.156739+00:00;ok;
HVEGAS001;The Venetian Resort Las Vegas;Las Vegas;United States;agoda;agoda;332.0;Agoda;15db70e8ea474f25;17/07/2024;2024;15/07/2024;2024.0;9.6;0.0;10.0;9.6;https://www.agoda.com/api/cronos/property/review/HotelReviews?hotelId=2937&pageSize=50&referer=https%3A%2F%2Fwww.agoda.com%2Fvenetian-resort-hotel-casino%2Fhotel%2Flas-vegas-nv-us.html&providerMode=separate;4;2026-06-07T16:23:33.156739+00:00;ok;
HVEGAS001;The Venetian Resort Las Vegas;Las Vegas;United States;agoda;agoda;332.0;Agoda;73408b574f6077c1;18/07/2024;2024;14/07/2024;2024.0;9.6;0.0;10.0;9.6;https://www.agoda.com/api/cronos/property/review/HotelReviews?hotelId=2937&pageSize=50&referer=https%3A%2F%2Fwww.agoda.com%2Fvenetian-resort-hotel-casino%2Fhotel%2Flas-vegas-nv-us.html&providerMode=separate;4;2026-06-07T16:23:33.156739+00:00;ok;
HVEGAS001;The Venetian Resort Las Vegas;Las Vegas;United States;agoda;agoda;332.0;Agoda;85e45585feb951e9;19/07/2024;2024;18/07/2024;2024.0;9.2;0.0;10.0;9.2;https://www.agoda.com/api/cronos/property/review/HotelReviews?hotelId=2937&pageSize=50&referer=https%3A%2F%2Fwww.agoda.com%2Fvenetian-resort-hotel-casino%2Fhotel%2Flas-vegas-nv-us.html&providerMode=separate;4;2026-06-07T16:23:33.156739+00:00;ok;
HVEGAS001;The Venetian Resort Las Vegas;Las Vegas;United States;agoda;agoda;332.0;Agoda;c35c6fcfe4e59b8e;19/07/2024;2024;15/07/2024;2024.0;10.0;0.0;10.0;10.0;https://www.agoda.com/api/cronos/property/review/HotelReviews?hotelId=2937&pageSize=50&referer=https%3A%2F%2Fwww.agoda.com%2Fvenetian-resort-hotel-casino%2Fhotel%2Flas-vegas-nv-us.html&providerMode=separate;4;2026-06-07T16:23:33.156739+00:00;ok;
HVEGAS001;The Venetian Resort Las Vegas;Las Vegas;United States;agoda;agoda;332.0;Agoda;32c0bbdc90d2b365;20/07/2024;2024;14/07/2024;2024.0;8.0;0.0;10.0;8.0;https://www.agoda.com/api/cronos/property/review/HotelReviews?hotelId=2937&pageSize=50&referer=https%3A%2F%2Fwww.agoda.com%2Fvenetian-resort-hotel-casino%2Fhotel%2Flas-vegas-nv-us.html&providerMode=separate;4;2026-06-07T16:23:33.156739+00:00;ok;
HVEGAS001;The Venetian Resort Las Vegas;Las Vegas;United States;agoda;agoda;332.0;Agoda;f8e3943ff51940a3;20/07/2024;2024;15/07/2024;2024.0;9.6;0.0;10.0;9.6;https://www.agoda.com/api/cronos/property/review/HotelReviews?hotelId=2937&pageSize=50&referer=https%3A%2F%2Fwww.agoda.com%2Fvenetian-resort-hotel-casino%2Fhotel%2Flas-vegas-nv-us.html&providerMode=separate;26;2026-06-07T16:23:33.156739+00:00;ok;
HVEGAS001;The Venetian Resort Las Vegas;Las Vegas;United States;agoda;agoda;332.0;Agoda;89466c5ca466480d;21/07/2024;2024;14/07/2024;2024.0;10.0;0.0;10.0;10.0;https://www.agoda.com/api/cronos/property/review/HotelReviews?hotelId=2937&pageSize=50&referer=https%3A%2F%2Fwww.agoda.com%2Fvenetian-resort-hotel-casino%2Fhotel%2Flas-vegas-nv-us.html&providerMode=separate;4;2026-06-07T16:23:33.156739+00:00;ok;
HVEGAS001;The Venetian Resort Las Vegas;Las Vegas;United States;agoda;agoda;332.0;Agoda;f376aeda351e245d;23/07/2024;2024;22/07/2024;2024.0;10.0;0.0;10.0;10.0;https://www.agoda.com/api/cronos/property/review/HotelReviews?hotelId=2937&pageSize=50&referer=https%3A%2F%2Fwww.agoda.com%2Fvenetian-resort-hotel-casino%2Fhotel%2Flas-vegas-nv-us.html&providerMode=separate;4;2026-06-07T16:23:33.156739+00:00;ok;
HVEGAS001;The Venetian Resort Las Vegas;Las Vegas;United States;agoda;agoda;332.0;Agoda;5cb2999d21dc68d3;23/07/2024;2024;17/07/2024;2024.0;7.6;0.0;10.0;7.6;https://www.agoda.com/api/cronos/property/review/HotelReviews?hotelId=2937&pageSize=50&referer=https%3A%2F%2Fwww.agoda.com%2Fvenetian-resort-hotel-casino%2Fhotel%2Flas-vegas-nv-us.html&providerMode=separate;33;2026-06-07T16:23:33.156739+00:00;ok;
HVEGAS001;The Venetian Resort Las Vegas;Las Vegas;United States;agoda;agoda;332.0;Agoda;fe3e516d521a0e2b;23/07/2024;2024;21/07/2024;2024.0;10.0;0.0;10.0;10.0;https://www.agoda.com/api/cronos/property/review/HotelReviews?hotelId=2937&pageSize=50&referer=https%3A%2F%2Fwww.agoda.com%2Fvenetian-resort-hotel-casino%2Fhotel%2Flas-vegas-nv-us.html&providerMode=separate;33;2026-06-07T16:23:33.156739+00:00;ok;
HVEGAS001;The Venetian Resort Las Vegas;Las Vegas;United States;agoda;agoda;332.0;Agoda;6634ce80aac1cd8c;24/07/2024;2024;19/07/2024;2024.0;10.0;0.0;10.0;10.0;https://www.agoda.com/api/cronos/property/review/HotelReviews?hotelId=2937&pageSize=50&referer=https%3A%2F%2Fwww.agoda.com%2Fvenetian-resort-hotel-casino%2Fhotel%2Flas-vegas-nv-us.html&providerMode=separate;32;2026-06-07T16:23:33.156739+00:00;ok;
HVEGAS001;The Venetian Resort Las Vegas;Las Vegas;United States;agoda;agoda;332.0;Agoda;35137f013f979c1f;24/07/2024;2024;16/07/2024;2024.0;9.6;0.0;10.0;9.6;https://www.agoda.com/api/cronos/property/review/HotelReviews?hotelId=2937&pageSize=50&referer=https%3A%2F%2Fwww.agoda.com%2Fvenetian-resort-hotel-casino%2Fhotel%2Flas-vegas-nv-us.html&providerMode=separate;33;2026-06-07T16:23:33.156739+00:00;ok;
HVEGAS001;The Venetian Resort Las Vegas;Las Vegas;United States;agoda;agoda;332.0;Agoda;3672729191c9cd5f;25/07/2024;2024;20/07/2024;2024.0;10.0;0.0;10.0;10.0;https://www.agoda.com/api/cronos/property/review/HotelReviews?hotelId=2937&pageSize=50&referer=https%3A%2F%2Fwww.agoda.com%2Fvenetian-resort-hotel-casino%2Fhotel%2Flas-vegas-nv-us.html&providerMode=separate;4;2026-06-07T16:23:33.156739+00:00;ok;
HVEGAS001;The Venetian Resort Las Vegas;Las Vegas;United States;agoda;agoda;332.0;Agoda;0eee5c16ed4d597b;25/07/2024;2024;16/07/2024;2024.0;4.4;0.0;10.0;4.4;https://www.agoda.com/api/cronos/property/review/HotelReviews?hotelId=2937&pageSize=50&referer=https%3A%2F%2Fwww.agoda.com%2Fvenetian-resort-hotel-casino%2Fhotel%2Flas-vegas-nv-us.html&providerMode=separate;24;2026-06-07T16:23:33.156739+00:00;ok;
HVEGAS001;The Venetian Resort Las Vegas;Las Vegas;United States;agoda;agoda;332.0;Agoda;2f05b75492c981b9;25/07/2024;2024;16/07/2024;2024.0;4.4;0.0;10.0;4.4;https://www.agoda.com/api/cronos/property/review/HotelReviews?hotelId=2937&pageSize=50&referer=https%3A%2F%2Fwww.agoda.com%2Fvenetian-resort-hotel-casino%2Fhotel%2Flas-vegas-nv-us.html&providerMode=separate;24;2026-06-07T16:23:33.156739+00:00;ok;
HVEGAS001;The Venetian Resort Las Vegas;Las Vegas;United States;agoda;agoda;332.0;Agoda;e16fa08ea425bc35;28/07/2024;2024;21/07/2024;2024.0;9.2;0.0;10.0;9.2;https://www.agoda.com/api/cronos/property/review/HotelReviews?hotelId=2937&pageSize=50&referer=https%3A%2F%2Fwww.agoda.com%2Fvenetian-resort-hotel-casino%2Fhotel%2Flas-vegas-nv-us.html&providerMode=separate;22;2026-06-07T16:23:33.156739+00:00;ok;
HVEGAS001;The Venetian Resort Las Vegas;Las Vegas;United States;agoda;agoda;332.0;Agoda;9c02d9a1e6106703;30/07/2024;2024;14/07/2024;2024.0;10.0;0.0;10.0;10.0;https://www.agoda.com/api/cronos/property/review/HotelReviews?hotelId=2937&pageSize=50&referer=https%3A%2F%2Fwww.agoda.com%2Fvenetian-resort-hotel-casino%2Fhotel%2Flas-vegas-nv-us.html&providerMode=separate;4;2026-06-07T16:23:33.156739+00:00;ok;
HVEGAS001;The Venetian Resort Las Vegas;Las Vegas;United States;agoda;agoda;332.0;Agoda;05a573ffa9a7f9a3;30/07/2024;2024;22/07/2024;2024.0;8.0;0.0;10.0;8.0;https://www.agoda.com/api/cronos/property/review/HotelReviews?hotelId=2937&pageSize=50&referer=https%3A%2F%2Fwww.agoda.com%2Fvenetian-resort-hotel-casino%2Fhotel%2Flas-vegas-nv-us.html&providerMode=separate;27;2026-06-07T16:23:33.156739+00:00;ok;
HVEGAS001;The Venetian Resort Las Vegas;Las Vegas;United States;agoda;agoda;332.0;Agoda;7aa9187a33d69e16;31/07/2024;2024;22/07/2024;2024.0;8.4;0.0;10.0;8.4;https://www.agoda.com/api/cronos/property/review/HotelReviews?hotelId=2937&pageSize=50&referer=https%3A%2F%2Fwww.agoda.com%2Fvenetian-resort-hotel-casino%2Fhotel%2Flas-vegas-nv-us.html&providerMode=separate;4;2026-06-07T16:23:33.156739+00:00;ok;
HVEGAS001;The Venetian Resort Las Vegas;Las Vegas;United States;agoda;agoda;332.0;Agoda;26550c34b46151b6;31/07/2024;2024;26/07/2024;2024.0;7.2;0.0;10.0;7.2;https://www.agoda.com/api/cronos/property/review/HotelReviews?hotelId=2937&pageSize=50&referer=https%3A%2F%2Fwww.agoda.com%2Fvenetian-resort-hotel-casino%2Fhotel%2Flas-vegas-nv-us.html&providerMode=separate;4;2026-06-07T16:23:33.156739+00:00;ok;
HVEGAS001;The Venetian Resort Las Vegas;Las Vegas;United States;agoda;agoda;332.0;Agoda;12de18b6d1b9a921;02/08/2024;2024;19/07/2024;2024.0;9.6;0.0;10.0;9.6;https://www.agoda.com/api/cronos/property/review/HotelReviews?hotelId=2937&pageSize=50&referer=https%3A%2F%2Fwww.agoda.com%2Fvenetian-resort-hotel-casino%2Fhotel%2Flas-vegas-nv-us.html&providerMode=separate;4;2026-06-07T16:23:33.156739+00:00;ok;
HVEGAS001;The Venetian Resort Las Vegas;Las Vegas;United States;agoda;agoda;332.0;Agoda;ed700791fd7edd85;03/08/2024;2024;25/07/2024;2024.0;9.6;0.0;10.0;9.6;https://www.agoda.com/api/cronos/property/review/HotelReviews?hotelId=2937&pageSize=50&referer=https%3A%2F%2Fwww.agoda.com%2Fvenetian-resort-hotel-casino%2Fhotel%2Flas-vegas-nv-us.html&providerMode=separate;4;2026-06-07T16:23:33.156739+00:00;ok;
HVEGAS001;The Venetian Resort Las Vegas;Las Vegas;United States;agoda;agoda;332.0;Agoda;c96e9cea39bc22b5;05/08/2024;2024;02/08/2024;2024.0;7.6;0.0;10.0;7.6;https://www.agoda.com/api/cronos/property/review/HotelReviews?hotelId=2937&pageSize=50&referer=https%3A%2F%2Fwww.agoda.com%2Fvenetian-resort-hotel-casino%2Fhotel%2Flas-vegas-nv-us.html&providerMode=separate;26;2026-06-07T16:23:33.156739+00:00;ok;
HVEGAS001;The Venetian Resort Las Vegas;Las Vegas;United States;agoda;agoda;332.0;Agoda;a4b02da3a740ca1a;06/08/2024;2024;05/08/2024;2024.0;6.8;0.0;10.0;6.8;https://www.agoda.com/api/cronos/property/review/HotelReviews?hotelId=2937&pageSize=50&referer=https%3A%2F%2Fwww.agoda.com%2Fvenetian-resort-hotel-casino%2Fhotel%2Flas-vegas-nv-us.html&providerMode=separate;3;2026-06-07T16:23:33.156739+00:00;ok;
HVEGAS001;The Venetian Resort Las Vegas;Las Vegas;United States;agoda;agoda;332.0;Agoda;90899e269ba7d2b1;08/08/2024;2024;04/08/2024;2024.0;9.2;0.0;10.0;9.2;https://www.agoda.com/api/cronos/property/review/HotelReviews?hotelId=2937&pageSize=50&referer=https%3A%2F%2Fwww.agoda.com%2Fvenetian-resort-hotel-casino%2Fhotel%2Flas-vegas-nv-us.html&providerMode=separate;3;2026-06-07T16:23:33.156739+00:00;ok;
HVEGAS001;The Venetian Resort Las Vegas;Las Vegas;United States;agoda;agoda;332.0;Agoda;ff09d5de4f403904;09/08/2024;2024;29/07/2024;2024.0;8.4;0.0;10.0;8.4;https://www.agoda.com/api/cronos/property/review/HotelReviews?hotelId=2937&pageSize=50&referer=https%3A%2F%2Fwww.agoda.com%2Fvenetian-resort-hotel-casino%2Fhotel%2Flas-vegas-nv-us.html&providerMode=separate;3;2026-06-07T16:23:33.156739+00:00;ok;
HVEGAS001;The Venetian Resort Las Vegas;Las Vegas;United States;agoda;agoda;332.0;Agoda;c49298fa432e8036;11/08/2024;2024;23/07/2024;2024.0;9.2;0.0;10.0;9.2;https://www.agoda.com/api/cronos/property/review/HotelReviews?hotelId=2937&pageSize=50&referer=https%3A%2F%2Fwww.agoda.com%2Fvenetian-resort-hotel-casino%2Fhotel%2Flas-vegas-nv-us.html&providerMode=separate;33;2026-06-07T16:23:33.156739+00:00;ok;
HVEGAS001;The Venetian Resort Las Vegas;Las Vegas;United States;agoda;agoda;332.0;Agoda;47bf0cb68b31e822;13/08/2024;2024;08/08/2024;2024.0;9.2;0.0;10.0;9.2;https://www.agoda.com/api/cronos/property/review/HotelReviews?hotelId=2937&pageSize=50&referer=https%3A%2F%2Fwww.agoda.com%2Fvenetian-resort-hotel-casino%2Fhotel%2Flas-vegas-nv-us.html&providerMode=separate;3;2026-06-07T16:23:33.156739+00:00;ok;
HVEGAS001;The Venetian Resort Las Vegas;Las Vegas;United States;agoda;agoda;332.0;Agoda;c6cd40f30626fc29;13/08/2024;2024;12/08/2024;2024.0;6.0;0.0;10.0;6.0;https://www.agoda.com/api/cronos/property/review/HotelReviews?hotelId=2937&pageSize=50&referer=https%3A%2F%2Fwww.agoda.com%2Fvenetian-resort-hotel-casino%2Fhotel%2Flas-vegas-nv-us.html&providerMode=separate;33;2026-06-07T16:23:33.156739+00:00;ok;
HVEGAS001;The Venetian Resort Las Vegas;Las Vegas;United States;agoda;agoda;332.0;Agoda;44476dc3cba0b48b;14/08/2024;2024;12/08/2024;2024.0;10.0;0.0;10.0;10.0;https://www.agoda.com/api/cronos/property/review/HotelReviews?hotelId=2937&pageSize=50&referer=https%3A%2F%2Fwww.agoda.com%2Fvenetian-resort-hotel-casino%2Fhotel%2Flas-vegas-nv-us.html&providerMode=separate;3;2026-06-07T16:23:33.156739+00:00;ok;
HVEGAS001;The Venetian Resort Las Vegas;Las Vegas;United States;agoda;agoda;332.0;Agoda;1cad2354c2975684;14/08/2024;2024;11/08/2024;2024.0;9.2;0.0;10.0;9.2;https://www.agoda.com/api/cronos/property/review/HotelReviews?hotelId=2937&pageSize=50&referer=https%3A%2F%2Fwww.agoda.com%2Fvenetian-resort-hotel-casino%2Fhotel%2Flas-vegas-nv-us.html&providerMode=separate;3;2026-06-07T16:23:33.156739+00:00;ok;
HVEGAS001;The Venetian Resort Las Vegas;Las Vegas;United States;agoda;agoda;332.0;Agoda;cb78f9a591afd9fb;14/08/2024;2024;04/08/2024;2024.0;9.6;0.0;10.0;9.6;https://www.agoda.com/api/cronos/property/review/HotelReviews?hotelId=2937&pageSize=50&referer=https%3A%2F%2Fwww.agoda.com%2Fvenetian-resort-hotel-casino%2Fhotel%2Flas-vegas-nv-us.html&providerMode=separate;3;2026-06-07T16:23:33.156739+00:00;ok;
HVEGAS001;The Venetian Resort Las Vegas;Las Vegas;United States;agoda;agoda;332.0;Agoda;408508f5b8ae4e72;16/08/2024;2024;10/08/2024;2024.0;9.6;0.0;10.0;9.6;https://www.agoda.com/api/cronos/property/review/HotelReviews?hotelId=2937&pageSize=50&referer=https%3A%2F%2Fwww.agoda.com%2Fvenetian-resort-hotel-casino%2Fhotel%2Flas-vegas-nv-us.html&providerMode=separate;3;2026-06-07T16:23:33.156739+00:00;ok;
HVEGAS001;The Venetian Resort Las Vegas;Las Vegas;United States;agoda;agoda;332.0;Agoda;a6897e445b8c66c3;16/08/2024;2024;13/08/2024;2024.0;9.2;0.0;10.0;9.2;https://www.agoda.com/api/cronos/property/review/HotelReviews?hotelId=2937&pageSize=50&referer=https%3A%2F%2Fwww.agoda.com%2Fvenetian-resort-hotel-casino%2Fhotel%2Flas-vegas-nv-us.html&providerMode=separate;21;2026-06-07T16:23:33.156739+00:00;ok;
HVEGAS001;The Venetian Resort Las Vegas;Las Vegas;United States;agoda;agoda;332.0;Agoda;5edaf5d1dedeebdd;17/08/2024;2024;14/08/2024;2024.0;10.0;0.0;10.0;10.0;https://www.agoda.com/api/cronos/property/review/HotelReviews?hotelId=2937&pageSize=50&referer=https%3A%2F%2Fwww.agoda.com%2Fvenetian-resort-hotel-casino%2Fhotel%2Flas-vegas-nv-us.html&providerMode=separate;23;2026-06-07T16:23:33.156739+00:00;ok;
HVEGAS001;The Venetian Resort Las Vegas;Las Vegas;United States;agoda;agoda;332.0;Agoda;444f61a94df716ad;19/08/2024;2024;18/08/2024;2024.0;9.2;0.0;10.0;9.2;https://www.agoda.com/api/cronos/property/review/HotelReviews?hotelId=2937&pageSize=50&referer=https%3A%2F%2Fwww.agoda.com%2Fvenetian-resort-hotel-casino%2Fhotel%2Flas-vegas-nv-us.html&providerMode=separate;21;2026-06-07T16:23:33.156739+00:00;ok;
HVEGAS001;The Venetian Resort Las Vegas;Las Vegas;United States;agoda;agoda;332.0;Agoda;93c80f8526e492c2;19/08/2024;2024;13/08/2024;2024.0;9.2;0.0;10.0;9.2;https://www.agoda.com/api/cronos/property/review/HotelReviews?hotelId=2937&pageSize=50&referer=https%3A%2F%2Fwww.agoda.com%2Fvenetian-resort-hotel-casino%2Fhotel%2Flas-vegas-nv-us.html&providerMode=separate;23;2026-06-07T16:23:33.156739+00:00;ok;
HVEGAS001;The Venetian Resort Las Vegas;Las Vegas;United States;agoda;agoda;332.0;Agoda;9302edee781f1ad5;19/08/2024;2024;12/08/2024;2024.0;9.2;0.0;10.0;9.2;https://www.agoda.com/api/cronos/property/review/HotelReviews?hotelId=2937&pageSize=50&referer=https%3A%2F%2Fwww.agoda.com%2Fvenetian-resort-hotel-casino%2Fhotel%2Flas-vegas-nv-us.html&providerMode=separate;26;2026-06-07T16:23:33.156739+00:00;ok;
HVEGAS001;The Venetian Resort Las Vegas;Las Vegas;United States;agoda;agoda;332.0;Agoda;1ce1aef46e2aef61;22/08/2024;2024;18/08/2024;2024.0;10.0;0.0;10.0;10.0;https://www.agoda.com/api/cronos/property/review/HotelReviews?hotelId=2937&pageSize=50&referer=https%3A%2F%2Fwww.agoda.com%2Fvenetian-resort-hotel-casino%2Fhotel%2Flas-vegas-nv-us.html&providerMode=separate;3;2026-06-07T16:23:33.156739+00:00;ok;
HVEGAS001;The Venetian Resort Las Vegas;Las Vegas;United States;agoda;agoda;332.0;Agoda;bfdc563ecbf45458;22/08/2024;2024;18/08/2024;2024.0;8.8;0.0;10.0;8.8;https://www.agoda.com/api/cronos/property/review/HotelReviews?hotelId=2937&pageSize=50&referer=https%3A%2F%2Fwww.agoda.com%2Fvenetian-resort-hotel-casino%2Fhotel%2Flas-vegas-nv-us.html&providerMode=separate;21;2026-06-07T16:23:33.156739+00:00;ok;
HVEGAS001;The Venetian Resort Las Vegas;Las Vegas;United States;agoda;agoda;332.0;Agoda;28b6de4737b01c7d;22/08/2024;2024;21/08/2024;2024.0;3.6;0.0;10.0;3.6;https://www.agoda.com/api/cronos/property/review/HotelReviews?hotelId=2937&pageSize=50&referer=https%3A%2F%2Fwww.agoda.com%2Fvenetian-resort-hotel-casino%2Fhotel%2Flas-vegas-nv-us.html&providerMode=separate;33;2026-06-07T16:23:33.156739+00:00;ok;
HVEGAS001;The Venetian Resort Las Vegas;Las Vegas;United States;agoda;agoda;332.0;Agoda;8a60b3ac7c7044ec;28/08/2024;2024;21/08/2024;2024.0;10.0;0.0;10.0;10.0;https://www.agoda.com/api/cronos/property/review/HotelReviews?hotelId=2937&pageSize=50&referer=https%3A%2F%2Fwww.agoda.com%2Fvenetian-resort-hotel-casino%2Fhotel%2Flas-vegas-nv-us.html&providerMode=separate;3;2026-06-07T16:23:33.156739+00:00;ok;
HVEGAS001;The Venetian Resort Las Vegas;Las Vegas;United States;agoda;agoda;332.0;Agoda;ce8f81b040891acc;28/08/2024;2024;26/08/2024;2024.0;10.0;0.0;10.0;10.0;https://www.agoda.com/api/cronos/property/review/HotelReviews?hotelId=2937&pageSize=50&referer=https%3A%2F%2Fwww.agoda.com%2Fvenetian-resort-hotel-casino%2Fhotel%2Flas-vegas-nv-us.html&providerMode=separate;33;2026-06-07T16:23:33.156739+00:00;ok;
HVEGAS001;The Venetian Resort Las Vegas;Las Vegas;United States;agoda;agoda;332.0;Agoda;7dbf09b0b6edafd9;30/08/2024;2024;27/08/2024;2024.0;10.0;0.0;10.0;10.0;https://www.agoda.com/api/cronos/property/review/HotelReviews?hotelId=2937&pageSize=50&referer=https%3A%2F%2Fwww.agoda.com%2Fvenetian-resort-hotel-casino%2Fhotel%2Flas-vegas-nv-us.html&providerMode=separate;3;2026-06-07T16:23:33.156739+00:00;ok;
HVEGAS001;The Venetian Resort Las Vegas;Las Vegas;United States;agoda;agoda;332.0;Agoda;5ea06718ac15a824;01/09/2024;2024;23/08/2024;2024.0;4.0;0.0;10.0;4.0;https://www.agoda.com/api/cronos/property/review/HotelReviews?hotelId=2937&pageSize=50&referer=https%3A%2F%2Fwww.agoda.com%2Fvenetian-resort-hotel-casino%2Fhotel%2Flas-vegas-nv-us.html&providerMode=separate;26;2026-06-07T16:23:33.156739+00:00;ok;
HVEGAS001;The Venetian Resort Las Vegas;Las Vegas;United States;agoda;agoda;332.0;Agoda;deb0851855baad28;03/09/2024;2024;02/09/2024;2024.0;4.8;0.0;10.0;4.8;https://www.agoda.com/api/cronos/property/review/HotelReviews?hotelId=2937&pageSize=50&referer=https%3A%2F%2Fwww.agoda.com%2Fvenetian-resort-hotel-casino%2Fhotel%2Flas-vegas-nv-us.html&providerMode=separate;3;2026-06-07T16:23:33.156739+00:00;ok;
HVEGAS001;The Venetian Resort Las Vegas;Las Vegas;United States;agoda;agoda;332.0;Agoda;1136ef6b3a657379;04/09/2024;2024;29/08/2024;2024.0;9.6;0.0;10.0;9.6;https://www.agoda.com/api/cronos/property/review/HotelReviews?hotelId=2937&pageSize=50&referer=https%3A%2F%2Fwww.agoda.com%2Fvenetian-resort-hotel-casino%2Fhotel%2Flas-vegas-nv-us.html&providerMode=separate;23;2026-06-07T16:23:33.156739+00:00;ok;
HVEGAS001;The Venetian Resort Las Vegas;Las Vegas;United States;agoda;agoda;332.0;Agoda;dcb261a1230865db;05/09/2024;2024;30/08/2024;2024.0;10.0;0.0;10.0;10.0;https://www.agoda.com/api/cronos/property/review/HotelReviews?hotelId=2937&pageSize=50&referer=https%3A%2F%2Fwww.agoda.com%2Fvenetian-resort-hotel-casino%2Fhotel%2Flas-vegas-nv-us.html&providerMode=separate;3;2026-06-07T16:23:33.156739+00:00;ok;
HVEGAS001;The Venetian Resort Las Vegas;Las Vegas;United States;agoda;agoda;332.0;Agoda;f226287ff363a49a;05/09/2024;2024;02/09/2024;2024.0;10.0;0.0;10.0;10.0;https://www.agoda.com/api/cronos/property/review/HotelReviews?hotelId=2937&pageSize=50&referer=https%3A%2F%2Fwww.agoda.com%2Fvenetian-resort-hotel-casino%2Fhotel%2Flas-vegas-nv-us.html&providerMode=separate;27;2026-06-07T16:23:33.156739+00:00;ok;
HVEGAS001;The Venetian Resort Las Vegas;Las Vegas;United States;agoda;agoda;332.0;Agoda;1a563348b92ff8ef;06/09/2024;2024;02/09/2024;2024.0;9.2;0.0;10.0;9.2;https://www.agoda.com/api/cronos/property/review/HotelReviews?hotelId=2937&pageSize=50&referer=https%3A%2F%2Fwww.agoda.com%2Fvenetian-resort-hotel-casino%2Fhotel%2Flas-vegas-nv-us.html&providerMode=separate;24;2026-06-07T16:23:33.156739+00:00;ok;
HVEGAS001;The Venetian Resort Las Vegas;Las Vegas;United States;agoda;agoda;332.0;Agoda;70563d4b3382b7f3;09/09/2024;2024;31/08/2024;2024.0;10.0;0.0;10.0;10.0;https://www.agoda.com/api/cronos/property/review/HotelReviews?hotelId=2937&pageSize=50&referer=https%3A%2F%2Fwww.agoda.com%2Fvenetian-resort-hotel-casino%2Fhotel%2Flas-vegas-nv-us.html&providerMode=separate;3;2026-06-07T16:23:33.156739+00:00;ok;
HVEGAS001;The Venetian Resort Las Vegas;Las Vegas;United States;agoda;agoda;332.0;Agoda;4e45308144647622;09/09/2024;2024;07/09/2024;2024.0;10.0;0.0;10.0;10.0;https://www.agoda.com/api/cronos/property/review/HotelReviews?hotelId=2937&pageSize=50&referer=https%3A%2F%2Fwww.agoda.com%2Fvenetian-resort-hotel-casino%2Fhotel%2Flas-vegas-nv-us.html&providerMode=separate;3;2026-06-07T16:23:33.156739+00:00;ok;
HVEGAS001;The Venetian Resort Las Vegas;Las Vegas;United States;agoda;agoda;332.0;Agoda;9440dff8df345d3d;11/09/2024;2024;10/09/2024;2024.0;10.0;0.0;10.0;10.0;https://www.agoda.com/api/cronos/property/review/HotelReviews?hotelId=2937&pageSize=50&referer=https%3A%2F%2Fwww.agoda.com%2Fvenetian-resort-hotel-casino%2Fhotel%2Flas-vegas-nv-us.html&providerMode=separate;3;2026-06-07T16:23:33.156739+00:00;ok;
HVEGAS001;The Venetian Resort Las Vegas;Las Vegas;United States;agoda;agoda;332.0;Agoda;46a1ee322955f4bc;14/09/2024;2024;05/09/2024;2024.0;10.0;0.0;10.0;10.0;https://www.agoda.com/api/cronos/property/review/HotelReviews?hotelId=2937&pageSize=50&referer=https%3A%2F%2Fwww.agoda.com%2Fvenetian-resort-hotel-casino%2Fhotel%2Flas-vegas-nv-us.html&providerMode=separate;3;2026-06-07T16:23:33.156739+00:00;ok;
HVEGAS001;The Venetian Resort Las Vegas;Las Vegas;United States;agoda;agoda;332.0;Agoda;4b5a1a915e968545;14/09/2024;2024;13/09/2024;2024.0;8.4;0.0;10.0;8.4;https://www.agoda.com/api/cronos/property/review/HotelReviews?hotelId=2937&pageSize=50&referer=https%3A%2F%2Fwww.agoda.com%2Fvenetian-resort-hotel-casino%2Fhotel%2Flas-vegas-nv-us.html&providerMode=separate;21;2026-06-07T16:23:33.156739+00:00;ok;
HVEGAS001;The Venetian Resort Las Vegas;Las Vegas;United States;agoda;agoda;332.0;Agoda;d639dd18347ea836;14/09/2024;2024;12/09/2024;2024.0;10.0;0.0;10.0;10.0;https://www.agoda.com/api/cronos/property/review/HotelReviews?hotelId=2937&pageSize=50&referer=https%3A%2F%2Fwww.agoda.com%2Fvenetian-resort-hotel-casino%2Fhotel%2Flas-vegas-nv-us.html&providerMode=separate;24;2026-06-07T16:23:33.156739+00:00;ok;
HVEGAS001;The Venetian Resort Las Vegas;Las Vegas;United States;agoda;agoda;332.0;Agoda;648634dd7c51eb7a;17/09/2024;2024;12/09/2024;2024.0;10.0;0.0;10.0;10.0;https://www.agoda.com/api/cronos/property/review/HotelReviews?hotelId=2937&pageSize=50&referer=https%3A%2F%2Fwww.agoda.com%2Fvenetian-resort-hotel-casino%2Fhotel%2Flas-vegas-nv-us.html&providerMode=separate;3;2026-06-07T16:23:33.156739+00:00;ok;
HVEGAS001;The Venetian Resort Las Vegas;Las Vegas;United States;agoda;agoda;332.0;Agoda;6e180b5f4e486647;17/09/2024;2024;12/09/2024;2024.0;10.0;0.0;10.0;10.0;https://www.agoda.com/api/cronos/property/review/HotelReviews?hotelId=2937&pageSize=50&referer=https%3A%2F%2Fwww.agoda.com%2Fvenetian-resort-hotel-casino%2Fhotel%2Flas-vegas-nv-us.html&providerMode=separate;23;2026-06-07T16:23:33.156739+00:00;ok;
HVEGAS001;The Venetian Resort Las Vegas;Las Vegas;United States;agoda;agoda;332.0;Agoda;4e6376858dbbe3b4;19/09/2024;2024;12/09/2024;2024.0;8.4;0.0;10.0;8.4;https://www.agoda.com/api/cronos/property/review/HotelReviews?hotelId=2937&pageSize=50&referer=https%3A%2F%2Fwww.agoda.com%2Fvenetian-resort-hotel-casino%2Fhotel%2Flas-vegas-nv-us.html&providerMode=separate;3;2026-06-07T16:23:33.156739+00:00;ok;
HVEGAS001;The Venetian Resort Las Vegas;Las Vegas;United States;agoda;agoda;332.0;Agoda;93af2264befd0b92;19/09/2024;2024;12/09/2024;2024.0;10.0;0.0;10.0;10.0;https://www.agoda.com/api/cronos/property/review/HotelReviews?hotelId=2937&pageSize=50&referer=https%3A%2F%2Fwww.agoda.com%2Fvenetian-resort-hotel-casino%2Fhotel%2Flas-vegas-nv-us.html&providerMode=separate;27;2026-06-07T16:23:33.156739+00:00;ok;
HVEGAS001;The Venetian Resort Las Vegas;Las Vegas;United States;agoda;agoda;332.0;Agoda;5bdc89c207a0eea8;20/09/2024;2024;15/09/2024;2024.0;10.0;0.0;10.0;10.0;https://www.agoda.com/api/cronos/property/review/HotelReviews?hotelId=2937&pageSize=50&referer=https%3A%2F%2Fwww.agoda.com%2Fvenetian-resort-hotel-casino%2Fhotel%2Flas-vegas-nv-us.html&providerMode=separate;3;2026-06-07T16:23:33.156739+00:00;ok;
HVEGAS001;The Venetian Resort Las Vegas;Las Vegas;United States;agoda;agoda;332.0;Agoda;24f05c64e372bcb0;21/09/2024;2024;17/09/2024;2024.0;10.0;0.0;10.0;10.0;https://www.agoda.com/api/cronos/property/review/HotelReviews?hotelId=2937&pageSize=50&referer=https%3A%2F%2Fwww.agoda.com%2Fvenetian-resort-hotel-casino%2Fhotel%2Flas-vegas-nv-us.html&providerMode=separate;3;2026-06-07T16:23:33.156739+00:00;ok;
HVEGAS001;The Venetian Resort Las Vegas;Las Vegas;United States;agoda;agoda;332.0;Agoda;1bb0efc710a33da0;21/09/2024;2024;13/09/2024;2024.0;10.0;0.0;10.0;10.0;https://www.agoda.com/api/cronos/property/review/HotelReviews?hotelId=2937&pageSize=50&referer=https%3A%2F%2Fwww.agoda.com%2Fvenetian-resort-hotel-casino%2Fhotel%2Flas-vegas-nv-us.html&providerMode=separate;27;2026-06-07T16:23:33.156739+00:00;ok;
HVEGAS001;The Venetian Resort Las Vegas;Las Vegas;United States;agoda;agoda;332.0;Agoda;e066a62093c18df1;23/09/2024;2024;21/09/2024;2024.0;9.2;0.0;10.0;9.2;https://www.agoda.com/api/cronos/property/review/HotelReviews?hotelId=2937&pageSize=50&referer=https%3A%2F%2Fwww.agoda.com%2Fvenetian-resort-hotel-casino%2Fhotel%2Flas-vegas-nv-us.html&providerMode=separate;3;2026-06-07T16:23:33.156739+00:00;ok;
HVEGAS001;The Venetian Resort Las Vegas;Las Vegas;United States;agoda;agoda;332.0;Agoda;da9def9cc8e9b90c;24/09/2024;2024;22/09/2024;2024.0;9.6;0.0;10.0;9.6;https://www.agoda.com/api/cronos/property/review/HotelReviews?hotelId=2937&pageSize=50&referer=https%3A%2F%2Fwww.agoda.com%2Fvenetian-resort-hotel-casino%2Fhotel%2Flas-vegas-nv-us.html&providerMode=separate;23;2026-06-07T16:23:33.156739+00:00;ok;
HVEGAS001;The Venetian Resort Las Vegas;Las Vegas;United States;agoda;agoda;332.0;Agoda;03cc1869c81e3e08;25/09/2024;2024;22/08/2024;2024.0;8.4;0.0;10.0;8.4;https://www.agoda.com/api/cronos/property/review/HotelReviews?hotelId=2937&pageSize=50&referer=https%3A%2F%2Fwww.agoda.com%2Fvenetian-resort-hotel-casino%2Fhotel%2Flas-vegas-nv-us.html&providerMode=separate;3;2026-06-07T16:23:33.156739+00:00;ok;
HVEGAS001;The Venetian Resort Las Vegas;Las Vegas;United States;agoda;agoda;332.0;Agoda;8dfc73d17774ba06;28/09/2024;2024;26/09/2024;2024.0;9.6;0.0;10.0;9.6;https://www.agoda.com/api/cronos/property/review/HotelReviews?hotelId=2937&pageSize=50&referer=https%3A%2F%2Fwww.agoda.com%2Fvenetian-resort-hotel-casino%2Fhotel%2Flas-vegas-nv-us.html&providerMode=separate;3;2026-06-07T16:23:33.156739+00:00;ok;
HVEGAS001;The Venetian Resort Las Vegas;Las Vegas;United States;agoda;agoda;332.0;Agoda;94d275e393e4f0a6;28/09/2024;2024;23/09/2024;2024.0;7.6;0.0;10.0;7.6;https://www.agoda.com/api/cronos/property/review/HotelReviews?hotelId=2937&pageSize=50&referer=https%3A%2F%2Fwww.agoda.com%2Fvenetian-resort-hotel-casino%2Fhotel%2Flas-vegas-nv-us.html&providerMode=separate;3;2026-06-07T16:23:33.156739+00:00;ok;
HVEGAS001;The Venetian Resort Las Vegas;Las Vegas;United States;agoda;agoda;332.0;Agoda;e50cffe6997b89c4;29/09/2024;2024;12/09/2024;2024.0;9.6;0.0;10.0;9.6;https://www.agoda.com/api/cronos/property/review/HotelReviews?hotelId=2937&pageSize=50&referer=https%3A%2F%2Fwww.agoda.com%2Fvenetian-resort-hotel-casino%2Fhotel%2Flas-vegas-nv-us.html&providerMode=separate;3;2026-06-07T16:23:33.156739+00:00;ok;
HVEGAS001;The Venetian Resort Las Vegas;Las Vegas;United States;agoda;agoda;332.0;Agoda;101554f9a6933030;02/10/2024;2024;24/09/2024;2024.0;10.0;0.0;10.0;10.0;https://www.agoda.com/api/cronos/property/review/HotelReviews?hotelId=2937&pageSize=50&referer=https%3A%2F%2Fwww.agoda.com%2Fvenetian-resort-hotel-casino%2Fhotel%2Flas-vegas-nv-us.html&providerMode=separate;27;2026-06-07T16:23:33.156739+00:00;ok;
HVEGAS001;The Venetian Resort Las Vegas;Las Vegas;United States;agoda;agoda;332.0;Agoda;2890a691ed785be1;06/10/2024;2024;30/09/2024;2024.0;10.0;0.0;10.0;10.0;https://www.agoda.com/api/cronos/property/review/HotelReviews?hotelId=2937&pageSize=50&referer=https%3A%2F%2Fwww.agoda.com%2Fvenetian-resort-hotel-casino%2Fhotel%2Flas-vegas-nv-us.html&providerMode=separate;3;2026-06-07T16:23:33.156739+00:00;ok;
HVEGAS001;The Venetian Resort Las Vegas;Las Vegas;United States;agoda;agoda;332.0;Agoda;d68ed22ca44c650a;07/10/2024;2024;04/09/2024;2024.0;10.0;0.0;10.0;10.0;https://www.agoda.com/api/cronos/property/review/HotelReviews?hotelId=2937&pageSize=50&referer=https%3A%2F%2Fwww.agoda.com%2Fvenetian-resort-hotel-casino%2Fhotel%2Flas-vegas-nv-us.html&providerMode=separate;23;2026-06-07T16:23:33.156739+00:00;ok;
HVEGAS001;The Venetian Resort Las Vegas;Las Vegas;United States;agoda;agoda;332.0;Agoda;45d7ee3233312b5b;07/10/2024;2024;05/10/2024;2024.0;8.0;0.0;10.0;8.0;https://www.agoda.com/api/cronos/property/review/HotelReviews?hotelId=2937&pageSize=50&referer=https%3A%2F%2Fwww.agoda.com%2Fvenetian-resort-hotel-casino%2Fhotel%2Flas-vegas-nv-us.html&providerMode=separate;27;2026-06-07T16:23:33.156739+00:00;ok;
HVEGAS001;The Venetian Resort Las Vegas;Las Vegas;United States;agoda;agoda;332.0;Agoda;e40bd17116df46b8;09/10/2024;2024;07/09/2024;2024.0;10.0;0.0;10.0;10.0;https://www.agoda.com/api/cronos/property/review/HotelReviews?hotelId=2937&pageSize=50&referer=https%3A%2F%2Fwww.agoda.com%2Fvenetian-resort-hotel-casino%2Fhotel%2Flas-vegas-nv-us.html&providerMode=separate;3;2026-06-07T16:23:33.156739+00:00;ok;
HVEGAS001;The Venetian Resort Las Vegas;Las Vegas;United States;agoda;agoda;332.0;Agoda;d1e71770f2d5ebcc;09/10/2024;2024;07/10/2024;2024.0;6.0;0.0;10.0;6.0;https://www.agoda.com/api/cronos/property/review/HotelReviews?hotelId=2937&pageSize=50&referer=https%3A%2F%2Fwww.agoda.com%2Fvenetian-resort-hotel-casino%2Fhotel%2Flas-vegas-nv-us.html&providerMode=separate;23;2026-06-07T16:23:33.156739+00:00;ok;
HVEGAS001;The Venetian Resort Las Vegas;Las Vegas;United States;agoda;agoda;332.0;Agoda;361fa372e8bdbbfa;09/10/2024;2024;01/10/2024;2024.0;10.0;0.0;10.0;10.0;https://www.agoda.com/api/cronos/property/review/HotelReviews?hotelId=2937&pageSize=50&referer=https%3A%2F%2Fwww.agoda.com%2Fvenetian-resort-hotel-casino%2Fhotel%2Flas-vegas-nv-us.html&providerMode=separate;23;2026-06-07T16:23:33.156739+00:00;ok;
HVEGAS001;The Venetian Resort Las Vegas;Las Vegas;United States;agoda;agoda;332.0;Agoda;3fe4fb2ec0c80b19;10/10/2024;2024;16/09/2024;2024.0;10.0;0.0;10.0;10.0;https://www.agoda.com/api/cronos/property/review/HotelReviews?hotelId=2937&pageSize=50&referer=https%3A%2F%2Fwww.agoda.com%2Fvenetian-resort-hotel-casino%2Fhotel%2Flas-vegas-nv-us.html&providerMode=separate;3;2026-06-07T16:23:33.156739+00:00;ok;
HVEGAS001;The Venetian Resort Las Vegas;Las Vegas;United States;agoda;agoda;332.0;Agoda;1fb7d9b3ebd96463;12/10/2024;2024;01/10/2024;2024.0;9.2;0.0;10.0;9.2;https://www.agoda.com/api/cronos/property/review/HotelReviews?hotelId=2937&pageSize=50&referer=https%3A%2F%2Fwww.agoda.com%2Fvenetian-resort-hotel-casino%2Fhotel%2Flas-vegas-nv-us.html&providerMode=separate;3;2026-06-07T16:23:33.156739+00:00;ok;
HVEGAS001;The Venetian Resort Las Vegas;Las Vegas;United States;agoda;agoda;332.0;Agoda;3d3630085878f5f7;13/10/2024;2024;02/10/2024;2024.0;8.0;0.0;10.0;8.0;https://www.agoda.com/api/cronos/property/review/HotelReviews?hotelId=2937&pageSize=50&referer=https%3A%2F%2Fwww.agoda.com%2Fvenetian-resort-hotel-casino%2Fhotel%2Flas-vegas-nv-us.html&providerMode=separate;3;2026-06-07T16:23:33.156739+00:00;ok;
HVEGAS001;The Venetian Resort Las Vegas;Las Vegas;United States;agoda;agoda;332.0;Agoda;8f574bdf410d47d1;13/10/2024;2024;06/10/2024;2024.0;3.2;0.0;10.0;3.2;https://www.agoda.com/api/cronos/property/review/HotelReviews?hotelId=2937&pageSize=50&referer=https%3A%2F%2Fwww.agoda.com%2Fvenetian-resort-hotel-casino%2Fhotel%2Flas-vegas-nv-us.html&providerMode=separate;3;2026-06-07T16:23:33.156739+00:00;ok;
HVEGAS001;The Venetian Resort Las Vegas;Las Vegas;United States;agoda;agoda;332.0;Agoda;1051f5da27807070;15/10/2024;2024;09/10/2024;2024.0;9.6;0.0;10.0;9.6;https://www.agoda.com/api/cronos/property/review/HotelReviews?hotelId=2937&pageSize=50&referer=https%3A%2F%2Fwww.agoda.com%2Fvenetian-resort-hotel-casino%2Fhotel%2Flas-vegas-nv-us.html&providerMode=separate;27;2026-06-07T16:23:33.156739+00:00;ok;
HVEGAS001;The Venetian Resort Las Vegas;Las Vegas;United States;agoda;agoda;332.0;Agoda;f9fee611f7f80504;16/10/2024;2024;30/09/2024;2024.0;7.6;0.0;10.0;7.6;https://www.agoda.com/api/cronos/property/review/HotelReviews?hotelId=2937&pageSize=50&referer=https%3A%2F%2Fwww.agoda.com%2Fvenetian-resort-hotel-casino%2Fhotel%2Flas-vegas-nv-us.html&providerMode=separate;22;2026-06-07T16:23:33.156739+00:00;ok;
HVEGAS001;The Venetian Resort Las Vegas;Las Vegas;United States;agoda;agoda;332.0;Agoda;e4ed315f4c82040f;16/10/2024;2024;13/10/2024;2024.0;10.0;0.0;10.0;10.0;https://www.agoda.com/api/cronos/property/review/HotelReviews?hotelId=2937&pageSize=50&referer=https%3A%2F%2Fwww.agoda.com%2Fvenetian-resort-hotel-casino%2Fhotel%2Flas-vegas-nv-us.html&providerMode=separate;27;2026-06-07T16:23:33.156739+00:00;ok;
HVEGAS001;The Venetian Resort Las Vegas;Las Vegas;United States;agoda;agoda;332.0;Agoda;32a29249d598a019;17/10/2024;2024;11/08/2024;2024.0;9.6;0.0;10.0;9.6;https://www.agoda.com/api/cronos/property/review/HotelReviews?hotelId=2937&pageSize=50&referer=https%3A%2F%2Fwww.agoda.com%2Fvenetian-resort-hotel-casino%2Fhotel%2Flas-vegas-nv-us.html&providerMode=separate;24;2026-06-07T16:23:33.156739+00:00;ok;
HVEGAS001;The Venetian Resort Las Vegas;Las Vegas;United States;agoda;agoda;332.0;Agoda;63e0d6565d1c7db4;18/10/2024;2024;10/10/2024;2024.0;9.2;0.0;10.0;9.2;https://www.agoda.com/api/cronos/property/review/HotelReviews?hotelId=2937&pageSize=50&referer=https%3A%2F%2Fwww.agoda.com%2Fvenetian-resort-hotel-casino%2Fhotel%2Flas-vegas-nv-us.html&providerMode=separate;3;2026-06-07T16:23:33.156739+00:00;ok;
HVEGAS001;The Venetian Resort Las Vegas;Las Vegas;United States;agoda;agoda;332.0;Agoda;50e9b4c5e9d1cf2c;19/10/2024;2024;13/10/2024;2024.0;10.0;0.0;10.0;10.0;https://www.agoda.com/api/cronos/property/review/HotelReviews?hotelId=2937&pageSize=50&referer=https%3A%2F%2Fwww.agoda.com%2Fvenetian-resort-hotel-casino%2Fhotel%2Flas-vegas-nv-us.html&providerMode=separate;3;2026-06-07T16:23:33.156739+00:00;ok;
HVEGAS001;The Venetian Resort Las Vegas;Las Vegas;United States;agoda;agoda;332.0;Agoda;f5790e14abd31d4e;21/10/2024;2024;10/10/2024;2024.0;10.0;0.0;10.0;10.0;https://www.agoda.com/api/cronos/property/review/HotelReviews?hotelId=2937&pageSize=50&referer=https%3A%2F%2Fwww.agoda.com%2Fvenetian-resort-hotel-casino%2Fhotel%2Flas-vegas-nv-us.html&providerMode=separate;3;2026-06-07T16:23:33.156739+00:00;ok;
HVEGAS001;The Venetian Resort Las Vegas;Las Vegas;United States;agoda;agoda;332.0;Agoda;ecb38b39207d3f7e;28/10/2024;2024;23/10/2024;2024.0;9.2;0.0;10.0;9.2;https://www.agoda.com/api/cronos/property/review/HotelReviews?hotelId=2937&pageSize=50&referer=https%3A%2F%2Fwww.agoda.com%2Fvenetian-resort-hotel-casino%2Fhotel%2Flas-vegas-nv-us.html&providerMode=separate;3;2026-06-07T16:23:33.156739+00:00;ok;
HVEGAS001;The Venetian Resort Las Vegas;Las Vegas;United States;agoda;agoda;332.0;Agoda;bacd0696870a00ba;28/10/2024;2024;23/10/2024;2024.0;10.0;0.0;10.0;10.0;https://www.agoda.com/api/cronos/property/review/HotelReviews?hotelId=2937&pageSize=50&referer=https%3A%2F%2Fwww.agoda.com%2Fvenetian-resort-hotel-casino%2Fhotel%2Flas-vegas-nv-us.html&providerMode=separate;23;2026-06-07T16:23:33.156739+00:00;ok;
HVEGAS001;The Venetian Resort Las Vegas;Las Vegas;United States;agoda;agoda;332.0;Agoda;88333eeb305ee2cd;30/10/2024;2024;15/10/2024;2024.0;8.8;0.0;10.0;8.8;https://www.agoda.com/api/cronos/property/review/HotelReviews?hotelId=2937&pageSize=50&referer=https%3A%2F%2Fwww.agoda.com%2Fvenetian-resort-hotel-casino%2Fhotel%2Flas-vegas-nv-us.html&providerMode=separate;23;2026-06-07T16:23:33.156739+00:00;ok;
HVEGAS001;The Venetian Resort Las Vegas;Las Vegas;United States;agoda;agoda;332.0;Agoda;72da2b91f459dbaa;04/11/2024;2024;03/11/2024;2024.0;10.0;0.0;10.0;10.0;https://www.agoda.com/api/cronos/property/review/HotelReviews?hotelId=2937&pageSize=50&referer=https%3A%2F%2Fwww.agoda.com%2Fvenetian-resort-hotel-casino%2Fhotel%2Flas-vegas-nv-us.html&providerMode=separate;23;2026-06-07T16:23:33.156739+00:00;ok;
HVEGAS001;The Venetian Resort Las Vegas;Las Vegas;United States;agoda;agoda;332.0;Agoda;159e29f59c404444;05/11/2024;2024;04/11/2024;2024.0;6.8;0.0;10.0;6.8;https://www.agoda.com/api/cronos/property/review/HotelReviews?hotelId=2937&pageSize=50&referer=https%3A%2F%2Fwww.agoda.com%2Fvenetian-resort-hotel-casino%2Fhotel%2Flas-vegas-nv-us.html&providerMode=separate;3;2026-06-07T16:23:33.156739+00:00;ok;
HVEGAS001;The Venetian Resort Las Vegas;Las Vegas;United States;agoda;agoda;332.0;Agoda;af468521d9d0a2e5;05/11/2024;2024;22/09/2024;2024.0;10.0;0.0;10.0;10.0;https://www.agoda.com/api/cronos/property/review/HotelReviews?hotelId=2937&pageSize=50&referer=https%3A%2F%2Fwww.agoda.com%2Fvenetian-resort-hotel-casino%2Fhotel%2Flas-vegas-nv-us.html&providerMode=separate;3;2026-06-07T16:23:33.156739+00:00;ok;
HVEGAS001;The Venetian Resort Las Vegas;Las Vegas;United States;agoda;agoda;332.0;Agoda;1ef7b9a59001e5ab;05/11/2024;2024;30/10/2024;2024.0;7.2;0.0;10.0;7.2;https://www.agoda.com/api/cronos/property/review/HotelReviews?hotelId=2937&pageSize=50&referer=https%3A%2F%2Fwww.agoda.com%2Fvenetian-resort-hotel-casino%2Fhotel%2Flas-vegas-nv-us.html&providerMode=separate;24;2026-06-07T16:23:33.156739+00:00;ok;
HVEGAS001;The Venetian Resort Las Vegas;Las Vegas;United States;agoda;agoda;332.0;Agoda;06ccda2a7be9ec02;09/11/2024;2024;30/10/2024;2024.0;7.6;0.0;10.0;7.6;https://www.agoda.com/api/cronos/property/review/HotelReviews?hotelId=2937&pageSize=50&referer=https%3A%2F%2Fwww.agoda.com%2Fvenetian-resort-hotel-casino%2Fhotel%2Flas-vegas-nv-us.html&providerMode=separate;24;2026-06-07T16:23:33.156739+00:00;ok;
HVEGAS001;The Venetian Resort Las Vegas;Las Vegas;United States;agoda;agoda;332.0;Agoda;aa905e0ea962f29d;10/11/2024;2024;23/10/2024;2024.0;10.0;0.0;10.0;10.0;https://www.agoda.com/api/cronos/property/review/HotelReviews?hotelId=2937&pageSize=50&referer=https%3A%2F%2Fwww.agoda.com%2Fvenetian-resort-hotel-casino%2Fhotel%2Flas-vegas-nv-us.html&providerMode=separate;3;2026-06-07T16:23:33.156739+00:00;ok;
HVEGAS001;The Venetian Resort Las Vegas;Las Vegas;United States;agoda;agoda;332.0;Agoda;ad0c059f7e6450cc;15/11/2024;2024;12/09/2024;2024.0;10.0;0.0;10.0;10.0;https://www.agoda.com/api/cronos/property/review/HotelReviews?hotelId=2937&pageSize=50&referer=https%3A%2F%2Fwww.agoda.com%2Fvenetian-resort-hotel-casino%2Fhotel%2Flas-vegas-nv-us.html&providerMode=separate;33;2026-06-07T16:23:33.156739+00:00;ok;
HVEGAS001;The Venetian Resort Las Vegas;Las Vegas;United States;agoda;agoda;332.0;Agoda;87946ead18a4917e;18/11/2024;2024;12/08/2024;2024.0;10.0;0.0;10.0;10.0;https://www.agoda.com/api/cronos/property/review/HotelReviews?hotelId=2937&pageSize=50&referer=https%3A%2F%2Fwww.agoda.com%2Fvenetian-resort-hotel-casino%2Fhotel%2Flas-vegas-nv-us.html&providerMode=separate;3;2026-06-07T16:23:33.156739+00:00;ok;
HVEGAS001;The Venetian Resort Las Vegas;Las Vegas;United States;agoda;agoda;332.0;Agoda;77d5e81679ace4b9;24/11/2024;2024;12/09/2024;2024.0;9.2;0.0;10.0;9.2;https://www.agoda.com/api/cronos/property/review/HotelReviews?hotelId=2937&pageSize=50&referer=https%3A%2F%2Fwww.agoda.com%2Fvenetian-resort-hotel-casino%2Fhotel%2Flas-vegas-nv-us.html&providerMode=separate;23;2026-06-07T16:23:33.156739+00:00;ok;
HVEGAS001;The Venetian Resort Las Vegas;Las Vegas;United States;agoda;agoda;332.0;Agoda;aca26d01ed3a24ee;25/11/2024;2024;24/11/2024;2024.0;4.8;0.0;10.0;4.8;https://www.agoda.com/api/cronos/property/review/HotelReviews?hotelId=2937&pageSize=50&referer=https%3A%2F%2Fwww.agoda.com%2Fvenetian-resort-hotel-casino%2Fhotel%2Flas-vegas-nv-us.html&providerMode=separate;3;2026-06-07T16:23:33.156739+00:00;ok;
HVEGAS001;The Venetian Resort Las Vegas;Las Vegas;United States;agoda;agoda;332.0;Agoda;1f2f0a30abdd201e;25/11/2024;2024;17/11/2024;2024.0;9.2;0.0;10.0;9.2;https://www.agoda.com/api/cronos/property/review/HotelReviews?hotelId=2937&pageSize=50&referer=https%3A%2F%2Fwww.agoda.com%2Fvenetian-resort-hotel-casino%2Fhotel%2Flas-vegas-nv-us.html&providerMode=separate;3;2026-06-07T16:23:33.156739+00:00;ok;
HVEGAS001;The Venetian Resort Las Vegas;Las Vegas;United States;agoda;agoda;332.0;Agoda;23cc1e0003b0271f;29/11/2024;2024;21/12/2023;2023.0;10.0;0.0;10.0;10.0;https://www.agoda.com/api/cronos/property/review/HotelReviews?hotelId=2937&pageSize=50&referer=https%3A%2F%2Fwww.agoda.com%2Fvenetian-resort-hotel-casino%2Fhotel%2Flas-vegas-nv-us.html&providerMode=separate;25;2026-06-07T16:23:33.156739+00:00;ok;
HVEGAS001;The Venetian Resort Las Vegas;Las Vegas;United States;agoda;agoda;332.0;Agoda;4d80402e3c7a4133;30/11/2024;2024;20/11/2024;2024.0;9.6;0.0;10.0;9.6;https://www.agoda.com/api/cronos/property/review/HotelReviews?hotelId=2937&pageSize=50&referer=https%3A%2F%2Fwww.agoda.com%2Fvenetian-resort-hotel-casino%2Fhotel%2Flas-vegas-nv-us.html&providerMode=separate;23;2026-06-07T16:23:33.156739+00:00;ok;
HVEGAS001;The Venetian Resort Las Vegas;Las Vegas;United States;agoda;agoda;332.0;Agoda;dfa259cff0492cfb;06/12/2024;2024;01/12/2024;2024.0;2.4;0.0;10.0;2.4;https://www.agoda.com/api/cronos/property/review/HotelReviews?hotelId=2937&pageSize=50&referer=https%3A%2F%2Fwww.agoda.com%2Fvenetian-resort-hotel-casino%2Fhotel%2Flas-vegas-nv-us.html&providerMode=separate;24;2026-06-07T16:23:33.156739+00:00;ok;
HVEGAS001;The Venetian Resort Las Vegas;Las Vegas;United States;agoda;agoda;332.0;Agoda;d301e86b9177e222;06/12/2024;2024;14/11/2024;2024.0;10.0;0.0;10.0;10.0;https://www.agoda.com/api/cronos/property/review/HotelReviews?hotelId=2937&pageSize=50&referer=https%3A%2F%2Fwww.agoda.com%2Fvenetian-resort-hotel-casino%2Fhotel%2Flas-vegas-nv-us.html&providerMode=separate;32;2026-06-07T16:23:33.156739+00:00;ok;
HVEGAS001;The Venetian Resort Las Vegas;Las Vegas;United States;agoda;agoda;332.0;Agoda;a191f77a59b1a5ab;07/12/2024;2024;07/09/2024;2024.0;10.0;0.0;10.0;10.0;https://www.agoda.com/api/cronos/property/review/HotelReviews?hotelId=2937&pageSize=50&referer=https%3A%2F%2Fwww.agoda.com%2Fvenetian-resort-hotel-casino%2Fhotel%2Flas-vegas-nv-us.html&providerMode=separate;27;2026-06-07T16:23:33.156739+00:00;ok;
HVEGAS001;The Venetian Resort Las Vegas;Las Vegas;United States;agoda;agoda;332.0;Agoda;ad67cdfa3f9575e4;12/12/2024;2024;08/12/2024;2024.0;3.6;0.0;10.0;3.6;https://www.agoda.com/api/cronos/property/review/HotelReviews?hotelId=2937&pageSize=50&referer=https%3A%2F%2Fwww.agoda.com%2Fvenetian-resort-hotel-casino%2Fhotel%2Flas-vegas-nv-us.html&providerMode=separate;3;2026-06-07T16:23:33.156739+00:00;ok;
HVEGAS001;The Venetian Resort Las Vegas;Las Vegas;United States;agoda;agoda;332.0;Agoda;e079de12be8a44a2;13/12/2024;2024;21/09/2024;2024.0;8.0;0.0;10.0;8.0;https://www.agoda.com/api/cronos/property/review/HotelReviews?hotelId=2937&pageSize=50&referer=https%3A%2F%2Fwww.agoda.com%2Fvenetian-resort-hotel-casino%2Fhotel%2Flas-vegas-nv-us.html&providerMode=separate;3;2026-06-07T16:23:33.156739+00:00;ok;
HVEGAS001;The Venetian Resort Las Vegas;Las Vegas;United States;agoda;agoda;332.0;Agoda;c547ad694777461a;13/12/2024;2024;08/12/2024;2024.0;10.0;0.0;10.0;10.0;https://www.agoda.com/api/cronos/property/review/HotelReviews?hotelId=2937&pageSize=50&referer=https%3A%2F%2Fwww.agoda.com%2Fvenetian-resort-hotel-casino%2Fhotel%2Flas-vegas-nv-us.html&providerMode=separate;23;2026-06-07T16:23:33.156739+00:00;ok;
HVEGAS001;The Venetian Resort Las Vegas;Las Vegas;United States;agoda;agoda;332.0;Agoda;03981ad3002745d5;17/12/2024;2024;11/12/2024;2024.0;10.0;0.0;10.0;10.0;https://www.agoda.com/api/cronos/property/review/HotelReviews?hotelId=2937&pageSize=50&referer=https%3A%2F%2Fwww.agoda.com%2Fvenetian-resort-hotel-casino%2Fhotel%2Flas-vegas-nv-us.html&providerMode=separate;3;2026-06-07T16:23:33.156739+00:00;ok;
HVEGAS001;The Venetian Resort Las Vegas;Las Vegas;United States;agoda;agoda;332.0;Agoda;ffb5a8b685cb1ed3;18/12/2024;2024;01/01/2024;2024.0;10.0;0.0;10.0;10.0;https://www.agoda.com/api/cronos/property/review/HotelReviews?hotelId=2937&pageSize=50&referer=https%3A%2F%2Fwww.agoda.com%2Fvenetian-resort-hotel-casino%2Fhotel%2Flas-vegas-nv-us.html&providerMode=separate;33;2026-06-07T16:23:33.156739+00:00;ok;
HVEGAS001;The Venetian Resort Las Vegas;Las Vegas;United States;agoda;agoda;332.0;Agoda;9609b45cb61f0b35;19/12/2024;2024;08/08/2024;2024.0;7.2;0.0;10.0;7.2;https://www.agoda.com/api/cronos/property/review/HotelReviews?hotelId=2937&pageSize=50&referer=https%3A%2F%2Fwww.agoda.com%2Fvenetian-resort-hotel-casino%2Fhotel%2Flas-vegas-nv-us.html&providerMode=separate;3;2026-06-07T16:23:33.156739+00:00;ok;
HVEGAS001;The Venetian Resort Las Vegas;Las Vegas;United States;agoda;agoda;332.0;Agoda;6ffa038cc88c5bec;19/12/2024;2024;29/07/2024;2024.0;9.6;0.0;10.0;9.6;https://www.agoda.com/api/cronos/property/review/HotelReviews?hotelId=2937&pageSize=50&referer=https%3A%2F%2Fwww.agoda.com%2Fvenetian-resort-hotel-casino%2Fhotel%2Flas-vegas-nv-us.html&providerMode=separate;29;2026-06-07T16:23:33.156739+00:00;ok;
HVEGAS001;The Venetian Resort Las Vegas;Las Vegas;United States;agoda;agoda;332.0;Agoda;17d1f295d6832d15;19/12/2024;2024;29/07/2024;2024.0;9.6;0.0;10.0;9.6;https://www.agoda.com/api/cronos/property/review/HotelReviews?hotelId=2937&pageSize=50&referer=https%3A%2F%2Fwww.agoda.com%2Fvenetian-resort-hotel-casino%2Fhotel%2Flas-vegas-nv-us.html&providerMode=separate;29;2026-06-07T16:23:33.156739+00:00;ok;
HVEGAS001;The Venetian Resort Las Vegas;Las Vegas;United States;agoda;agoda;332.0;Agoda;16aec47639775c31;20/12/2024;2024;18/12/2024;2024.0;10.0;0.0;10.0;10.0;https://www.agoda.com/api/cronos/property/review/HotelReviews?hotelId=2937&pageSize=50&referer=https%3A%2F%2Fwww.agoda.com%2Fvenetian-resort-hotel-casino%2Fhotel%2Flas-vegas-nv-us.html&providerMode=separate;27;2026-06-07T16:23:33.156739+00:00;ok;
HVEGAS001;The Venetian Resort Las Vegas;Las Vegas;United States;agoda;agoda;332.0;Agoda;1a88ea3f7eb71b20;20/12/2024;2024;18/12/2024;2024.0;9.6;0.0;10.0;9.6;https://www.agoda.com/api/cronos/property/review/HotelReviews?hotelId=2937&pageSize=50&referer=https%3A%2F%2Fwww.agoda.com%2Fvenetian-resort-hotel-casino%2Fhotel%2Flas-vegas-nv-us.html&providerMode=separate;27;2026-06-07T16:23:33.156739+00:00;ok;
HVEGAS001;The Venetian Resort Las Vegas;Las Vegas;United States;agoda;agoda;332.0;Agoda;f24397d7138cfc90;21/12/2024;2024;18/12/2024;2024.0;10.0;0.0;10.0;10.0;https://www.agoda.com/api/cronos/property/review/HotelReviews?hotelId=2937&pageSize=50&referer=https%3A%2F%2Fwww.agoda.com%2Fvenetian-resort-hotel-casino%2Fhotel%2Flas-vegas-nv-us.html&providerMode=separate;3;2026-06-07T16:23:33.156739+00:00;ok;
HVEGAS001;The Venetian Resort Las Vegas;Las Vegas;United States;agoda;agoda;332.0;Agoda;fce30aa65b020b83;22/12/2024;2024;20/12/2024;2024.0;10.0;0.0;10.0;10.0;https://www.agoda.com/api/cronos/property/review/HotelReviews?hotelId=2937&pageSize=50&referer=https%3A%2F%2Fwww.agoda.com%2Fvenetian-resort-hotel-casino%2Fhotel%2Flas-vegas-nv-us.html&providerMode=separate;3;2026-06-07T16:23:33.156739+00:00;ok;
HVEGAS001;The Venetian Resort Las Vegas;Las Vegas;United States;agoda;agoda;332.0;Agoda;cac69c6130753d05;22/12/2024;2024;06/10/2024;2024.0;8.0;0.0;10.0;8.0;https://www.agoda.com/api/cronos/property/review/HotelReviews?hotelId=2937&pageSize=50&referer=https%3A%2F%2Fwww.agoda.com%2Fvenetian-resort-hotel-casino%2Fhotel%2Flas-vegas-nv-us.html&providerMode=separate;23;2026-06-07T16:23:33.156739+00:00;ok;
HVEGAS001;The Venetian Resort Las Vegas;Las Vegas;United States;agoda;agoda;332.0;Agoda;93b0bc59c39c9140;23/12/2024;2024;30/10/2024;2024.0;8.8;0.0;10.0;8.8;https://www.agoda.com/api/cronos/property/review/HotelReviews?hotelId=2937&pageSize=50&referer=https%3A%2F%2Fwww.agoda.com%2Fvenetian-resort-hotel-casino%2Fhotel%2Flas-vegas-nv-us.html&providerMode=separate;3;2026-06-07T16:23:33.156739+00:00;ok;
HVEGAS001;The Venetian Resort Las Vegas;Las Vegas;United States;agoda;agoda;332.0;Agoda;d50ce028159bd4aa;24/12/2024;2024;23/12/2024;2024.0;8.8;0.0;10.0;8.8;https://www.agoda.com/api/cronos/property/review/HotelReviews?hotelId=2937&pageSize=50&referer=https%3A%2F%2Fwww.agoda.com%2Fvenetian-resort-hotel-casino%2Fhotel%2Flas-vegas-nv-us.html&providerMode=separate;2;2026-06-07T16:23:33.156739+00:00;ok;
HVEGAS001;The Venetian Resort Las Vegas;Las Vegas;United States;agoda;agoda;332.0;Agoda;62da25dae55e0c50;24/12/2024;2024;19/12/2024;2024.0;5.6;0.0;10.0;5.6;https://www.agoda.com/api/cronos/property/review/HotelReviews?hotelId=2937&pageSize=50&referer=https%3A%2F%2Fwww.agoda.com%2Fvenetian-resort-hotel-casino%2Fhotel%2Flas-vegas-nv-us.html&providerMode=separate;2;2026-06-07T16:23:33.156739+00:00;ok;
HVEGAS001;The Venetian Resort Las Vegas;Las Vegas;United States;agoda;agoda;332.0;Agoda;ebebaab028ba2697;24/12/2024;2024;19/12/2024;2024.0;6.0;0.0;10.0;6.0;https://www.agoda.com/api/cronos/property/review/HotelReviews?hotelId=2937&pageSize=50&referer=https%3A%2F%2Fwww.agoda.com%2Fvenetian-resort-hotel-casino%2Fhotel%2Flas-vegas-nv-us.html&providerMode=separate;2;2026-06-07T16:23:33.156739+00:00;ok;
HVEGAS001;The Venetian Resort Las Vegas;Las Vegas;United States;agoda;agoda;332.0;Agoda;44dab2bd12ed59c7;24/12/2024;2024;22/12/2024;2024.0;10.0;0.0;10.0;10.0;https://www.agoda.com/api/cronos/property/review/HotelReviews?hotelId=2937&pageSize=50&referer=https%3A%2F%2Fwww.agoda.com%2Fvenetian-resort-hotel-casino%2Fhotel%2Flas-vegas-nv-us.html&providerMode=separate;3;2026-06-07T16:23:33.156739+00:00;ok;
HVEGAS001;The Venetian Resort Las Vegas;Las Vegas;United States;agoda;agoda;332.0;Agoda;a572eee487933dcb;25/12/2024;2024;19/12/2024;2024.0;10.0;0.0;10.0;10.0;https://www.agoda.com/api/cronos/property/review/HotelReviews?hotelId=2937&pageSize=50&referer=https%3A%2F%2Fwww.agoda.com%2Fvenetian-resort-hotel-casino%2Fhotel%2Flas-vegas-nv-us.html&providerMode=separate;27;2026-06-07T16:23:33.156739+00:00;ok;
HVEGAS001;The Venetian Resort Las Vegas;Las Vegas;United States;agoda;agoda;332.0;Agoda;6785ea1e17c2f050;26/12/2024;2024;18/12/2024;2024.0;8.8;0.0;10.0;8.8;https://www.agoda.com/api/cronos/property/review/HotelReviews?hotelId=2937&pageSize=50&referer=https%3A%2F%2Fwww.agoda.com%2Fvenetian-resort-hotel-casino%2Fhotel%2Flas-vegas-nv-us.html&providerMode=separate;2;2026-06-07T16:23:33.156739+00:00;ok;
HVEGAS001;The Venetian Resort Las Vegas;Las Vegas;United States;agoda;agoda;332.0;Agoda;abb421b14d6e032e;26/12/2024;2024;25/12/2024;2024.0;4.0;0.0;10.0;4.0;https://www.agoda.com/api/cronos/property/review/HotelReviews?hotelId=2937&pageSize=50&referer=https%3A%2F%2Fwww.agoda.com%2Fvenetian-resort-hotel-casino%2Fhotel%2Flas-vegas-nv-us.html&providerMode=separate;2;2026-06-07T16:23:33.156739+00:00;ok;
HVEGAS001;The Venetian Resort Las Vegas;Las Vegas;United States;agoda;agoda;332.0;Agoda;dcc2d502d120c59a;29/12/2024;2024;24/12/2024;2024.0;8.0;0.0;10.0;8.0;https://www.agoda.com/api/cronos/property/review/HotelReviews?hotelId=2937&pageSize=50&referer=https%3A%2F%2Fwww.agoda.com%2Fvenetian-resort-hotel-casino%2Fhotel%2Flas-vegas-nv-us.html&providerMode=separate;33;2026-06-07T16:23:33.156739+00:00;ok;
HVEGAS001;The Venetian Resort Las Vegas;Las Vegas;United States;agoda;agoda;332.0;Agoda;dddfcf171cb932f9;30/12/2024;2024;23/12/2024;2024.0;8.0;0.0;10.0;8.0;https://www.agoda.com/api/cronos/property/review/HotelReviews?hotelId=2937&pageSize=50&referer=https%3A%2F%2Fwww.agoda.com%2Fvenetian-resort-hotel-casino%2Fhotel%2Flas-vegas-nv-us.html&providerMode=separate;2;2026-06-07T16:23:33.156739+00:00;ok;
HVEGAS001;The Venetian Resort Las Vegas;Las Vegas;United States;agoda;agoda;332.0;Agoda;7f34be95a7febf1d;01/01/2025;2025;27/12/2024;2024.0;9.6;0.0;10.0;9.6;https://www.agoda.com/api/cronos/property/review/HotelReviews?hotelId=2937&pageSize=50&referer=https%3A%2F%2Fwww.agoda.com%2Fvenetian-resort-hotel-casino%2Fhotel%2Flas-vegas-nv-us.html&providerMode=separate;2;2026-06-07T16:23:33.156739+00:00;ok;
HVEGAS001;The Venetian Resort Las Vegas;Las Vegas;United States;agoda;agoda;332.0;Agoda;46147e43fc30450b;04/01/2025;2025;24/12/2024;2024.0;7.2;0.0;10.0;7.2;https://www.agoda.com/api/cronos/property/review/HotelReviews?hotelId=2937&pageSize=50&referer=https%3A%2F%2Fwww.agoda.com%2Fvenetian-resort-hotel-casino%2Fhotel%2Flas-vegas-nv-us.html&providerMode=separate;27;2026-06-07T16:23:33.156739+00:00;ok;
HVEGAS001;The Venetian Resort Las Vegas;Las Vegas;United States;agoda;agoda;332.0;Agoda;688eee1145f6547a;04/01/2025;2025;07/09/2024;2024.0;9.6;0.0;10.0;9.6;https://www.agoda.com/api/cronos/property/review/HotelReviews?hotelId=2937&pageSize=50&referer=https%3A%2F%2Fwww.agoda.com%2Fvenetian-resort-hotel-casino%2Fhotel%2Flas-vegas-nv-us.html&providerMode=separate;27;2026-06-07T16:23:33.156739+00:00;ok;
HVEGAS001;The Venetian Resort Las Vegas;Las Vegas;United States;agoda;agoda;332.0;Agoda;0d15954066bec62f;05/01/2025;2025;23/12/2024;2024.0;9.6;0.0;10.0;9.6;https://www.agoda.com/api/cronos/property/review/HotelReviews?hotelId=2937&pageSize=50&referer=https%3A%2F%2Fwww.agoda.com%2Fvenetian-resort-hotel-casino%2Fhotel%2Flas-vegas-nv-us.html&providerMode=separate;2;2026-06-07T16:23:33.156739+00:00;ok;
HVEGAS001;The Venetian Resort Las Vegas;Las Vegas;United States;agoda;agoda;332.0;Agoda;d93caafa7bd15581;06/01/2025;2025;23/12/2024;2024.0;8.0;0.0;10.0;8.0;https://www.agoda.com/api/cronos/property/review/HotelReviews?hotelId=2937&pageSize=50&referer=https%3A%2F%2Fwww.agoda.com%2Fvenetian-resort-hotel-casino%2Fhotel%2Flas-vegas-nv-us.html&providerMode=separate;2;2026-06-07T16:23:33.156739+00:00;ok;
HVEGAS001;The Venetian Resort Las Vegas;Las Vegas;United States;agoda;agoda;332.0;Agoda;310f5e070a8fa5de;06/01/2025;2025;25/12/2024;2024.0;8.4;0.0;10.0;8.4;https://www.agoda.com/api/cronos/property/review/HotelReviews?hotelId=2937&pageSize=50&referer=https%3A%2F%2Fwww.agoda.com%2Fvenetian-resort-hotel-casino%2Fhotel%2Flas-vegas-nv-us.html&providerMode=separate;2;2026-06-07T16:23:33.156739+00:00;ok;
HVEGAS001;The Venetian Resort Las Vegas;Las Vegas;United States;agoda;agoda;332.0;Agoda;5b63e9862eb30810;06/01/2025;2025;22/12/2024;2024.0;5.2;0.0;10.0;5.2;https://www.agoda.com/api/cronos/property/review/HotelReviews?hotelId=2937&pageSize=50&referer=https%3A%2F%2Fwww.agoda.com%2Fvenetian-resort-hotel-casino%2Fhotel%2Flas-vegas-nv-us.html&providerMode=separate;26;2026-06-07T16:23:33.156739+00:00;ok;
HVEGAS001;The Venetian Resort Las Vegas;Las Vegas;United States;agoda;agoda;332.0;Agoda;12b1aa95635c6c99;06/01/2025;2025;04/01/2025;2025.0;6.8;0.0;10.0;6.8;https://www.agoda.com/api/cronos/property/review/HotelReviews?hotelId=2937&pageSize=50&referer=https%3A%2F%2Fwww.agoda.com%2Fvenetian-resort-hotel-casino%2Fhotel%2Flas-vegas-nv-us.html&providerMode=separate;29;2026-06-07T16:23:33.156739+00:00;ok;
HVEGAS001;The Venetian Resort Las Vegas;Las Vegas;United States;agoda;agoda;332.0;Agoda;af4a445eea739796;07/01/2025;2025;04/01/2025;2025.0;10.0;0.0;10.0;10.0;https://www.agoda.com/api/cronos/property/review/HotelReviews?hotelId=2937&pageSize=50&referer=https%3A%2F%2Fwww.agoda.com%2Fvenetian-resort-hotel-casino%2Fhotel%2Flas-vegas-nv-us.html&providerMode=separate;23;2026-06-07T16:23:33.156739+00:00;ok;
HVEGAS001;The Venetian Resort Las Vegas;Las Vegas;United States;agoda;agoda;332.0;Agoda;a47b56881b281c79;07/01/2025;2025;06/01/2025;2025.0;9.2;0.0;10.0;9.2;https://www.agoda.com/api/cronos/property/review/HotelReviews?hotelId=2937&pageSize=50&referer=https%3A%2F%2Fwww.agoda.com%2Fvenetian-resort-hotel-casino%2Fhotel%2Flas-vegas-nv-us.html&providerMode=separate;24;2026-06-07T16:23:33.156739+00:00;ok;
HVEGAS001;The Venetian Resort Las Vegas;Las Vegas;United States;agoda;agoda;332.0;Agoda;54180834b2cdd974;09/01/2025;2025;06/01/2025;2025.0;8.8;0.0;10.0;8.8;https://www.agoda.com/api/cronos/property/review/HotelReviews?hotelId=2937&pageSize=50&referer=https%3A%2F%2Fwww.agoda.com%2Fvenetian-resort-hotel-casino%2Fhotel%2Flas-vegas-nv-us.html&providerMode=separate;2;2026-06-07T16:23:33.156739+00:00;ok;
HVEGAS001;The Venetian Resort Las Vegas;Las Vegas;United States;agoda;agoda;332.0;Agoda;6ed90721035bfbc2;10/01/2025;2025;31/12/2024;2024.0;10.0;0.0;10.0;10.0;https://www.agoda.com/api/cronos/property/review/HotelReviews?hotelId=2937&pageSize=50&referer=https%3A%2F%2Fwww.agoda.com%2Fvenetian-resort-hotel-casino%2Fhotel%2Flas-vegas-nv-us.html&providerMode=separate;21;2026-06-07T16:23:33.156739+00:00;ok;
HVEGAS001;The Venetian Resort Las Vegas;Las Vegas;United States;agoda;agoda;332.0;Agoda;7b9dc65374004648;11/01/2025;2025;10/01/2025;2025.0;10.0;0.0;10.0;10.0;https://www.agoda.com/api/cronos/property/review/HotelReviews?hotelId=2937&pageSize=50&referer=https%3A%2F%2Fwww.agoda.com%2Fvenetian-resort-hotel-casino%2Fhotel%2Flas-vegas-nv-us.html&providerMode=separate;2;2026-06-07T16:23:33.156739+00:00;ok;
HVEGAS001;The Venetian Resort Las Vegas;Las Vegas;United States;agoda;agoda;332.0;Agoda;3df922a37c0a9825;15/01/2025;2025;04/01/2025;2025.0;4.8;0.0;10.0;4.8;https://www.agoda.com/api/cronos/property/review/HotelReviews?hotelId=2937&pageSize=50&referer=https%3A%2F%2Fwww.agoda.com%2Fvenetian-resort-hotel-casino%2Fhotel%2Flas-vegas-nv-us.html&providerMode=separate;23;2026-06-07T16:23:33.156739+00:00;ok;
HVEGAS001;The Venetian Resort Las Vegas;Las Vegas;United States;agoda;agoda;332.0;Agoda;f191ad38d458aa33;20/01/2025;2025;16/01/2025;2025.0;9.2;0.0;10.0;9.2;https://www.agoda.com/api/cronos/property/review/HotelReviews?hotelId=2937&pageSize=50&referer=https%3A%2F%2Fwww.agoda.com%2Fvenetian-resort-hotel-casino%2Fhotel%2Flas-vegas-nv-us.html&providerMode=separate;2;2026-06-07T16:23:33.156739+00:00;ok;
HVEGAS001;The Venetian Resort Las Vegas;Las Vegas;United States;agoda;agoda;332.0;Agoda;476f21aefe42d2e7;27/01/2025;2025;04/01/2025;2025.0;10.0;0.0;10.0;10.0;https://www.agoda.com/api/cronos/property/review/HotelReviews?hotelId=2937&pageSize=50&referer=https%3A%2F%2Fwww.agoda.com%2Fvenetian-resort-hotel-casino%2Fhotel%2Flas-vegas-nv-us.html&providerMode=separate;27;2026-06-07T16:23:33.156739+00:00;ok;
HVEGAS001;The Venetian Resort Las Vegas;Las Vegas;United States;agoda;agoda;332.0;Agoda;2261b5298234b702;27/01/2025;2025;24/12/2024;2024.0;10.0;0.0;10.0;10.0;https://www.agoda.com/api/cronos/property/review/HotelReviews?hotelId=2937&pageSize=50&referer=https%3A%2F%2Fwww.agoda.com%2Fvenetian-resort-hotel-casino%2Fhotel%2Flas-vegas-nv-us.html&providerMode=separate;32;2026-06-07T16:23:33.156739+00:00;ok;
HVEGAS001;The Venetian Resort Las Vegas;Las Vegas;United States;agoda;agoda;332.0;Agoda;f28dc92872579836;28/01/2025;2025;26/01/2025;2025.0;10.0;0.0;10.0;10.0;https://www.agoda.com/api/cronos/property/review/HotelReviews?hotelId=2937&pageSize=50&referer=https%3A%2F%2Fwww.agoda.com%2Fvenetian-resort-hotel-casino%2Fhotel%2Flas-vegas-nv-us.html&providerMode=separate;27;2026-06-07T16:23:33.156739+00:00;ok;
HVEGAS001;The Venetian Resort Las Vegas;Las Vegas;United States;agoda;agoda;332.0;Agoda;66b7fa13dd5d5cfc;01/02/2025;2025;22/07/2024;2024.0;7.6;0.0;10.0;7.6;https://www.agoda.com/api/cronos/property/review/HotelReviews?hotelId=2937&pageSize=50&referer=https%3A%2F%2Fwww.agoda.com%2Fvenetian-resort-hotel-casino%2Fhotel%2Flas-vegas-nv-us.html&providerMode=separate;2;2026-06-07T16:23:33.156739+00:00;ok;
HVEGAS001;The Venetian Resort Las Vegas;Las Vegas;United States;agoda;agoda;332.0;Agoda;cb6993b2775aca7d;01/02/2025;2025;31/01/2025;2025.0;8.0;0.0;10.0;8.0;https://www.agoda.com/api/cronos/property/review/HotelReviews?hotelId=2937&pageSize=50&referer=https%3A%2F%2Fwww.agoda.com%2Fvenetian-resort-hotel-casino%2Fhotel%2Flas-vegas-nv-us.html&providerMode=separate;27;2026-06-07T16:23:33.156739+00:00;ok;
HVEGAS001;The Venetian Resort Las Vegas;Las Vegas;United States;agoda;agoda;332.0;Agoda;487925c9b051c015;01/02/2025;2025;31/01/2025;2025.0;8.0;0.0;10.0;8.0;https://www.agoda.com/api/cronos/property/review/HotelReviews?hotelId=2937&pageSize=50&referer=https%3A%2F%2Fwww.agoda.com%2Fvenetian-resort-hotel-casino%2Fhotel%2Flas-vegas-nv-us.html&providerMode=separate;27;2026-06-07T16:23:33.156739+00:00;ok;
HVEGAS001;The Venetian Resort Las Vegas;Las Vegas;United States;agoda;agoda;332.0;Agoda;81f47764a07997b1;02/02/2025;2025;30/01/2025;2025.0;10.0;0.0;10.0;10.0;https://www.agoda.com/api/cronos/property/review/HotelReviews?hotelId=2937&pageSize=50&referer=https%3A%2F%2Fwww.agoda.com%2Fvenetian-resort-hotel-casino%2Fhotel%2Flas-vegas-nv-us.html&providerMode=separate;32;2026-06-07T16:23:33.156739+00:00;ok;
HVEGAS001;The Venetian Resort Las Vegas;Las Vegas;United States;agoda;agoda;332.0;Agoda;249c3a93aee74b47;03/02/2025;2025;28/01/2025;2025.0;9.6;0.0;10.0;9.6;https://www.agoda.com/api/cronos/property/review/HotelReviews?hotelId=2937&pageSize=50&referer=https%3A%2F%2Fwww.agoda.com%2Fvenetian-resort-hotel-casino%2Fhotel%2Flas-vegas-nv-us.html&providerMode=separate;33;2026-06-07T16:23:33.156739+00:00;ok;
HVEGAS001;The Venetian Resort Las Vegas;Las Vegas;United States;agoda;agoda;332.0;Agoda;94a026d3b4961444;04/02/2025;2025;03/01/2025;2025.0;10.0;0.0;10.0;10.0;https://www.agoda.com/api/cronos/property/review/HotelReviews?hotelId=2937&pageSize=50&referer=https%3A%2F%2Fwww.agoda.com%2Fvenetian-resort-hotel-casino%2Fhotel%2Flas-vegas-nv-us.html&providerMode=separate;21;2026-06-07T16:23:33.156739+00:00;ok;
HVEGAS001;The Venetian Resort Las Vegas;Las Vegas;United States;agoda;agoda;332.0;Agoda;22435372fe364e29;05/02/2025;2025;31/01/2025;2025.0;8.8;0.0;10.0;8.8;https://www.agoda.com/api/cronos/property/review/HotelReviews?hotelId=2937&pageSize=50&referer=https%3A%2F%2Fwww.agoda.com%2Fvenetian-resort-hotel-casino%2Fhotel%2Flas-vegas-nv-us.html&providerMode=separate;2;2026-06-07T16:23:33.156739+00:00;ok;
HVEGAS001;The Venetian Resort Las Vegas;Las Vegas;United States;agoda;agoda;332.0;Agoda;98645f14727c8c4e;05/02/2025;2025;28/01/2025;2025.0;9.6;0.0;10.0;9.6;https://www.agoda.com/api/cronos/property/review/HotelReviews?hotelId=2937&pageSize=50&referer=https%3A%2F%2Fwww.agoda.com%2Fvenetian-resort-hotel-casino%2Fhotel%2Flas-vegas-nv-us.html&providerMode=separate;2;2026-06-07T16:23:33.156739+00:00;ok;
HVEGAS001;The Venetian Resort Las Vegas;Las Vegas;United States;agoda;agoda;332.0;Agoda;69db7ad7088ba206;05/02/2025;2025;30/01/2025;2025.0;8.4;0.0;10.0;8.4;https://www.agoda.com/api/cronos/property/review/HotelReviews?hotelId=2937&pageSize=50&referer=https%3A%2F%2Fwww.agoda.com%2Fvenetian-resort-hotel-casino%2Fhotel%2Flas-vegas-nv-us.html&providerMode=separate;26;2026-06-07T16:23:33.156739+00:00;ok;
HVEGAS001;The Venetian Resort Las Vegas;Las Vegas;United States;agoda;agoda;332.0;Agoda;bad5412922eae45f;06/02/2025;2025;01/02/2025;2025.0;9.2;0.0;10.0;9.2;https://www.agoda.com/api/cronos/property/review/HotelReviews?hotelId=2937&pageSize=50&referer=https%3A%2F%2Fwww.agoda.com%2Fvenetian-resort-hotel-casino%2Fhotel%2Flas-vegas-nv-us.html&providerMode=separate;2;2026-06-07T16:23:33.156739+00:00;ok;
HVEGAS001;The Venetian Resort Las Vegas;Las Vegas;United States;agoda;agoda;332.0;Agoda;ef7c3d49db271491;06/02/2025;2025;26/01/2025;2025.0;9.6;0.0;10.0;9.6;https://www.agoda.com/api/cronos/property/review/HotelReviews?hotelId=2937&pageSize=50&referer=https%3A%2F%2Fwww.agoda.com%2Fvenetian-resort-hotel-casino%2Fhotel%2Flas-vegas-nv-us.html&providerMode=separate;33;2026-06-07T16:23:33.156739+00:00;ok;
HVEGAS001;The Venetian Resort Las Vegas;Las Vegas;United States;agoda;agoda;332.0;Agoda;2b5dad70d12810b1;09/02/2025;2025;28/01/2025;2025.0;9.2;0.0;10.0;9.2;https://www.agoda.com/api/cronos/property/review/HotelReviews?hotelId=2937&pageSize=50&referer=https%3A%2F%2Fwww.agoda.com%2Fvenetian-resort-hotel-casino%2Fhotel%2Flas-vegas-nv-us.html&providerMode=separate;2;2026-06-07T16:23:33.156739+00:00;ok;
HVEGAS001;The Venetian Resort Las Vegas;Las Vegas;United States;agoda;agoda;332.0;Agoda;699191bdf2149937;09/02/2025;2025;02/02/2025;2025.0;6.4;0.0;10.0;6.4;https://www.agoda.com/api/cronos/property/review/HotelReviews?hotelId=2937&pageSize=50&referer=https%3A%2F%2Fwww.agoda.com%2Fvenetian-resort-hotel-casino%2Fhotel%2Flas-vegas-nv-us.html&providerMode=separate;2;2026-06-07T16:23:33.156739+00:00;ok;
HVEGAS001;The Venetian Resort Las Vegas;Las Vegas;United States;agoda;agoda;332.0;Agoda;25a83d98476a16a4;11/02/2025;2025;05/02/2025;2025.0;10.0;0.0;10.0;10.0;https://www.agoda.com/api/cronos/property/review/HotelReviews?hotelId=2937&pageSize=50&referer=https%3A%2F%2Fwww.agoda.com%2Fvenetian-resort-hotel-casino%2Fhotel%2Flas-vegas-nv-us.html&providerMode=separate;33;2026-06-07T16:23:33.156739+00:00;ok;
HVEGAS001;The Venetian Resort Las Vegas;Las Vegas;United States;agoda;agoda;332.0;Agoda;ee2ebbc31d1a7842;12/02/2025;2025;12/09/2024;2024.0;6.8;0.0;10.0;6.8;https://www.agoda.com/api/cronos/property/review/HotelReviews?hotelId=2937&pageSize=50&referer=https%3A%2F%2Fwww.agoda.com%2Fvenetian-resort-hotel-casino%2Fhotel%2Flas-vegas-nv-us.html&providerMode=separate;2;2026-06-07T16:23:33.156739+00:00;ok;
HVEGAS001;The Venetian Resort Las Vegas;Las Vegas;United States;agoda;agoda;332.0;Agoda;8b550a404e1bc6fe;14/02/2025;2025;13/02/2025;2025.0;7.6;0.0;10.0;7.6;https://www.agoda.com/api/cronos/property/review/HotelReviews?hotelId=2937&pageSize=50&referer=https%3A%2F%2Fwww.agoda.com%2Fvenetian-resort-hotel-casino%2Fhotel%2Flas-vegas-nv-us.html&providerMode=separate;2;2026-06-07T16:23:33.156739+00:00;ok;
HVEGAS001;The Venetian Resort Las Vegas;Las Vegas;United States;agoda;agoda;332.0;Agoda;e7beb4bc15474d87;14/02/2025;2025;12/02/2025;2025.0;10.0;0.0;10.0;10.0;https://www.agoda.com/api/cronos/property/review/HotelReviews?hotelId=2937&pageSize=50&referer=https%3A%2F%2Fwww.agoda.com%2Fvenetian-resort-hotel-casino%2Fhotel%2Flas-vegas-nv-us.html&providerMode=separate;27;2026-06-07T16:23:33.156739+00:00;ok;
HVEGAS001;The Venetian Resort Las Vegas;Las Vegas;United States;agoda;agoda;332.0;Agoda;422d18b5a9eb2b49;15/02/2025;2025;28/01/2025;2025.0;8.8;0.0;10.0;8.8;https://www.agoda.com/api/cronos/property/review/HotelReviews?hotelId=2937&pageSize=50&referer=https%3A%2F%2Fwww.agoda.com%2Fvenetian-resort-hotel-casino%2Fhotel%2Flas-vegas-nv-us.html&providerMode=separate;2;2026-06-07T16:23:33.156739+00:00;ok;
HVEGAS001;The Venetian Resort Las Vegas;Las Vegas;United States;agoda;agoda;332.0;Agoda;00c711b827b14591;19/02/2025;2025;12/02/2025;2025.0;10.0;0.0;10.0;10.0;https://www.agoda.com/api/cronos/property/review/HotelReviews?hotelId=2937&pageSize=50&referer=https%3A%2F%2Fwww.agoda.com%2Fvenetian-resort-hotel-casino%2Fhotel%2Flas-vegas-nv-us.html&providerMode=separate;27;2026-06-07T16:23:33.156739+00:00;ok;
HVEGAS001;The Venetian Resort Las Vegas;Las Vegas;United States;agoda;agoda;332.0;Agoda;5137034f5b35c40b;21/02/2025;2025;18/02/2025;2025.0;9.2;0.0;10.0;9.2;https://www.agoda.com/api/cronos/property/review/HotelReviews?hotelId=2937&pageSize=50&referer=https%3A%2F%2Fwww.agoda.com%2Fvenetian-resort-hotel-casino%2Fhotel%2Flas-vegas-nv-us.html&providerMode=separate;2;2026-06-07T16:23:33.156739+00:00;ok;
HVEGAS001;The Venetian Resort Las Vegas;Las Vegas;United States;agoda;agoda;332.0;Agoda;c22c5bacefe380aa;28/02/2025;2025;22/02/2025;2025.0;10.0;0.0;10.0;10.0;https://www.agoda.com/api/cronos/property/review/HotelReviews?hotelId=2937&pageSize=50&referer=https%3A%2F%2Fwww.agoda.com%2Fvenetian-resort-hotel-casino%2Fhotel%2Flas-vegas-nv-us.html&providerMode=separate;2;2026-06-07T16:23:33.156739+00:00;ok;
HVEGAS001;The Venetian Resort Las Vegas;Las Vegas;United States;agoda;agoda;332.0;Agoda;40f27b4bf8e67939;03/03/2025;2025;01/03/2025;2025.0;3.6;0.0;10.0;3.6;https://www.agoda.com/api/cronos/property/review/HotelReviews?hotelId=2937&pageSize=50&referer=https%3A%2F%2Fwww.agoda.com%2Fvenetian-resort-hotel-casino%2Fhotel%2Flas-vegas-nv-us.html&providerMode=separate;2;2026-06-07T16:23:33.156739+00:00;ok;
HVEGAS001;The Venetian Resort Las Vegas;Las Vegas;United States;agoda;agoda;332.0;Agoda;003a40175565167d;04/03/2025;2025;19/12/2024;2024.0;10.0;0.0;10.0;10.0;https://www.agoda.com/api/cronos/property/review/HotelReviews?hotelId=2937&pageSize=50&referer=https%3A%2F%2Fwww.agoda.com%2Fvenetian-resort-hotel-casino%2Fhotel%2Flas-vegas-nv-us.html&providerMode=separate;2;2026-06-07T16:23:33.156739+00:00;ok;
HVEGAS001;The Venetian Resort Las Vegas;Las Vegas;United States;agoda;agoda;332.0;Agoda;51f491d14cd95b8e;10/03/2025;2025;07/03/2025;2025.0;9.2;0.0;10.0;9.2;https://www.agoda.com/api/cronos/property/review/HotelReviews?hotelId=2937&pageSize=50&referer=https%3A%2F%2Fwww.agoda.com%2Fvenetian-resort-hotel-casino%2Fhotel%2Flas-vegas-nv-us.html&providerMode=separate;2;2026-06-07T16:23:33.156739+00:00;ok;
HVEGAS001;The Venetian Resort Las Vegas;Las Vegas;United States;agoda;agoda;332.0;Agoda;e0cfd9990bfd312c;17/03/2025;2025;14/03/2025;2025.0;10.0;0.0;10.0;10.0;https://www.agoda.com/api/cronos/property/review/HotelReviews?hotelId=2937&pageSize=50&referer=https%3A%2F%2Fwww.agoda.com%2Fvenetian-resort-hotel-casino%2Fhotel%2Flas-vegas-nv-us.html&providerMode=separate;2;2026-06-07T16:23:33.156739+00:00;ok;
HVEGAS001;The Venetian Resort Las Vegas;Las Vegas;United States;agoda;agoda;332.0;Agoda;2b83b038f3f4b84d;31/03/2025;2025;26/03/2025;2025.0;10.0;0.0;10.0;10.0;https://www.agoda.com/api/cronos/property/review/HotelReviews?hotelId=2937&pageSize=50&referer=https%3A%2F%2Fwww.agoda.com%2Fvenetian-resort-hotel-casino%2Fhotel%2Flas-vegas-nv-us.html&providerMode=separate;2;2026-06-07T16:23:33.156739+00:00;ok;
HVEGAS001;The Venetian Resort Las Vegas;Las Vegas;United States;agoda;agoda;332.0;Agoda;2aad3d90efbd593a;01/04/2025;2025;12/09/2024;2024.0;10.0;0.0;10.0;10.0;https://www.agoda.com/api/cronos/property/review/HotelReviews?hotelId=2937&pageSize=50&referer=https%3A%2F%2Fwww.agoda.com%2Fvenetian-resort-hotel-casino%2Fhotel%2Flas-vegas-nv-us.html&providerMode=separate;32;2026-06-07T16:23:33.156739+00:00;ok;
HVEGAS001;The Venetian Resort Las Vegas;Las Vegas;United States;agoda;agoda;332.0;Agoda;4e37d924fc2c84f5;05/04/2025;2025;30/03/2025;2025.0;10.0;0.0;10.0;10.0;https://www.agoda.com/api/cronos/property/review/HotelReviews?hotelId=2937&pageSize=50&referer=https%3A%2F%2Fwww.agoda.com%2Fvenetian-resort-hotel-casino%2Fhotel%2Flas-vegas-nv-us.html&providerMode=separate;2;2026-06-07T16:23:33.156739+00:00;ok;
HVEGAS001;The Venetian Resort Las Vegas;Las Vegas;United States;agoda;agoda;332.0;Agoda;6b9aa47d5eeb939c;07/04/2025;2025;04/04/2025;2025.0;10.0;0.0;10.0;10.0;https://www.agoda.com/api/cronos/property/review/HotelReviews?hotelId=2937&pageSize=50&referer=https%3A%2F%2Fwww.agoda.com%2Fvenetian-resort-hotel-casino%2Fhotel%2Flas-vegas-nv-us.html&providerMode=separate;2;2026-06-07T16:23:33.156739+00:00;ok;
HVEGAS001;The Venetian Resort Las Vegas;Las Vegas;United States;agoda;agoda;332.0;Agoda;89af4b43e493063e;08/04/2025;2025;24/04/2024;2024.0;9.6;0.0;10.0;9.6;https://www.agoda.com/api/cronos/property/review/HotelReviews?hotelId=2937&pageSize=50&referer=https%3A%2F%2Fwww.agoda.com%2Fvenetian-resort-hotel-casino%2Fhotel%2Flas-vegas-nv-us.html&providerMode=separate;2;2026-06-07T16:23:33.156739+00:00;ok;
HVEGAS001;The Venetian Resort Las Vegas;Las Vegas;United States;agoda;agoda;332.0;Agoda;30dc0d9e7d348f0b;08/04/2025;2025;06/04/2025;2025.0;10.0;0.0;10.0;10.0;https://www.agoda.com/api/cronos/property/review/HotelReviews?hotelId=2937&pageSize=50&referer=https%3A%2F%2Fwww.agoda.com%2Fvenetian-resort-hotel-casino%2Fhotel%2Flas-vegas-nv-us.html&providerMode=separate;2;2026-06-07T16:23:33.156739+00:00;ok;
HVEGAS001;The Venetian Resort Las Vegas;Las Vegas;United States;agoda;agoda;332.0;Agoda;ba23b2e9b7eadf7f;10/04/2025;2025;06/04/2025;2025.0;9.6;0.0;10.0;9.6;https://www.agoda.com/api/cronos/property/review/HotelReviews?hotelId=2937&pageSize=50&referer=https%3A%2F%2Fwww.agoda.com%2Fvenetian-resort-hotel-casino%2Fhotel%2Flas-vegas-nv-us.html&providerMode=separate;2;2026-06-07T16:23:33.156739+00:00;ok;
HVEGAS001;The Venetian Resort Las Vegas;Las Vegas;United States;agoda;agoda;332.0;Agoda;18e294e506653eb4;13/04/2025;2025;05/04/2025;2025.0;6.8;0.0;10.0;6.8;https://www.agoda.com/api/cronos/property/review/HotelReviews?hotelId=2937&pageSize=50&referer=https%3A%2F%2Fwww.agoda.com%2Fvenetian-resort-hotel-casino%2Fhotel%2Flas-vegas-nv-us.html&providerMode=separate;33;2026-06-07T16:23:33.156739+00:00;ok;
HVEGAS001;The Venetian Resort Las Vegas;Las Vegas;United States;agoda;agoda;332.0;Agoda;4b82dec2da1c6871;22/04/2025;2025;22/10/2024;2024.0;10.0;0.0;10.0;10.0;https://www.agoda.com/api/cronos/property/review/HotelReviews?hotelId=2937&pageSize=50&referer=https%3A%2F%2Fwww.agoda.com%2Fvenetian-resort-hotel-casino%2Fhotel%2Flas-vegas-nv-us.html&providerMode=separate;23;2026-06-07T16:23:33.156739+00:00;ok;
HVEGAS001;The Venetian Resort Las Vegas;Las Vegas;United States;agoda;agoda;332.0;Agoda;d062c375563483e5;26/04/2025;2025;23/04/2025;2025.0;8.4;0.0;10.0;8.4;https://www.agoda.com/api/cronos/property/review/HotelReviews?hotelId=2937&pageSize=50&referer=https%3A%2F%2Fwww.agoda.com%2Fvenetian-resort-hotel-casino%2Fhotel%2Flas-vegas-nv-us.html&providerMode=separate;2;2026-06-07T16:23:33.156739+00:00;ok;
HVEGAS001;The Venetian Resort Las Vegas;Las Vegas;United States;agoda;agoda;332.0;Agoda;fbe4625ddf2ca1ac;01/05/2025;2025;30/04/2025;2025.0;8.4;0.0;10.0;8.4;https://www.agoda.com/api/cronos/property/review/HotelReviews?hotelId=2937&pageSize=50&referer=https%3A%2F%2Fwww.agoda.com%2Fvenetian-resort-hotel-casino%2Fhotel%2Flas-vegas-nv-us.html&providerMode=separate;21;2026-06-07T16:23:33.156739+00:00;ok;
HVEGAS001;The Venetian Resort Las Vegas;Las Vegas;United States;agoda;agoda;332.0;Agoda;d5c993eaccc5c571;01/05/2025;2025;30/04/2025;2025.0;9.6;0.0;10.0;9.6;https://www.agoda.com/api/cronos/property/review/HotelReviews?hotelId=2937&pageSize=50&referer=https%3A%2F%2Fwww.agoda.com%2Fvenetian-resort-hotel-casino%2Fhotel%2Flas-vegas-nv-us.html&providerMode=separate;26;2026-06-07T16:23:33.156739+00:00;ok;
HVEGAS001;The Venetian Resort Las Vegas;Las Vegas;United States;agoda;agoda;332.0;Agoda;d333478957021f3e;02/05/2025;2025;01/05/2025;2025.0;9.6;0.0;10.0;9.6;https://www.agoda.com/api/cronos/property/review/HotelReviews?hotelId=2937&pageSize=50&referer=https%3A%2F%2Fwww.agoda.com%2Fvenetian-resort-hotel-casino%2Fhotel%2Flas-vegas-nv-us.html&providerMode=separate;23;2026-06-07T16:23:33.156739+00:00;ok;
HVEGAS001;The Venetian Resort Las Vegas;Las Vegas;United States;agoda;agoda;332.0;Agoda;123ce8eae3fc37f0;03/05/2025;2025;14/04/2025;2025.0;10.0;0.0;10.0;10.0;https://www.agoda.com/api/cronos/property/review/HotelReviews?hotelId=2937&pageSize=50&referer=https%3A%2F%2Fwww.agoda.com%2Fvenetian-resort-hotel-casino%2Fhotel%2Flas-vegas-nv-us.html&providerMode=separate;23;2026-06-07T16:23:33.156739+00:00;ok;
HVEGAS001;The Venetian Resort Las Vegas;Las Vegas;United States;agoda;agoda;332.0;Agoda;e07de3d34f4ba5dd;04/05/2025;2025;03/05/2025;2025.0;9.2;0.0;10.0;9.2;https://www.agoda.com/api/cronos/property/review/HotelReviews?hotelId=2937&pageSize=50&referer=https%3A%2F%2Fwww.agoda.com%2Fvenetian-resort-hotel-casino%2Fhotel%2Flas-vegas-nv-us.html&providerMode=separate;2;2026-06-07T16:23:33.156739+00:00;ok;
HVEGAS001;The Venetian Resort Las Vegas;Las Vegas;United States;agoda;agoda;332.0;Agoda;6e6a500fe02e9e9f;04/05/2025;2025;02/05/2025;2025.0;5.2;0.0;10.0;5.2;https://www.agoda.com/api/cronos/property/review/HotelReviews?hotelId=2937&pageSize=50&referer=https%3A%2F%2Fwww.agoda.com%2Fvenetian-resort-hotel-casino%2Fhotel%2Flas-vegas-nv-us.html&providerMode=separate;26;2026-06-07T16:23:33.156739+00:00;ok;
HVEGAS001;The Venetian Resort Las Vegas;Las Vegas;United States;agoda;agoda;332.0;Agoda;d9350747173420ee;05/05/2025;2025;01/05/2025;2025.0;9.6;0.0;10.0;9.6;https://www.agoda.com/api/cronos/property/review/HotelReviews?hotelId=2937&pageSize=50&referer=https%3A%2F%2Fwww.agoda.com%2Fvenetian-resort-hotel-casino%2Fhotel%2Flas-vegas-nv-us.html&providerMode=separate;2;2026-06-07T16:23:33.156739+00:00;ok;
HVEGAS001;The Venetian Resort Las Vegas;Las Vegas;United States;agoda;agoda;332.0;Agoda;02517aac872793a6;05/05/2025;2025;29/04/2025;2025.0;10.0;0.0;10.0;10.0;https://www.agoda.com/api/cronos/property/review/HotelReviews?hotelId=2937&pageSize=50&referer=https%3A%2F%2Fwww.agoda.com%2Fvenetian-resort-hotel-casino%2Fhotel%2Flas-vegas-nv-us.html&providerMode=separate;33;2026-06-07T16:23:33.156739+00:00;ok;
HVEGAS001;The Venetian Resort Las Vegas;Las Vegas;United States;agoda;agoda;332.0;Agoda;240f7fe0bac25e49;06/05/2025;2025;03/05/2025;2025.0;8.8;0.0;10.0;8.8;https://www.agoda.com/api/cronos/property/review/HotelReviews?hotelId=2937&pageSize=50&referer=https%3A%2F%2Fwww.agoda.com%2Fvenetian-resort-hotel-casino%2Fhotel%2Flas-vegas-nv-us.html&providerMode=separate;2;2026-06-07T16:23:33.156739+00:00;ok;
HVEGAS001;The Venetian Resort Las Vegas;Las Vegas;United States;agoda;agoda;332.0;Agoda;89b806315e0bdaa7;09/05/2025;2025;02/05/2025;2025.0;10.0;0.0;10.0;10.0;https://www.agoda.com/api/cronos/property/review/HotelReviews?hotelId=2937&pageSize=50&referer=https%3A%2F%2Fwww.agoda.com%2Fvenetian-resort-hotel-casino%2Fhotel%2Flas-vegas-nv-us.html&providerMode=separate;2;2026-06-07T16:23:33.156739+00:00;ok;
HVEGAS001;The Venetian Resort Las Vegas;Las Vegas;United States;agoda;agoda;332.0;Agoda;036e879bc3afddc7;18/05/2025;2025;09/05/2025;2025.0;8.4;0.0;10.0;8.4;https://www.agoda.com/api/cronos/property/review/HotelReviews?hotelId=2937&pageSize=50&referer=https%3A%2F%2Fwww.agoda.com%2Fvenetian-resort-hotel-casino%2Fhotel%2Flas-vegas-nv-us.html&providerMode=separate;2;2026-06-07T16:23:33.156739+00:00;ok;
HVEGAS001;The Venetian Resort Las Vegas;Las Vegas;United States;agoda;agoda;332.0;Agoda;26a4044ddf37b2c8;21/05/2025;2025;17/05/2025;2025.0;9.2;0.0;10.0;9.2;https://www.agoda.com/api/cronos/property/review/HotelReviews?hotelId=2937&pageSize=50&referer=https%3A%2F%2Fwww.agoda.com%2Fvenetian-resort-hotel-casino%2Fhotel%2Flas-vegas-nv-us.html&providerMode=separate;2;2026-06-07T16:23:33.156739+00:00;ok;
HVEGAS001;The Venetian Resort Las Vegas;Las Vegas;United States;agoda;agoda;332.0;Agoda;f7602b217610ada1;26/05/2025;2025;25/05/2025;2025.0;9.6;0.0;10.0;9.6;https://www.agoda.com/api/cronos/property/review/HotelReviews?hotelId=2937&pageSize=50&referer=https%3A%2F%2Fwww.agoda.com%2Fvenetian-resort-hotel-casino%2Fhotel%2Flas-vegas-nv-us.html&providerMode=separate;2;2026-06-07T16:23:33.156739+00:00;ok;
HVEGAS001;The Venetian Resort Las Vegas;Las Vegas;United States;agoda;agoda;332.0;Agoda;9efe2501d386ba69;26/05/2025;2025;26/09/2024;2024.0;8.0;0.0;10.0;8.0;https://www.agoda.com/api/cronos/property/review/HotelReviews?hotelId=2937&pageSize=50&referer=https%3A%2F%2Fwww.agoda.com%2Fvenetian-resort-hotel-casino%2Fhotel%2Flas-vegas-nv-us.html&providerMode=separate;26;2026-06-07T16:23:33.156739+00:00;ok;
HVEGAS001;The Venetian Resort Las Vegas;Las Vegas;United States;agoda;agoda;332.0;Agoda;2e05de99e1910dac;03/06/2025;2025;31/05/2025;2025.0;10.0;0.0;10.0;10.0;https://www.agoda.com/api/cronos/property/review/HotelReviews?hotelId=2937&pageSize=50&referer=https%3A%2F%2Fwww.agoda.com%2Fvenetian-resort-hotel-casino%2Fhotel%2Flas-vegas-nv-us.html&providerMode=separate;2;2026-06-07T16:23:33.156739+00:00;ok;
HVEGAS001;The Venetian Resort Las Vegas;Las Vegas;United States;agoda;agoda;332.0;Agoda;f0360fdfee83f84d;04/06/2025;2025;21/05/2025;2025.0;9.2;0.0;10.0;9.2;https://www.agoda.com/api/cronos/property/review/HotelReviews?hotelId=2937&pageSize=50&referer=https%3A%2F%2Fwww.agoda.com%2Fvenetian-resort-hotel-casino%2Fhotel%2Flas-vegas-nv-us.html&providerMode=separate;23;2026-06-07T16:23:33.156739+00:00;ok;
HVEGAS001;The Venetian Resort Las Vegas;Las Vegas;United States;agoda;agoda;332.0;Agoda;383a810f022445ff;05/06/2025;2025;01/06/2025;2025.0;10.0;0.0;10.0;10.0;https://www.agoda.com/api/cronos/property/review/HotelReviews?hotelId=2937&pageSize=50&referer=https%3A%2F%2Fwww.agoda.com%2Fvenetian-resort-hotel-casino%2Fhotel%2Flas-vegas-nv-us.html&providerMode=separate;2;2026-06-07T16:23:33.156739+00:00;ok;
HVEGAS001;The Venetian Resort Las Vegas;Las Vegas;United States;agoda;agoda;332.0;Agoda;72f530eefcde1830;07/06/2025;2025;01/06/2025;2025.0;10.0;0.0;10.0;10.0;https://www.agoda.com/api/cronos/property/review/HotelReviews?hotelId=2937&pageSize=50&referer=https%3A%2F%2Fwww.agoda.com%2Fvenetian-resort-hotel-casino%2Fhotel%2Flas-vegas-nv-us.html&providerMode=separate;2;2026-06-07T16:23:33.156739+00:00;ok;
HVEGAS001;The Venetian Resort Las Vegas;Las Vegas;United States;agoda;agoda;332.0;Agoda;22b2079cc62b207f;07/06/2025;2025;02/06/2025;2025.0;9.2;0.0;10.0;9.2;https://www.agoda.com/api/cronos/property/review/HotelReviews?hotelId=2937&pageSize=50&referer=https%3A%2F%2Fwww.agoda.com%2Fvenetian-resort-hotel-casino%2Fhotel%2Flas-vegas-nv-us.html&providerMode=separate;26;2026-06-07T16:23:33.156739+00:00;ok;
HVEGAS001;The Venetian Resort Las Vegas;Las Vegas;United States;agoda;agoda;332.0;Agoda;bb040ffddb049836;09/06/2025;2025;05/06/2025;2025.0;10.0;0.0;10.0;10.0;https://www.agoda.com/api/cronos/property/review/HotelReviews?hotelId=2937&pageSize=50&referer=https%3A%2F%2Fwww.agoda.com%2Fvenetian-resort-hotel-casino%2Fhotel%2Flas-vegas-nv-us.html&providerMode=separate;2;2026-06-07T16:23:33.156739+00:00;ok;
HVEGAS001;The Venetian Resort Las Vegas;Las Vegas;United States;agoda;agoda;332.0;Agoda;e10f87ac129e0a2b;13/06/2025;2025;09/06/2025;2025.0;10.0;0.0;10.0;10.0;https://www.agoda.com/api/cronos/property/review/HotelReviews?hotelId=2937&pageSize=50&referer=https%3A%2F%2Fwww.agoda.com%2Fvenetian-resort-hotel-casino%2Fhotel%2Flas-vegas-nv-us.html&providerMode=separate;2;2026-06-07T16:23:33.156739+00:00;ok;
HVEGAS001;The Venetian Resort Las Vegas;Las Vegas;United States;agoda;agoda;332.0;Agoda;dd64d9670898de54;19/06/2025;2025;09/06/2025;2025.0;9.2;0.0;10.0;9.2;https://www.agoda.com/api/cronos/property/review/HotelReviews?hotelId=2937&pageSize=50&referer=https%3A%2F%2Fwww.agoda.com%2Fvenetian-resort-hotel-casino%2Fhotel%2Flas-vegas-nv-us.html&providerMode=separate;26;2026-06-07T16:23:33.156739+00:00;ok;
HVEGAS001;The Venetian Resort Las Vegas;Las Vegas;United States;agoda;agoda;332.0;Agoda;17a1c01b8894f06d;20/06/2025;2025;03/06/2025;2025.0;3.6;0.0;10.0;3.6;https://www.agoda.com/api/cronos/property/review/HotelReviews?hotelId=2937&pageSize=50&referer=https%3A%2F%2Fwww.agoda.com%2Fvenetian-resort-hotel-casino%2Fhotel%2Flas-vegas-nv-us.html&providerMode=separate;33;2026-06-07T16:23:33.156739+00:00;ok;
HVEGAS001;The Venetian Resort Las Vegas;Las Vegas;United States;agoda;agoda;332.0;Agoda;08371b8572158106;24/06/2025;2025;02/06/2025;2025.0;10.0;0.0;10.0;10.0;https://www.agoda.com/api/cronos/property/review/HotelReviews?hotelId=2937&pageSize=50&referer=https%3A%2F%2Fwww.agoda.com%2Fvenetian-resort-hotel-casino%2Fhotel%2Flas-vegas-nv-us.html&providerMode=separate;2;2026-06-07T16:23:33.156739+00:00;ok;
HVEGAS001;The Venetian Resort Las Vegas;Las Vegas;United States;agoda;agoda;332.0;Agoda;15fc0bb34a3a57b2;28/06/2025;2025;27/06/2025;2025.0;6.8;0.0;10.0;6.8;https://www.agoda.com/api/cronos/property/review/HotelReviews?hotelId=2937&pageSize=50&referer=https%3A%2F%2Fwww.agoda.com%2Fvenetian-resort-hotel-casino%2Fhotel%2Flas-vegas-nv-us.html&providerMode=separate;2;2026-06-07T16:23:33.156739+00:00;ok;
HVEGAS001;The Venetian Resort Las Vegas;Las Vegas;United States;agoda;agoda;332.0;Agoda;520c596526528eeb;30/06/2025;2025;26/06/2025;2025.0;6.8;0.0;10.0;6.8;https://www.agoda.com/api/cronos/property/review/HotelReviews?hotelId=2937&pageSize=50&referer=https%3A%2F%2Fwww.agoda.com%2Fvenetian-resort-hotel-casino%2Fhotel%2Flas-vegas-nv-us.html&providerMode=separate;2;2026-06-07T16:23:33.156739+00:00;ok;
HVEGAS001;The Venetian Resort Las Vegas;Las Vegas;United States;agoda;agoda;332.0;Agoda;4c9d2a9802e4b49c;02/07/2025;2025;27/06/2025;2025.0;10.0;0.0;10.0;10.0;https://www.agoda.com/api/cronos/property/review/HotelReviews?hotelId=2937&pageSize=50&referer=https%3A%2F%2Fwww.agoda.com%2Fvenetian-resort-hotel-casino%2Fhotel%2Flas-vegas-nv-us.html&providerMode=separate;1;2026-06-07T16:23:33.156739+00:00;ok;
HVEGAS001;The Venetian Resort Las Vegas;Las Vegas;United States;agoda;agoda;332.0;Agoda;e990146752f89fb0;03/07/2025;2025;29/06/2025;2025.0;10.0;0.0;10.0;10.0;https://www.agoda.com/api/cronos/property/review/HotelReviews?hotelId=2937&pageSize=50&referer=https%3A%2F%2Fwww.agoda.com%2Fvenetian-resort-hotel-casino%2Fhotel%2Flas-vegas-nv-us.html&providerMode=separate;33;2026-06-07T16:23:33.156739+00:00;ok;
HVEGAS001;The Venetian Resort Las Vegas;Las Vegas;United States;agoda;agoda;332.0;Agoda;9b16479f2d69d71b;05/07/2025;2025;01/07/2025;2025.0;8.4;0.0;10.0;8.4;https://www.agoda.com/api/cronos/property/review/HotelReviews?hotelId=2937&pageSize=50&referer=https%3A%2F%2Fwww.agoda.com%2Fvenetian-resort-hotel-casino%2Fhotel%2Flas-vegas-nv-us.html&providerMode=separate;26;2026-06-07T16:23:33.156739+00:00;ok;
HVEGAS001;The Venetian Resort Las Vegas;Las Vegas;United States;agoda;agoda;332.0;Agoda;b44c2563791b8f96;06/07/2025;2025;01/06/2025;2025.0;7.2;0.0;10.0;7.2;https://www.agoda.com/api/cronos/property/review/HotelReviews?hotelId=2937&pageSize=50&referer=https%3A%2F%2Fwww.agoda.com%2Fvenetian-resort-hotel-casino%2Fhotel%2Flas-vegas-nv-us.html&providerMode=separate;1;2026-06-07T16:23:33.156739+00:00;ok;
HVEGAS001;The Venetian Resort Las Vegas;Las Vegas;United States;agoda;agoda;332.0;Agoda;d57aca149b86bc64;07/07/2025;2025;04/07/2025;2025.0;10.0;0.0;10.0;10.0;https://www.agoda.com/api/cronos/property/review/HotelReviews?hotelId=2937&pageSize=50&referer=https%3A%2F%2Fwww.agoda.com%2Fvenetian-resort-hotel-casino%2Fhotel%2Flas-vegas-nv-us.html&providerMode=separate;1;2026-06-07T16:23:33.156739+00:00;ok;
HVEGAS001;The Venetian Resort Las Vegas;Las Vegas;United States;agoda;agoda;332.0;Agoda;367fb19bcba61305;09/07/2025;2025;01/07/2025;2025.0;10.0;0.0;10.0;10.0;https://www.agoda.com/api/cronos/property/review/HotelReviews?hotelId=2937&pageSize=50&referer=https%3A%2F%2Fwww.agoda.com%2Fvenetian-resort-hotel-casino%2Fhotel%2Flas-vegas-nv-us.html&providerMode=separate;1;2026-06-07T16:23:33.156739+00:00;ok;
HVEGAS001;The Venetian Resort Las Vegas;Las Vegas;United States;agoda;agoda;332.0;Agoda;9c41b924bf805c6d;09/07/2025;2025;28/06/2025;2025.0;9.2;0.0;10.0;9.2;https://www.agoda.com/api/cronos/property/review/HotelReviews?hotelId=2937&pageSize=50&referer=https%3A%2F%2Fwww.agoda.com%2Fvenetian-resort-hotel-casino%2Fhotel%2Flas-vegas-nv-us.html&providerMode=separate;1;2026-06-07T16:23:33.156739+00:00;ok;
HVEGAS001;The Venetian Resort Las Vegas;Las Vegas;United States;agoda;agoda;332.0;Agoda;e53000d6422cbd64;09/07/2025;2025;06/07/2025;2025.0;9.2;0.0;10.0;9.2;https://www.agoda.com/api/cronos/property/review/HotelReviews?hotelId=2937&pageSize=50&referer=https%3A%2F%2Fwww.agoda.com%2Fvenetian-resort-hotel-casino%2Fhotel%2Flas-vegas-nv-us.html&providerMode=separate;32;2026-06-07T16:23:33.156739+00:00;ok;
HVEGAS001;The Venetian Resort Las Vegas;Las Vegas;United States;agoda;agoda;332.0;Agoda;e682ddd551c6c779;16/07/2025;2025;16/02/2025;2025.0;10.0;0.0;10.0;10.0;https://www.agoda.com/api/cronos/property/review/HotelReviews?hotelId=2937&pageSize=50&referer=https%3A%2F%2Fwww.agoda.com%2Fvenetian-resort-hotel-casino%2Fhotel%2Flas-vegas-nv-us.html&providerMode=separate;32;2026-06-07T16:23:33.156739+00:00;ok;
HVEGAS001;The Venetian Resort Las Vegas;Las Vegas;United States;agoda;agoda;332.0;Agoda;c84a1f6cfa8cd959;21/07/2025;2025;13/10/2024;2024.0;10.0;0.0;10.0;10.0;https://www.agoda.com/api/cronos/property/review/HotelReviews?hotelId=2937&pageSize=50&referer=https%3A%2F%2Fwww.agoda.com%2Fvenetian-resort-hotel-casino%2Fhotel%2Flas-vegas-nv-us.html&providerMode=separate;26;2026-06-07T16:23:33.156739+00:00;ok;
HVEGAS001;The Venetian Resort Las Vegas;Las Vegas;United States;agoda;agoda;332.0;Agoda;5d634de6a724a95b;23/07/2025;2025;16/07/2025;2025.0;9.6;0.0;10.0;9.6;https://www.agoda.com/api/cronos/property/review/HotelReviews?hotelId=2937&pageSize=50&referer=https%3A%2F%2Fwww.agoda.com%2Fvenetian-resort-hotel-casino%2Fhotel%2Flas-vegas-nv-us.html&providerMode=separate;1;2026-06-07T16:23:33.156739+00:00;ok;
HVEGAS001;The Venetian Resort Las Vegas;Las Vegas;United States;agoda;agoda;332.0;Agoda;2bf1f078600d401c;27/07/2025;2025;21/07/2025;2025.0;10.0;0.0;10.0;10.0;https://www.agoda.com/api/cronos/property/review/HotelReviews?hotelId=2937&pageSize=50&referer=https%3A%2F%2Fwww.agoda.com%2Fvenetian-resort-hotel-casino%2Fhotel%2Flas-vegas-nv-us.html&providerMode=separate;1;2026-06-07T16:23:33.156739+00:00;ok;
HVEGAS001;The Venetian Resort Las Vegas;Las Vegas;United States;agoda;agoda;332.0;Agoda;fa7636e490b275b1;29/07/2025;2025;20/07/2025;2025.0;10.0;0.0;10.0;10.0;https://www.agoda.com/api/cronos/property/review/HotelReviews?hotelId=2937&pageSize=50&referer=https%3A%2F%2Fwww.agoda.com%2Fvenetian-resort-hotel-casino%2Fhotel%2Flas-vegas-nv-us.html&providerMode=separate;1;2026-06-07T16:23:33.156739+00:00;ok;
HVEGAS001;The Venetian Resort Las Vegas;Las Vegas;United States;agoda;agoda;332.0;Agoda;8a8b655baf6ddf1c;01/08/2025;2025;30/07/2025;2025.0;10.0;0.0;10.0;10.0;https://www.agoda.com/api/cronos/property/review/HotelReviews?hotelId=2937&pageSize=50&referer=https%3A%2F%2Fwww.agoda.com%2Fvenetian-resort-hotel-casino%2Fhotel%2Flas-vegas-nv-us.html&providerMode=separate;33;2026-06-07T16:23:33.156739+00:00;ok;
HVEGAS001;The Venetian Resort Las Vegas;Las Vegas;United States;agoda;agoda;332.0;Agoda;df298aa877aede4b;03/08/2025;2025;28/07/2025;2025.0;6.4;0.0;10.0;6.4;https://www.agoda.com/api/cronos/property/review/HotelReviews?hotelId=2937&pageSize=50&referer=https%3A%2F%2Fwww.agoda.com%2Fvenetian-resort-hotel-casino%2Fhotel%2Flas-vegas-nv-us.html&providerMode=separate;1;2026-06-07T16:23:33.156739+00:00;ok;
HVEGAS001;The Venetian Resort Las Vegas;Las Vegas;United States;agoda;agoda;332.0;Agoda;253c83ff865a02c4;07/08/2025;2025;04/08/2025;2025.0;10.0;0.0;10.0;10.0;https://www.agoda.com/api/cronos/property/review/HotelReviews?hotelId=2937&pageSize=50&referer=https%3A%2F%2Fwww.agoda.com%2Fvenetian-resort-hotel-casino%2Fhotel%2Flas-vegas-nv-us.html&providerMode=separate;22;2026-06-07T16:23:33.156739+00:00;ok;
HVEGAS001;The Venetian Resort Las Vegas;Las Vegas;United States;agoda;agoda;332.0;Agoda;b2a0c94bab0d608e;07/08/2025;2025;03/08/2025;2025.0;9.6;0.0;10.0;9.6;https://www.agoda.com/api/cronos/property/review/HotelReviews?hotelId=2937&pageSize=50&referer=https%3A%2F%2Fwww.agoda.com%2Fvenetian-resort-hotel-casino%2Fhotel%2Flas-vegas-nv-us.html&providerMode=separate;33;2026-06-07T16:23:33.156739+00:00;ok;
HVEGAS001;The Venetian Resort Las Vegas;Las Vegas;United States;agoda;agoda;332.0;Agoda;480b2cd93fc12c0a;10/08/2025;2025;03/08/2025;2025.0;10.0;0.0;10.0;10.0;https://www.agoda.com/api/cronos/property/review/HotelReviews?hotelId=2937&pageSize=50&referer=https%3A%2F%2Fwww.agoda.com%2Fvenetian-resort-hotel-casino%2Fhotel%2Flas-vegas-nv-us.html&providerMode=separate;1;2026-06-07T16:23:33.156739+00:00;ok;
HVEGAS001;The Venetian Resort Las Vegas;Las Vegas;United States;agoda;agoda;332.0;Agoda;383df7da9833bcd4;10/08/2025;2025;03/08/2025;2025.0;8.8;0.0;10.0;8.8;https://www.agoda.com/api/cronos/property/review/HotelReviews?hotelId=2937&pageSize=50&referer=https%3A%2F%2Fwww.agoda.com%2Fvenetian-resort-hotel-casino%2Fhotel%2Flas-vegas-nv-us.html&providerMode=separate;23;2026-06-07T16:23:33.156739+00:00;ok;
HVEGAS001;The Venetian Resort Las Vegas;Las Vegas;United States;agoda;agoda;332.0;Agoda;7ed4b665f37629c3;11/08/2025;2025;31/07/2025;2025.0;10.0;0.0;10.0;10.0;https://www.agoda.com/api/cronos/property/review/HotelReviews?hotelId=2937&pageSize=50&referer=https%3A%2F%2Fwww.agoda.com%2Fvenetian-resort-hotel-casino%2Fhotel%2Flas-vegas-nv-us.html&providerMode=separate;26;2026-06-07T16:23:33.156739+00:00;ok;
HVEGAS001;The Venetian Resort Las Vegas;Las Vegas;United States;agoda;agoda;332.0;Agoda;6332b578ce3d29fb;11/08/2025;2025;28/07/2025;2025.0;10.0;0.0;10.0;10.0;https://www.agoda.com/api/cronos/property/review/HotelReviews?hotelId=2937&pageSize=50&referer=https%3A%2F%2Fwww.agoda.com%2Fvenetian-resort-hotel-casino%2Fhotel%2Flas-vegas-nv-us.html&providerMode=separate;33;2026-06-07T16:23:33.156739+00:00;ok;
HVEGAS001;The Venetian Resort Las Vegas;Las Vegas;United States;agoda;agoda;332.0;Agoda;502c27daf101df31;13/08/2025;2025;10/08/2025;2025.0;6.0;0.0;10.0;6.0;https://www.agoda.com/api/cronos/property/review/HotelReviews?hotelId=2937&pageSize=50&referer=https%3A%2F%2Fwww.agoda.com%2Fvenetian-resort-hotel-casino%2Fhotel%2Flas-vegas-nv-us.html&providerMode=separate;1;2026-06-07T16:23:33.156739+00:00;ok;
HVEGAS001;The Venetian Resort Las Vegas;Las Vegas;United States;agoda;agoda;332.0;Agoda;bfd9c8b123dfb403;13/08/2025;2025;03/08/2025;2025.0;10.0;0.0;10.0;10.0;https://www.agoda.com/api/cronos/property/review/HotelReviews?hotelId=2937&pageSize=50&referer=https%3A%2F%2Fwww.agoda.com%2Fvenetian-resort-hotel-casino%2Fhotel%2Flas-vegas-nv-us.html&providerMode=separate;22;2026-06-07T16:23:33.156739+00:00;ok;
HVEGAS001;The Venetian Resort Las Vegas;Las Vegas;United States;agoda;agoda;332.0;Agoda;b2745e7851043232;16/08/2025;2025;11/08/2025;2025.0;8.8;0.0;10.0;8.8;https://www.agoda.com/api/cronos/property/review/HotelReviews?hotelId=2937&pageSize=50&referer=https%3A%2F%2Fwww.agoda.com%2Fvenetian-resort-hotel-casino%2Fhotel%2Flas-vegas-nv-us.html&providerMode=separate;1;2026-06-07T16:23:33.156739+00:00;ok;
HVEGAS001;The Venetian Resort Las Vegas;Las Vegas;United States;agoda;agoda;332.0;Agoda;feacee7b233d92bc;18/08/2025;2025;14/08/2025;2025.0;8.0;0.0;10.0;8.0;https://www.agoda.com/api/cronos/property/review/HotelReviews?hotelId=2937&pageSize=50&referer=https%3A%2F%2Fwww.agoda.com%2Fvenetian-resort-hotel-casino%2Fhotel%2Flas-vegas-nv-us.html&providerMode=separate;1;2026-06-07T16:23:33.156739+00:00;ok;
HVEGAS001;The Venetian Resort Las Vegas;Las Vegas;United States;agoda;agoda;332.0;Agoda;ce08f3d0b9a59f50;18/08/2025;2025;13/08/2025;2025.0;10.0;0.0;10.0;10.0;https://www.agoda.com/api/cronos/property/review/HotelReviews?hotelId=2937&pageSize=50&referer=https%3A%2F%2Fwww.agoda.com%2Fvenetian-resort-hotel-casino%2Fhotel%2Flas-vegas-nv-us.html&providerMode=separate;1;2026-06-07T16:23:33.156739+00:00;ok;
HVEGAS001;The Venetian Resort Las Vegas;Las Vegas;United States;agoda;agoda;332.0;Agoda;b80865a2c1094343;19/08/2025;2025;11/08/2025;2025.0;10.0;0.0;10.0;10.0;https://www.agoda.com/api/cronos/property/review/HotelReviews?hotelId=2937&pageSize=50&referer=https%3A%2F%2Fwww.agoda.com%2Fvenetian-resort-hotel-casino%2Fhotel%2Flas-vegas-nv-us.html&providerMode=separate;22;2026-06-07T16:23:33.156739+00:00;ok;
HVEGAS001;The Venetian Resort Las Vegas;Las Vegas;United States;agoda;agoda;332.0;Agoda;97e333760c6b45b8;19/08/2025;2025;13/08/2025;2025.0;7.2;0.0;10.0;7.2;https://www.agoda.com/api/cronos/property/review/HotelReviews?hotelId=2937&pageSize=50&referer=https%3A%2F%2Fwww.agoda.com%2Fvenetian-resort-hotel-casino%2Fhotel%2Flas-vegas-nv-us.html&providerMode=separate;22;2026-06-07T16:23:33.156739+00:00;ok;
HVEGAS001;The Venetian Resort Las Vegas;Las Vegas;United States;agoda;agoda;332.0;Agoda;b86c0adff32c15f1;20/08/2025;2025;12/09/2024;2024.0;10.0;0.0;10.0;10.0;https://www.agoda.com/api/cronos/property/review/HotelReviews?hotelId=2937&pageSize=50&referer=https%3A%2F%2Fwww.agoda.com%2Fvenetian-resort-hotel-casino%2Fhotel%2Flas-vegas-nv-us.html&providerMode=separate;1;2026-06-07T16:23:33.156739+00:00;ok;
HVEGAS001;The Venetian Resort Las Vegas;Las Vegas;United States;agoda;agoda;332.0;Agoda;618cdf2c05a705fb;20/08/2025;2025;03/08/2025;2025.0;6.0;0.0;10.0;6.0;https://www.agoda.com/api/cronos/property/review/HotelReviews?hotelId=2937&pageSize=50&referer=https%3A%2F%2Fwww.agoda.com%2Fvenetian-resort-hotel-casino%2Fhotel%2Flas-vegas-nv-us.html&providerMode=separate;1;2026-06-07T16:23:33.156739+00:00;ok;
HVEGAS001;The Venetian Resort Las Vegas;Las Vegas;United States;agoda;agoda;332.0;Agoda;70170b0003710903;22/08/2025;2025;19/08/2025;2025.0;10.0;0.0;10.0;10.0;https://www.agoda.com/api/cronos/property/review/HotelReviews?hotelId=2937&pageSize=50&referer=https%3A%2F%2Fwww.agoda.com%2Fvenetian-resort-hotel-casino%2Fhotel%2Flas-vegas-nv-us.html&providerMode=separate;1;2026-06-07T16:23:33.156739+00:00;ok;
HVEGAS001;The Venetian Resort Las Vegas;Las Vegas;United States;agoda;agoda;332.0;Agoda;b24c9dcc5afff5ad;23/08/2025;2025;19/08/2025;2025.0;6.8;0.0;10.0;6.8;https://www.agoda.com/api/cronos/property/review/HotelReviews?hotelId=2937&pageSize=50&referer=https%3A%2F%2Fwww.agoda.com%2Fvenetian-resort-hotel-casino%2Fhotel%2Flas-vegas-nv-us.html&providerMode=separate;1;2026-06-07T16:23:33.156739+00:00;ok;
HVEGAS001;The Venetian Resort Las Vegas;Las Vegas;United States;agoda;agoda;332.0;Agoda;3cf2ae374d76624a;24/08/2025;2025;20/08/2025;2025.0;9.2;0.0;10.0;9.2;https://www.agoda.com/api/cronos/property/review/HotelReviews?hotelId=2937&pageSize=50&referer=https%3A%2F%2Fwww.agoda.com%2Fvenetian-resort-hotel-casino%2Fhotel%2Flas-vegas-nv-us.html&providerMode=separate;21;2026-06-07T16:23:33.156739+00:00;ok;
HVEGAS001;The Venetian Resort Las Vegas;Las Vegas;United States;agoda;agoda;332.0;Agoda;f2353ec680ce6646;26/08/2025;2025;19/08/2025;2025.0;10.0;0.0;10.0;10.0;https://www.agoda.com/api/cronos/property/review/HotelReviews?hotelId=2937&pageSize=50&referer=https%3A%2F%2Fwww.agoda.com%2Fvenetian-resort-hotel-casino%2Fhotel%2Flas-vegas-nv-us.html&providerMode=separate;22;2026-06-07T16:23:33.156739+00:00;ok;
HVEGAS001;The Venetian Resort Las Vegas;Las Vegas;United States;agoda;agoda;332.0;Agoda;424d564a574224d3;30/08/2025;2025;12/05/2025;2025.0;10.0;0.0;10.0;10.0;https://www.agoda.com/api/cronos/property/review/HotelReviews?hotelId=2937&pageSize=50&referer=https%3A%2F%2Fwww.agoda.com%2Fvenetian-resort-hotel-casino%2Fhotel%2Flas-vegas-nv-us.html&providerMode=separate;1;2026-06-07T16:23:33.156739+00:00;ok;
HVEGAS001;The Venetian Resort Las Vegas;Las Vegas;United States;agoda;agoda;332.0;Agoda;216fc110cbe84596;08/09/2025;2025;07/09/2025;2025.0;10.0;0.0;10.0;10.0;https://www.agoda.com/api/cronos/property/review/HotelReviews?hotelId=2937&pageSize=50&referer=https%3A%2F%2Fwww.agoda.com%2Fvenetian-resort-hotel-casino%2Fhotel%2Flas-vegas-nv-us.html&providerMode=separate;1;2026-06-07T16:23:33.156739+00:00;ok;
HVEGAS001;The Venetian Resort Las Vegas;Las Vegas;United States;agoda;agoda;332.0;Agoda;3da6a9a4c47ead54;12/09/2025;2025;04/09/2025;2025.0;6.0;0.0;10.0;6.0;https://www.agoda.com/api/cronos/property/review/HotelReviews?hotelId=2937&pageSize=50&referer=https%3A%2F%2Fwww.agoda.com%2Fvenetian-resort-hotel-casino%2Fhotel%2Flas-vegas-nv-us.html&providerMode=separate;1;2026-06-07T16:23:33.156739+00:00;ok;
HVEGAS001;The Venetian Resort Las Vegas;Las Vegas;United States;agoda;agoda;332.0;Agoda;f2df651c870bd5a6;27/09/2025;2025;15/09/2025;2025.0;7.2;0.0;10.0;7.2;https://www.agoda.com/api/cronos/property/review/HotelReviews?hotelId=2937&pageSize=50&referer=https%3A%2F%2Fwww.agoda.com%2Fvenetian-resort-hotel-casino%2Fhotel%2Flas-vegas-nv-us.html&providerMode=separate;22;2026-06-07T16:23:33.156739+00:00;ok;
HVEGAS001;The Venetian Resort Las Vegas;Las Vegas;United States;agoda;agoda;332.0;Agoda;578b81ef7e41179c;08/10/2025;2025;01/10/2025;2025.0;9.6;0.0;10.0;9.6;https://www.agoda.com/api/cronos/property/review/HotelReviews?hotelId=2937&pageSize=50&referer=https%3A%2F%2Fwww.agoda.com%2Fvenetian-resort-hotel-casino%2Fhotel%2Flas-vegas-nv-us.html&providerMode=separate;24;2026-06-07T16:23:33.156739+00:00;ok;
HVEGAS001;The Venetian Resort Las Vegas;Las Vegas;United States;agoda;agoda;332.0;Agoda;795c1ce648f21f21;10/10/2025;2025;25/09/2025;2025.0;9.6;0.0;10.0;9.6;https://www.agoda.com/api/cronos/property/review/HotelReviews?hotelId=2937&pageSize=50&referer=https%3A%2F%2Fwww.agoda.com%2Fvenetian-resort-hotel-casino%2Fhotel%2Flas-vegas-nv-us.html&providerMode=separate;1;2026-06-07T16:23:33.156739+00:00;ok;
HVEGAS001;The Venetian Resort Las Vegas;Las Vegas;United States;agoda;agoda;332.0;Agoda;4c66e6a887b41e47;15/10/2025;2025;01/10/2025;2025.0;10.0;0.0;10.0;10.0;https://www.agoda.com/api/cronos/property/review/HotelReviews?hotelId=2937&pageSize=50&referer=https%3A%2F%2Fwww.agoda.com%2Fvenetian-resort-hotel-casino%2Fhotel%2Flas-vegas-nv-us.html&providerMode=separate;1;2026-06-07T16:23:33.156739+00:00;ok;
HVEGAS001;The Venetian Resort Las Vegas;Las Vegas;United States;agoda;agoda;332.0;Agoda;08dfa1a824234958;17/10/2025;2025;08/10/2025;2025.0;9.2;0.0;10.0;9.2;https://www.agoda.com/api/cronos/property/review/HotelReviews?hotelId=2937&pageSize=50&referer=https%3A%2F%2Fwww.agoda.com%2Fvenetian-resort-hotel-casino%2Fhotel%2Flas-vegas-nv-us.html&providerMode=separate;32;2026-06-07T16:23:33.156739+00:00;ok;
HVEGAS001;The Venetian Resort Las Vegas;Las Vegas;United States;agoda;agoda;332.0;Agoda;206406b8dd59397f;18/10/2025;2025;16/10/2025;2025.0;10.0;0.0;10.0;10.0;https://www.agoda.com/api/cronos/property/review/HotelReviews?hotelId=2937&pageSize=50&referer=https%3A%2F%2Fwww.agoda.com%2Fvenetian-resort-hotel-casino%2Fhotel%2Flas-vegas-nv-us.html&providerMode=separate;23;2026-06-07T16:23:33.156739+00:00;ok;
HVEGAS001;The Venetian Resort Las Vegas;Las Vegas;United States;agoda;agoda;332.0;Agoda;ba0276d12b113780;19/10/2025;2025;16/10/2025;2025.0;10.0;0.0;10.0;10.0;https://www.agoda.com/api/cronos/property/review/HotelReviews?hotelId=2937&pageSize=50&referer=https%3A%2F%2Fwww.agoda.com%2Fvenetian-resort-hotel-casino%2Fhotel%2Flas-vegas-nv-us.html&providerMode=separate;1;2026-06-07T16:23:33.156739+00:00;ok;
HVEGAS001;The Venetian Resort Las Vegas;Las Vegas;United States;agoda;agoda;332.0;Agoda;d3abffcecc77b529;20/10/2025;2025;11/08/2025;2025.0;10.0;0.0;10.0;10.0;https://www.agoda.com/api/cronos/property/review/HotelReviews?hotelId=2937&pageSize=50&referer=https%3A%2F%2Fwww.agoda.com%2Fvenetian-resort-hotel-casino%2Fhotel%2Flas-vegas-nv-us.html&providerMode=separate;26;2026-06-07T16:23:33.156739+00:00;ok;
HVEGAS001;The Venetian Resort Las Vegas;Las Vegas;United States;agoda;agoda;332.0;Agoda;9af87ca36d94648a;24/10/2025;2025;22/10/2025;2025.0;10.0;0.0;10.0;10.0;https://www.agoda.com/api/cronos/property/review/HotelReviews?hotelId=2937&pageSize=50&referer=https%3A%2F%2Fwww.agoda.com%2Fvenetian-resort-hotel-casino%2Fhotel%2Flas-vegas-nv-us.html&providerMode=separate;24;2026-06-07T16:23:33.156739+00:00;ok;
HVEGAS001;The Venetian Resort Las Vegas;Las Vegas;United States;agoda;agoda;332.0;Agoda;aac7f65da9a38210;24/10/2025;2025;22/10/2025;2025.0;10.0;0.0;10.0;10.0;https://www.agoda.com/api/cronos/property/review/HotelReviews?hotelId=2937&pageSize=50&referer=https%3A%2F%2Fwww.agoda.com%2Fvenetian-resort-hotel-casino%2Fhotel%2Flas-vegas-nv-us.html&providerMode=separate;24;2026-06-07T16:23:33.156739+00:00;ok;
HVEGAS001;The Venetian Resort Las Vegas;Las Vegas;United States;agoda;agoda;332.0;Agoda;bf373e24fdb08701;03/11/2025;2025;12/10/2025;2025.0;8.8;0.0;10.0;8.8;https://www.agoda.com/api/cronos/property/review/HotelReviews?hotelId=2937&pageSize=50&referer=https%3A%2F%2Fwww.agoda.com%2Fvenetian-resort-hotel-casino%2Fhotel%2Flas-vegas-nv-us.html&providerMode=separate;1;2026-06-07T16:23:33.156739+00:00;ok;
HVEGAS001;The Venetian Resort Las Vegas;Las Vegas;United States;agoda;agoda;332.0;Agoda;eca9f12659677076;06/11/2025;2025;02/02/2025;2025.0;6.4;0.0;10.0;6.4;https://www.agoda.com/api/cronos/property/review/HotelReviews?hotelId=2937&pageSize=50&referer=https%3A%2F%2Fwww.agoda.com%2Fvenetian-resort-hotel-casino%2Fhotel%2Flas-vegas-nv-us.html&providerMode=separate;26;2026-06-07T16:23:33.156739+00:00;ok;
HVEGAS001;The Venetian Resort Las Vegas;Las Vegas;United States;agoda;agoda;332.0;Agoda;8eef699dd2a14f64;10/11/2025;2025;03/11/2025;2025.0;8.8;0.0;10.0;8.8;https://www.agoda.com/api/cronos/property/review/HotelReviews?hotelId=2937&pageSize=50&referer=https%3A%2F%2Fwww.agoda.com%2Fvenetian-resort-hotel-casino%2Fhotel%2Flas-vegas-nv-us.html&providerMode=separate;33;2026-06-07T16:23:33.156739+00:00;ok;
HVEGAS001;The Venetian Resort Las Vegas;Las Vegas;United States;agoda;agoda;332.0;Agoda;1cd7050c4c942fc2;13/11/2025;2025;21/07/2025;2025.0;10.0;0.0;10.0;10.0;https://www.agoda.com/api/cronos/property/review/HotelReviews?hotelId=2937&pageSize=50&referer=https%3A%2F%2Fwww.agoda.com%2Fvenetian-resort-hotel-casino%2Fhotel%2Flas-vegas-nv-us.html&providerMode=separate;1;2026-06-07T16:23:33.156739+00:00;ok;
HVEGAS001;The Venetian Resort Las Vegas;Las Vegas;United States;agoda;agoda;332.0;Agoda;d86e2c03684035c6;23/11/2025;2025;16/11/2025;2025.0;10.0;0.0;10.0;10.0;https://www.agoda.com/api/cronos/property/review/HotelReviews?hotelId=2937&pageSize=50&referer=https%3A%2F%2Fwww.agoda.com%2Fvenetian-resort-hotel-casino%2Fhotel%2Flas-vegas-nv-us.html&providerMode=separate;21;2026-06-07T16:23:33.156739+00:00;ok;
HVEGAS001;The Venetian Resort Las Vegas;Las Vegas;United States;agoda;agoda;332.0;Agoda;fa0598f6b799c074;01/12/2025;2025;26/11/2025;2025.0;8.0;0.0;10.0;8.0;https://www.agoda.com/api/cronos/property/review/HotelReviews?hotelId=2937&pageSize=50&referer=https%3A%2F%2Fwww.agoda.com%2Fvenetian-resort-hotel-casino%2Fhotel%2Flas-vegas-nv-us.html&providerMode=separate;1;2026-06-07T16:23:33.156739+00:00;ok;
HVEGAS001;The Venetian Resort Las Vegas;Las Vegas;United States;agoda;agoda;332.0;Agoda;e36d587ecc58a485;01/12/2025;2025;25/11/2025;2025.0;10.0;0.0;10.0;10.0;https://www.agoda.com/api/cronos/property/review/HotelReviews?hotelId=2937&pageSize=50&referer=https%3A%2F%2Fwww.agoda.com%2Fvenetian-resort-hotel-casino%2Fhotel%2Flas-vegas-nv-us.html&providerMode=separate;21;2026-06-07T16:23:33.156739+00:00;ok;
HVEGAS001;The Venetian Resort Las Vegas;Las Vegas;United States;agoda;agoda;332.0;Agoda;39b63df98c3f8ca6;10/12/2025;2025;07/02/2025;2025.0;8.4;0.0;10.0;8.4;https://www.agoda.com/api/cronos/property/review/HotelReviews?hotelId=2937&pageSize=50&referer=https%3A%2F%2Fwww.agoda.com%2Fvenetian-resort-hotel-casino%2Fhotel%2Flas-vegas-nv-us.html&providerMode=separate;26;2026-06-07T16:23:33.156739+00:00;ok;
HVEGAS001;The Venetian Resort Las Vegas;Las Vegas;United States;agoda;agoda;332.0;Agoda;958dcd66aa18bb10;16/12/2025;2025;14/12/2025;2025.0;10.0;0.0;10.0;10.0;https://www.agoda.com/api/cronos/property/review/HotelReviews?hotelId=2937&pageSize=50&referer=https%3A%2F%2Fwww.agoda.com%2Fvenetian-resort-hotel-casino%2Fhotel%2Flas-vegas-nv-us.html&providerMode=separate;1;2026-06-07T16:23:33.156739+00:00;ok;
HVEGAS001;The Venetian Resort Las Vegas;Las Vegas;United States;agoda;agoda;332.0;Agoda;26fcbab00910f88e;19/12/2025;2025;17/12/2025;2025.0;8.4;0.0;10.0;8.4;https://www.agoda.com/api/cronos/property/review/HotelReviews?hotelId=2937&pageSize=50&referer=https%3A%2F%2Fwww.agoda.com%2Fvenetian-resort-hotel-casino%2Fhotel%2Flas-vegas-nv-us.html&providerMode=separate;23;2026-06-07T16:23:33.156739+00:00;ok;
HVEGAS001;The Venetian Resort Las Vegas;Las Vegas;United States;agoda;agoda;332.0;Agoda;9c6c5a4362ac3903;20/12/2025;2025;19/12/2025;2025.0;9.6;0.0;10.0;9.6;https://www.agoda.com/api/cronos/property/review/HotelReviews?hotelId=2937&pageSize=50&referer=https%3A%2F%2Fwww.agoda.com%2Fvenetian-resort-hotel-casino%2Fhotel%2Flas-vegas-nv-us.html&providerMode=separate;1;2026-06-07T16:23:33.156739+00:00;ok;
HVEGAS001;The Venetian Resort Las Vegas;Las Vegas;United States;agoda;agoda;332.0;Agoda;f7f167c02fae1f3a;23/12/2025;2025;23/12/2025;2025.0;10.0;0.0;10.0;10.0;https://www.agoda.com/api/cronos/property/review/HotelReviews?hotelId=2937&pageSize=50&referer=https%3A%2F%2Fwww.agoda.com%2Fvenetian-resort-hotel-casino%2Fhotel%2Flas-vegas-nv-us.html&providerMode=separate;24;2026-06-07T16:23:33.156739+00:00;ok;
HVEGAS001;The Venetian Resort Las Vegas;Las Vegas;United States;agoda;agoda;332.0;Agoda;342d58676540189c;26/12/2025;2025;18/12/2025;2025.0;9.2;0.0;10.0;9.2;https://www.agoda.com/api/cronos/property/review/HotelReviews?hotelId=2937&pageSize=50&referer=https%3A%2F%2Fwww.agoda.com%2Fvenetian-resort-hotel-casino%2Fhotel%2Flas-vegas-nv-us.html&providerMode=separate;1;2026-06-07T16:23:33.156739+00:00;ok;
HVEGAS001;The Venetian Resort Las Vegas;Las Vegas;United States;agoda;agoda;332.0;Agoda;b00397f638db38b5;30/12/2025;2025;28/12/2025;2025.0;8.4;0.0;10.0;8.4;https://www.agoda.com/api/cronos/property/review/HotelReviews?hotelId=2937&pageSize=50&referer=https%3A%2F%2Fwww.agoda.com%2Fvenetian-resort-hotel-casino%2Fhotel%2Flas-vegas-nv-us.html&providerMode=separate;1;2026-06-07T16:23:33.156739+00:00;ok;
HVEGAS001;The Venetian Resort Las Vegas;Las Vegas;United States;booking_via_agoda;agoda;3038.0;Booking.com;36c4b000bc7d0d17;01/01/2024;2024;;;10.0;0.0;10.0;10.0;https://www.agoda.com/api/cronos/property/review/HotelReviews?hotelId=2937&pageSize=50&referer=https%3A%2F%2Fwww.agoda.com%2Fvenetian-resort-hotel-casino%2Fhotel%2Flas-vegas-nv-us.html&providerMode=separate;28;2026-06-07T16:23:33.156739+00:00;ok;
HVEGAS001;The Venetian Resort Las Vegas;Las Vegas;United States;booking_via_agoda;agoda;3038.0;Booking.com;9d18258db3427be7;01/01/2024;2024;;;10.0;0.0;10.0;10.0;https://www.agoda.com/api/cronos/property/review/HotelReviews?hotelId=2937&pageSize=50&referer=https%3A%2F%2Fwww.agoda.com%2Fvenetian-resort-hotel-casino%2Fhotel%2Flas-vegas-nv-us.html&providerMode=separate;29;2026-06-07T16:23:33.156739+00:00;ok;
HVEGAS001;The Venetian Resort Las Vegas;Las Vegas;United States;booking_via_agoda;agoda;3038.0;Booking.com;f9b075e53bd9d729;02/01/2024;2024;;;7.0;0.0;10.0;7.0;https://www.agoda.com/api/cronos/property/review/HotelReviews?hotelId=2937&pageSize=50&referer=https%3A%2F%2Fwww.agoda.com%2Fvenetian-resort-hotel-casino%2Fhotel%2Flas-vegas-nv-us.html&providerMode=separate;28;2026-06-07T16:23:33.156739+00:00;ok;
HVEGAS001;The Venetian Resort Las Vegas;Las Vegas;United States;booking_via_agoda;agoda;3038.0;Booking.com;d0a6634caeda7d50;02/01/2024;2024;;;10.0;0.0;10.0;10.0;https://www.agoda.com/api/cronos/property/review/HotelReviews?hotelId=2937&pageSize=50&referer=https%3A%2F%2Fwww.agoda.com%2Fvenetian-resort-hotel-casino%2Fhotel%2Flas-vegas-nv-us.html&providerMode=separate;28;2026-06-07T16:23:33.156739+00:00;ok;
HVEGAS001;The Venetian Resort Las Vegas;Las Vegas;United States;booking_via_agoda;agoda;3038.0;Booking.com;b2b3ece355bf6cf5;03/01/2024;2024;;;7.0;0.0;10.0;7.0;https://www.agoda.com/api/cronos/property/review/HotelReviews?hotelId=2937&pageSize=50&referer=https%3A%2F%2Fwww.agoda.com%2Fvenetian-resort-hotel-casino%2Fhotel%2Flas-vegas-nv-us.html&providerMode=separate;28;2026-06-07T16:23:33.156739+00:00;ok;
HVEGAS001;The Venetian Resort Las Vegas;Las Vegas;United States;booking_via_agoda;agoda;3038.0;Booking.com;14f4bfd69eb4a58a;03/01/2024;2024;;;1.0;0.0;10.0;1.0;https://www.agoda.com/api/cronos/property/review/HotelReviews?hotelId=2937&pageSize=50&referer=https%3A%2F%2Fwww.agoda.com%2Fvenetian-resort-hotel-casino%2Fhotel%2Flas-vegas-nv-us.html&providerMode=separate;28;2026-06-07T16:23:33.156739+00:00;ok;
HVEGAS001;The Venetian Resort Las Vegas;Las Vegas;United States;booking_via_agoda;agoda;3038.0;Booking.com;6c1d3f1a70d0dbe4;04/01/2024;2024;;;6.0;0.0;10.0;6.0;https://www.agoda.com/api/cronos/property/review/HotelReviews?hotelId=2937&pageSize=50&referer=https%3A%2F%2Fwww.agoda.com%2Fvenetian-resort-hotel-casino%2Fhotel%2Flas-vegas-nv-us.html&providerMode=separate;28;2026-06-07T16:23:33.156739+00:00;ok;
HVEGAS001;The Venetian Resort Las Vegas;Las Vegas;United States;booking_via_agoda;agoda;3038.0;Booking.com;98a23367d11257ba;05/01/2024;2024;;;7.0;0.0;10.0;7.0;https://www.agoda.com/api/cronos/property/review/HotelReviews?hotelId=2937&pageSize=50&referer=https%3A%2F%2Fwww.agoda.com%2Fvenetian-resort-hotel-casino%2Fhotel%2Flas-vegas-nv-us.html&providerMode=separate;28;2026-06-07T16:23:33.156739+00:00;ok;
HVEGAS001;The Venetian Resort Las Vegas;Las Vegas;United States;booking_via_agoda;agoda;3038.0;Booking.com;ea1fa6ee5ce1c5f0;05/01/2024;2024;;;8.0;0.0;10.0;8.0;https://www.agoda.com/api/cronos/property/review/HotelReviews?hotelId=2937&pageSize=50&referer=https%3A%2F%2Fwww.agoda.com%2Fvenetian-resort-hotel-casino%2Fhotel%2Flas-vegas-nv-us.html&providerMode=separate;28;2026-06-07T16:23:33.156739+00:00;ok;
HVEGAS001;The Venetian Resort Las Vegas;Las Vegas;United States;booking_via_agoda;agoda;3038.0;Booking.com;f48acc1ca569d018;06/01/2024;2024;;;8.0;0.0;10.0;8.0;https://www.agoda.com/api/cronos/property/review/HotelReviews?hotelId=2937&pageSize=50&referer=https%3A%2F%2Fwww.agoda.com%2Fvenetian-resort-hotel-casino%2Fhotel%2Flas-vegas-nv-us.html&providerMode=separate;28;2026-06-07T16:23:33.156739+00:00;ok;
HVEGAS001;The Venetian Resort Las Vegas;Las Vegas;United States;booking_via_agoda;agoda;3038.0;Booking.com;393b9e581bee503e;06/01/2024;2024;;;9.0;0.0;10.0;9.0;https://www.agoda.com/api/cronos/property/review/HotelReviews?hotelId=2937&pageSize=50&referer=https%3A%2F%2Fwww.agoda.com%2Fvenetian-resort-hotel-casino%2Fhotel%2Flas-vegas-nv-us.html&providerMode=separate;28;2026-06-07T16:23:33.156739+00:00;ok;
HVEGAS001;The Venetian Resort Las Vegas;Las Vegas;United States;booking_via_agoda;agoda;3038.0;Booking.com;29e73cdf6185f436;07/01/2024;2024;;;6.0;0.0;10.0;6.0;https://www.agoda.com/api/cronos/property/review/HotelReviews?hotelId=2937&pageSize=50&referer=https%3A%2F%2Fwww.agoda.com%2Fvenetian-resort-hotel-casino%2Fhotel%2Flas-vegas-nv-us.html&providerMode=separate;28;2026-06-07T16:23:33.156739+00:00;ok;
HVEGAS001;The Venetian Resort Las Vegas;Las Vegas;United States;booking_via_agoda;agoda;3038.0;Booking.com;27f31354c6405529;07/01/2024;2024;;;9.0;0.0;10.0;9.0;https://www.agoda.com/api/cronos/property/review/HotelReviews?hotelId=2937&pageSize=50&referer=https%3A%2F%2Fwww.agoda.com%2Fvenetian-resort-hotel-casino%2Fhotel%2Flas-vegas-nv-us.html&providerMode=separate;28;2026-06-07T16:23:33.156739+00:00;ok;
HVEGAS001;The Venetian Resort Las Vegas;Las Vegas;United States;booking_via_agoda;agoda;3038.0;Booking.com;24e296ec02f116d7;08/01/2024;2024;;;6.0;0.0;10.0;6.0;https://www.agoda.com/api/cronos/property/review/HotelReviews?hotelId=2937&pageSize=50&referer=https%3A%2F%2Fwww.agoda.com%2Fvenetian-resort-hotel-casino%2Fhotel%2Flas-vegas-nv-us.html&providerMode=separate;28;2026-06-07T16:23:33.156739+00:00;ok;
HVEGAS001;The Venetian Resort Las Vegas;Las Vegas;United States;booking_via_agoda;agoda;3038.0;Booking.com;55c948c1db56c728;08/01/2024;2024;;;8.0;0.0;10.0;8.0;https://www.agoda.com/api/cronos/property/review/HotelReviews?hotelId=2937&pageSize=50&referer=https%3A%2F%2Fwww.agoda.com%2Fvenetian-resort-hotel-casino%2Fhotel%2Flas-vegas-nv-us.html&providerMode=separate;28;2026-06-07T16:23:33.156739+00:00;ok;
HVEGAS001;The Venetian Resort Las Vegas;Las Vegas;United States;booking_via_agoda;agoda;3038.0;Booking.com;a47a385cc51f7660;08/01/2024;2024;;;10.0;0.0;10.0;10.0;https://www.agoda.com/api/cronos/property/review/HotelReviews?hotelId=2937&pageSize=50&referer=https%3A%2F%2Fwww.agoda.com%2Fvenetian-resort-hotel-casino%2Fhotel%2Flas-vegas-nv-us.html&providerMode=separate;28;2026-06-07T16:23:33.156739+00:00;ok;
HVEGAS001;The Venetian Resort Las Vegas;Las Vegas;United States;booking_via_agoda;agoda;3038.0;Booking.com;10e0beda309c5fc2;09/01/2024;2024;;;10.0;0.0;10.0;10.0;https://www.agoda.com/api/cronos/property/review/HotelReviews?hotelId=2937&pageSize=50&referer=https%3A%2F%2Fwww.agoda.com%2Fvenetian-resort-hotel-casino%2Fhotel%2Flas-vegas-nv-us.html&providerMode=separate;28;2026-06-07T16:23:33.156739+00:00;ok;
HVEGAS001;The Venetian Resort Las Vegas;Las Vegas;United States;booking_via_agoda;agoda;3038.0;Booking.com;5ac51aa965f14379;10/01/2024;2024;;;10.0;0.0;10.0;10.0;https://www.agoda.com/api/cronos/property/review/HotelReviews?hotelId=2937&pageSize=50&referer=https%3A%2F%2Fwww.agoda.com%2Fvenetian-resort-hotel-casino%2Fhotel%2Flas-vegas-nv-us.html&providerMode=separate;28;2026-06-07T16:23:33.156739+00:00;ok;
HVEGAS001;The Venetian Resort Las Vegas;Las Vegas;United States;booking_via_agoda;agoda;3038.0;Booking.com;d00dbbd860c3d7bf;11/01/2024;2024;;;1.0;0.0;10.0;1.0;https://www.agoda.com/api/cronos/property/review/HotelReviews?hotelId=2937&pageSize=50&referer=https%3A%2F%2Fwww.agoda.com%2Fvenetian-resort-hotel-casino%2Fhotel%2Flas-vegas-nv-us.html&providerMode=separate;28;2026-06-07T16:23:33.156739+00:00;ok;
HVEGAS001;The Venetian Resort Las Vegas;Las Vegas;United States;booking_via_agoda;agoda;3038.0;Booking.com;e02cf45f409117ec;11/01/2024;2024;;;9.0;0.0;10.0;9.0;https://www.agoda.com/api/cronos/property/review/HotelReviews?hotelId=2937&pageSize=50&referer=https%3A%2F%2Fwww.agoda.com%2Fvenetian-resort-hotel-casino%2Fhotel%2Flas-vegas-nv-us.html&providerMode=separate;28;2026-06-07T16:23:33.156739+00:00;ok;
HVEGAS001;The Venetian Resort Las Vegas;Las Vegas;United States;booking_via_agoda;agoda;3038.0;Booking.com;0e672f2f70544748;12/01/2024;2024;;;6.0;0.0;10.0;6.0;https://www.agoda.com/api/cronos/property/review/HotelReviews?hotelId=2937&pageSize=50&referer=https%3A%2F%2Fwww.agoda.com%2Fvenetian-resort-hotel-casino%2Fhotel%2Flas-vegas-nv-us.html&providerMode=separate;28;2026-06-07T16:23:33.156739+00:00;ok;
HVEGAS001;The Venetian Resort Las Vegas;Las Vegas;United States;booking_via_agoda;agoda;3038.0;Booking.com;1e74a050dbeb2065;13/01/2024;2024;;;8.0;0.0;10.0;8.0;https://www.agoda.com/api/cronos/property/review/HotelReviews?hotelId=2937&pageSize=50&referer=https%3A%2F%2Fwww.agoda.com%2Fvenetian-resort-hotel-casino%2Fhotel%2Flas-vegas-nv-us.html&providerMode=separate;28;2026-06-07T16:23:33.156739+00:00;ok;
HVEGAS001;The Venetian Resort Las Vegas;Las Vegas;United States;booking_via_agoda;agoda;3038.0;Booking.com;a8a69628c426e30e;13/01/2024;2024;;;10.0;0.0;10.0;10.0;https://www.agoda.com/api/cronos/property/review/HotelReviews?hotelId=2937&pageSize=50&referer=https%3A%2F%2Fwww.agoda.com%2Fvenetian-resort-hotel-casino%2Fhotel%2Flas-vegas-nv-us.html&providerMode=separate;28;2026-06-07T16:23:33.156739+00:00;ok;
HVEGAS001;The Venetian Resort Las Vegas;Las Vegas;United States;booking_via_agoda;agoda;3038.0;Booking.com;276432435ddd8bfe;14/01/2024;2024;;;5.0;0.0;10.0;5.0;https://www.agoda.com/api/cronos/property/review/HotelReviews?hotelId=2937&pageSize=50&referer=https%3A%2F%2Fwww.agoda.com%2Fvenetian-resort-hotel-casino%2Fhotel%2Flas-vegas-nv-us.html&providerMode=separate;28;2026-06-07T16:23:33.156739+00:00;ok;
HVEGAS001;The Venetian Resort Las Vegas;Las Vegas;United States;booking_via_agoda;agoda;3038.0;Booking.com;6a6803ae9aa1f47e;15/01/2024;2024;;;9.0;0.0;10.0;9.0;https://www.agoda.com/api/cronos/property/review/HotelReviews?hotelId=2937&pageSize=50&referer=https%3A%2F%2Fwww.agoda.com%2Fvenetian-resort-hotel-casino%2Fhotel%2Flas-vegas-nv-us.html&providerMode=separate;28;2026-06-07T16:23:33.156739+00:00;ok;
HVEGAS001;The Venetian Resort Las Vegas;Las Vegas;United States;booking_via_agoda;agoda;3038.0;Booking.com;ef314d79cf2f8de4;15/01/2024;2024;;;10.0;0.0;10.0;10.0;https://www.agoda.com/api/cronos/property/review/HotelReviews?hotelId=2937&pageSize=50&referer=https%3A%2F%2Fwww.agoda.com%2Fvenetian-resort-hotel-casino%2Fhotel%2Flas-vegas-nv-us.html&providerMode=separate;28;2026-06-07T16:23:33.156739+00:00;ok;
HVEGAS001;The Venetian Resort Las Vegas;Las Vegas;United States;booking_via_agoda;agoda;3038.0;Booking.com;87fdd60764b2f165;16/01/2024;2024;;;10.0;0.0;10.0;10.0;https://www.agoda.com/api/cronos/property/review/HotelReviews?hotelId=2937&pageSize=50&referer=https%3A%2F%2Fwww.agoda.com%2Fvenetian-resort-hotel-casino%2Fhotel%2Flas-vegas-nv-us.html&providerMode=separate;28;2026-06-07T16:23:33.156739+00:00;ok;
HVEGAS001;The Venetian Resort Las Vegas;Las Vegas;United States;booking_via_agoda;agoda;3038.0;Booking.com;53b570ad98f2c85a;16/01/2024;2024;;;10.0;0.0;10.0;10.0;https://www.agoda.com/api/cronos/property/review/HotelReviews?hotelId=2937&pageSize=50&referer=https%3A%2F%2Fwww.agoda.com%2Fvenetian-resort-hotel-casino%2Fhotel%2Flas-vegas-nv-us.html&providerMode=separate;28;2026-06-07T16:23:33.156739+00:00;ok;
HVEGAS001;The Venetian Resort Las Vegas;Las Vegas;United States;booking_via_agoda;agoda;3038.0;Booking.com;2bf27f0341ded147;17/01/2024;2024;;;8.0;0.0;10.0;8.0;https://www.agoda.com/api/cronos/property/review/HotelReviews?hotelId=2937&pageSize=50&referer=https%3A%2F%2Fwww.agoda.com%2Fvenetian-resort-hotel-casino%2Fhotel%2Flas-vegas-nv-us.html&providerMode=separate;28;2026-06-07T16:23:33.156739+00:00;ok;
HVEGAS001;The Venetian Resort Las Vegas;Las Vegas;United States;booking_via_agoda;agoda;3038.0;Booking.com;77c9c1b3ed1b8b84;18/01/2024;2024;;;7.0;0.0;10.0;7.0;https://www.agoda.com/api/cronos/property/review/HotelReviews?hotelId=2937&pageSize=50&referer=https%3A%2F%2Fwww.agoda.com%2Fvenetian-resort-hotel-casino%2Fhotel%2Flas-vegas-nv-us.html&providerMode=separate;28;2026-06-07T16:23:33.156739+00:00;ok;
HVEGAS001;The Venetian Resort Las Vegas;Las Vegas;United States;booking_via_agoda;agoda;3038.0;Booking.com;7ecc62bcab11398b;18/01/2024;2024;;;7.0;0.0;10.0;7.0;https://www.agoda.com/api/cronos/property/review/HotelReviews?hotelId=2937&pageSize=50&referer=https%3A%2F%2Fwww.agoda.com%2Fvenetian-resort-hotel-casino%2Fhotel%2Flas-vegas-nv-us.html&providerMode=separate;28;2026-06-07T16:23:33.156739+00:00;ok;
HVEGAS001;The Venetian Resort Las Vegas;Las Vegas;United States;booking_via_agoda;agoda;3038.0;Booking.com;dfa4f8c8d79d1b62;19/01/2024;2024;;;7.0;0.0;10.0;7.0;https://www.agoda.com/api/cronos/property/review/HotelReviews?hotelId=2937&pageSize=50&referer=https%3A%2F%2Fwww.agoda.com%2Fvenetian-resort-hotel-casino%2Fhotel%2Flas-vegas-nv-us.html&providerMode=separate;28;2026-06-07T16:23:33.156739+00:00;ok;
HVEGAS001;The Venetian Resort Las Vegas;Las Vegas;United States;booking_via_agoda;agoda;3038.0;Booking.com;0119da0441af1d28;19/01/2024;2024;;;8.0;0.0;10.0;8.0;https://www.agoda.com/api/cronos/property/review/HotelReviews?hotelId=2937&pageSize=50&referer=https%3A%2F%2Fwww.agoda.com%2Fvenetian-resort-hotel-casino%2Fhotel%2Flas-vegas-nv-us.html&providerMode=separate;28;2026-06-07T16:23:33.156739+00:00;ok;
HVEGAS001;The Venetian Resort Las Vegas;Las Vegas;United States;booking_via_agoda;agoda;3038.0;Booking.com;d5098142af59fbfe;19/01/2024;2024;;;10.0;0.0;10.0;10.0;https://www.agoda.com/api/cronos/property/review/HotelReviews?hotelId=2937&pageSize=50&referer=https%3A%2F%2Fwww.agoda.com%2Fvenetian-resort-hotel-casino%2Fhotel%2Flas-vegas-nv-us.html&providerMode=separate;28;2026-06-07T16:23:33.156739+00:00;ok;
HVEGAS001;The Venetian Resort Las Vegas;Las Vegas;United States;booking_via_agoda;agoda;3038.0;Booking.com;0aeb849bbe2498f3;19/01/2024;2024;;;8.0;0.0;10.0;8.0;https://www.agoda.com/api/cronos/property/review/HotelReviews?hotelId=2937&pageSize=50&referer=https%3A%2F%2Fwww.agoda.com%2Fvenetian-resort-hotel-casino%2Fhotel%2Flas-vegas-nv-us.html&providerMode=separate;28;2026-06-07T16:23:33.156739+00:00;ok;
HVEGAS001;The Venetian Resort Las Vegas;Las Vegas;United States;booking_via_agoda;agoda;3038.0;Booking.com;58ecfbc1b6cf4aa5;19/01/2024;2024;;;8.0;0.0;10.0;8.0;https://www.agoda.com/api/cronos/property/review/HotelReviews?hotelId=2937&pageSize=50&referer=https%3A%2F%2Fwww.agoda.com%2Fvenetian-resort-hotel-casino%2Fhotel%2Flas-vegas-nv-us.html&providerMode=separate;28;2026-06-07T16:23:33.156739+00:00;ok;
HVEGAS001;The Venetian Resort Las Vegas;Las Vegas;United States;booking_via_agoda;agoda;3038.0;Booking.com;6c901fa56b1128b0;20/01/2024;2024;;;6.0;0.0;10.0;6.0;https://www.agoda.com/api/cronos/property/review/HotelReviews?hotelId=2937&pageSize=50&referer=https%3A%2F%2Fwww.agoda.com%2Fvenetian-resort-hotel-casino%2Fhotel%2Flas-vegas-nv-us.html&providerMode=separate;28;2026-06-07T16:23:33.156739+00:00;ok;
HVEGAS001;The Venetian Resort Las Vegas;Las Vegas;United States;booking_via_agoda;agoda;3038.0;Booking.com;57d75f060f7091ca;20/01/2024;2024;;;5.0;0.0;10.0;5.0;https://www.agoda.com/api/cronos/property/review/HotelReviews?hotelId=2937&pageSize=50&referer=https%3A%2F%2Fwww.agoda.com%2Fvenetian-resort-hotel-casino%2Fhotel%2Flas-vegas-nv-us.html&providerMode=separate;28;2026-06-07T16:23:33.156739+00:00;ok;
HVEGAS001;The Venetian Resort Las Vegas;Las Vegas;United States;booking_via_agoda;agoda;3038.0;Booking.com;8dddc3c9ae62450c;21/01/2024;2024;;;10.0;0.0;10.0;10.0;https://www.agoda.com/api/cronos/property/review/HotelReviews?hotelId=2937&pageSize=50&referer=https%3A%2F%2Fwww.agoda.com%2Fvenetian-resort-hotel-casino%2Fhotel%2Flas-vegas-nv-us.html&providerMode=separate;28;2026-06-07T16:23:33.156739+00:00;ok;
HVEGAS001;The Venetian Resort Las Vegas;Las Vegas;United States;booking_via_agoda;agoda;3038.0;Booking.com;bc8a6e00351632d4;22/01/2024;2024;;;8.0;0.0;10.0;8.0;https://www.agoda.com/api/cronos/property/review/HotelReviews?hotelId=2937&pageSize=50&referer=https%3A%2F%2Fwww.agoda.com%2Fvenetian-resort-hotel-casino%2Fhotel%2Flas-vegas-nv-us.html&providerMode=separate;28;2026-06-07T16:23:33.156739+00:00;ok;
HVEGAS001;The Venetian Resort Las Vegas;Las Vegas;United States;booking_via_agoda;agoda;3038.0;Booking.com;45756c4a0467a913;22/01/2024;2024;;;10.0;0.0;10.0;10.0;https://www.agoda.com/api/cronos/property/review/HotelReviews?hotelId=2937&pageSize=50&referer=https%3A%2F%2Fwww.agoda.com%2Fvenetian-resort-hotel-casino%2Fhotel%2Flas-vegas-nv-us.html&providerMode=separate;28;2026-06-07T16:23:33.156739+00:00;ok;
HVEGAS001;The Venetian Resort Las Vegas;Las Vegas;United States;booking_via_agoda;agoda;3038.0;Booking.com;df71c2e99bf04138;23/01/2024;2024;;;8.0;0.0;10.0;8.0;https://www.agoda.com/api/cronos/property/review/HotelReviews?hotelId=2937&pageSize=50&referer=https%3A%2F%2Fwww.agoda.com%2Fvenetian-resort-hotel-casino%2Fhotel%2Flas-vegas-nv-us.html&providerMode=separate;28;2026-06-07T16:23:33.156739+00:00;ok;
HVEGAS001;The Venetian Resort Las Vegas;Las Vegas;United States;booking_via_agoda;agoda;3038.0;Booking.com;a7627f69b6a616cf;23/01/2024;2024;;;6.0;0.0;10.0;6.0;https://www.agoda.com/api/cronos/property/review/HotelReviews?hotelId=2937&pageSize=50&referer=https%3A%2F%2Fwww.agoda.com%2Fvenetian-resort-hotel-casino%2Fhotel%2Flas-vegas-nv-us.html&providerMode=separate;28;2026-06-07T16:23:33.156739+00:00;ok;
HVEGAS001;The Venetian Resort Las Vegas;Las Vegas;United States;booking_via_agoda;agoda;3038.0;Booking.com;f63f5d955df0ef7b;24/01/2024;2024;;;4.0;0.0;10.0;4.0;https://www.agoda.com/api/cronos/property/review/HotelReviews?hotelId=2937&pageSize=50&referer=https%3A%2F%2Fwww.agoda.com%2Fvenetian-resort-hotel-casino%2Fhotel%2Flas-vegas-nv-us.html&providerMode=separate;28;2026-06-07T16:23:33.156739+00:00;ok;
HVEGAS001;The Venetian Resort Las Vegas;Las Vegas;United States;booking_via_agoda;agoda;3038.0;Booking.com;47810774f9d015e9;26/01/2024;2024;;;8.0;0.0;10.0;8.0;https://www.agoda.com/api/cronos/property/review/HotelReviews?hotelId=2937&pageSize=50&referer=https%3A%2F%2Fwww.agoda.com%2Fvenetian-resort-hotel-casino%2Fhotel%2Flas-vegas-nv-us.html&providerMode=separate;28;2026-06-07T16:23:33.156739+00:00;ok;
HVEGAS001;The Venetian Resort Las Vegas;Las Vegas;United States;booking_via_agoda;agoda;3038.0;Booking.com;945c7ed898947d00;27/01/2024;2024;;;10.0;0.0;10.0;10.0;https://www.agoda.com/api/cronos/property/review/HotelReviews?hotelId=2937&pageSize=50&referer=https%3A%2F%2Fwww.agoda.com%2Fvenetian-resort-hotel-casino%2Fhotel%2Flas-vegas-nv-us.html&providerMode=separate;28;2026-06-07T16:23:33.156739+00:00;ok;
HVEGAS001;The Venetian Resort Las Vegas;Las Vegas;United States;booking_via_agoda;agoda;3038.0;Booking.com;9aba7f916f829944;27/01/2024;2024;;;10.0;0.0;10.0;10.0;https://www.agoda.com/api/cronos/property/review/HotelReviews?hotelId=2937&pageSize=50&referer=https%3A%2F%2Fwww.agoda.com%2Fvenetian-resort-hotel-casino%2Fhotel%2Flas-vegas-nv-us.html&providerMode=separate;28;2026-06-07T16:23:33.156739+00:00;ok;
HVEGAS001;The Venetian Resort Las Vegas;Las Vegas;United States;booking_via_agoda;agoda;3038.0;Booking.com;5636757a18cb9484;29/01/2024;2024;;;10.0;0.0;10.0;10.0;https://www.agoda.com/api/cronos/property/review/HotelReviews?hotelId=2937&pageSize=50&referer=https%3A%2F%2Fwww.agoda.com%2Fvenetian-resort-hotel-casino%2Fhotel%2Flas-vegas-nv-us.html&providerMode=separate;28;2026-06-07T16:23:33.156739+00:00;ok;
HVEGAS001;The Venetian Resort Las Vegas;Las Vegas;United States;booking_via_agoda;agoda;3038.0;Booking.com;6842d54f44c94496;29/01/2024;2024;;;7.0;0.0;10.0;7.0;https://www.agoda.com/api/cronos/property/review/HotelReviews?hotelId=2937&pageSize=50&referer=https%3A%2F%2Fwww.agoda.com%2Fvenetian-resort-hotel-casino%2Fhotel%2Flas-vegas-nv-us.html&providerMode=separate;28;2026-06-07T16:23:33.156739+00:00;ok;
HVEGAS001;The Venetian Resort Las Vegas;Las Vegas;United States;booking_via_agoda;agoda;3038.0;Booking.com;9f814d74e7d22fc4;30/01/2024;2024;;;6.0;0.0;10.0;6.0;https://www.agoda.com/api/cronos/property/review/HotelReviews?hotelId=2937&pageSize=50&referer=https%3A%2F%2Fwww.agoda.com%2Fvenetian-resort-hotel-casino%2Fhotel%2Flas-vegas-nv-us.html&providerMode=separate;28;2026-06-07T16:23:33.156739+00:00;ok;
HVEGAS001;The Venetian Resort Las Vegas;Las Vegas;United States;booking_via_agoda;agoda;3038.0;Booking.com;7bd7d021be7a1614;30/01/2024;2024;;;10.0;0.0;10.0;10.0;https://www.agoda.com/api/cronos/property/review/HotelReviews?hotelId=2937&pageSize=50&referer=https%3A%2F%2Fwww.agoda.com%2Fvenetian-resort-hotel-casino%2Fhotel%2Flas-vegas-nv-us.html&providerMode=separate;28;2026-06-07T16:23:33.156739+00:00;ok;
HVEGAS001;The Venetian Resort Las Vegas;Las Vegas;United States;booking_via_agoda;agoda;3038.0;Booking.com;abbae2406836827f;31/01/2024;2024;;;10.0;0.0;10.0;10.0;https://www.agoda.com/api/cronos/property/review/HotelReviews?hotelId=2937&pageSize=50&referer=https%3A%2F%2Fwww.agoda.com%2Fvenetian-resort-hotel-casino%2Fhotel%2Flas-vegas-nv-us.html&providerMode=separate;27;2026-06-07T16:23:33.156739+00:00;ok;
HVEGAS001;The Venetian Resort Las Vegas;Las Vegas;United States;booking_via_agoda;agoda;3038.0;Booking.com;15596c9331212561;31/01/2024;2024;;;9.0;0.0;10.0;9.0;https://www.agoda.com/api/cronos/property/review/HotelReviews?hotelId=2937&pageSize=50&referer=https%3A%2F%2Fwww.agoda.com%2Fvenetian-resort-hotel-casino%2Fhotel%2Flas-vegas-nv-us.html&providerMode=separate;27;2026-06-07T16:23:33.156739+00:00;ok;
HVEGAS001;The Venetian Resort Las Vegas;Las Vegas;United States;booking_via_agoda;agoda;3038.0;Booking.com;2bc493ff3765df37;01/02/2024;2024;;;10.0;0.0;10.0;10.0;https://www.agoda.com/api/cronos/property/review/HotelReviews?hotelId=2937&pageSize=50&referer=https%3A%2F%2Fwww.agoda.com%2Fvenetian-resort-hotel-casino%2Fhotel%2Flas-vegas-nv-us.html&providerMode=separate;27;2026-06-07T16:23:33.156739+00:00;ok;
HVEGAS001;The Venetian Resort Las Vegas;Las Vegas;United States;booking_via_agoda;agoda;3038.0;Booking.com;191b0356bc73a4a9;04/02/2024;2024;;;10.0;0.0;10.0;10.0;https://www.agoda.com/api/cronos/property/review/HotelReviews?hotelId=2937&pageSize=50&referer=https%3A%2F%2Fwww.agoda.com%2Fvenetian-resort-hotel-casino%2Fhotel%2Flas-vegas-nv-us.html&providerMode=separate;27;2026-06-07T16:23:33.156739+00:00;ok;
HVEGAS001;The Venetian Resort Las Vegas;Las Vegas;United States;booking_via_agoda;agoda;3038.0;Booking.com;ff383045b4344afe;05/02/2024;2024;;;5.0;0.0;10.0;5.0;https://www.agoda.com/api/cronos/property/review/HotelReviews?hotelId=2937&pageSize=50&referer=https%3A%2F%2Fwww.agoda.com%2Fvenetian-resort-hotel-casino%2Fhotel%2Flas-vegas-nv-us.html&providerMode=separate;27;2026-06-07T16:23:33.156739+00:00;ok;
HVEGAS001;The Venetian Resort Las Vegas;Las Vegas;United States;booking_via_agoda;agoda;3038.0;Booking.com;ef2aac2634941bbb;05/02/2024;2024;;;10.0;0.0;10.0;10.0;https://www.agoda.com/api/cronos/property/review/HotelReviews?hotelId=2937&pageSize=50&referer=https%3A%2F%2Fwww.agoda.com%2Fvenetian-resort-hotel-casino%2Fhotel%2Flas-vegas-nv-us.html&providerMode=separate;27;2026-06-07T16:23:33.156739+00:00;ok;
HVEGAS001;The Venetian Resort Las Vegas;Las Vegas;United States;booking_via_agoda;agoda;3038.0;Booking.com;d826dd30ac88f7ba;08/02/2024;2024;;;10.0;0.0;10.0;10.0;https://www.agoda.com/api/cronos/property/review/HotelReviews?hotelId=2937&pageSize=50&referer=https%3A%2F%2Fwww.agoda.com%2Fvenetian-resort-hotel-casino%2Fhotel%2Flas-vegas-nv-us.html&providerMode=separate;27;2026-06-07T16:23:33.156739+00:00;ok;
HVEGAS001;The Venetian Resort Las Vegas;Las Vegas;United States;booking_via_agoda;agoda;3038.0;Booking.com;cf1dc3d11236038c;09/02/2024;2024;;;10.0;0.0;10.0;10.0;https://www.agoda.com/api/cronos/property/review/HotelReviews?hotelId=2937&pageSize=50&referer=https%3A%2F%2Fwww.agoda.com%2Fvenetian-resort-hotel-casino%2Fhotel%2Flas-vegas-nv-us.html&providerMode=separate;27;2026-06-07T16:23:33.156739+00:00;ok;
HVEGAS001;The Venetian Resort Las Vegas;Las Vegas;United States;booking_via_agoda;agoda;3038.0;Booking.com;1bd4fb0ba102711b;09/02/2024;2024;;;6.0;0.0;10.0;6.0;https://www.agoda.com/api/cronos/property/review/HotelReviews?hotelId=2937&pageSize=50&referer=https%3A%2F%2Fwww.agoda.com%2Fvenetian-resort-hotel-casino%2Fhotel%2Flas-vegas-nv-us.html&providerMode=separate;27;2026-06-07T16:23:33.156739+00:00;ok;
HVEGAS001;The Venetian Resort Las Vegas;Las Vegas;United States;booking_via_agoda;agoda;3038.0;Booking.com;14f2bb40bdec25f8;09/02/2024;2024;;;10.0;0.0;10.0;10.0;https://www.agoda.com/api/cronos/property/review/HotelReviews?hotelId=2937&pageSize=50&referer=https%3A%2F%2Fwww.agoda.com%2Fvenetian-resort-hotel-casino%2Fhotel%2Flas-vegas-nv-us.html&providerMode=separate;27;2026-06-07T16:23:33.156739+00:00;ok;
HVEGAS001;The Venetian Resort Las Vegas;Las Vegas;United States;booking_via_agoda;agoda;3038.0;Booking.com;35cedd3920066e85;10/02/2024;2024;;;9.0;0.0;10.0;9.0;https://www.agoda.com/api/cronos/property/review/HotelReviews?hotelId=2937&pageSize=50&referer=https%3A%2F%2Fwww.agoda.com%2Fvenetian-resort-hotel-casino%2Fhotel%2Flas-vegas-nv-us.html&providerMode=separate;27;2026-06-07T16:23:33.156739+00:00;ok;
HVEGAS001;The Venetian Resort Las Vegas;Las Vegas;United States;booking_via_agoda;agoda;3038.0;Booking.com;f5ad2be7abc88255;11/02/2024;2024;;;8.0;0.0;10.0;8.0;https://www.agoda.com/api/cronos/property/review/HotelReviews?hotelId=2937&pageSize=50&referer=https%3A%2F%2Fwww.agoda.com%2Fvenetian-resort-hotel-casino%2Fhotel%2Flas-vegas-nv-us.html&providerMode=separate;27;2026-06-07T16:23:33.156739+00:00;ok;
HVEGAS001;The Venetian Resort Las Vegas;Las Vegas;United States;booking_via_agoda;agoda;3038.0;Booking.com;4de1130751e75d1c;11/02/2024;2024;;;10.0;0.0;10.0;10.0;https://www.agoda.com/api/cronos/property/review/HotelReviews?hotelId=2937&pageSize=50&referer=https%3A%2F%2Fwww.agoda.com%2Fvenetian-resort-hotel-casino%2Fhotel%2Flas-vegas-nv-us.html&providerMode=separate;27;2026-06-07T16:23:33.156739+00:00;ok;
HVEGAS001;The Venetian Resort Las Vegas;Las Vegas;United States;booking_via_agoda;agoda;3038.0;Booking.com;ef765d7045d2b4b7;16/02/2024;2024;;;10.0;0.0;10.0;10.0;https://www.agoda.com/api/cronos/property/review/HotelReviews?hotelId=2937&pageSize=50&referer=https%3A%2F%2Fwww.agoda.com%2Fvenetian-resort-hotel-casino%2Fhotel%2Flas-vegas-nv-us.html&providerMode=separate;27;2026-06-07T16:23:33.156739+00:00;ok;
HVEGAS001;The Venetian Resort Las Vegas;Las Vegas;United States;booking_via_agoda;agoda;3038.0;Booking.com;026245e1837f4394;17/02/2024;2024;;;8.0;0.0;10.0;8.0;https://www.agoda.com/api/cronos/property/review/HotelReviews?hotelId=2937&pageSize=50&referer=https%3A%2F%2Fwww.agoda.com%2Fvenetian-resort-hotel-casino%2Fhotel%2Flas-vegas-nv-us.html&providerMode=separate;27;2026-06-07T16:23:33.156739+00:00;ok;
HVEGAS001;The Venetian Resort Las Vegas;Las Vegas;United States;booking_via_agoda;agoda;3038.0;Booking.com;65bfb6b81d6acd4f;17/02/2024;2024;;;10.0;0.0;10.0;10.0;https://www.agoda.com/api/cronos/property/review/HotelReviews?hotelId=2937&pageSize=50&referer=https%3A%2F%2Fwww.agoda.com%2Fvenetian-resort-hotel-casino%2Fhotel%2Flas-vegas-nv-us.html&providerMode=separate;27;2026-06-07T16:23:33.156739+00:00;ok;
HVEGAS001;The Venetian Resort Las Vegas;Las Vegas;United States;booking_via_agoda;agoda;3038.0;Booking.com;8e6eb75a3926dfbd;17/02/2024;2024;;;9.0;0.0;10.0;9.0;https://www.agoda.com/api/cronos/property/review/HotelReviews?hotelId=2937&pageSize=50&referer=https%3A%2F%2Fwww.agoda.com%2Fvenetian-resort-hotel-casino%2Fhotel%2Flas-vegas-nv-us.html&providerMode=separate;27;2026-06-07T16:23:33.156739+00:00;ok;
HVEGAS001;The Venetian Resort Las Vegas;Las Vegas;United States;booking_via_agoda;agoda;3038.0;Booking.com;fba519727606fe2b;18/02/2024;2024;;;9.0;0.0;10.0;9.0;https://www.agoda.com/api/cronos/property/review/HotelReviews?hotelId=2937&pageSize=50&referer=https%3A%2F%2Fwww.agoda.com%2Fvenetian-resort-hotel-casino%2Fhotel%2Flas-vegas-nv-us.html&providerMode=separate;27;2026-06-07T16:23:33.156739+00:00;ok;
HVEGAS001;The Venetian Resort Las Vegas;Las Vegas;United States;booking_via_agoda;agoda;3038.0;Booking.com;03e10999f0d88215;19/02/2024;2024;;;1.0;0.0;10.0;1.0;https://www.agoda.com/api/cronos/property/review/HotelReviews?hotelId=2937&pageSize=50&referer=https%3A%2F%2Fwww.agoda.com%2Fvenetian-resort-hotel-casino%2Fhotel%2Flas-vegas-nv-us.html&providerMode=separate;27;2026-06-07T16:23:33.156739+00:00;ok;
HVEGAS001;The Venetian Resort Las Vegas;Las Vegas;United States;booking_via_agoda;agoda;3038.0;Booking.com;efa6860e6a767eb2;19/02/2024;2024;;;10.0;0.0;10.0;10.0;https://www.agoda.com/api/cronos/property/review/HotelReviews?hotelId=2937&pageSize=50&referer=https%3A%2F%2Fwww.agoda.com%2Fvenetian-resort-hotel-casino%2Fhotel%2Flas-vegas-nv-us.html&providerMode=separate;27;2026-06-07T16:23:33.156739+00:00;ok;
HVEGAS001;The Venetian Resort Las Vegas;Las Vegas;United States;booking_via_agoda;agoda;3038.0;Booking.com;0df90cc5ddd3dbe0;19/02/2024;2024;;;10.0;0.0;10.0;10.0;https://www.agoda.com/api/cronos/property/review/HotelReviews?hotelId=2937&pageSize=50&referer=https%3A%2F%2Fwww.agoda.com%2Fvenetian-resort-hotel-casino%2Fhotel%2Flas-vegas-nv-us.html&providerMode=separate;27;2026-06-07T16:23:33.156739+00:00;ok;
HVEGAS001;The Venetian Resort Las Vegas;Las Vegas;United States;booking_via_agoda;agoda;3038.0;Booking.com;f35748e21213f7fe;19/02/2024;2024;;;9.0;0.0;10.0;9.0;https://www.agoda.com/api/cronos/property/review/HotelReviews?hotelId=2937&pageSize=50&referer=https%3A%2F%2Fwww.agoda.com%2Fvenetian-resort-hotel-casino%2Fhotel%2Flas-vegas-nv-us.html&providerMode=separate;27;2026-06-07T16:23:33.156739+00:00;ok;
HVEGAS001;The Venetian Resort Las Vegas;Las Vegas;United States;booking_via_agoda;agoda;3038.0;Booking.com;f21f1fbcc51962bc;20/02/2024;2024;;;9.0;0.0;10.0;9.0;https://www.agoda.com/api/cronos/property/review/HotelReviews?hotelId=2937&pageSize=50&referer=https%3A%2F%2Fwww.agoda.com%2Fvenetian-resort-hotel-casino%2Fhotel%2Flas-vegas-nv-us.html&providerMode=separate;27;2026-06-07T16:23:33.156739+00:00;ok;
HVEGAS001;The Venetian Resort Las Vegas;Las Vegas;United States;booking_via_agoda;agoda;3038.0;Booking.com;a4d3a82996357191;20/02/2024;2024;;;10.0;0.0;10.0;10.0;https://www.agoda.com/api/cronos/property/review/HotelReviews?hotelId=2937&pageSize=50&referer=https%3A%2F%2Fwww.agoda.com%2Fvenetian-resort-hotel-casino%2Fhotel%2Flas-vegas-nv-us.html&providerMode=separate;27;2026-06-07T16:23:33.156739+00:00;ok;
HVEGAS001;The Venetian Resort Las Vegas;Las Vegas;United States;booking_via_agoda;agoda;3038.0;Booking.com;a26a968b6289bc74;21/02/2024;2024;;;10.0;0.0;10.0;10.0;https://www.agoda.com/api/cronos/property/review/HotelReviews?hotelId=2937&pageSize=50&referer=https%3A%2F%2Fwww.agoda.com%2Fvenetian-resort-hotel-casino%2Fhotel%2Flas-vegas-nv-us.html&providerMode=separate;27;2026-06-07T16:23:33.156739+00:00;ok;
HVEGAS001;The Venetian Resort Las Vegas;Las Vegas;United States;booking_via_agoda;agoda;3038.0;Booking.com;4e8a2ba5ae5798aa;21/02/2024;2024;;;10.0;0.0;10.0;10.0;https://www.agoda.com/api/cronos/property/review/HotelReviews?hotelId=2937&pageSize=50&referer=https%3A%2F%2Fwww.agoda.com%2Fvenetian-resort-hotel-casino%2Fhotel%2Flas-vegas-nv-us.html&providerMode=separate;27;2026-06-07T16:23:33.156739+00:00;ok;
HVEGAS001;The Venetian Resort Las Vegas;Las Vegas;United States;booking_via_agoda;agoda;3038.0;Booking.com;7fa0bfa0f92a2835;22/02/2024;2024;;;9.0;0.0;10.0;9.0;https://www.agoda.com/api/cronos/property/review/HotelReviews?hotelId=2937&pageSize=50&referer=https%3A%2F%2Fwww.agoda.com%2Fvenetian-resort-hotel-casino%2Fhotel%2Flas-vegas-nv-us.html&providerMode=separate;27;2026-06-07T16:23:33.156739+00:00;ok;
HVEGAS001;The Venetian Resort Las Vegas;Las Vegas;United States;booking_via_agoda;agoda;3038.0;Booking.com;d41e7290e66a4a1a;23/02/2024;2024;;;8.0;0.0;10.0;8.0;https://www.agoda.com/api/cronos/property/review/HotelReviews?hotelId=2937&pageSize=50&referer=https%3A%2F%2Fwww.agoda.com%2Fvenetian-resort-hotel-casino%2Fhotel%2Flas-vegas-nv-us.html&providerMode=separate;27;2026-06-07T16:23:33.156739+00:00;ok;
HVEGAS001;The Venetian Resort Las Vegas;Las Vegas;United States;booking_via_agoda;agoda;3038.0;Booking.com;c2bdc11918bc258c;23/02/2024;2024;;;9.0;0.0;10.0;9.0;https://www.agoda.com/api/cronos/property/review/HotelReviews?hotelId=2937&pageSize=50&referer=https%3A%2F%2Fwww.agoda.com%2Fvenetian-resort-hotel-casino%2Fhotel%2Flas-vegas-nv-us.html&providerMode=separate;27;2026-06-07T16:23:33.156739+00:00;ok;
HVEGAS001;The Venetian Resort Las Vegas;Las Vegas;United States;booking_via_agoda;agoda;3038.0;Booking.com;34e43794bcf36f65;25/02/2024;2024;;;9.0;0.0;10.0;9.0;https://www.agoda.com/api/cronos/property/review/HotelReviews?hotelId=2937&pageSize=50&referer=https%3A%2F%2Fwww.agoda.com%2Fvenetian-resort-hotel-casino%2Fhotel%2Flas-vegas-nv-us.html&providerMode=separate;27;2026-06-07T16:23:33.156739+00:00;ok;
HVEGAS001;The Venetian Resort Las Vegas;Las Vegas;United States;booking_via_agoda;agoda;3038.0;Booking.com;3f03d221f9c15838;25/02/2024;2024;;;10.0;0.0;10.0;10.0;https://www.agoda.com/api/cronos/property/review/HotelReviews?hotelId=2937&pageSize=50&referer=https%3A%2F%2Fwww.agoda.com%2Fvenetian-resort-hotel-casino%2Fhotel%2Flas-vegas-nv-us.html&providerMode=separate;27;2026-06-07T16:23:33.156739+00:00;ok;
HVEGAS001;The Venetian Resort Las Vegas;Las Vegas;United States;booking_via_agoda;agoda;3038.0;Booking.com;4073a73ddaa79b67;26/02/2024;2024;;;8.0;0.0;10.0;8.0;https://www.agoda.com/api/cronos/property/review/HotelReviews?hotelId=2937&pageSize=50&referer=https%3A%2F%2Fwww.agoda.com%2Fvenetian-resort-hotel-casino%2Fhotel%2Flas-vegas-nv-us.html&providerMode=separate;27;2026-06-07T16:23:33.156739+00:00;ok;
HVEGAS001;The Venetian Resort Las Vegas;Las Vegas;United States;booking_via_agoda;agoda;3038.0;Booking.com;8642a5d4b9961d9a;27/02/2024;2024;;;9.0;0.0;10.0;9.0;https://www.agoda.com/api/cronos/property/review/HotelReviews?hotelId=2937&pageSize=50&referer=https%3A%2F%2Fwww.agoda.com%2Fvenetian-resort-hotel-casino%2Fhotel%2Flas-vegas-nv-us.html&providerMode=separate;27;2026-06-07T16:23:33.156739+00:00;ok;
HVEGAS001;The Venetian Resort Las Vegas;Las Vegas;United States;booking_via_agoda;agoda;3038.0;Booking.com;8c3711160ddab3fe;27/02/2024;2024;;;10.0;0.0;10.0;10.0;https://www.agoda.com/api/cronos/property/review/HotelReviews?hotelId=2937&pageSize=50&referer=https%3A%2F%2Fwww.agoda.com%2Fvenetian-resort-hotel-casino%2Fhotel%2Flas-vegas-nv-us.html&providerMode=separate;27;2026-06-07T16:23:33.156739+00:00;ok;
HVEGAS001;The Venetian Resort Las Vegas;Las Vegas;United States;booking_via_agoda;agoda;3038.0;Booking.com;189491dcc20934f3;29/02/2024;2024;;;8.0;0.0;10.0;8.0;https://www.agoda.com/api/cronos/property/review/HotelReviews?hotelId=2937&pageSize=50&referer=https%3A%2F%2Fwww.agoda.com%2Fvenetian-resort-hotel-casino%2Fhotel%2Flas-vegas-nv-us.html&providerMode=separate;27;2026-06-07T16:23:33.156739+00:00;ok;
HVEGAS001;The Venetian Resort Las Vegas;Las Vegas;United States;booking_via_agoda;agoda;3038.0;Booking.com;6f7a355692457ca4;29/02/2024;2024;;;8.0;0.0;10.0;8.0;https://www.agoda.com/api/cronos/property/review/HotelReviews?hotelId=2937&pageSize=50&referer=https%3A%2F%2Fwww.agoda.com%2Fvenetian-resort-hotel-casino%2Fhotel%2Flas-vegas-nv-us.html&providerMode=separate;27;2026-06-07T16:23:33.156739+00:00;ok;
HVEGAS001;The Venetian Resort Las Vegas;Las Vegas;United States;booking_via_agoda;agoda;3038.0;Booking.com;947b9595d9d831ea;01/03/2024;2024;;;10.0;0.0;10.0;10.0;https://www.agoda.com/api/cronos/property/review/HotelReviews?hotelId=2937&pageSize=50&referer=https%3A%2F%2Fwww.agoda.com%2Fvenetian-resort-hotel-casino%2Fhotel%2Flas-vegas-nv-us.html&providerMode=separate;27;2026-06-07T16:23:33.156739+00:00;ok;
HVEGAS001;The Venetian Resort Las Vegas;Las Vegas;United States;booking_via_agoda;agoda;3038.0;Booking.com;c574f84daac48142;01/03/2024;2024;;;10.0;0.0;10.0;10.0;https://www.agoda.com/api/cronos/property/review/HotelReviews?hotelId=2937&pageSize=50&referer=https%3A%2F%2Fwww.agoda.com%2Fvenetian-resort-hotel-casino%2Fhotel%2Flas-vegas-nv-us.html&providerMode=separate;27;2026-06-07T16:23:33.156739+00:00;ok;
HVEGAS001;The Venetian Resort Las Vegas;Las Vegas;United States;booking_via_agoda;agoda;3038.0;Booking.com;55c6a78cf65af82a;02/03/2024;2024;;;6.0;0.0;10.0;6.0;https://www.agoda.com/api/cronos/property/review/HotelReviews?hotelId=2937&pageSize=50&referer=https%3A%2F%2Fwww.agoda.com%2Fvenetian-resort-hotel-casino%2Fhotel%2Flas-vegas-nv-us.html&providerMode=separate;27;2026-06-07T16:23:33.156739+00:00;ok;
HVEGAS001;The Venetian Resort Las Vegas;Las Vegas;United States;booking_via_agoda;agoda;3038.0;Booking.com;1746068548d72ed3;03/03/2024;2024;;;10.0;0.0;10.0;10.0;https://www.agoda.com/api/cronos/property/review/HotelReviews?hotelId=2937&pageSize=50&referer=https%3A%2F%2Fwww.agoda.com%2Fvenetian-resort-hotel-casino%2Fhotel%2Flas-vegas-nv-us.html&providerMode=separate;27;2026-06-07T16:23:33.156739+00:00;ok;
HVEGAS001;The Venetian Resort Las Vegas;Las Vegas;United States;booking_via_agoda;agoda;3038.0;Booking.com;15eb7451382fe172;04/03/2024;2024;;;7.0;0.0;10.0;7.0;https://www.agoda.com/api/cronos/property/review/HotelReviews?hotelId=2937&pageSize=50&referer=https%3A%2F%2Fwww.agoda.com%2Fvenetian-resort-hotel-casino%2Fhotel%2Flas-vegas-nv-us.html&providerMode=separate;27;2026-06-07T16:23:33.156739+00:00;ok;
HVEGAS001;The Venetian Resort Las Vegas;Las Vegas;United States;booking_via_agoda;agoda;3038.0;Booking.com;dfb641934f0497e9;04/03/2024;2024;;;8.0;0.0;10.0;8.0;https://www.agoda.com/api/cronos/property/review/HotelReviews?hotelId=2937&pageSize=50&referer=https%3A%2F%2Fwww.agoda.com%2Fvenetian-resort-hotel-casino%2Fhotel%2Flas-vegas-nv-us.html&providerMode=separate;27;2026-06-07T16:23:33.156739+00:00;ok;
HVEGAS001;The Venetian Resort Las Vegas;Las Vegas;United States;booking_via_agoda;agoda;3038.0;Booking.com;a838d23bb92e57c0;04/03/2024;2024;;;10.0;0.0;10.0;10.0;https://www.agoda.com/api/cronos/property/review/HotelReviews?hotelId=2937&pageSize=50&referer=https%3A%2F%2Fwww.agoda.com%2Fvenetian-resort-hotel-casino%2Fhotel%2Flas-vegas-nv-us.html&providerMode=separate;27;2026-06-07T16:23:33.156739+00:00;ok;
HVEGAS001;The Venetian Resort Las Vegas;Las Vegas;United States;booking_via_agoda;agoda;3038.0;Booking.com;3639f5785237bfa0;05/03/2024;2024;;;7.0;0.0;10.0;7.0;https://www.agoda.com/api/cronos/property/review/HotelReviews?hotelId=2937&pageSize=50&referer=https%3A%2F%2Fwww.agoda.com%2Fvenetian-resort-hotel-casino%2Fhotel%2Flas-vegas-nv-us.html&providerMode=separate;27;2026-06-07T16:23:33.156739+00:00;ok;
HVEGAS001;The Venetian Resort Las Vegas;Las Vegas;United States;booking_via_agoda;agoda;3038.0;Booking.com;ceb595108e58cf70;05/03/2024;2024;;;10.0;0.0;10.0;10.0;https://www.agoda.com/api/cronos/property/review/HotelReviews?hotelId=2937&pageSize=50&referer=https%3A%2F%2Fwww.agoda.com%2Fvenetian-resort-hotel-casino%2Fhotel%2Flas-vegas-nv-us.html&providerMode=separate;27;2026-06-07T16:23:33.156739+00:00;ok;
HVEGAS001;The Venetian Resort Las Vegas;Las Vegas;United States;booking_via_agoda;agoda;3038.0;Booking.com;5521ddfa3c634650;09/03/2024;2024;;;10.0;0.0;10.0;10.0;https://www.agoda.com/api/cronos/property/review/HotelReviews?hotelId=2937&pageSize=50&referer=https%3A%2F%2Fwww.agoda.com%2Fvenetian-resort-hotel-casino%2Fhotel%2Flas-vegas-nv-us.html&providerMode=separate;27;2026-06-07T16:23:33.156739+00:00;ok;
HVEGAS001;The Venetian Resort Las Vegas;Las Vegas;United States;booking_via_agoda;agoda;3038.0;Booking.com;50569795a7ff3f5f;10/03/2024;2024;;;10.0;0.0;10.0;10.0;https://www.agoda.com/api/cronos/property/review/HotelReviews?hotelId=2937&pageSize=50&referer=https%3A%2F%2Fwww.agoda.com%2Fvenetian-resort-hotel-casino%2Fhotel%2Flas-vegas-nv-us.html&providerMode=separate;27;2026-06-07T16:23:33.156739+00:00;ok;
HVEGAS001;The Venetian Resort Las Vegas;Las Vegas;United States;booking_via_agoda;agoda;3038.0;Booking.com;86e9486bddc2f742;12/03/2024;2024;;;10.0;0.0;10.0;10.0;https://www.agoda.com/api/cronos/property/review/HotelReviews?hotelId=2937&pageSize=50&referer=https%3A%2F%2Fwww.agoda.com%2Fvenetian-resort-hotel-casino%2Fhotel%2Flas-vegas-nv-us.html&providerMode=separate;27;2026-06-07T16:23:33.156739+00:00;ok;
HVEGAS001;The Venetian Resort Las Vegas;Las Vegas;United States;booking_via_agoda;agoda;3038.0;Booking.com;b19b25217a270b7e;13/03/2024;2024;;;10.0;0.0;10.0;10.0;https://www.agoda.com/api/cronos/property/review/HotelReviews?hotelId=2937&pageSize=50&referer=https%3A%2F%2Fwww.agoda.com%2Fvenetian-resort-hotel-casino%2Fhotel%2Flas-vegas-nv-us.html&providerMode=separate;27;2026-06-07T16:23:33.156739+00:00;ok;
HVEGAS001;The Venetian Resort Las Vegas;Las Vegas;United States;booking_via_agoda;agoda;3038.0;Booking.com;b9bf8d32f0a902e0;14/03/2024;2024;;;4.0;0.0;10.0;4.0;https://www.agoda.com/api/cronos/property/review/HotelReviews?hotelId=2937&pageSize=50&referer=https%3A%2F%2Fwww.agoda.com%2Fvenetian-resort-hotel-casino%2Fhotel%2Flas-vegas-nv-us.html&providerMode=separate;26;2026-06-07T16:23:33.156739+00:00;ok;
HVEGAS001;The Venetian Resort Las Vegas;Las Vegas;United States;booking_via_agoda;agoda;3038.0;Booking.com;84936bdfa2387fe2;14/03/2024;2024;;;10.0;0.0;10.0;10.0;https://www.agoda.com/api/cronos/property/review/HotelReviews?hotelId=2937&pageSize=50&referer=https%3A%2F%2Fwww.agoda.com%2Fvenetian-resort-hotel-casino%2Fhotel%2Flas-vegas-nv-us.html&providerMode=separate;27;2026-06-07T16:23:33.156739+00:00;ok;
HVEGAS001;The Venetian Resort Las Vegas;Las Vegas;United States;booking_via_agoda;agoda;3038.0;Booking.com;e6ec3834ebe01de1;15/03/2024;2024;;;8.0;0.0;10.0;8.0;https://www.agoda.com/api/cronos/property/review/HotelReviews?hotelId=2937&pageSize=50&referer=https%3A%2F%2Fwww.agoda.com%2Fvenetian-resort-hotel-casino%2Fhotel%2Flas-vegas-nv-us.html&providerMode=separate;26;2026-06-07T16:23:33.156739+00:00;ok;
HVEGAS001;The Venetian Resort Las Vegas;Las Vegas;United States;booking_via_agoda;agoda;3038.0;Booking.com;4c619fc4fb8d8954;15/03/2024;2024;;;8.0;0.0;10.0;8.0;https://www.agoda.com/api/cronos/property/review/HotelReviews?hotelId=2937&pageSize=50&referer=https%3A%2F%2Fwww.agoda.com%2Fvenetian-resort-hotel-casino%2Fhotel%2Flas-vegas-nv-us.html&providerMode=separate;26;2026-06-07T16:23:33.156739+00:00;ok;
HVEGAS001;The Venetian Resort Las Vegas;Las Vegas;United States;booking_via_agoda;agoda;3038.0;Booking.com;2fdd32ead812c8cf;15/03/2024;2024;;;9.0;0.0;10.0;9.0;https://www.agoda.com/api/cronos/property/review/HotelReviews?hotelId=2937&pageSize=50&referer=https%3A%2F%2Fwww.agoda.com%2Fvenetian-resort-hotel-casino%2Fhotel%2Flas-vegas-nv-us.html&providerMode=separate;26;2026-06-07T16:23:33.156739+00:00;ok;
HVEGAS001;The Venetian Resort Las Vegas;Las Vegas;United States;booking_via_agoda;agoda;3038.0;Booking.com;cba5a7dfbc69c82e;17/03/2024;2024;;;9.0;0.0;10.0;9.0;https://www.agoda.com/api/cronos/property/review/HotelReviews?hotelId=2937&pageSize=50&referer=https%3A%2F%2Fwww.agoda.com%2Fvenetian-resort-hotel-casino%2Fhotel%2Flas-vegas-nv-us.html&providerMode=separate;26;2026-06-07T16:23:33.156739+00:00;ok;
HVEGAS001;The Venetian Resort Las Vegas;Las Vegas;United States;booking_via_agoda;agoda;3038.0;Booking.com;9b5f130abb1cccbd;18/03/2024;2024;;;1.0;0.0;10.0;1.0;https://www.agoda.com/api/cronos/property/review/HotelReviews?hotelId=2937&pageSize=50&referer=https%3A%2F%2Fwww.agoda.com%2Fvenetian-resort-hotel-casino%2Fhotel%2Flas-vegas-nv-us.html&providerMode=separate;26;2026-06-07T16:23:33.156739+00:00;ok;
HVEGAS001;The Venetian Resort Las Vegas;Las Vegas;United States;booking_via_agoda;agoda;3038.0;Booking.com;762034a9ad31f31b;18/03/2024;2024;;;10.0;0.0;10.0;10.0;https://www.agoda.com/api/cronos/property/review/HotelReviews?hotelId=2937&pageSize=50&referer=https%3A%2F%2Fwww.agoda.com%2Fvenetian-resort-hotel-casino%2Fhotel%2Flas-vegas-nv-us.html&providerMode=separate;26;2026-06-07T16:23:33.156739+00:00;ok;
HVEGAS001;The Venetian Resort Las Vegas;Las Vegas;United States;booking_via_agoda;agoda;3038.0;Booking.com;dbda0dae9a8e5992;19/03/2024;2024;;;7.0;0.0;10.0;7.0;https://www.agoda.com/api/cronos/property/review/HotelReviews?hotelId=2937&pageSize=50&referer=https%3A%2F%2Fwww.agoda.com%2Fvenetian-resort-hotel-casino%2Fhotel%2Flas-vegas-nv-us.html&providerMode=separate;26;2026-06-07T16:23:33.156739+00:00;ok;
HVEGAS001;The Venetian Resort Las Vegas;Las Vegas;United States;booking_via_agoda;agoda;3038.0;Booking.com;177b829cbf73aa4f;19/03/2024;2024;;;7.0;0.0;10.0;7.0;https://www.agoda.com/api/cronos/property/review/HotelReviews?hotelId=2937&pageSize=50&referer=https%3A%2F%2Fwww.agoda.com%2Fvenetian-resort-hotel-casino%2Fhotel%2Flas-vegas-nv-us.html&providerMode=separate;26;2026-06-07T16:23:33.156739+00:00;ok;
HVEGAS001;The Venetian Resort Las Vegas;Las Vegas;United States;booking_via_agoda;agoda;3038.0;Booking.com;e2cea1970e383d21;19/03/2024;2024;;;10.0;0.0;10.0;10.0;https://www.agoda.com/api/cronos/property/review/HotelReviews?hotelId=2937&pageSize=50&referer=https%3A%2F%2Fwww.agoda.com%2Fvenetian-resort-hotel-casino%2Fhotel%2Flas-vegas-nv-us.html&providerMode=separate;26;2026-06-07T16:23:33.156739+00:00;ok;
HVEGAS001;The Venetian Resort Las Vegas;Las Vegas;United States;booking_via_agoda;agoda;3038.0;Booking.com;263b816a24fa4e60;21/03/2024;2024;;;7.0;0.0;10.0;7.0;https://www.agoda.com/api/cronos/property/review/HotelReviews?hotelId=2937&pageSize=50&referer=https%3A%2F%2Fwww.agoda.com%2Fvenetian-resort-hotel-casino%2Fhotel%2Flas-vegas-nv-us.html&providerMode=separate;26;2026-06-07T16:23:33.156739+00:00;ok;
HVEGAS001;The Venetian Resort Las Vegas;Las Vegas;United States;booking_via_agoda;agoda;3038.0;Booking.com;d146bdc805223fa7;24/03/2024;2024;;;10.0;0.0;10.0;10.0;https://www.agoda.com/api/cronos/property/review/HotelReviews?hotelId=2937&pageSize=50&referer=https%3A%2F%2Fwww.agoda.com%2Fvenetian-resort-hotel-casino%2Fhotel%2Flas-vegas-nv-us.html&providerMode=separate;26;2026-06-07T16:23:33.156739+00:00;ok;
HVEGAS001;The Venetian Resort Las Vegas;Las Vegas;United States;booking_via_agoda;agoda;3038.0;Booking.com;2975df9b3fee867b;24/03/2024;2024;;;7.0;0.0;10.0;7.0;https://www.agoda.com/api/cronos/property/review/HotelReviews?hotelId=2937&pageSize=50&referer=https%3A%2F%2Fwww.agoda.com%2Fvenetian-resort-hotel-casino%2Fhotel%2Flas-vegas-nv-us.html&providerMode=separate;26;2026-06-07T16:23:33.156739+00:00;ok;
HVEGAS001;The Venetian Resort Las Vegas;Las Vegas;United States;booking_via_agoda;agoda;3038.0;Booking.com;c2bf2fc6c5ad1ab8;24/03/2024;2024;;;8.0;0.0;10.0;8.0;https://www.agoda.com/api/cronos/property/review/HotelReviews?hotelId=2937&pageSize=50&referer=https%3A%2F%2Fwww.agoda.com%2Fvenetian-resort-hotel-casino%2Fhotel%2Flas-vegas-nv-us.html&providerMode=separate;26;2026-06-07T16:23:33.156739+00:00;ok;
HVEGAS001;The Venetian Resort Las Vegas;Las Vegas;United States;booking_via_agoda;agoda;3038.0;Booking.com;8603b88f04754231;26/03/2024;2024;;;7.0;0.0;10.0;7.0;https://www.agoda.com/api/cronos/property/review/HotelReviews?hotelId=2937&pageSize=50&referer=https%3A%2F%2Fwww.agoda.com%2Fvenetian-resort-hotel-casino%2Fhotel%2Flas-vegas-nv-us.html&providerMode=separate;26;2026-06-07T16:23:33.156739+00:00;ok;
HVEGAS001;The Venetian Resort Las Vegas;Las Vegas;United States;booking_via_agoda;agoda;3038.0;Booking.com;5e683433dc3919b3;27/03/2024;2024;;;5.0;0.0;10.0;5.0;https://www.agoda.com/api/cronos/property/review/HotelReviews?hotelId=2937&pageSize=50&referer=https%3A%2F%2Fwww.agoda.com%2Fvenetian-resort-hotel-casino%2Fhotel%2Flas-vegas-nv-us.html&providerMode=separate;26;2026-06-07T16:23:33.156739+00:00;ok;
HVEGAS001;The Venetian Resort Las Vegas;Las Vegas;United States;booking_via_agoda;agoda;3038.0;Booking.com;8e1d7521e8530f36;28/03/2024;2024;;;9.0;0.0;10.0;9.0;https://www.agoda.com/api/cronos/property/review/HotelReviews?hotelId=2937&pageSize=50&referer=https%3A%2F%2Fwww.agoda.com%2Fvenetian-resort-hotel-casino%2Fhotel%2Flas-vegas-nv-us.html&providerMode=separate;26;2026-06-07T16:23:33.156739+00:00;ok;
HVEGAS001;The Venetian Resort Las Vegas;Las Vegas;United States;booking_via_agoda;agoda;3038.0;Booking.com;8d5c567f0fbc1a59;29/03/2024;2024;;;9.0;0.0;10.0;9.0;https://www.agoda.com/api/cronos/property/review/HotelReviews?hotelId=2937&pageSize=50&referer=https%3A%2F%2Fwww.agoda.com%2Fvenetian-resort-hotel-casino%2Fhotel%2Flas-vegas-nv-us.html&providerMode=separate;26;2026-06-07T16:23:33.156739+00:00;ok;
HVEGAS001;The Venetian Resort Las Vegas;Las Vegas;United States;booking_via_agoda;agoda;3038.0;Booking.com;8b3944de4264407c;29/03/2024;2024;;;9.0;0.0;10.0;9.0;https://www.agoda.com/api/cronos/property/review/HotelReviews?hotelId=2937&pageSize=50&referer=https%3A%2F%2Fwww.agoda.com%2Fvenetian-resort-hotel-casino%2Fhotel%2Flas-vegas-nv-us.html&providerMode=separate;26;2026-06-07T16:23:33.156739+00:00;ok;
HVEGAS001;The Venetian Resort Las Vegas;Las Vegas;United States;booking_via_agoda;agoda;3038.0;Booking.com;7f012c3270f3af0f;29/03/2024;2024;;;10.0;0.0;10.0;10.0;https://www.agoda.com/api/cronos/property/review/HotelReviews?hotelId=2937&pageSize=50&referer=https%3A%2F%2Fwww.agoda.com%2Fvenetian-resort-hotel-casino%2Fhotel%2Flas-vegas-nv-us.html&providerMode=separate;26;2026-06-07T16:23:33.156739+00:00;ok;
HVEGAS001;The Venetian Resort Las Vegas;Las Vegas;United States;booking_via_agoda;agoda;3038.0;Booking.com;1ea2d680488155d8;29/03/2024;2024;;;10.0;0.0;10.0;10.0;https://www.agoda.com/api/cronos/property/review/HotelReviews?hotelId=2937&pageSize=50&referer=https%3A%2F%2Fwww.agoda.com%2Fvenetian-resort-hotel-casino%2Fhotel%2Flas-vegas-nv-us.html&providerMode=separate;26;2026-06-07T16:23:33.156739+00:00;ok;
HVEGAS001;The Venetian Resort Las Vegas;Las Vegas;United States;booking_via_agoda;agoda;3038.0;Booking.com;6aa05f3bee642590;30/03/2024;2024;;;10.0;0.0;10.0;10.0;https://www.agoda.com/api/cronos/property/review/HotelReviews?hotelId=2937&pageSize=50&referer=https%3A%2F%2Fwww.agoda.com%2Fvenetian-resort-hotel-casino%2Fhotel%2Flas-vegas-nv-us.html&providerMode=separate;26;2026-06-07T16:23:33.156739+00:00;ok;
HVEGAS001;The Venetian Resort Las Vegas;Las Vegas;United States;booking_via_agoda;agoda;3038.0;Booking.com;83c41c9022a97748;30/03/2024;2024;;;1.0;0.0;10.0;1.0;https://www.agoda.com/api/cronos/property/review/HotelReviews?hotelId=2937&pageSize=50&referer=https%3A%2F%2Fwww.agoda.com%2Fvenetian-resort-hotel-casino%2Fhotel%2Flas-vegas-nv-us.html&providerMode=separate;26;2026-06-07T16:23:33.156739+00:00;ok;
HVEGAS001;The Venetian Resort Las Vegas;Las Vegas;United States;booking_via_agoda;agoda;3038.0;Booking.com;2822eeab8ac9620e;01/04/2024;2024;;;7.0;0.0;10.0;7.0;https://www.agoda.com/api/cronos/property/review/HotelReviews?hotelId=2937&pageSize=50&referer=https%3A%2F%2Fwww.agoda.com%2Fvenetian-resort-hotel-casino%2Fhotel%2Flas-vegas-nv-us.html&providerMode=separate;26;2026-06-07T16:23:33.156739+00:00;ok;
HVEGAS001;The Venetian Resort Las Vegas;Las Vegas;United States;booking_via_agoda;agoda;3038.0;Booking.com;14c44f1fd1d8aa84;02/04/2024;2024;;;10.0;0.0;10.0;10.0;https://www.agoda.com/api/cronos/property/review/HotelReviews?hotelId=2937&pageSize=50&referer=https%3A%2F%2Fwww.agoda.com%2Fvenetian-resort-hotel-casino%2Fhotel%2Flas-vegas-nv-us.html&providerMode=separate;26;2026-06-07T16:23:33.156739+00:00;ok;
HVEGAS001;The Venetian Resort Las Vegas;Las Vegas;United States;booking_via_agoda;agoda;3038.0;Booking.com;15d406074cff7acf;03/04/2024;2024;;;10.0;0.0;10.0;10.0;https://www.agoda.com/api/cronos/property/review/HotelReviews?hotelId=2937&pageSize=50&referer=https%3A%2F%2Fwww.agoda.com%2Fvenetian-resort-hotel-casino%2Fhotel%2Flas-vegas-nv-us.html&providerMode=separate;26;2026-06-07T16:23:33.156739+00:00;ok;
HVEGAS001;The Venetian Resort Las Vegas;Las Vegas;United States;booking_via_agoda;agoda;3038.0;Booking.com;7e25dfd6e1cb42a1;03/04/2024;2024;;;6.0;0.0;10.0;6.0;https://www.agoda.com/api/cronos/property/review/HotelReviews?hotelId=2937&pageSize=50&referer=https%3A%2F%2Fwww.agoda.com%2Fvenetian-resort-hotel-casino%2Fhotel%2Flas-vegas-nv-us.html&providerMode=separate;26;2026-06-07T16:23:33.156739+00:00;ok;
HVEGAS001;The Venetian Resort Las Vegas;Las Vegas;United States;booking_via_agoda;agoda;3038.0;Booking.com;072c996bfce11d62;04/04/2024;2024;;;7.0;0.0;10.0;7.0;https://www.agoda.com/api/cronos/property/review/HotelReviews?hotelId=2937&pageSize=50&referer=https%3A%2F%2Fwww.agoda.com%2Fvenetian-resort-hotel-casino%2Fhotel%2Flas-vegas-nv-us.html&providerMode=separate;26;2026-06-07T16:23:33.156739+00:00;ok;
HVEGAS001;The Venetian Resort Las Vegas;Las Vegas;United States;booking_via_agoda;agoda;3038.0;Booking.com;f01ca9fc8208184b;04/04/2024;2024;;;9.0;0.0;10.0;9.0;https://www.agoda.com/api/cronos/property/review/HotelReviews?hotelId=2937&pageSize=50&referer=https%3A%2F%2Fwww.agoda.com%2Fvenetian-resort-hotel-casino%2Fhotel%2Flas-vegas-nv-us.html&providerMode=separate;26;2026-06-07T16:23:33.156739+00:00;ok;
HVEGAS001;The Venetian Resort Las Vegas;Las Vegas;United States;booking_via_agoda;agoda;3038.0;Booking.com;2c0e424ed8f3f518;05/04/2024;2024;;;9.0;0.0;10.0;9.0;https://www.agoda.com/api/cronos/property/review/HotelReviews?hotelId=2937&pageSize=50&referer=https%3A%2F%2Fwww.agoda.com%2Fvenetian-resort-hotel-casino%2Fhotel%2Flas-vegas-nv-us.html&providerMode=separate;26;2026-06-07T16:23:33.156739+00:00;ok;
HVEGAS001;The Venetian Resort Las Vegas;Las Vegas;United States;booking_via_agoda;agoda;3038.0;Booking.com;1568388931ae0eae;05/04/2024;2024;;;8.0;0.0;10.0;8.0;https://www.agoda.com/api/cronos/property/review/HotelReviews?hotelId=2937&pageSize=50&referer=https%3A%2F%2Fwww.agoda.com%2Fvenetian-resort-hotel-casino%2Fhotel%2Flas-vegas-nv-us.html&providerMode=separate;26;2026-06-07T16:23:33.156739+00:00;ok;
HVEGAS001;The Venetian Resort Las Vegas;Las Vegas;United States;booking_via_agoda;agoda;3038.0;Booking.com;2366d9d0c55c9a18;06/04/2024;2024;;;10.0;0.0;10.0;10.0;https://www.agoda.com/api/cronos/property/review/HotelReviews?hotelId=2937&pageSize=50&referer=https%3A%2F%2Fwww.agoda.com%2Fvenetian-resort-hotel-casino%2Fhotel%2Flas-vegas-nv-us.html&providerMode=separate;26;2026-06-07T16:23:33.156739+00:00;ok;
HVEGAS001;The Venetian Resort Las Vegas;Las Vegas;United States;booking_via_agoda;agoda;3038.0;Booking.com;29f3dfc77e1754c1;06/04/2024;2024;;;9.0;0.0;10.0;9.0;https://www.agoda.com/api/cronos/property/review/HotelReviews?hotelId=2937&pageSize=50&referer=https%3A%2F%2Fwww.agoda.com%2Fvenetian-resort-hotel-casino%2Fhotel%2Flas-vegas-nv-us.html&providerMode=separate;26;2026-06-07T16:23:33.156739+00:00;ok;
HVEGAS001;The Venetian Resort Las Vegas;Las Vegas;United States;booking_via_agoda;agoda;3038.0;Booking.com;840ac0d19a369684;07/04/2024;2024;;;10.0;0.0;10.0;10.0;https://www.agoda.com/api/cronos/property/review/HotelReviews?hotelId=2937&pageSize=50&referer=https%3A%2F%2Fwww.agoda.com%2Fvenetian-resort-hotel-casino%2Fhotel%2Flas-vegas-nv-us.html&providerMode=separate;26;2026-06-07T16:23:33.156739+00:00;ok;
HVEGAS001;The Venetian Resort Las Vegas;Las Vegas;United States;booking_via_agoda;agoda;3038.0;Booking.com;2ca91c0377584dc4;07/04/2024;2024;;;10.0;0.0;10.0;10.0;https://www.agoda.com/api/cronos/property/review/HotelReviews?hotelId=2937&pageSize=50&referer=https%3A%2F%2Fwww.agoda.com%2Fvenetian-resort-hotel-casino%2Fhotel%2Flas-vegas-nv-us.html&providerMode=separate;26;2026-06-07T16:23:33.156739+00:00;ok;
HVEGAS001;The Venetian Resort Las Vegas;Las Vegas;United States;booking_via_agoda;agoda;3038.0;Booking.com;016789a8fc84e394;08/04/2024;2024;;;6.0;0.0;10.0;6.0;https://www.agoda.com/api/cronos/property/review/HotelReviews?hotelId=2937&pageSize=50&referer=https%3A%2F%2Fwww.agoda.com%2Fvenetian-resort-hotel-casino%2Fhotel%2Flas-vegas-nv-us.html&providerMode=separate;26;2026-06-07T16:23:33.156739+00:00;ok;
HVEGAS001;The Venetian Resort Las Vegas;Las Vegas;United States;booking_via_agoda;agoda;3038.0;Booking.com;4b95c35ec4add159;08/04/2024;2024;;;6.0;0.0;10.0;6.0;https://www.agoda.com/api/cronos/property/review/HotelReviews?hotelId=2937&pageSize=50&referer=https%3A%2F%2Fwww.agoda.com%2Fvenetian-resort-hotel-casino%2Fhotel%2Flas-vegas-nv-us.html&providerMode=separate;26;2026-06-07T16:23:33.156739+00:00;ok;
HVEGAS001;The Venetian Resort Las Vegas;Las Vegas;United States;booking_via_agoda;agoda;3038.0;Booking.com;78428335f9163658;09/04/2024;2024;;;6.0;0.0;10.0;6.0;https://www.agoda.com/api/cronos/property/review/HotelReviews?hotelId=2937&pageSize=50&referer=https%3A%2F%2Fwww.agoda.com%2Fvenetian-resort-hotel-casino%2Fhotel%2Flas-vegas-nv-us.html&providerMode=separate;26;2026-06-07T16:23:33.156739+00:00;ok;
HVEGAS001;The Venetian Resort Las Vegas;Las Vegas;United States;booking_via_agoda;agoda;3038.0;Booking.com;6e3c97bc7e590532;09/04/2024;2024;;;8.0;0.0;10.0;8.0;https://www.agoda.com/api/cronos/property/review/HotelReviews?hotelId=2937&pageSize=50&referer=https%3A%2F%2Fwww.agoda.com%2Fvenetian-resort-hotel-casino%2Fhotel%2Flas-vegas-nv-us.html&providerMode=separate;26;2026-06-07T16:23:33.156739+00:00;ok;
HVEGAS001;The Venetian Resort Las Vegas;Las Vegas;United States;booking_via_agoda;agoda;3038.0;Booking.com;8aed8e4388512b65;09/04/2024;2024;;;10.0;0.0;10.0;10.0;https://www.agoda.com/api/cronos/property/review/HotelReviews?hotelId=2937&pageSize=50&referer=https%3A%2F%2Fwww.agoda.com%2Fvenetian-resort-hotel-casino%2Fhotel%2Flas-vegas-nv-us.html&providerMode=separate;26;2026-06-07T16:23:33.156739+00:00;ok;
HVEGAS001;The Venetian Resort Las Vegas;Las Vegas;United States;booking_via_agoda;agoda;3038.0;Booking.com;ffca466bcaa90e74;09/04/2024;2024;;;10.0;0.0;10.0;10.0;https://www.agoda.com/api/cronos/property/review/HotelReviews?hotelId=2937&pageSize=50&referer=https%3A%2F%2Fwww.agoda.com%2Fvenetian-resort-hotel-casino%2Fhotel%2Flas-vegas-nv-us.html&providerMode=separate;26;2026-06-07T16:23:33.156739+00:00;ok;
HVEGAS001;The Venetian Resort Las Vegas;Las Vegas;United States;booking_via_agoda;agoda;3038.0;Booking.com;9a7b5b134033145a;10/04/2024;2024;;;9.0;0.0;10.0;9.0;https://www.agoda.com/api/cronos/property/review/HotelReviews?hotelId=2937&pageSize=50&referer=https%3A%2F%2Fwww.agoda.com%2Fvenetian-resort-hotel-casino%2Fhotel%2Flas-vegas-nv-us.html&providerMode=separate;26;2026-06-07T16:23:33.156739+00:00;ok;
HVEGAS001;The Venetian Resort Las Vegas;Las Vegas;United States;booking_via_agoda;agoda;3038.0;Booking.com;df3a4d2ee33d356a;10/04/2024;2024;;;10.0;0.0;10.0;10.0;https://www.agoda.com/api/cronos/property/review/HotelReviews?hotelId=2937&pageSize=50&referer=https%3A%2F%2Fwww.agoda.com%2Fvenetian-resort-hotel-casino%2Fhotel%2Flas-vegas-nv-us.html&providerMode=separate;26;2026-06-07T16:23:33.156739+00:00;ok;
HVEGAS001;The Venetian Resort Las Vegas;Las Vegas;United States;booking_via_agoda;agoda;3038.0;Booking.com;b8134320749f6628;11/04/2024;2024;;;10.0;0.0;10.0;10.0;https://www.agoda.com/api/cronos/property/review/HotelReviews?hotelId=2937&pageSize=50&referer=https%3A%2F%2Fwww.agoda.com%2Fvenetian-resort-hotel-casino%2Fhotel%2Flas-vegas-nv-us.html&providerMode=separate;26;2026-06-07T16:23:33.156739+00:00;ok;
HVEGAS001;The Venetian Resort Las Vegas;Las Vegas;United States;booking_via_agoda;agoda;3038.0;Booking.com;f9cee00e43d59c6f;11/04/2024;2024;;;9.0;0.0;10.0;9.0;https://www.agoda.com/api/cronos/property/review/HotelReviews?hotelId=2937&pageSize=50&referer=https%3A%2F%2Fwww.agoda.com%2Fvenetian-resort-hotel-casino%2Fhotel%2Flas-vegas-nv-us.html&providerMode=separate;26;2026-06-07T16:23:33.156739+00:00;ok;
HVEGAS001;The Venetian Resort Las Vegas;Las Vegas;United States;booking_via_agoda;agoda;3038.0;Booking.com;fd2ef3f7cc0ed489;11/04/2024;2024;;;10.0;0.0;10.0;10.0;https://www.agoda.com/api/cronos/property/review/HotelReviews?hotelId=2937&pageSize=50&referer=https%3A%2F%2Fwww.agoda.com%2Fvenetian-resort-hotel-casino%2Fhotel%2Flas-vegas-nv-us.html&providerMode=separate;26;2026-06-07T16:23:33.156739+00:00;ok;
HVEGAS001;The Venetian Resort Las Vegas;Las Vegas;United States;booking_via_agoda;agoda;3038.0;Booking.com;7eed5f20a17de637;12/04/2024;2024;;;7.0;0.0;10.0;7.0;https://www.agoda.com/api/cronos/property/review/HotelReviews?hotelId=2937&pageSize=50&referer=https%3A%2F%2Fwww.agoda.com%2Fvenetian-resort-hotel-casino%2Fhotel%2Flas-vegas-nv-us.html&providerMode=separate;26;2026-06-07T16:23:33.156739+00:00;ok;
HVEGAS001;The Venetian Resort Las Vegas;Las Vegas;United States;booking_via_agoda;agoda;3038.0;Booking.com;48a8404c21a770c8;12/04/2024;2024;;;10.0;0.0;10.0;10.0;https://www.agoda.com/api/cronos/property/review/HotelReviews?hotelId=2937&pageSize=50&referer=https%3A%2F%2Fwww.agoda.com%2Fvenetian-resort-hotel-casino%2Fhotel%2Flas-vegas-nv-us.html&providerMode=separate;26;2026-06-07T16:23:33.156739+00:00;ok;
HVEGAS001;The Venetian Resort Las Vegas;Las Vegas;United States;booking_via_agoda;agoda;3038.0;Booking.com;467a1612b77918f9;13/04/2024;2024;;;10.0;0.0;10.0;10.0;https://www.agoda.com/api/cronos/property/review/HotelReviews?hotelId=2937&pageSize=50&referer=https%3A%2F%2Fwww.agoda.com%2Fvenetian-resort-hotel-casino%2Fhotel%2Flas-vegas-nv-us.html&providerMode=separate;26;2026-06-07T16:23:33.156739+00:00;ok;
HVEGAS001;The Venetian Resort Las Vegas;Las Vegas;United States;booking_via_agoda;agoda;3038.0;Booking.com;504dbd0772eb994b;14/04/2024;2024;;;10.0;0.0;10.0;10.0;https://www.agoda.com/api/cronos/property/review/HotelReviews?hotelId=2937&pageSize=50&referer=https%3A%2F%2Fwww.agoda.com%2Fvenetian-resort-hotel-casino%2Fhotel%2Flas-vegas-nv-us.html&providerMode=separate;25;2026-06-07T16:23:33.156739+00:00;ok;
HVEGAS001;The Venetian Resort Las Vegas;Las Vegas;United States;booking_via_agoda;agoda;3038.0;Booking.com;155ff402b79f9b53;14/04/2024;2024;;;6.0;0.0;10.0;6.0;https://www.agoda.com/api/cronos/property/review/HotelReviews?hotelId=2937&pageSize=50&referer=https%3A%2F%2Fwww.agoda.com%2Fvenetian-resort-hotel-casino%2Fhotel%2Flas-vegas-nv-us.html&providerMode=separate;26;2026-06-07T16:23:33.156739+00:00;ok;
HVEGAS001;The Venetian Resort Las Vegas;Las Vegas;United States;booking_via_agoda;agoda;3038.0;Booking.com;e48af0496dc2d3fc;15/04/2024;2024;;;10.0;0.0;10.0;10.0;https://www.agoda.com/api/cronos/property/review/HotelReviews?hotelId=2937&pageSize=50&referer=https%3A%2F%2Fwww.agoda.com%2Fvenetian-resort-hotel-casino%2Fhotel%2Flas-vegas-nv-us.html&providerMode=separate;25;2026-06-07T16:23:33.156739+00:00;ok;
HVEGAS001;The Venetian Resort Las Vegas;Las Vegas;United States;booking_via_agoda;agoda;3038.0;Booking.com;9319d7c72df3456d;15/04/2024;2024;;;10.0;0.0;10.0;10.0;https://www.agoda.com/api/cronos/property/review/HotelReviews?hotelId=2937&pageSize=50&referer=https%3A%2F%2Fwww.agoda.com%2Fvenetian-resort-hotel-casino%2Fhotel%2Flas-vegas-nv-us.html&providerMode=separate;25;2026-06-07T16:23:33.156739+00:00;ok;
HVEGAS001;The Venetian Resort Las Vegas;Las Vegas;United States;booking_via_agoda;agoda;3038.0;Booking.com;a19a48ba53bec1df;16/04/2024;2024;;;10.0;0.0;10.0;10.0;https://www.agoda.com/api/cronos/property/review/HotelReviews?hotelId=2937&pageSize=50&referer=https%3A%2F%2Fwww.agoda.com%2Fvenetian-resort-hotel-casino%2Fhotel%2Flas-vegas-nv-us.html&providerMode=separate;25;2026-06-07T16:23:33.156739+00:00;ok;
HVEGAS001;The Venetian Resort Las Vegas;Las Vegas;United States;booking_via_agoda;agoda;3038.0;Booking.com;cf419a902f6b7184;17/04/2024;2024;;;8.0;0.0;10.0;8.0;https://www.agoda.com/api/cronos/property/review/HotelReviews?hotelId=2937&pageSize=50&referer=https%3A%2F%2Fwww.agoda.com%2Fvenetian-resort-hotel-casino%2Fhotel%2Flas-vegas-nv-us.html&providerMode=separate;25;2026-06-07T16:23:33.156739+00:00;ok;
HVEGAS001;The Venetian Resort Las Vegas;Las Vegas;United States;booking_via_agoda;agoda;3038.0;Booking.com;8f99a373b2234976;19/04/2024;2024;;;10.0;0.0;10.0;10.0;https://www.agoda.com/api/cronos/property/review/HotelReviews?hotelId=2937&pageSize=50&referer=https%3A%2F%2Fwww.agoda.com%2Fvenetian-resort-hotel-casino%2Fhotel%2Flas-vegas-nv-us.html&providerMode=separate;25;2026-06-07T16:23:33.156739+00:00;ok;
HVEGAS001;The Venetian Resort Las Vegas;Las Vegas;United States;booking_via_agoda;agoda;3038.0;Booking.com;86a2986e22d5c7c5;19/04/2024;2024;;;10.0;0.0;10.0;10.0;https://www.agoda.com/api/cronos/property/review/HotelReviews?hotelId=2937&pageSize=50&referer=https%3A%2F%2Fwww.agoda.com%2Fvenetian-resort-hotel-casino%2Fhotel%2Flas-vegas-nv-us.html&providerMode=separate;25;2026-06-07T16:23:33.156739+00:00;ok;
HVEGAS001;The Venetian Resort Las Vegas;Las Vegas;United States;booking_via_agoda;agoda;3038.0;Booking.com;8f6d01e696bd07f5;19/04/2024;2024;;;10.0;0.0;10.0;10.0;https://www.agoda.com/api/cronos/property/review/HotelReviews?hotelId=2937&pageSize=50&referer=https%3A%2F%2Fwww.agoda.com%2Fvenetian-resort-hotel-casino%2Fhotel%2Flas-vegas-nv-us.html&providerMode=separate;25;2026-06-07T16:23:33.156739+00:00;ok;
HVEGAS001;The Venetian Resort Las Vegas;Las Vegas;United States;booking_via_agoda;agoda;3038.0;Booking.com;8d893868b0a5bc79;19/04/2024;2024;;;7.0;0.0;10.0;7.0;https://www.agoda.com/api/cronos/property/review/HotelReviews?hotelId=2937&pageSize=50&referer=https%3A%2F%2Fwww.agoda.com%2Fvenetian-resort-hotel-casino%2Fhotel%2Flas-vegas-nv-us.html&providerMode=separate;25;2026-06-07T16:23:33.156739+00:00;ok;
HVEGAS001;The Venetian Resort Las Vegas;Las Vegas;United States;booking_via_agoda;agoda;3038.0;Booking.com;e99231eb732dcdf5;20/04/2024;2024;;;9.0;0.0;10.0;9.0;https://www.agoda.com/api/cronos/property/review/HotelReviews?hotelId=2937&pageSize=50&referer=https%3A%2F%2Fwww.agoda.com%2Fvenetian-resort-hotel-casino%2Fhotel%2Flas-vegas-nv-us.html&providerMode=separate;25;2026-06-07T16:23:33.156739+00:00;ok;
HVEGAS001;The Venetian Resort Las Vegas;Las Vegas;United States;booking_via_agoda;agoda;3038.0;Booking.com;491e6c203ef719e2;22/04/2024;2024;;;10.0;0.0;10.0;10.0;https://www.agoda.com/api/cronos/property/review/HotelReviews?hotelId=2937&pageSize=50&referer=https%3A%2F%2Fwww.agoda.com%2Fvenetian-resort-hotel-casino%2Fhotel%2Flas-vegas-nv-us.html&providerMode=separate;25;2026-06-07T16:23:33.156739+00:00;ok;
HVEGAS001;The Venetian Resort Las Vegas;Las Vegas;United States;booking_via_agoda;agoda;3038.0;Booking.com;bb823ef9b7357637;22/04/2024;2024;;;7.0;0.0;10.0;7.0;https://www.agoda.com/api/cronos/property/review/HotelReviews?hotelId=2937&pageSize=50&referer=https%3A%2F%2Fwww.agoda.com%2Fvenetian-resort-hotel-casino%2Fhotel%2Flas-vegas-nv-us.html&providerMode=separate;25;2026-06-07T16:23:33.156739+00:00;ok;
HVEGAS001;The Venetian Resort Las Vegas;Las Vegas;United States;booking_via_agoda;agoda;3038.0;Booking.com;439b6060753259a9;22/04/2024;2024;;;1.0;0.0;10.0;1.0;https://www.agoda.com/api/cronos/property/review/HotelReviews?hotelId=2937&pageSize=50&referer=https%3A%2F%2Fwww.agoda.com%2Fvenetian-resort-hotel-casino%2Fhotel%2Flas-vegas-nv-us.html&providerMode=separate;25;2026-06-07T16:23:33.156739+00:00;ok;
HVEGAS001;The Venetian Resort Las Vegas;Las Vegas;United States;booking_via_agoda;agoda;3038.0;Booking.com;242651d77e0ba8c6;24/04/2024;2024;;;10.0;0.0;10.0;10.0;https://www.agoda.com/api/cronos/property/review/HotelReviews?hotelId=2937&pageSize=50&referer=https%3A%2F%2Fwww.agoda.com%2Fvenetian-resort-hotel-casino%2Fhotel%2Flas-vegas-nv-us.html&providerMode=separate;25;2026-06-07T16:23:33.156739+00:00;ok;
HVEGAS001;The Venetian Resort Las Vegas;Las Vegas;United States;booking_via_agoda;agoda;3038.0;Booking.com;1c9bd6fed5819f26;24/04/2024;2024;;;10.0;0.0;10.0;10.0;https://www.agoda.com/api/cronos/property/review/HotelReviews?hotelId=2937&pageSize=50&referer=https%3A%2F%2Fwww.agoda.com%2Fvenetian-resort-hotel-casino%2Fhotel%2Flas-vegas-nv-us.html&providerMode=separate;25;2026-06-07T16:23:33.156739+00:00;ok;
HVEGAS001;The Venetian Resort Las Vegas;Las Vegas;United States;booking_via_agoda;agoda;3038.0;Booking.com;19433d0370cedff0;26/04/2024;2024;;;8.0;0.0;10.0;8.0;https://www.agoda.com/api/cronos/property/review/HotelReviews?hotelId=2937&pageSize=50&referer=https%3A%2F%2Fwww.agoda.com%2Fvenetian-resort-hotel-casino%2Fhotel%2Flas-vegas-nv-us.html&providerMode=separate;25;2026-06-07T16:23:33.156739+00:00;ok;
HVEGAS001;The Venetian Resort Las Vegas;Las Vegas;United States;booking_via_agoda;agoda;3038.0;Booking.com;0b6ac6da4bd11dab;26/04/2024;2024;;;10.0;0.0;10.0;10.0;https://www.agoda.com/api/cronos/property/review/HotelReviews?hotelId=2937&pageSize=50&referer=https%3A%2F%2Fwww.agoda.com%2Fvenetian-resort-hotel-casino%2Fhotel%2Flas-vegas-nv-us.html&providerMode=separate;25;2026-06-07T16:23:33.156739+00:00;ok;
HVEGAS001;The Venetian Resort Las Vegas;Las Vegas;United States;booking_via_agoda;agoda;3038.0;Booking.com;d6204526631725a4;27/04/2024;2024;;;10.0;0.0;10.0;10.0;https://www.agoda.com/api/cronos/property/review/HotelReviews?hotelId=2937&pageSize=50&referer=https%3A%2F%2Fwww.agoda.com%2Fvenetian-resort-hotel-casino%2Fhotel%2Flas-vegas-nv-us.html&providerMode=separate;25;2026-06-07T16:23:33.156739+00:00;ok;
HVEGAS001;The Venetian Resort Las Vegas;Las Vegas;United States;booking_via_agoda;agoda;3038.0;Booking.com;03eeea9bff6058ec;27/04/2024;2024;;;10.0;0.0;10.0;10.0;https://www.agoda.com/api/cronos/property/review/HotelReviews?hotelId=2937&pageSize=50&referer=https%3A%2F%2Fwww.agoda.com%2Fvenetian-resort-hotel-casino%2Fhotel%2Flas-vegas-nv-us.html&providerMode=separate;25;2026-06-07T16:23:33.156739+00:00;ok;
HVEGAS001;The Venetian Resort Las Vegas;Las Vegas;United States;booking_via_agoda;agoda;3038.0;Booking.com;9269483d06231f0a;28/04/2024;2024;;;9.0;0.0;10.0;9.0;https://www.agoda.com/api/cronos/property/review/HotelReviews?hotelId=2937&pageSize=50&referer=https%3A%2F%2Fwww.agoda.com%2Fvenetian-resort-hotel-casino%2Fhotel%2Flas-vegas-nv-us.html&providerMode=separate;25;2026-06-07T16:23:33.156739+00:00;ok;
HVEGAS001;The Venetian Resort Las Vegas;Las Vegas;United States;booking_via_agoda;agoda;3038.0;Booking.com;75c957601e18e1a8;29/04/2024;2024;;;10.0;0.0;10.0;10.0;https://www.agoda.com/api/cronos/property/review/HotelReviews?hotelId=2937&pageSize=50&referer=https%3A%2F%2Fwww.agoda.com%2Fvenetian-resort-hotel-casino%2Fhotel%2Flas-vegas-nv-us.html&providerMode=separate;25;2026-06-07T16:23:33.156739+00:00;ok;
HVEGAS001;The Venetian Resort Las Vegas;Las Vegas;United States;booking_via_agoda;agoda;3038.0;Booking.com;9676c152d60143a5;29/04/2024;2024;;;9.0;0.0;10.0;9.0;https://www.agoda.com/api/cronos/property/review/HotelReviews?hotelId=2937&pageSize=50&referer=https%3A%2F%2Fwww.agoda.com%2Fvenetian-resort-hotel-casino%2Fhotel%2Flas-vegas-nv-us.html&providerMode=separate;25;2026-06-07T16:23:33.156739+00:00;ok;
HVEGAS001;The Venetian Resort Las Vegas;Las Vegas;United States;booking_via_agoda;agoda;3038.0;Booking.com;57d003c8918b67be;30/04/2024;2024;;;3.0;0.0;10.0;3.0;https://www.agoda.com/api/cronos/property/review/HotelReviews?hotelId=2937&pageSize=50&referer=https%3A%2F%2Fwww.agoda.com%2Fvenetian-resort-hotel-casino%2Fhotel%2Flas-vegas-nv-us.html&providerMode=separate;25;2026-06-07T16:23:33.156739+00:00;ok;
HVEGAS001;The Venetian Resort Las Vegas;Las Vegas;United States;booking_via_agoda;agoda;3038.0;Booking.com;08ad932b3cf22be4;30/04/2024;2024;;;8.0;0.0;10.0;8.0;https://www.agoda.com/api/cronos/property/review/HotelReviews?hotelId=2937&pageSize=50&referer=https%3A%2F%2Fwww.agoda.com%2Fvenetian-resort-hotel-casino%2Fhotel%2Flas-vegas-nv-us.html&providerMode=separate;25;2026-06-07T16:23:33.156739+00:00;ok;
HVEGAS001;The Venetian Resort Las Vegas;Las Vegas;United States;booking_via_agoda;agoda;3038.0;Booking.com;e7b85b63f5f5f7ec;02/05/2024;2024;;;9.0;0.0;10.0;9.0;https://www.agoda.com/api/cronos/property/review/HotelReviews?hotelId=2937&pageSize=50&referer=https%3A%2F%2Fwww.agoda.com%2Fvenetian-resort-hotel-casino%2Fhotel%2Flas-vegas-nv-us.html&providerMode=separate;25;2026-06-07T16:23:33.156739+00:00;ok;
HVEGAS001;The Venetian Resort Las Vegas;Las Vegas;United States;booking_via_agoda;agoda;3038.0;Booking.com;59ed7ada9d70f563;02/05/2024;2024;;;9.0;0.0;10.0;9.0;https://www.agoda.com/api/cronos/property/review/HotelReviews?hotelId=2937&pageSize=50&referer=https%3A%2F%2Fwww.agoda.com%2Fvenetian-resort-hotel-casino%2Fhotel%2Flas-vegas-nv-us.html&providerMode=separate;25;2026-06-07T16:23:33.156739+00:00;ok;
HVEGAS001;The Venetian Resort Las Vegas;Las Vegas;United States;booking_via_agoda;agoda;3038.0;Booking.com;2843de0f0958d138;03/05/2024;2024;;;6.0;0.0;10.0;6.0;https://www.agoda.com/api/cronos/property/review/HotelReviews?hotelId=2937&pageSize=50&referer=https%3A%2F%2Fwww.agoda.com%2Fvenetian-resort-hotel-casino%2Fhotel%2Flas-vegas-nv-us.html&providerMode=separate;25;2026-06-07T16:23:33.156739+00:00;ok;
HVEGAS001;The Venetian Resort Las Vegas;Las Vegas;United States;booking_via_agoda;agoda;3038.0;Booking.com;1962b5217b887c79;03/05/2024;2024;;;9.0;0.0;10.0;9.0;https://www.agoda.com/api/cronos/property/review/HotelReviews?hotelId=2937&pageSize=50&referer=https%3A%2F%2Fwww.agoda.com%2Fvenetian-resort-hotel-casino%2Fhotel%2Flas-vegas-nv-us.html&providerMode=separate;25;2026-06-07T16:23:33.156739+00:00;ok;
HVEGAS001;The Venetian Resort Las Vegas;Las Vegas;United States;booking_via_agoda;agoda;3038.0;Booking.com;362625792d5d09ab;03/05/2024;2024;;;1.0;0.0;10.0;1.0;https://www.agoda.com/api/cronos/property/review/HotelReviews?hotelId=2937&pageSize=50&referer=https%3A%2F%2Fwww.agoda.com%2Fvenetian-resort-hotel-casino%2Fhotel%2Flas-vegas-nv-us.html&providerMode=separate;25;2026-06-07T16:23:33.156739+00:00;ok;
HVEGAS001;The Venetian Resort Las Vegas;Las Vegas;United States;booking_via_agoda;agoda;3038.0;Booking.com;a862f8ace7c8d4be;03/05/2024;2024;;;10.0;0.0;10.0;10.0;https://www.agoda.com/api/cronos/property/review/HotelReviews?hotelId=2937&pageSize=50&referer=https%3A%2F%2Fwww.agoda.com%2Fvenetian-resort-hotel-casino%2Fhotel%2Flas-vegas-nv-us.html&providerMode=separate;25;2026-06-07T16:23:33.156739+00:00;ok;
HVEGAS001;The Venetian Resort Las Vegas;Las Vegas;United States;booking_via_agoda;agoda;3038.0;Booking.com;aa946f9bb00bffcb;07/05/2024;2024;;;10.0;0.0;10.0;10.0;https://www.agoda.com/api/cronos/property/review/HotelReviews?hotelId=2937&pageSize=50&referer=https%3A%2F%2Fwww.agoda.com%2Fvenetian-resort-hotel-casino%2Fhotel%2Flas-vegas-nv-us.html&providerMode=separate;25;2026-06-07T16:23:33.156739+00:00;ok;
HVEGAS001;The Venetian Resort Las Vegas;Las Vegas;United States;booking_via_agoda;agoda;3038.0;Booking.com;c425703b0d1e5275;09/05/2024;2024;;;8.0;0.0;10.0;8.0;https://www.agoda.com/api/cronos/property/review/HotelReviews?hotelId=2937&pageSize=50&referer=https%3A%2F%2Fwww.agoda.com%2Fvenetian-resort-hotel-casino%2Fhotel%2Flas-vegas-nv-us.html&providerMode=separate;25;2026-06-07T16:23:33.156739+00:00;ok;
HVEGAS001;The Venetian Resort Las Vegas;Las Vegas;United States;booking_via_agoda;agoda;3038.0;Booking.com;067df00fcae38cec;09/05/2024;2024;;;9.0;0.0;10.0;9.0;https://www.agoda.com/api/cronos/property/review/HotelReviews?hotelId=2937&pageSize=50&referer=https%3A%2F%2Fwww.agoda.com%2Fvenetian-resort-hotel-casino%2Fhotel%2Flas-vegas-nv-us.html&providerMode=separate;25;2026-06-07T16:23:33.156739+00:00;ok;
HVEGAS001;The Venetian Resort Las Vegas;Las Vegas;United States;booking_via_agoda;agoda;3038.0;Booking.com;b1273791cda9b48a;10/05/2024;2024;;;10.0;0.0;10.0;10.0;https://www.agoda.com/api/cronos/property/review/HotelReviews?hotelId=2937&pageSize=50&referer=https%3A%2F%2Fwww.agoda.com%2Fvenetian-resort-hotel-casino%2Fhotel%2Flas-vegas-nv-us.html&providerMode=separate;25;2026-06-07T16:23:33.156739+00:00;ok;
HVEGAS001;The Venetian Resort Las Vegas;Las Vegas;United States;booking_via_agoda;agoda;3038.0;Booking.com;2c455eaff0b126e3;10/05/2024;2024;;;10.0;0.0;10.0;10.0;https://www.agoda.com/api/cronos/property/review/HotelReviews?hotelId=2937&pageSize=50&referer=https%3A%2F%2Fwww.agoda.com%2Fvenetian-resort-hotel-casino%2Fhotel%2Flas-vegas-nv-us.html&providerMode=separate;25;2026-06-07T16:23:33.156739+00:00;ok;
HVEGAS001;The Venetian Resort Las Vegas;Las Vegas;United States;booking_via_agoda;agoda;3038.0;Booking.com;c09a8b4476a5c028;10/05/2024;2024;;;10.0;0.0;10.0;10.0;https://www.agoda.com/api/cronos/property/review/HotelReviews?hotelId=2937&pageSize=50&referer=https%3A%2F%2Fwww.agoda.com%2Fvenetian-resort-hotel-casino%2Fhotel%2Flas-vegas-nv-us.html&providerMode=separate;25;2026-06-07T16:23:33.156739+00:00;ok;
HVEGAS001;The Venetian Resort Las Vegas;Las Vegas;United States;booking_via_agoda;agoda;3038.0;Booking.com;d49f877df1bab80d;13/05/2024;2024;;;1.0;0.0;10.0;1.0;https://www.agoda.com/api/cronos/property/review/HotelReviews?hotelId=2937&pageSize=50&referer=https%3A%2F%2Fwww.agoda.com%2Fvenetian-resort-hotel-casino%2Fhotel%2Flas-vegas-nv-us.html&providerMode=separate;25;2026-06-07T16:23:33.156739+00:00;ok;
HVEGAS001;The Venetian Resort Las Vegas;Las Vegas;United States;booking_via_agoda;agoda;3038.0;Booking.com;049de8582a083f50;13/05/2024;2024;;;10.0;0.0;10.0;10.0;https://www.agoda.com/api/cronos/property/review/HotelReviews?hotelId=2937&pageSize=50&referer=https%3A%2F%2Fwww.agoda.com%2Fvenetian-resort-hotel-casino%2Fhotel%2Flas-vegas-nv-us.html&providerMode=separate;25;2026-06-07T16:23:33.156739+00:00;ok;
HVEGAS001;The Venetian Resort Las Vegas;Las Vegas;United States;booking_via_agoda;agoda;3038.0;Booking.com;1ae2932db81393dd;13/05/2024;2024;;;10.0;0.0;10.0;10.0;https://www.agoda.com/api/cronos/property/review/HotelReviews?hotelId=2937&pageSize=50&referer=https%3A%2F%2Fwww.agoda.com%2Fvenetian-resort-hotel-casino%2Fhotel%2Flas-vegas-nv-us.html&providerMode=separate;25;2026-06-07T16:23:33.156739+00:00;ok;
HVEGAS001;The Venetian Resort Las Vegas;Las Vegas;United States;booking_via_agoda;agoda;3038.0;Booking.com;6c9c0dc0952710fb;14/05/2024;2024;;;10.0;0.0;10.0;10.0;https://www.agoda.com/api/cronos/property/review/HotelReviews?hotelId=2937&pageSize=50&referer=https%3A%2F%2Fwww.agoda.com%2Fvenetian-resort-hotel-casino%2Fhotel%2Flas-vegas-nv-us.html&providerMode=separate;25;2026-06-07T16:23:33.156739+00:00;ok;
HVEGAS001;The Venetian Resort Las Vegas;Las Vegas;United States;booking_via_agoda;agoda;3038.0;Booking.com;61be4e67792e832a;14/05/2024;2024;;;10.0;0.0;10.0;10.0;https://www.agoda.com/api/cronos/property/review/HotelReviews?hotelId=2937&pageSize=50&referer=https%3A%2F%2Fwww.agoda.com%2Fvenetian-resort-hotel-casino%2Fhotel%2Flas-vegas-nv-us.html&providerMode=separate;25;2026-06-07T16:23:33.156739+00:00;ok;
HVEGAS001;The Venetian Resort Las Vegas;Las Vegas;United States;booking_via_agoda;agoda;3038.0;Booking.com;e43cabc4fdd93d8a;14/05/2024;2024;;;10.0;0.0;10.0;10.0;https://www.agoda.com/api/cronos/property/review/HotelReviews?hotelId=2937&pageSize=50&referer=https%3A%2F%2Fwww.agoda.com%2Fvenetian-resort-hotel-casino%2Fhotel%2Flas-vegas-nv-us.html&providerMode=separate;25;2026-06-07T16:23:33.156739+00:00;ok;
HVEGAS001;The Venetian Resort Las Vegas;Las Vegas;United States;booking_via_agoda;agoda;3038.0;Booking.com;9f6dd05381936a62;16/05/2024;2024;;;8.0;0.0;10.0;8.0;https://www.agoda.com/api/cronos/property/review/HotelReviews?hotelId=2937&pageSize=50&referer=https%3A%2F%2Fwww.agoda.com%2Fvenetian-resort-hotel-casino%2Fhotel%2Flas-vegas-nv-us.html&providerMode=separate;25;2026-06-07T16:23:33.156739+00:00;ok;
HVEGAS001;The Venetian Resort Las Vegas;Las Vegas;United States;booking_via_agoda;agoda;3038.0;Booking.com;9e5ff73a49c671a3;17/05/2024;2024;;;10.0;0.0;10.0;10.0;https://www.agoda.com/api/cronos/property/review/HotelReviews?hotelId=2937&pageSize=50&referer=https%3A%2F%2Fwww.agoda.com%2Fvenetian-resort-hotel-casino%2Fhotel%2Flas-vegas-nv-us.html&providerMode=separate;25;2026-06-07T16:23:33.156739+00:00;ok;
HVEGAS001;The Venetian Resort Las Vegas;Las Vegas;United States;booking_via_agoda;agoda;3038.0;Booking.com;84133b8f95c5b7df;17/05/2024;2024;;;7.0;0.0;10.0;7.0;https://www.agoda.com/api/cronos/property/review/HotelReviews?hotelId=2937&pageSize=50&referer=https%3A%2F%2Fwww.agoda.com%2Fvenetian-resort-hotel-casino%2Fhotel%2Flas-vegas-nv-us.html&providerMode=separate;25;2026-06-07T16:23:33.156739+00:00;ok;
HVEGAS001;The Venetian Resort Las Vegas;Las Vegas;United States;booking_via_agoda;agoda;3038.0;Booking.com;d8752ce016e5d70a;20/05/2024;2024;;;10.0;0.0;10.0;10.0;https://www.agoda.com/api/cronos/property/review/HotelReviews?hotelId=2937&pageSize=50&referer=https%3A%2F%2Fwww.agoda.com%2Fvenetian-resort-hotel-casino%2Fhotel%2Flas-vegas-nv-us.html&providerMode=separate;25;2026-06-07T16:23:33.156739+00:00;ok;
HVEGAS001;The Venetian Resort Las Vegas;Las Vegas;United States;booking_via_agoda;agoda;3038.0;Booking.com;871a8412fabe01c7;21/05/2024;2024;;;1.0;0.0;10.0;1.0;https://www.agoda.com/api/cronos/property/review/HotelReviews?hotelId=2937&pageSize=50&referer=https%3A%2F%2Fwww.agoda.com%2Fvenetian-resort-hotel-casino%2Fhotel%2Flas-vegas-nv-us.html&providerMode=separate;25;2026-06-07T16:23:33.156739+00:00;ok;
HVEGAS001;The Venetian Resort Las Vegas;Las Vegas;United States;booking_via_agoda;agoda;3038.0;Booking.com;a5f3a12ba45159dc;22/05/2024;2024;;;9.0;0.0;10.0;9.0;https://www.agoda.com/api/cronos/property/review/HotelReviews?hotelId=2937&pageSize=50&referer=https%3A%2F%2Fwww.agoda.com%2Fvenetian-resort-hotel-casino%2Fhotel%2Flas-vegas-nv-us.html&providerMode=separate;25;2026-06-07T16:23:33.156739+00:00;ok;
HVEGAS001;The Venetian Resort Las Vegas;Las Vegas;United States;booking_via_agoda;agoda;3038.0;Booking.com;ca2f6ba650e7c29c;22/05/2024;2024;;;10.0;0.0;10.0;10.0;https://www.agoda.com/api/cronos/property/review/HotelReviews?hotelId=2937&pageSize=50&referer=https%3A%2F%2Fwww.agoda.com%2Fvenetian-resort-hotel-casino%2Fhotel%2Flas-vegas-nv-us.html&providerMode=separate;25;2026-06-07T16:23:33.156739+00:00;ok;
HVEGAS001;The Venetian Resort Las Vegas;Las Vegas;United States;booking_via_agoda;agoda;3038.0;Booking.com;8abc21334f25001b;23/05/2024;2024;;;10.0;0.0;10.0;10.0;https://www.agoda.com/api/cronos/property/review/HotelReviews?hotelId=2937&pageSize=50&referer=https%3A%2F%2Fwww.agoda.com%2Fvenetian-resort-hotel-casino%2Fhotel%2Flas-vegas-nv-us.html&providerMode=separate;25;2026-06-07T16:23:33.156739+00:00;ok;
HVEGAS001;The Venetian Resort Las Vegas;Las Vegas;United States;booking_via_agoda;agoda;3038.0;Booking.com;4a8fed8662809880;27/05/2024;2024;;;8.0;0.0;10.0;8.0;https://www.agoda.com/api/cronos/property/review/HotelReviews?hotelId=2937&pageSize=50&referer=https%3A%2F%2Fwww.agoda.com%2Fvenetian-resort-hotel-casino%2Fhotel%2Flas-vegas-nv-us.html&providerMode=separate;24;2026-06-07T16:23:33.156739+00:00;ok;
HVEGAS001;The Venetian Resort Las Vegas;Las Vegas;United States;booking_via_agoda;agoda;3038.0;Booking.com;2dcf5ca237d776a5;27/05/2024;2024;;;10.0;0.0;10.0;10.0;https://www.agoda.com/api/cronos/property/review/HotelReviews?hotelId=2937&pageSize=50&referer=https%3A%2F%2Fwww.agoda.com%2Fvenetian-resort-hotel-casino%2Fhotel%2Flas-vegas-nv-us.html&providerMode=separate;24;2026-06-07T16:23:33.156739+00:00;ok;
HVEGAS001;The Venetian Resort Las Vegas;Las Vegas;United States;booking_via_agoda;agoda;3038.0;Booking.com;9e85f4efb54a5747;27/05/2024;2024;;;8.0;0.0;10.0;8.0;https://www.agoda.com/api/cronos/property/review/HotelReviews?hotelId=2937&pageSize=50&referer=https%3A%2F%2Fwww.agoda.com%2Fvenetian-resort-hotel-casino%2Fhotel%2Flas-vegas-nv-us.html&providerMode=separate;24;2026-06-07T16:23:33.156739+00:00;ok;
HVEGAS001;The Venetian Resort Las Vegas;Las Vegas;United States;booking_via_agoda;agoda;3038.0;Booking.com;fb748fa3c2e460af;28/05/2024;2024;;;10.0;0.0;10.0;10.0;https://www.agoda.com/api/cronos/property/review/HotelReviews?hotelId=2937&pageSize=50&referer=https%3A%2F%2Fwww.agoda.com%2Fvenetian-resort-hotel-casino%2Fhotel%2Flas-vegas-nv-us.html&providerMode=separate;24;2026-06-07T16:23:33.156739+00:00;ok;
HVEGAS001;The Venetian Resort Las Vegas;Las Vegas;United States;booking_via_agoda;agoda;3038.0;Booking.com;e3e5b880844f5f02;28/05/2024;2024;;;10.0;0.0;10.0;10.0;https://www.agoda.com/api/cronos/property/review/HotelReviews?hotelId=2937&pageSize=50&referer=https%3A%2F%2Fwww.agoda.com%2Fvenetian-resort-hotel-casino%2Fhotel%2Flas-vegas-nv-us.html&providerMode=separate;24;2026-06-07T16:23:33.156739+00:00;ok;
HVEGAS001;The Venetian Resort Las Vegas;Las Vegas;United States;booking_via_agoda;agoda;3038.0;Booking.com;fd58e0b9eeb2232c;29/05/2024;2024;;;10.0;0.0;10.0;10.0;https://www.agoda.com/api/cronos/property/review/HotelReviews?hotelId=2937&pageSize=50&referer=https%3A%2F%2Fwww.agoda.com%2Fvenetian-resort-hotel-casino%2Fhotel%2Flas-vegas-nv-us.html&providerMode=separate;24;2026-06-07T16:23:33.156739+00:00;ok;
HVEGAS001;The Venetian Resort Las Vegas;Las Vegas;United States;booking_via_agoda;agoda;3038.0;Booking.com;d7511fd3d190ff96;31/05/2024;2024;;;10.0;0.0;10.0;10.0;https://www.agoda.com/api/cronos/property/review/HotelReviews?hotelId=2937&pageSize=50&referer=https%3A%2F%2Fwww.agoda.com%2Fvenetian-resort-hotel-casino%2Fhotel%2Flas-vegas-nv-us.html&providerMode=separate;24;2026-06-07T16:23:33.156739+00:00;ok;
HVEGAS001;The Venetian Resort Las Vegas;Las Vegas;United States;booking_via_agoda;agoda;3038.0;Booking.com;5c92791cc9e9f97e;31/05/2024;2024;;;5.0;0.0;10.0;5.0;https://www.agoda.com/api/cronos/property/review/HotelReviews?hotelId=2937&pageSize=50&referer=https%3A%2F%2Fwww.agoda.com%2Fvenetian-resort-hotel-casino%2Fhotel%2Flas-vegas-nv-us.html&providerMode=separate;24;2026-06-07T16:23:33.156739+00:00;ok;
HVEGAS001;The Venetian Resort Las Vegas;Las Vegas;United States;booking_via_agoda;agoda;3038.0;Booking.com;501df353fd432f08;31/05/2024;2024;;;8.0;0.0;10.0;8.0;https://www.agoda.com/api/cronos/property/review/HotelReviews?hotelId=2937&pageSize=50&referer=https%3A%2F%2Fwww.agoda.com%2Fvenetian-resort-hotel-casino%2Fhotel%2Flas-vegas-nv-us.html&providerMode=separate;24;2026-06-07T16:23:33.156739+00:00;ok;
HVEGAS001;The Venetian Resort Las Vegas;Las Vegas;United States;booking_via_agoda;agoda;3038.0;Booking.com;861fc13b6f826054;31/05/2024;2024;;;10.0;0.0;10.0;10.0;https://www.agoda.com/api/cronos/property/review/HotelReviews?hotelId=2937&pageSize=50&referer=https%3A%2F%2Fwww.agoda.com%2Fvenetian-resort-hotel-casino%2Fhotel%2Flas-vegas-nv-us.html&providerMode=separate;24;2026-06-07T16:23:33.156739+00:00;ok;
HVEGAS001;The Venetian Resort Las Vegas;Las Vegas;United States;booking_via_agoda;agoda;3038.0;Booking.com;d0f33ffabead8d7c;31/05/2024;2024;;;8.0;0.0;10.0;8.0;https://www.agoda.com/api/cronos/property/review/HotelReviews?hotelId=2937&pageSize=50&referer=https%3A%2F%2Fwww.agoda.com%2Fvenetian-resort-hotel-casino%2Fhotel%2Flas-vegas-nv-us.html&providerMode=separate;24;2026-06-07T16:23:33.156739+00:00;ok;
HVEGAS001;The Venetian Resort Las Vegas;Las Vegas;United States;booking_via_agoda;agoda;3038.0;Booking.com;0d92ff3f6302f1b8;01/06/2024;2024;;;7.0;0.0;10.0;7.0;https://www.agoda.com/api/cronos/property/review/HotelReviews?hotelId=2937&pageSize=50&referer=https%3A%2F%2Fwww.agoda.com%2Fvenetian-resort-hotel-casino%2Fhotel%2Flas-vegas-nv-us.html&providerMode=separate;24;2026-06-07T16:23:33.156739+00:00;ok;
HVEGAS001;The Venetian Resort Las Vegas;Las Vegas;United States;booking_via_agoda;agoda;3038.0;Booking.com;ac724d5ea4b1b94f;02/06/2024;2024;;;10.0;0.0;10.0;10.0;https://www.agoda.com/api/cronos/property/review/HotelReviews?hotelId=2937&pageSize=50&referer=https%3A%2F%2Fwww.agoda.com%2Fvenetian-resort-hotel-casino%2Fhotel%2Flas-vegas-nv-us.html&providerMode=separate;24;2026-06-07T16:23:33.156739+00:00;ok;
HVEGAS001;The Venetian Resort Las Vegas;Las Vegas;United States;booking_via_agoda;agoda;3038.0;Booking.com;e23c28584ca56528;02/06/2024;2024;;;9.0;0.0;10.0;9.0;https://www.agoda.com/api/cronos/property/review/HotelReviews?hotelId=2937&pageSize=50&referer=https%3A%2F%2Fwww.agoda.com%2Fvenetian-resort-hotel-casino%2Fhotel%2Flas-vegas-nv-us.html&providerMode=separate;24;2026-06-07T16:23:33.156739+00:00;ok;
HVEGAS001;The Venetian Resort Las Vegas;Las Vegas;United States;booking_via_agoda;agoda;3038.0;Booking.com;fe4e30cc22203172;02/06/2024;2024;;;4.0;0.0;10.0;4.0;https://www.agoda.com/api/cronos/property/review/HotelReviews?hotelId=2937&pageSize=50&referer=https%3A%2F%2Fwww.agoda.com%2Fvenetian-resort-hotel-casino%2Fhotel%2Flas-vegas-nv-us.html&providerMode=separate;24;2026-06-07T16:23:33.156739+00:00;ok;
HVEGAS001;The Venetian Resort Las Vegas;Las Vegas;United States;booking_via_agoda;agoda;3038.0;Booking.com;77d000fc0a9bd555;04/06/2024;2024;;;10.0;0.0;10.0;10.0;https://www.agoda.com/api/cronos/property/review/HotelReviews?hotelId=2937&pageSize=50&referer=https%3A%2F%2Fwww.agoda.com%2Fvenetian-resort-hotel-casino%2Fhotel%2Flas-vegas-nv-us.html&providerMode=separate;24;2026-06-07T16:23:33.156739+00:00;ok;
HVEGAS001;The Venetian Resort Las Vegas;Las Vegas;United States;booking_via_agoda;agoda;3038.0;Booking.com;a76f8ea6f35c18d9;06/06/2024;2024;;;10.0;0.0;10.0;10.0;https://www.agoda.com/api/cronos/property/review/HotelReviews?hotelId=2937&pageSize=50&referer=https%3A%2F%2Fwww.agoda.com%2Fvenetian-resort-hotel-casino%2Fhotel%2Flas-vegas-nv-us.html&providerMode=separate;24;2026-06-07T16:23:33.156739+00:00;ok;
HVEGAS001;The Venetian Resort Las Vegas;Las Vegas;United States;booking_via_agoda;agoda;3038.0;Booking.com;074392c5559a3a68;08/06/2024;2024;;;10.0;0.0;10.0;10.0;https://www.agoda.com/api/cronos/property/review/HotelReviews?hotelId=2937&pageSize=50&referer=https%3A%2F%2Fwww.agoda.com%2Fvenetian-resort-hotel-casino%2Fhotel%2Flas-vegas-nv-us.html&providerMode=separate;24;2026-06-07T16:23:33.156739+00:00;ok;
HVEGAS001;The Venetian Resort Las Vegas;Las Vegas;United States;booking_via_agoda;agoda;3038.0;Booking.com;bbfa8c908f6a2235;08/06/2024;2024;;;10.0;0.0;10.0;10.0;https://www.agoda.com/api/cronos/property/review/HotelReviews?hotelId=2937&pageSize=50&referer=https%3A%2F%2Fwww.agoda.com%2Fvenetian-resort-hotel-casino%2Fhotel%2Flas-vegas-nv-us.html&providerMode=separate;24;2026-06-07T16:23:33.156739+00:00;ok;
HVEGAS001;The Venetian Resort Las Vegas;Las Vegas;United States;booking_via_agoda;agoda;3038.0;Booking.com;6806f8ea57185e8b;09/06/2024;2024;;;10.0;0.0;10.0;10.0;https://www.agoda.com/api/cronos/property/review/HotelReviews?hotelId=2937&pageSize=50&referer=https%3A%2F%2Fwww.agoda.com%2Fvenetian-resort-hotel-casino%2Fhotel%2Flas-vegas-nv-us.html&providerMode=separate;24;2026-06-07T16:23:33.156739+00:00;ok;
HVEGAS001;The Venetian Resort Las Vegas;Las Vegas;United States;booking_via_agoda;agoda;3038.0;Booking.com;ff4f23e1703ed948;09/06/2024;2024;;;10.0;0.0;10.0;10.0;https://www.agoda.com/api/cronos/property/review/HotelReviews?hotelId=2937&pageSize=50&referer=https%3A%2F%2Fwww.agoda.com%2Fvenetian-resort-hotel-casino%2Fhotel%2Flas-vegas-nv-us.html&providerMode=separate;24;2026-06-07T16:23:33.156739+00:00;ok;
HVEGAS001;The Venetian Resort Las Vegas;Las Vegas;United States;booking_via_agoda;agoda;3038.0;Booking.com;f522ed2a28121751;09/06/2024;2024;;;10.0;0.0;10.0;10.0;https://www.agoda.com/api/cronos/property/review/HotelReviews?hotelId=2937&pageSize=50&referer=https%3A%2F%2Fwww.agoda.com%2Fvenetian-resort-hotel-casino%2Fhotel%2Flas-vegas-nv-us.html&providerMode=separate;24;2026-06-07T16:23:33.156739+00:00;ok;
HVEGAS001;The Venetian Resort Las Vegas;Las Vegas;United States;booking_via_agoda;agoda;3038.0;Booking.com;acc6c4df84532c8d;10/06/2024;2024;;;10.0;0.0;10.0;10.0;https://www.agoda.com/api/cronos/property/review/HotelReviews?hotelId=2937&pageSize=50&referer=https%3A%2F%2Fwww.agoda.com%2Fvenetian-resort-hotel-casino%2Fhotel%2Flas-vegas-nv-us.html&providerMode=separate;24;2026-06-07T16:23:33.156739+00:00;ok;
HVEGAS001;The Venetian Resort Las Vegas;Las Vegas;United States;booking_via_agoda;agoda;3038.0;Booking.com;6995472fb658b5c9;10/06/2024;2024;;;9.0;0.0;10.0;9.0;https://www.agoda.com/api/cronos/property/review/HotelReviews?hotelId=2937&pageSize=50&referer=https%3A%2F%2Fwww.agoda.com%2Fvenetian-resort-hotel-casino%2Fhotel%2Flas-vegas-nv-us.html&providerMode=separate;24;2026-06-07T16:23:33.156739+00:00;ok;
HVEGAS001;The Venetian Resort Las Vegas;Las Vegas;United States;booking_via_agoda;agoda;3038.0;Booking.com;63094d327b3511c8;10/06/2024;2024;;;8.0;0.0;10.0;8.0;https://www.agoda.com/api/cronos/property/review/HotelReviews?hotelId=2937&pageSize=50&referer=https%3A%2F%2Fwww.agoda.com%2Fvenetian-resort-hotel-casino%2Fhotel%2Flas-vegas-nv-us.html&providerMode=separate;24;2026-06-07T16:23:33.156739+00:00;ok;
HVEGAS001;The Venetian Resort Las Vegas;Las Vegas;United States;booking_via_agoda;agoda;3038.0;Booking.com;152ba67dbd4b7fc8;12/06/2024;2024;;;10.0;0.0;10.0;10.0;https://www.agoda.com/api/cronos/property/review/HotelReviews?hotelId=2937&pageSize=50&referer=https%3A%2F%2Fwww.agoda.com%2Fvenetian-resort-hotel-casino%2Fhotel%2Flas-vegas-nv-us.html&providerMode=separate;24;2026-06-07T16:23:33.156739+00:00;ok;
HVEGAS001;The Venetian Resort Las Vegas;Las Vegas;United States;booking_via_agoda;agoda;3038.0;Booking.com;f861b35f793c158d;12/06/2024;2024;;;10.0;0.0;10.0;10.0;https://www.agoda.com/api/cronos/property/review/HotelReviews?hotelId=2937&pageSize=50&referer=https%3A%2F%2Fwww.agoda.com%2Fvenetian-resort-hotel-casino%2Fhotel%2Flas-vegas-nv-us.html&providerMode=separate;24;2026-06-07T16:23:33.156739+00:00;ok;
HVEGAS001;The Venetian Resort Las Vegas;Las Vegas;United States;booking_via_agoda;agoda;3038.0;Booking.com;ea2487cd5f17f82d;13/06/2024;2024;;;10.0;0.0;10.0;10.0;https://www.agoda.com/api/cronos/property/review/HotelReviews?hotelId=2937&pageSize=50&referer=https%3A%2F%2Fwww.agoda.com%2Fvenetian-resort-hotel-casino%2Fhotel%2Flas-vegas-nv-us.html&providerMode=separate;24;2026-06-07T16:23:33.156739+00:00;ok;
HVEGAS001;The Venetian Resort Las Vegas;Las Vegas;United States;booking_via_agoda;agoda;3038.0;Booking.com;bd3cb0047e8b578b;13/06/2024;2024;;;3.0;0.0;10.0;3.0;https://www.agoda.com/api/cronos/property/review/HotelReviews?hotelId=2937&pageSize=50&referer=https%3A%2F%2Fwww.agoda.com%2Fvenetian-resort-hotel-casino%2Fhotel%2Flas-vegas-nv-us.html&providerMode=separate;24;2026-06-07T16:23:33.156739+00:00;ok;
HVEGAS001;The Venetian Resort Las Vegas;Las Vegas;United States;booking_via_agoda;agoda;3038.0;Booking.com;19a653d3a329f565;14/06/2024;2024;;;8.0;0.0;10.0;8.0;https://www.agoda.com/api/cronos/property/review/HotelReviews?hotelId=2937&pageSize=50&referer=https%3A%2F%2Fwww.agoda.com%2Fvenetian-resort-hotel-casino%2Fhotel%2Flas-vegas-nv-us.html&providerMode=separate;24;2026-06-07T16:23:33.156739+00:00;ok;
HVEGAS001;The Venetian Resort Las Vegas;Las Vegas;United States;booking_via_agoda;agoda;3038.0;Booking.com;d18c17604222e89f;14/06/2024;2024;;;10.0;0.0;10.0;10.0;https://www.agoda.com/api/cronos/property/review/HotelReviews?hotelId=2937&pageSize=50&referer=https%3A%2F%2Fwww.agoda.com%2Fvenetian-resort-hotel-casino%2Fhotel%2Flas-vegas-nv-us.html&providerMode=separate;24;2026-06-07T16:23:33.156739+00:00;ok;
HVEGAS001;The Venetian Resort Las Vegas;Las Vegas;United States;booking_via_agoda;agoda;3038.0;Booking.com;0907db377930b8ec;14/06/2024;2024;;;7.0;0.0;10.0;7.0;https://www.agoda.com/api/cronos/property/review/HotelReviews?hotelId=2937&pageSize=50&referer=https%3A%2F%2Fwww.agoda.com%2Fvenetian-resort-hotel-casino%2Fhotel%2Flas-vegas-nv-us.html&providerMode=separate;24;2026-06-07T16:23:33.156739+00:00;ok;
HVEGAS001;The Venetian Resort Las Vegas;Las Vegas;United States;booking_via_agoda;agoda;3038.0;Booking.com;5689192174eef12d;14/06/2024;2024;;;8.0;0.0;10.0;8.0;https://www.agoda.com/api/cronos/property/review/HotelReviews?hotelId=2937&pageSize=50&referer=https%3A%2F%2Fwww.agoda.com%2Fvenetian-resort-hotel-casino%2Fhotel%2Flas-vegas-nv-us.html&providerMode=separate;24;2026-06-07T16:23:33.156739+00:00;ok;
HVEGAS001;The Venetian Resort Las Vegas;Las Vegas;United States;booking_via_agoda;agoda;3038.0;Booking.com;474a5d657823816c;14/06/2024;2024;;;8.0;0.0;10.0;8.0;https://www.agoda.com/api/cronos/property/review/HotelReviews?hotelId=2937&pageSize=50&referer=https%3A%2F%2Fwww.agoda.com%2Fvenetian-resort-hotel-casino%2Fhotel%2Flas-vegas-nv-us.html&providerMode=separate;24;2026-06-07T16:23:33.156739+00:00;ok;
HVEGAS001;The Venetian Resort Las Vegas;Las Vegas;United States;booking_via_agoda;agoda;3038.0;Booking.com;76f485c590f64bc9;18/06/2024;2024;;;6.0;0.0;10.0;6.0;https://www.agoda.com/api/cronos/property/review/HotelReviews?hotelId=2937&pageSize=50&referer=https%3A%2F%2Fwww.agoda.com%2Fvenetian-resort-hotel-casino%2Fhotel%2Flas-vegas-nv-us.html&providerMode=separate;24;2026-06-07T16:23:33.156739+00:00;ok;
HVEGAS001;The Venetian Resort Las Vegas;Las Vegas;United States;booking_via_agoda;agoda;3038.0;Booking.com;1f2143de50ecc616;18/06/2024;2024;;;2.0;0.0;10.0;2.0;https://www.agoda.com/api/cronos/property/review/HotelReviews?hotelId=2937&pageSize=50&referer=https%3A%2F%2Fwww.agoda.com%2Fvenetian-resort-hotel-casino%2Fhotel%2Flas-vegas-nv-us.html&providerMode=separate;24;2026-06-07T16:23:33.156739+00:00;ok;
HVEGAS001;The Venetian Resort Las Vegas;Las Vegas;United States;booking_via_agoda;agoda;3038.0;Booking.com;51f74e721fe7e12b;19/06/2024;2024;;;8.0;0.0;10.0;8.0;https://www.agoda.com/api/cronos/property/review/HotelReviews?hotelId=2937&pageSize=50&referer=https%3A%2F%2Fwww.agoda.com%2Fvenetian-resort-hotel-casino%2Fhotel%2Flas-vegas-nv-us.html&providerMode=separate;24;2026-06-07T16:23:33.156739+00:00;ok;
HVEGAS001;The Venetian Resort Las Vegas;Las Vegas;United States;booking_via_agoda;agoda;3038.0;Booking.com;2aa53eb00c331e16;21/06/2024;2024;;;10.0;0.0;10.0;10.0;https://www.agoda.com/api/cronos/property/review/HotelReviews?hotelId=2937&pageSize=50&referer=https%3A%2F%2Fwww.agoda.com%2Fvenetian-resort-hotel-casino%2Fhotel%2Flas-vegas-nv-us.html&providerMode=separate;24;2026-06-07T16:23:33.156739+00:00;ok;
HVEGAS001;The Venetian Resort Las Vegas;Las Vegas;United States;booking_via_agoda;agoda;3038.0;Booking.com;bdb68e2a9d32042d;22/06/2024;2024;;;9.0;0.0;10.0;9.0;https://www.agoda.com/api/cronos/property/review/HotelReviews?hotelId=2937&pageSize=50&referer=https%3A%2F%2Fwww.agoda.com%2Fvenetian-resort-hotel-casino%2Fhotel%2Flas-vegas-nv-us.html&providerMode=separate;24;2026-06-07T16:23:33.156739+00:00;ok;
HVEGAS001;The Venetian Resort Las Vegas;Las Vegas;United States;booking_via_agoda;agoda;3038.0;Booking.com;52c71decd6f35aa4;22/06/2024;2024;;;6.0;0.0;10.0;6.0;https://www.agoda.com/api/cronos/property/review/HotelReviews?hotelId=2937&pageSize=50&referer=https%3A%2F%2Fwww.agoda.com%2Fvenetian-resort-hotel-casino%2Fhotel%2Flas-vegas-nv-us.html&providerMode=separate;24;2026-06-07T16:23:33.156739+00:00;ok;
HVEGAS001;The Venetian Resort Las Vegas;Las Vegas;United States;booking_via_agoda;agoda;3038.0;Booking.com;79b7257914371f9b;23/06/2024;2024;;;7.0;0.0;10.0;7.0;https://www.agoda.com/api/cronos/property/review/HotelReviews?hotelId=2937&pageSize=50&referer=https%3A%2F%2Fwww.agoda.com%2Fvenetian-resort-hotel-casino%2Fhotel%2Flas-vegas-nv-us.html&providerMode=separate;24;2026-06-07T16:23:33.156739+00:00;ok;
HVEGAS001;The Venetian Resort Las Vegas;Las Vegas;United States;booking_via_agoda;agoda;3038.0;Booking.com;e30c08e98e18696e;25/06/2024;2024;;;9.0;0.0;10.0;9.0;https://www.agoda.com/api/cronos/property/review/HotelReviews?hotelId=2937&pageSize=50&referer=https%3A%2F%2Fwww.agoda.com%2Fvenetian-resort-hotel-casino%2Fhotel%2Flas-vegas-nv-us.html&providerMode=separate;24;2026-06-07T16:23:33.156739+00:00;ok;
HVEGAS001;The Venetian Resort Las Vegas;Las Vegas;United States;booking_via_agoda;agoda;3038.0;Booking.com;b9853faf107f4b8a;25/06/2024;2024;;;10.0;0.0;10.0;10.0;https://www.agoda.com/api/cronos/property/review/HotelReviews?hotelId=2937&pageSize=50&referer=https%3A%2F%2Fwww.agoda.com%2Fvenetian-resort-hotel-casino%2Fhotel%2Flas-vegas-nv-us.html&providerMode=separate;24;2026-06-07T16:23:33.156739+00:00;ok;
HVEGAS001;The Venetian Resort Las Vegas;Las Vegas;United States;booking_via_agoda;agoda;3038.0;Booking.com;ab23238bfd4a9f7e;25/06/2024;2024;;;10.0;0.0;10.0;10.0;https://www.agoda.com/api/cronos/property/review/HotelReviews?hotelId=2937&pageSize=50&referer=https%3A%2F%2Fwww.agoda.com%2Fvenetian-resort-hotel-casino%2Fhotel%2Flas-vegas-nv-us.html&providerMode=separate;24;2026-06-07T16:23:33.156739+00:00;ok;
HVEGAS001;The Venetian Resort Las Vegas;Las Vegas;United States;booking_via_agoda;agoda;3038.0;Booking.com;6bdc79067be0cf1f;26/06/2024;2024;;;10.0;0.0;10.0;10.0;https://www.agoda.com/api/cronos/property/review/HotelReviews?hotelId=2937&pageSize=50&referer=https%3A%2F%2Fwww.agoda.com%2Fvenetian-resort-hotel-casino%2Fhotel%2Flas-vegas-nv-us.html&providerMode=separate;24;2026-06-07T16:23:33.156739+00:00;ok;
HVEGAS001;The Venetian Resort Las Vegas;Las Vegas;United States;booking_via_agoda;agoda;3038.0;Booking.com;4110a7ea72559f6a;27/06/2024;2024;;;8.0;0.0;10.0;8.0;https://www.agoda.com/api/cronos/property/review/HotelReviews?hotelId=2937&pageSize=50&referer=https%3A%2F%2Fwww.agoda.com%2Fvenetian-resort-hotel-casino%2Fhotel%2Flas-vegas-nv-us.html&providerMode=separate;24;2026-06-07T16:23:33.156739+00:00;ok;
HVEGAS001;The Venetian Resort Las Vegas;Las Vegas;United States;booking_via_agoda;agoda;3038.0;Booking.com;9beac571f3daff9a;28/06/2024;2024;;;10.0;0.0;10.0;10.0;https://www.agoda.com/api/cronos/property/review/HotelReviews?hotelId=2937&pageSize=50&referer=https%3A%2F%2Fwww.agoda.com%2Fvenetian-resort-hotel-casino%2Fhotel%2Flas-vegas-nv-us.html&providerMode=separate;24;2026-06-07T16:23:33.156739+00:00;ok;
HVEGAS001;The Venetian Resort Las Vegas;Las Vegas;United States;booking_via_agoda;agoda;3038.0;Booking.com;67dd1d31cadbe4c4;28/06/2024;2024;;;1.0;0.0;10.0;1.0;https://www.agoda.com/api/cronos/property/review/HotelReviews?hotelId=2937&pageSize=50&referer=https%3A%2F%2Fwww.agoda.com%2Fvenetian-resort-hotel-casino%2Fhotel%2Flas-vegas-nv-us.html&providerMode=separate;24;2026-06-07T16:23:33.156739+00:00;ok;
HVEGAS001;The Venetian Resort Las Vegas;Las Vegas;United States;booking_via_agoda;agoda;3038.0;Booking.com;b59c9cc2f57de63e;29/06/2024;2024;;;10.0;0.0;10.0;10.0;https://www.agoda.com/api/cronos/property/review/HotelReviews?hotelId=2937&pageSize=50&referer=https%3A%2F%2Fwww.agoda.com%2Fvenetian-resort-hotel-casino%2Fhotel%2Flas-vegas-nv-us.html&providerMode=separate;24;2026-06-07T16:23:33.156739+00:00;ok;
HVEGAS001;The Venetian Resort Las Vegas;Las Vegas;United States;booking_via_agoda;agoda;3038.0;Booking.com;5be7453067b9ab8d;30/06/2024;2024;;;10.0;0.0;10.0;10.0;https://www.agoda.com/api/cronos/property/review/HotelReviews?hotelId=2937&pageSize=50&referer=https%3A%2F%2Fwww.agoda.com%2Fvenetian-resort-hotel-casino%2Fhotel%2Flas-vegas-nv-us.html&providerMode=separate;24;2026-06-07T16:23:33.156739+00:00;ok;
HVEGAS001;The Venetian Resort Las Vegas;Las Vegas;United States;booking_via_agoda;agoda;3038.0;Booking.com;3ea471e85bd41665;01/07/2024;2024;;;1.0;0.0;10.0;1.0;https://www.agoda.com/api/cronos/property/review/HotelReviews?hotelId=2937&pageSize=50&referer=https%3A%2F%2Fwww.agoda.com%2Fvenetian-resort-hotel-casino%2Fhotel%2Flas-vegas-nv-us.html&providerMode=separate;23;2026-06-07T16:23:33.156739+00:00;ok;
HVEGAS001;The Venetian Resort Las Vegas;Las Vegas;United States;booking_via_agoda;agoda;3038.0;Booking.com;4fabdde70cb3dc8c;01/07/2024;2024;;;9.0;0.0;10.0;9.0;https://www.agoda.com/api/cronos/property/review/HotelReviews?hotelId=2937&pageSize=50&referer=https%3A%2F%2Fwww.agoda.com%2Fvenetian-resort-hotel-casino%2Fhotel%2Flas-vegas-nv-us.html&providerMode=separate;23;2026-06-07T16:23:33.156739+00:00;ok;
HVEGAS001;The Venetian Resort Las Vegas;Las Vegas;United States;booking_via_agoda;agoda;3038.0;Booking.com;44404f0df5fc905d;02/07/2024;2024;;;6.0;0.0;10.0;6.0;https://www.agoda.com/api/cronos/property/review/HotelReviews?hotelId=2937&pageSize=50&referer=https%3A%2F%2Fwww.agoda.com%2Fvenetian-resort-hotel-casino%2Fhotel%2Flas-vegas-nv-us.html&providerMode=separate;23;2026-06-07T16:23:33.156739+00:00;ok;
HVEGAS001;The Venetian Resort Las Vegas;Las Vegas;United States;booking_via_agoda;agoda;3038.0;Booking.com;500366795c09e230;02/07/2024;2024;;;9.0;0.0;10.0;9.0;https://www.agoda.com/api/cronos/property/review/HotelReviews?hotelId=2937&pageSize=50&referer=https%3A%2F%2Fwww.agoda.com%2Fvenetian-resort-hotel-casino%2Fhotel%2Flas-vegas-nv-us.html&providerMode=separate;23;2026-06-07T16:23:33.156739+00:00;ok;
HVEGAS001;The Venetian Resort Las Vegas;Las Vegas;United States;booking_via_agoda;agoda;3038.0;Booking.com;a6bd31246b988860;03/07/2024;2024;;;9.0;0.0;10.0;9.0;https://www.agoda.com/api/cronos/property/review/HotelReviews?hotelId=2937&pageSize=50&referer=https%3A%2F%2Fwww.agoda.com%2Fvenetian-resort-hotel-casino%2Fhotel%2Flas-vegas-nv-us.html&providerMode=separate;23;2026-06-07T16:23:33.156739+00:00;ok;
HVEGAS001;The Venetian Resort Las Vegas;Las Vegas;United States;booking_via_agoda;agoda;3038.0;Booking.com;d0410be55df6e90d;04/07/2024;2024;;;10.0;0.0;10.0;10.0;https://www.agoda.com/api/cronos/property/review/HotelReviews?hotelId=2937&pageSize=50&referer=https%3A%2F%2Fwww.agoda.com%2Fvenetian-resort-hotel-casino%2Fhotel%2Flas-vegas-nv-us.html&providerMode=separate;23;2026-06-07T16:23:33.156739+00:00;ok;
HVEGAS001;The Venetian Resort Las Vegas;Las Vegas;United States;booking_via_agoda;agoda;3038.0;Booking.com;74e32877575282ec;04/07/2024;2024;;;8.0;0.0;10.0;8.0;https://www.agoda.com/api/cronos/property/review/HotelReviews?hotelId=2937&pageSize=50&referer=https%3A%2F%2Fwww.agoda.com%2Fvenetian-resort-hotel-casino%2Fhotel%2Flas-vegas-nv-us.html&providerMode=separate;23;2026-06-07T16:23:33.156739+00:00;ok;
HVEGAS001;The Venetian Resort Las Vegas;Las Vegas;United States;booking_via_agoda;agoda;3038.0;Booking.com;0f93a04a21c4a1b7;04/07/2024;2024;;;8.0;0.0;10.0;8.0;https://www.agoda.com/api/cronos/property/review/HotelReviews?hotelId=2937&pageSize=50&referer=https%3A%2F%2Fwww.agoda.com%2Fvenetian-resort-hotel-casino%2Fhotel%2Flas-vegas-nv-us.html&providerMode=separate;23;2026-06-07T16:23:33.156739+00:00;ok;
HVEGAS001;The Venetian Resort Las Vegas;Las Vegas;United States;booking_via_agoda;agoda;3038.0;Booking.com;c355d271c435f7f8;04/07/2024;2024;;;9.0;0.0;10.0;9.0;https://www.agoda.com/api/cronos/property/review/HotelReviews?hotelId=2937&pageSize=50&referer=https%3A%2F%2Fwww.agoda.com%2Fvenetian-resort-hotel-casino%2Fhotel%2Flas-vegas-nv-us.html&providerMode=separate;23;2026-06-07T16:23:33.156739+00:00;ok;
HVEGAS001;The Venetian Resort Las Vegas;Las Vegas;United States;booking_via_agoda;agoda;3038.0;Booking.com;6abc8180c36f2cf3;05/07/2024;2024;;;10.0;0.0;10.0;10.0;https://www.agoda.com/api/cronos/property/review/HotelReviews?hotelId=2937&pageSize=50&referer=https%3A%2F%2Fwww.agoda.com%2Fvenetian-resort-hotel-casino%2Fhotel%2Flas-vegas-nv-us.html&providerMode=separate;23;2026-06-07T16:23:33.156739+00:00;ok;
HVEGAS001;The Venetian Resort Las Vegas;Las Vegas;United States;booking_via_agoda;agoda;3038.0;Booking.com;d5463575d1984d30;05/07/2024;2024;;;9.0;0.0;10.0;9.0;https://www.agoda.com/api/cronos/property/review/HotelReviews?hotelId=2937&pageSize=50&referer=https%3A%2F%2Fwww.agoda.com%2Fvenetian-resort-hotel-casino%2Fhotel%2Flas-vegas-nv-us.html&providerMode=separate;23;2026-06-07T16:23:33.156739+00:00;ok;
HVEGAS001;The Venetian Resort Las Vegas;Las Vegas;United States;booking_via_agoda;agoda;3038.0;Booking.com;b66b35bd61b888f2;05/07/2024;2024;;;9.0;0.0;10.0;9.0;https://www.agoda.com/api/cronos/property/review/HotelReviews?hotelId=2937&pageSize=50&referer=https%3A%2F%2Fwww.agoda.com%2Fvenetian-resort-hotel-casino%2Fhotel%2Flas-vegas-nv-us.html&providerMode=separate;23;2026-06-07T16:23:33.156739+00:00;ok;
HVEGAS001;The Venetian Resort Las Vegas;Las Vegas;United States;booking_via_agoda;agoda;3038.0;Booking.com;39ebe9c9c2946973;05/07/2024;2024;;;10.0;0.0;10.0;10.0;https://www.agoda.com/api/cronos/property/review/HotelReviews?hotelId=2937&pageSize=50&referer=https%3A%2F%2Fwww.agoda.com%2Fvenetian-resort-hotel-casino%2Fhotel%2Flas-vegas-nv-us.html&providerMode=separate;23;2026-06-07T16:23:33.156739+00:00;ok;
HVEGAS001;The Venetian Resort Las Vegas;Las Vegas;United States;booking_via_agoda;agoda;3038.0;Booking.com;7df8a3dc70ba21fd;05/07/2024;2024;;;10.0;0.0;10.0;10.0;https://www.agoda.com/api/cronos/property/review/HotelReviews?hotelId=2937&pageSize=50&referer=https%3A%2F%2Fwww.agoda.com%2Fvenetian-resort-hotel-casino%2Fhotel%2Flas-vegas-nv-us.html&providerMode=separate;23;2026-06-07T16:23:33.156739+00:00;ok;
HVEGAS001;The Venetian Resort Las Vegas;Las Vegas;United States;booking_via_agoda;agoda;3038.0;Booking.com;ffc6c63522696ab8;06/07/2024;2024;;;10.0;0.0;10.0;10.0;https://www.agoda.com/api/cronos/property/review/HotelReviews?hotelId=2937&pageSize=50&referer=https%3A%2F%2Fwww.agoda.com%2Fvenetian-resort-hotel-casino%2Fhotel%2Flas-vegas-nv-us.html&providerMode=separate;23;2026-06-07T16:23:33.156739+00:00;ok;
HVEGAS001;The Venetian Resort Las Vegas;Las Vegas;United States;booking_via_agoda;agoda;3038.0;Booking.com;fe584ce913c4c57e;06/07/2024;2024;;;10.0;0.0;10.0;10.0;https://www.agoda.com/api/cronos/property/review/HotelReviews?hotelId=2937&pageSize=50&referer=https%3A%2F%2Fwww.agoda.com%2Fvenetian-resort-hotel-casino%2Fhotel%2Flas-vegas-nv-us.html&providerMode=separate;23;2026-06-07T16:23:33.156739+00:00;ok;
HVEGAS001;The Venetian Resort Las Vegas;Las Vegas;United States;booking_via_agoda;agoda;3038.0;Booking.com;028aad28ff847385;06/07/2024;2024;;;10.0;0.0;10.0;10.0;https://www.agoda.com/api/cronos/property/review/HotelReviews?hotelId=2937&pageSize=50&referer=https%3A%2F%2Fwww.agoda.com%2Fvenetian-resort-hotel-casino%2Fhotel%2Flas-vegas-nv-us.html&providerMode=separate;23;2026-06-07T16:23:33.156739+00:00;ok;
HVEGAS001;The Venetian Resort Las Vegas;Las Vegas;United States;booking_via_agoda;agoda;3038.0;Booking.com;ea9f13148d8c0cf8;07/07/2024;2024;;;10.0;0.0;10.0;10.0;https://www.agoda.com/api/cronos/property/review/HotelReviews?hotelId=2937&pageSize=50&referer=https%3A%2F%2Fwww.agoda.com%2Fvenetian-resort-hotel-casino%2Fhotel%2Flas-vegas-nv-us.html&providerMode=separate;23;2026-06-07T16:23:33.156739+00:00;ok;
HVEGAS001;The Venetian Resort Las Vegas;Las Vegas;United States;booking_via_agoda;agoda;3038.0;Booking.com;c5db43e123c22192;07/07/2024;2024;;;7.0;0.0;10.0;7.0;https://www.agoda.com/api/cronos/property/review/HotelReviews?hotelId=2937&pageSize=50&referer=https%3A%2F%2Fwww.agoda.com%2Fvenetian-resort-hotel-casino%2Fhotel%2Flas-vegas-nv-us.html&providerMode=separate;23;2026-06-07T16:23:33.156739+00:00;ok;
HVEGAS001;The Venetian Resort Las Vegas;Las Vegas;United States;booking_via_agoda;agoda;3038.0;Booking.com;9fe87fe75f89bd74;08/07/2024;2024;;;9.0;0.0;10.0;9.0;https://www.agoda.com/api/cronos/property/review/HotelReviews?hotelId=2937&pageSize=50&referer=https%3A%2F%2Fwww.agoda.com%2Fvenetian-resort-hotel-casino%2Fhotel%2Flas-vegas-nv-us.html&providerMode=separate;23;2026-06-07T16:23:33.156739+00:00;ok;
HVEGAS001;The Venetian Resort Las Vegas;Las Vegas;United States;booking_via_agoda;agoda;3038.0;Booking.com;9e1b74f4d895d9e3;08/07/2024;2024;;;9.0;0.0;10.0;9.0;https://www.agoda.com/api/cronos/property/review/HotelReviews?hotelId=2937&pageSize=50&referer=https%3A%2F%2Fwww.agoda.com%2Fvenetian-resort-hotel-casino%2Fhotel%2Flas-vegas-nv-us.html&providerMode=separate;23;2026-06-07T16:23:33.156739+00:00;ok;
HVEGAS001;The Venetian Resort Las Vegas;Las Vegas;United States;booking_via_agoda;agoda;3038.0;Booking.com;8eaac937e63f789c;08/07/2024;2024;;;10.0;0.0;10.0;10.0;https://www.agoda.com/api/cronos/property/review/HotelReviews?hotelId=2937&pageSize=50&referer=https%3A%2F%2Fwww.agoda.com%2Fvenetian-resort-hotel-casino%2Fhotel%2Flas-vegas-nv-us.html&providerMode=separate;23;2026-06-07T16:23:33.156739+00:00;ok;
HVEGAS001;The Venetian Resort Las Vegas;Las Vegas;United States;booking_via_agoda;agoda;3038.0;Booking.com;677a96bd0036a6a1;08/07/2024;2024;;;10.0;0.0;10.0;10.0;https://www.agoda.com/api/cronos/property/review/HotelReviews?hotelId=2937&pageSize=50&referer=https%3A%2F%2Fwww.agoda.com%2Fvenetian-resort-hotel-casino%2Fhotel%2Flas-vegas-nv-us.html&providerMode=separate;23;2026-06-07T16:23:33.156739+00:00;ok;
HVEGAS001;The Venetian Resort Las Vegas;Las Vegas;United States;booking_via_agoda;agoda;3038.0;Booking.com;28f0bf24701aee66;09/07/2024;2024;;;10.0;0.0;10.0;10.0;https://www.agoda.com/api/cronos/property/review/HotelReviews?hotelId=2937&pageSize=50&referer=https%3A%2F%2Fwww.agoda.com%2Fvenetian-resort-hotel-casino%2Fhotel%2Flas-vegas-nv-us.html&providerMode=separate;23;2026-06-07T16:23:33.156739+00:00;ok;
HVEGAS001;The Venetian Resort Las Vegas;Las Vegas;United States;booking_via_agoda;agoda;3038.0;Booking.com;59dc46c769482c36;09/07/2024;2024;;;9.0;0.0;10.0;9.0;https://www.agoda.com/api/cronos/property/review/HotelReviews?hotelId=2937&pageSize=50&referer=https%3A%2F%2Fwww.agoda.com%2Fvenetian-resort-hotel-casino%2Fhotel%2Flas-vegas-nv-us.html&providerMode=separate;23;2026-06-07T16:23:33.156739+00:00;ok;
HVEGAS001;The Venetian Resort Las Vegas;Las Vegas;United States;booking_via_agoda;agoda;3038.0;Booking.com;4a7eec1eb6e29001;09/07/2024;2024;;;10.0;0.0;10.0;10.0;https://www.agoda.com/api/cronos/property/review/HotelReviews?hotelId=2937&pageSize=50&referer=https%3A%2F%2Fwww.agoda.com%2Fvenetian-resort-hotel-casino%2Fhotel%2Flas-vegas-nv-us.html&providerMode=separate;23;2026-06-07T16:23:33.156739+00:00;ok;
HVEGAS001;The Venetian Resort Las Vegas;Las Vegas;United States;booking_via_agoda;agoda;3038.0;Booking.com;cf7e882e4d656010;09/07/2024;2024;;;10.0;0.0;10.0;10.0;https://www.agoda.com/api/cronos/property/review/HotelReviews?hotelId=2937&pageSize=50&referer=https%3A%2F%2Fwww.agoda.com%2Fvenetian-resort-hotel-casino%2Fhotel%2Flas-vegas-nv-us.html&providerMode=separate;23;2026-06-07T16:23:33.156739+00:00;ok;
HVEGAS001;The Venetian Resort Las Vegas;Las Vegas;United States;booking_via_agoda;agoda;3038.0;Booking.com;290f7e0d9c5d1b08;10/07/2024;2024;;;6.0;0.0;10.0;6.0;https://www.agoda.com/api/cronos/property/review/HotelReviews?hotelId=2937&pageSize=50&referer=https%3A%2F%2Fwww.agoda.com%2Fvenetian-resort-hotel-casino%2Fhotel%2Flas-vegas-nv-us.html&providerMode=separate;23;2026-06-07T16:23:33.156739+00:00;ok;
HVEGAS001;The Venetian Resort Las Vegas;Las Vegas;United States;booking_via_agoda;agoda;3038.0;Booking.com;fbd41ed1f8c92c8c;10/07/2024;2024;;;10.0;0.0;10.0;10.0;https://www.agoda.com/api/cronos/property/review/HotelReviews?hotelId=2937&pageSize=50&referer=https%3A%2F%2Fwww.agoda.com%2Fvenetian-resort-hotel-casino%2Fhotel%2Flas-vegas-nv-us.html&providerMode=separate;23;2026-06-07T16:23:33.156739+00:00;ok;
HVEGAS001;The Venetian Resort Las Vegas;Las Vegas;United States;booking_via_agoda;agoda;3038.0;Booking.com;3186a80ce8146311;10/07/2024;2024;;;10.0;0.0;10.0;10.0;https://www.agoda.com/api/cronos/property/review/HotelReviews?hotelId=2937&pageSize=50&referer=https%3A%2F%2Fwww.agoda.com%2Fvenetian-resort-hotel-casino%2Fhotel%2Flas-vegas-nv-us.html&providerMode=separate;23;2026-06-07T16:23:33.156739+00:00;ok;
HVEGAS001;The Venetian Resort Las Vegas;Las Vegas;United States;booking_via_agoda;agoda;3038.0;Booking.com;a5afc587b28b104c;10/07/2024;2024;;;10.0;0.0;10.0;10.0;https://www.agoda.com/api/cronos/property/review/HotelReviews?hotelId=2937&pageSize=50&referer=https%3A%2F%2Fwww.agoda.com%2Fvenetian-resort-hotel-casino%2Fhotel%2Flas-vegas-nv-us.html&providerMode=separate;23;2026-06-07T16:23:33.156739+00:00;ok;
HVEGAS001;The Venetian Resort Las Vegas;Las Vegas;United States;booking_via_agoda;agoda;3038.0;Booking.com;c7e51a8dc1cc4485;10/07/2024;2024;;;8.0;0.0;10.0;8.0;https://www.agoda.com/api/cronos/property/review/HotelReviews?hotelId=2937&pageSize=50&referer=https%3A%2F%2Fwww.agoda.com%2Fvenetian-resort-hotel-casino%2Fhotel%2Flas-vegas-nv-us.html&providerMode=separate;23;2026-06-07T16:23:33.156739+00:00;ok;
HVEGAS001;The Venetian Resort Las Vegas;Las Vegas;United States;booking_via_agoda;agoda;3038.0;Booking.com;6e945b3830bd575f;13/07/2024;2024;;;8.0;0.0;10.0;8.0;https://www.agoda.com/api/cronos/property/review/HotelReviews?hotelId=2937&pageSize=50&referer=https%3A%2F%2Fwww.agoda.com%2Fvenetian-resort-hotel-casino%2Fhotel%2Flas-vegas-nv-us.html&providerMode=separate;23;2026-06-07T16:23:33.156739+00:00;ok;
HVEGAS001;The Venetian Resort Las Vegas;Las Vegas;United States;booking_via_agoda;agoda;3038.0;Booking.com;46ac203caef51616;13/07/2024;2024;;;10.0;0.0;10.0;10.0;https://www.agoda.com/api/cronos/property/review/HotelReviews?hotelId=2937&pageSize=50&referer=https%3A%2F%2Fwww.agoda.com%2Fvenetian-resort-hotel-casino%2Fhotel%2Flas-vegas-nv-us.html&providerMode=separate;23;2026-06-07T16:23:33.156739+00:00;ok;
HVEGAS001;The Venetian Resort Las Vegas;Las Vegas;United States;booking_via_agoda;agoda;3038.0;Booking.com;5029c128205a2283;13/07/2024;2024;;;2.0;0.0;10.0;2.0;https://www.agoda.com/api/cronos/property/review/HotelReviews?hotelId=2937&pageSize=50&referer=https%3A%2F%2Fwww.agoda.com%2Fvenetian-resort-hotel-casino%2Fhotel%2Flas-vegas-nv-us.html&providerMode=separate;23;2026-06-07T16:23:33.156739+00:00;ok;
HVEGAS001;The Venetian Resort Las Vegas;Las Vegas;United States;booking_via_agoda;agoda;3038.0;Booking.com;e802cbbb5ea1783c;14/07/2024;2024;;;10.0;0.0;10.0;10.0;https://www.agoda.com/api/cronos/property/review/HotelReviews?hotelId=2937&pageSize=50&referer=https%3A%2F%2Fwww.agoda.com%2Fvenetian-resort-hotel-casino%2Fhotel%2Flas-vegas-nv-us.html&providerMode=separate;23;2026-06-07T16:23:33.156739+00:00;ok;
HVEGAS001;The Venetian Resort Las Vegas;Las Vegas;United States;booking_via_agoda;agoda;3038.0;Booking.com;08bfbf8e3fc03e07;16/07/2024;2024;;;10.0;0.0;10.0;10.0;https://www.agoda.com/api/cronos/property/review/HotelReviews?hotelId=2937&pageSize=50&referer=https%3A%2F%2Fwww.agoda.com%2Fvenetian-resort-hotel-casino%2Fhotel%2Flas-vegas-nv-us.html&providerMode=separate;23;2026-06-07T16:23:33.156739+00:00;ok;
HVEGAS001;The Venetian Resort Las Vegas;Las Vegas;United States;booking_via_agoda;agoda;3038.0;Booking.com;334256d5e2ef51b1;16/07/2024;2024;;;10.0;0.0;10.0;10.0;https://www.agoda.com/api/cronos/property/review/HotelReviews?hotelId=2937&pageSize=50&referer=https%3A%2F%2Fwww.agoda.com%2Fvenetian-resort-hotel-casino%2Fhotel%2Flas-vegas-nv-us.html&providerMode=separate;23;2026-06-07T16:23:33.156739+00:00;ok;
HVEGAS001;The Venetian Resort Las Vegas;Las Vegas;United States;booking_via_agoda;agoda;3038.0;Booking.com;a1a3508de2f9ed6b;16/07/2024;2024;;;10.0;0.0;10.0;10.0;https://www.agoda.com/api/cronos/property/review/HotelReviews?hotelId=2937&pageSize=50&referer=https%3A%2F%2Fwww.agoda.com%2Fvenetian-resort-hotel-casino%2Fhotel%2Flas-vegas-nv-us.html&providerMode=separate;23;2026-06-07T16:23:33.156739+00:00;ok;
HVEGAS001;The Venetian Resort Las Vegas;Las Vegas;United States;booking_via_agoda;agoda;3038.0;Booking.com;163256a29703ff7f;16/07/2024;2024;;;8.0;0.0;10.0;8.0;https://www.agoda.com/api/cronos/property/review/HotelReviews?hotelId=2937&pageSize=50&referer=https%3A%2F%2Fwww.agoda.com%2Fvenetian-resort-hotel-casino%2Fhotel%2Flas-vegas-nv-us.html&providerMode=separate;23;2026-06-07T16:23:33.156739+00:00;ok;
HVEGAS001;The Venetian Resort Las Vegas;Las Vegas;United States;booking_via_agoda;agoda;3038.0;Booking.com;94e76d00fd215675;16/07/2024;2024;;;5.0;0.0;10.0;5.0;https://www.agoda.com/api/cronos/property/review/HotelReviews?hotelId=2937&pageSize=50&referer=https%3A%2F%2Fwww.agoda.com%2Fvenetian-resort-hotel-casino%2Fhotel%2Flas-vegas-nv-us.html&providerMode=separate;23;2026-06-07T16:23:33.156739+00:00;ok;
HVEGAS001;The Venetian Resort Las Vegas;Las Vegas;United States;booking_via_agoda;agoda;3038.0;Booking.com;1881c9b940cb30ed;16/07/2024;2024;;;9.0;0.0;10.0;9.0;https://www.agoda.com/api/cronos/property/review/HotelReviews?hotelId=2937&pageSize=50&referer=https%3A%2F%2Fwww.agoda.com%2Fvenetian-resort-hotel-casino%2Fhotel%2Flas-vegas-nv-us.html&providerMode=separate;23;2026-06-07T16:23:33.156739+00:00;ok;
HVEGAS001;The Venetian Resort Las Vegas;Las Vegas;United States;booking_via_agoda;agoda;3038.0;Booking.com;3ab5e4b6c1a9c58c;16/07/2024;2024;;;10.0;0.0;10.0;10.0;https://www.agoda.com/api/cronos/property/review/HotelReviews?hotelId=2937&pageSize=50&referer=https%3A%2F%2Fwww.agoda.com%2Fvenetian-resort-hotel-casino%2Fhotel%2Flas-vegas-nv-us.html&providerMode=separate;23;2026-06-07T16:23:33.156739+00:00;ok;
HVEGAS001;The Venetian Resort Las Vegas;Las Vegas;United States;booking_via_agoda;agoda;3038.0;Booking.com;d19952ea6dd704ec;16/07/2024;2024;;;10.0;0.0;10.0;10.0;https://www.agoda.com/api/cronos/property/review/HotelReviews?hotelId=2937&pageSize=50&referer=https%3A%2F%2Fwww.agoda.com%2Fvenetian-resort-hotel-casino%2Fhotel%2Flas-vegas-nv-us.html&providerMode=separate;23;2026-06-07T16:23:33.156739+00:00;ok;
HVEGAS001;The Venetian Resort Las Vegas;Las Vegas;United States;booking_via_agoda;agoda;3038.0;Booking.com;217051933198beb8;17/07/2024;2024;;;9.0;0.0;10.0;9.0;https://www.agoda.com/api/cronos/property/review/HotelReviews?hotelId=2937&pageSize=50&referer=https%3A%2F%2Fwww.agoda.com%2Fvenetian-resort-hotel-casino%2Fhotel%2Flas-vegas-nv-us.html&providerMode=separate;22;2026-06-07T16:23:33.156739+00:00;ok;
HVEGAS001;The Venetian Resort Las Vegas;Las Vegas;United States;booking_via_agoda;agoda;3038.0;Booking.com;37b6be5c7cd1209a;17/07/2024;2024;;;9.0;0.0;10.0;9.0;https://www.agoda.com/api/cronos/property/review/HotelReviews?hotelId=2937&pageSize=50&referer=https%3A%2F%2Fwww.agoda.com%2Fvenetian-resort-hotel-casino%2Fhotel%2Flas-vegas-nv-us.html&providerMode=separate;22;2026-06-07T16:23:33.156739+00:00;ok;
HVEGAS001;The Venetian Resort Las Vegas;Las Vegas;United States;booking_via_agoda;agoda;3038.0;Booking.com;cd43946e1df86fc0;17/07/2024;2024;;;10.0;0.0;10.0;10.0;https://www.agoda.com/api/cronos/property/review/HotelReviews?hotelId=2937&pageSize=50&referer=https%3A%2F%2Fwww.agoda.com%2Fvenetian-resort-hotel-casino%2Fhotel%2Flas-vegas-nv-us.html&providerMode=separate;22;2026-06-07T16:23:33.156739+00:00;ok;
HVEGAS001;The Venetian Resort Las Vegas;Las Vegas;United States;booking_via_agoda;agoda;3038.0;Booking.com;033def8fdb019667;17/07/2024;2024;;;10.0;0.0;10.0;10.0;https://www.agoda.com/api/cronos/property/review/HotelReviews?hotelId=2937&pageSize=50&referer=https%3A%2F%2Fwww.agoda.com%2Fvenetian-resort-hotel-casino%2Fhotel%2Flas-vegas-nv-us.html&providerMode=separate;22;2026-06-07T16:23:33.156739+00:00;ok;
HVEGAS001;The Venetian Resort Las Vegas;Las Vegas;United States;booking_via_agoda;agoda;3038.0;Booking.com;cba6b742889f0a17;17/07/2024;2024;;;8.0;0.0;10.0;8.0;https://www.agoda.com/api/cronos/property/review/HotelReviews?hotelId=2937&pageSize=50&referer=https%3A%2F%2Fwww.agoda.com%2Fvenetian-resort-hotel-casino%2Fhotel%2Flas-vegas-nv-us.html&providerMode=separate;22;2026-06-07T16:23:33.156739+00:00;ok;
HVEGAS001;The Venetian Resort Las Vegas;Las Vegas;United States;booking_via_agoda;agoda;3038.0;Booking.com;7dc51609216856a9;17/07/2024;2024;;;7.0;0.0;10.0;7.0;https://www.agoda.com/api/cronos/property/review/HotelReviews?hotelId=2937&pageSize=50&referer=https%3A%2F%2Fwww.agoda.com%2Fvenetian-resort-hotel-casino%2Fhotel%2Flas-vegas-nv-us.html&providerMode=separate;23;2026-06-07T16:23:33.156739+00:00;ok;
HVEGAS001;The Venetian Resort Las Vegas;Las Vegas;United States;booking_via_agoda;agoda;3038.0;Booking.com;cf2ffa3e947f2221;17/07/2024;2024;;;9.0;0.0;10.0;9.0;https://www.agoda.com/api/cronos/property/review/HotelReviews?hotelId=2937&pageSize=50&referer=https%3A%2F%2Fwww.agoda.com%2Fvenetian-resort-hotel-casino%2Fhotel%2Flas-vegas-nv-us.html&providerMode=separate;23;2026-06-07T16:23:33.156739+00:00;ok;
HVEGAS001;The Venetian Resort Las Vegas;Las Vegas;United States;booking_via_agoda;agoda;3038.0;Booking.com;93591ffd8f90a761;17/07/2024;2024;;;9.0;0.0;10.0;9.0;https://www.agoda.com/api/cronos/property/review/HotelReviews?hotelId=2937&pageSize=50&referer=https%3A%2F%2Fwww.agoda.com%2Fvenetian-resort-hotel-casino%2Fhotel%2Flas-vegas-nv-us.html&providerMode=separate;23;2026-06-07T16:23:33.156739+00:00;ok;
HVEGAS001;The Venetian Resort Las Vegas;Las Vegas;United States;booking_via_agoda;agoda;3038.0;Booking.com;24f0fc6797a20f1b;17/07/2024;2024;;;9.0;0.0;10.0;9.0;https://www.agoda.com/api/cronos/property/review/HotelReviews?hotelId=2937&pageSize=50&referer=https%3A%2F%2Fwww.agoda.com%2Fvenetian-resort-hotel-casino%2Fhotel%2Flas-vegas-nv-us.html&providerMode=separate;23;2026-06-07T16:23:33.156739+00:00;ok;
HVEGAS001;The Venetian Resort Las Vegas;Las Vegas;United States;booking_via_agoda;agoda;3038.0;Booking.com;75bbfd8db5a4d915;17/07/2024;2024;;;9.0;0.0;10.0;9.0;https://www.agoda.com/api/cronos/property/review/HotelReviews?hotelId=2937&pageSize=50&referer=https%3A%2F%2Fwww.agoda.com%2Fvenetian-resort-hotel-casino%2Fhotel%2Flas-vegas-nv-us.html&providerMode=separate;23;2026-06-07T16:23:33.156739+00:00;ok;
HVEGAS001;The Venetian Resort Las Vegas;Las Vegas;United States;booking_via_agoda;agoda;3038.0;Booking.com;a8196d075a44ee7a;17/07/2024;2024;;;9.0;0.0;10.0;9.0;https://www.agoda.com/api/cronos/property/review/HotelReviews?hotelId=2937&pageSize=50&referer=https%3A%2F%2Fwww.agoda.com%2Fvenetian-resort-hotel-casino%2Fhotel%2Flas-vegas-nv-us.html&providerMode=separate;23;2026-06-07T16:23:33.156739+00:00;ok;
HVEGAS001;The Venetian Resort Las Vegas;Las Vegas;United States;booking_via_agoda;agoda;3038.0;Booking.com;ebe76af0821f25ed;18/07/2024;2024;;;10.0;0.0;10.0;10.0;https://www.agoda.com/api/cronos/property/review/HotelReviews?hotelId=2937&pageSize=50&referer=https%3A%2F%2Fwww.agoda.com%2Fvenetian-resort-hotel-casino%2Fhotel%2Flas-vegas-nv-us.html&providerMode=separate;22;2026-06-07T16:23:33.156739+00:00;ok;
HVEGAS001;The Venetian Resort Las Vegas;Las Vegas;United States;booking_via_agoda;agoda;3038.0;Booking.com;810b7242c8522368;18/07/2024;2024;;;10.0;0.0;10.0;10.0;https://www.agoda.com/api/cronos/property/review/HotelReviews?hotelId=2937&pageSize=50&referer=https%3A%2F%2Fwww.agoda.com%2Fvenetian-resort-hotel-casino%2Fhotel%2Flas-vegas-nv-us.html&providerMode=separate;22;2026-06-07T16:23:33.156739+00:00;ok;
HVEGAS001;The Venetian Resort Las Vegas;Las Vegas;United States;booking_via_agoda;agoda;3038.0;Booking.com;000540aabb575177;18/07/2024;2024;;;10.0;0.0;10.0;10.0;https://www.agoda.com/api/cronos/property/review/HotelReviews?hotelId=2937&pageSize=50&referer=https%3A%2F%2Fwww.agoda.com%2Fvenetian-resort-hotel-casino%2Fhotel%2Flas-vegas-nv-us.html&providerMode=separate;22;2026-06-07T16:23:33.156739+00:00;ok;
HVEGAS001;The Venetian Resort Las Vegas;Las Vegas;United States;booking_via_agoda;agoda;3038.0;Booking.com;4fd4dcf7d4f86ea0;19/07/2024;2024;;;10.0;0.0;10.0;10.0;https://www.agoda.com/api/cronos/property/review/HotelReviews?hotelId=2937&pageSize=50&referer=https%3A%2F%2Fwww.agoda.com%2Fvenetian-resort-hotel-casino%2Fhotel%2Flas-vegas-nv-us.html&providerMode=separate;22;2026-06-07T16:23:33.156739+00:00;ok;
HVEGAS001;The Venetian Resort Las Vegas;Las Vegas;United States;booking_via_agoda;agoda;3038.0;Booking.com;9b5fca071a1adc97;20/07/2024;2024;;;9.0;0.0;10.0;9.0;https://www.agoda.com/api/cronos/property/review/HotelReviews?hotelId=2937&pageSize=50&referer=https%3A%2F%2Fwww.agoda.com%2Fvenetian-resort-hotel-casino%2Fhotel%2Flas-vegas-nv-us.html&providerMode=separate;22;2026-06-07T16:23:33.156739+00:00;ok;
HVEGAS001;The Venetian Resort Las Vegas;Las Vegas;United States;booking_via_agoda;agoda;3038.0;Booking.com;ece56ea0b078767e;20/07/2024;2024;;;10.0;0.0;10.0;10.0;https://www.agoda.com/api/cronos/property/review/HotelReviews?hotelId=2937&pageSize=50&referer=https%3A%2F%2Fwww.agoda.com%2Fvenetian-resort-hotel-casino%2Fhotel%2Flas-vegas-nv-us.html&providerMode=separate;22;2026-06-07T16:23:33.156739+00:00;ok;
HVEGAS001;The Venetian Resort Las Vegas;Las Vegas;United States;booking_via_agoda;agoda;3038.0;Booking.com;7b929904ac82d8d2;20/07/2024;2024;;;10.0;0.0;10.0;10.0;https://www.agoda.com/api/cronos/property/review/HotelReviews?hotelId=2937&pageSize=50&referer=https%3A%2F%2Fwww.agoda.com%2Fvenetian-resort-hotel-casino%2Fhotel%2Flas-vegas-nv-us.html&providerMode=separate;22;2026-06-07T16:23:33.156739+00:00;ok;
HVEGAS001;The Venetian Resort Las Vegas;Las Vegas;United States;booking_via_agoda;agoda;3038.0;Booking.com;dbe8fdeab165ace6;21/07/2024;2024;;;8.0;0.0;10.0;8.0;https://www.agoda.com/api/cronos/property/review/HotelReviews?hotelId=2937&pageSize=50&referer=https%3A%2F%2Fwww.agoda.com%2Fvenetian-resort-hotel-casino%2Fhotel%2Flas-vegas-nv-us.html&providerMode=separate;22;2026-06-07T16:23:33.156739+00:00;ok;
HVEGAS001;The Venetian Resort Las Vegas;Las Vegas;United States;booking_via_agoda;agoda;3038.0;Booking.com;8f912d9d669c50c1;22/07/2024;2024;;;10.0;0.0;10.0;10.0;https://www.agoda.com/api/cronos/property/review/HotelReviews?hotelId=2937&pageSize=50&referer=https%3A%2F%2Fwww.agoda.com%2Fvenetian-resort-hotel-casino%2Fhotel%2Flas-vegas-nv-us.html&providerMode=separate;22;2026-06-07T16:23:33.156739+00:00;ok;
HVEGAS001;The Venetian Resort Las Vegas;Las Vegas;United States;booking_via_agoda;agoda;3038.0;Booking.com;94d8a8ad5c9db04e;23/07/2024;2024;;;9.0;0.0;10.0;9.0;https://www.agoda.com/api/cronos/property/review/HotelReviews?hotelId=2937&pageSize=50&referer=https%3A%2F%2Fwww.agoda.com%2Fvenetian-resort-hotel-casino%2Fhotel%2Flas-vegas-nv-us.html&providerMode=separate;22;2026-06-07T16:23:33.156739+00:00;ok;
HVEGAS001;The Venetian Resort Las Vegas;Las Vegas;United States;booking_via_agoda;agoda;3038.0;Booking.com;a2fd5590f5dadfd4;23/07/2024;2024;;;9.0;0.0;10.0;9.0;https://www.agoda.com/api/cronos/property/review/HotelReviews?hotelId=2937&pageSize=50&referer=https%3A%2F%2Fwww.agoda.com%2Fvenetian-resort-hotel-casino%2Fhotel%2Flas-vegas-nv-us.html&providerMode=separate;22;2026-06-07T16:23:33.156739+00:00;ok;
HVEGAS001;The Venetian Resort Las Vegas;Las Vegas;United States;booking_via_agoda;agoda;3038.0;Booking.com;f8ac71030aadc4b4;23/07/2024;2024;;;9.0;0.0;10.0;9.0;https://www.agoda.com/api/cronos/property/review/HotelReviews?hotelId=2937&pageSize=50&referer=https%3A%2F%2Fwww.agoda.com%2Fvenetian-resort-hotel-casino%2Fhotel%2Flas-vegas-nv-us.html&providerMode=separate;22;2026-06-07T16:23:33.156739+00:00;ok;
HVEGAS001;The Venetian Resort Las Vegas;Las Vegas;United States;booking_via_agoda;agoda;3038.0;Booking.com;8d5e9c4cb8fbb50e;23/07/2024;2024;;;8.0;0.0;10.0;8.0;https://www.agoda.com/api/cronos/property/review/HotelReviews?hotelId=2937&pageSize=50&referer=https%3A%2F%2Fwww.agoda.com%2Fvenetian-resort-hotel-casino%2Fhotel%2Flas-vegas-nv-us.html&providerMode=separate;22;2026-06-07T16:23:33.156739+00:00;ok;
HVEGAS001;The Venetian Resort Las Vegas;Las Vegas;United States;booking_via_agoda;agoda;3038.0;Booking.com;62e1d3e20a86fdba;23/07/2024;2024;;;10.0;0.0;10.0;10.0;https://www.agoda.com/api/cronos/property/review/HotelReviews?hotelId=2937&pageSize=50&referer=https%3A%2F%2Fwww.agoda.com%2Fvenetian-resort-hotel-casino%2Fhotel%2Flas-vegas-nv-us.html&providerMode=separate;22;2026-06-07T16:23:33.156739+00:00;ok;
HVEGAS001;The Venetian Resort Las Vegas;Las Vegas;United States;booking_via_agoda;agoda;3038.0;Booking.com;ccdd476d74b595c1;24/07/2024;2024;;;3.0;0.0;10.0;3.0;https://www.agoda.com/api/cronos/property/review/HotelReviews?hotelId=2937&pageSize=50&referer=https%3A%2F%2Fwww.agoda.com%2Fvenetian-resort-hotel-casino%2Fhotel%2Flas-vegas-nv-us.html&providerMode=separate;22;2026-06-07T16:23:33.156739+00:00;ok;
HVEGAS001;The Venetian Resort Las Vegas;Las Vegas;United States;booking_via_agoda;agoda;3038.0;Booking.com;389ac54c2719b8e2;24/07/2024;2024;;;9.0;0.0;10.0;9.0;https://www.agoda.com/api/cronos/property/review/HotelReviews?hotelId=2937&pageSize=50&referer=https%3A%2F%2Fwww.agoda.com%2Fvenetian-resort-hotel-casino%2Fhotel%2Flas-vegas-nv-us.html&providerMode=separate;22;2026-06-07T16:23:33.156739+00:00;ok;
HVEGAS001;The Venetian Resort Las Vegas;Las Vegas;United States;booking_via_agoda;agoda;3038.0;Booking.com;0466794f308c7ccc;24/07/2024;2024;;;7.0;0.0;10.0;7.0;https://www.agoda.com/api/cronos/property/review/HotelReviews?hotelId=2937&pageSize=50&referer=https%3A%2F%2Fwww.agoda.com%2Fvenetian-resort-hotel-casino%2Fhotel%2Flas-vegas-nv-us.html&providerMode=separate;22;2026-06-07T16:23:33.156739+00:00;ok;
HVEGAS001;The Venetian Resort Las Vegas;Las Vegas;United States;booking_via_agoda;agoda;3038.0;Booking.com;b419e1c0320d44ed;24/07/2024;2024;;;5.0;0.0;10.0;5.0;https://www.agoda.com/api/cronos/property/review/HotelReviews?hotelId=2937&pageSize=50&referer=https%3A%2F%2Fwww.agoda.com%2Fvenetian-resort-hotel-casino%2Fhotel%2Flas-vegas-nv-us.html&providerMode=separate;22;2026-06-07T16:23:33.156739+00:00;ok;
HVEGAS001;The Venetian Resort Las Vegas;Las Vegas;United States;booking_via_agoda;agoda;3038.0;Booking.com;14f063266149e3ae;24/07/2024;2024;;;5.0;0.0;10.0;5.0;https://www.agoda.com/api/cronos/property/review/HotelReviews?hotelId=2937&pageSize=50&referer=https%3A%2F%2Fwww.agoda.com%2Fvenetian-resort-hotel-casino%2Fhotel%2Flas-vegas-nv-us.html&providerMode=separate;22;2026-06-07T16:23:33.156739+00:00;ok;
HVEGAS001;The Venetian Resort Las Vegas;Las Vegas;United States;booking_via_agoda;agoda;3038.0;Booking.com;5cd38fe9ff93cc5e;24/07/2024;2024;;;10.0;0.0;10.0;10.0;https://www.agoda.com/api/cronos/property/review/HotelReviews?hotelId=2937&pageSize=50&referer=https%3A%2F%2Fwww.agoda.com%2Fvenetian-resort-hotel-casino%2Fhotel%2Flas-vegas-nv-us.html&providerMode=separate;22;2026-06-07T16:23:33.156739+00:00;ok;
HVEGAS001;The Venetian Resort Las Vegas;Las Vegas;United States;booking_via_agoda;agoda;3038.0;Booking.com;1ad25e54222aa42c;24/07/2024;2024;;;5.0;0.0;10.0;5.0;https://www.agoda.com/api/cronos/property/review/HotelReviews?hotelId=2937&pageSize=50&referer=https%3A%2F%2Fwww.agoda.com%2Fvenetian-resort-hotel-casino%2Fhotel%2Flas-vegas-nv-us.html&providerMode=separate;22;2026-06-07T16:23:33.156739+00:00;ok;
HVEGAS001;The Venetian Resort Las Vegas;Las Vegas;United States;booking_via_agoda;agoda;3038.0;Booking.com;5876e5b8caa269f2;25/07/2024;2024;;;10.0;0.0;10.0;10.0;https://www.agoda.com/api/cronos/property/review/HotelReviews?hotelId=2937&pageSize=50&referer=https%3A%2F%2Fwww.agoda.com%2Fvenetian-resort-hotel-casino%2Fhotel%2Flas-vegas-nv-us.html&providerMode=separate;22;2026-06-07T16:23:33.156739+00:00;ok;
HVEGAS001;The Venetian Resort Las Vegas;Las Vegas;United States;booking_via_agoda;agoda;3038.0;Booking.com;4cb0ee4155ace757;25/07/2024;2024;;;8.0;0.0;10.0;8.0;https://www.agoda.com/api/cronos/property/review/HotelReviews?hotelId=2937&pageSize=50&referer=https%3A%2F%2Fwww.agoda.com%2Fvenetian-resort-hotel-casino%2Fhotel%2Flas-vegas-nv-us.html&providerMode=separate;22;2026-06-07T16:23:33.156739+00:00;ok;
HVEGAS001;The Venetian Resort Las Vegas;Las Vegas;United States;booking_via_agoda;agoda;3038.0;Booking.com;9b25e736f4aad3c5;26/07/2024;2024;;;10.0;0.0;10.0;10.0;https://www.agoda.com/api/cronos/property/review/HotelReviews?hotelId=2937&pageSize=50&referer=https%3A%2F%2Fwww.agoda.com%2Fvenetian-resort-hotel-casino%2Fhotel%2Flas-vegas-nv-us.html&providerMode=separate;22;2026-06-07T16:23:33.156739+00:00;ok;
HVEGAS001;The Venetian Resort Las Vegas;Las Vegas;United States;booking_via_agoda;agoda;3038.0;Booking.com;3c5761a2e8cc1495;26/07/2024;2024;;;1.0;0.0;10.0;1.0;https://www.agoda.com/api/cronos/property/review/HotelReviews?hotelId=2937&pageSize=50&referer=https%3A%2F%2Fwww.agoda.com%2Fvenetian-resort-hotel-casino%2Fhotel%2Flas-vegas-nv-us.html&providerMode=separate;22;2026-06-07T16:23:33.156739+00:00;ok;
HVEGAS001;The Venetian Resort Las Vegas;Las Vegas;United States;booking_via_agoda;agoda;3038.0;Booking.com;79ce282843f42501;26/07/2024;2024;;;10.0;0.0;10.0;10.0;https://www.agoda.com/api/cronos/property/review/HotelReviews?hotelId=2937&pageSize=50&referer=https%3A%2F%2Fwww.agoda.com%2Fvenetian-resort-hotel-casino%2Fhotel%2Flas-vegas-nv-us.html&providerMode=separate;22;2026-06-07T16:23:33.156739+00:00;ok;
HVEGAS001;The Venetian Resort Las Vegas;Las Vegas;United States;booking_via_agoda;agoda;3038.0;Booking.com;592aa518ce00bc7a;26/07/2024;2024;;;10.0;0.0;10.0;10.0;https://www.agoda.com/api/cronos/property/review/HotelReviews?hotelId=2937&pageSize=50&referer=https%3A%2F%2Fwww.agoda.com%2Fvenetian-resort-hotel-casino%2Fhotel%2Flas-vegas-nv-us.html&providerMode=separate;22;2026-06-07T16:23:33.156739+00:00;ok;
HVEGAS001;The Venetian Resort Las Vegas;Las Vegas;United States;booking_via_agoda;agoda;3038.0;Booking.com;3bb63d757ae2d211;27/07/2024;2024;;;9.0;0.0;10.0;9.0;https://www.agoda.com/api/cronos/property/review/HotelReviews?hotelId=2937&pageSize=50&referer=https%3A%2F%2Fwww.agoda.com%2Fvenetian-resort-hotel-casino%2Fhotel%2Flas-vegas-nv-us.html&providerMode=separate;22;2026-06-07T16:23:33.156739+00:00;ok;
HVEGAS001;The Venetian Resort Las Vegas;Las Vegas;United States;booking_via_agoda;agoda;3038.0;Booking.com;f5832b5a074197b9;28/07/2024;2024;;;9.0;0.0;10.0;9.0;https://www.agoda.com/api/cronos/property/review/HotelReviews?hotelId=2937&pageSize=50&referer=https%3A%2F%2Fwww.agoda.com%2Fvenetian-resort-hotel-casino%2Fhotel%2Flas-vegas-nv-us.html&providerMode=separate;22;2026-06-07T16:23:33.156739+00:00;ok;
HVEGAS001;The Venetian Resort Las Vegas;Las Vegas;United States;booking_via_agoda;agoda;3038.0;Booking.com;052a0e8939b24622;28/07/2024;2024;;;10.0;0.0;10.0;10.0;https://www.agoda.com/api/cronos/property/review/HotelReviews?hotelId=2937&pageSize=50&referer=https%3A%2F%2Fwww.agoda.com%2Fvenetian-resort-hotel-casino%2Fhotel%2Flas-vegas-nv-us.html&providerMode=separate;22;2026-06-07T16:23:33.156739+00:00;ok;
HVEGAS001;The Venetian Resort Las Vegas;Las Vegas;United States;booking_via_agoda;agoda;3038.0;Booking.com;f5ddd9c05f886bd2;29/07/2024;2024;;;10.0;0.0;10.0;10.0;https://www.agoda.com/api/cronos/property/review/HotelReviews?hotelId=2937&pageSize=50&referer=https%3A%2F%2Fwww.agoda.com%2Fvenetian-resort-hotel-casino%2Fhotel%2Flas-vegas-nv-us.html&providerMode=separate;22;2026-06-07T16:23:33.156739+00:00;ok;
HVEGAS001;The Venetian Resort Las Vegas;Las Vegas;United States;booking_via_agoda;agoda;3038.0;Booking.com;e2f19a7911330bcf;29/07/2024;2024;;;10.0;0.0;10.0;10.0;https://www.agoda.com/api/cronos/property/review/HotelReviews?hotelId=2937&pageSize=50&referer=https%3A%2F%2Fwww.agoda.com%2Fvenetian-resort-hotel-casino%2Fhotel%2Flas-vegas-nv-us.html&providerMode=separate;22;2026-06-07T16:23:33.156739+00:00;ok;
HVEGAS001;The Venetian Resort Las Vegas;Las Vegas;United States;booking_via_agoda;agoda;3038.0;Booking.com;efa33b073334c66e;29/07/2024;2024;;;9.0;0.0;10.0;9.0;https://www.agoda.com/api/cronos/property/review/HotelReviews?hotelId=2937&pageSize=50&referer=https%3A%2F%2Fwww.agoda.com%2Fvenetian-resort-hotel-casino%2Fhotel%2Flas-vegas-nv-us.html&providerMode=separate;22;2026-06-07T16:23:33.156739+00:00;ok;
HVEGAS001;The Venetian Resort Las Vegas;Las Vegas;United States;booking_via_agoda;agoda;3038.0;Booking.com;597056bdd1eceece;30/07/2024;2024;;;9.0;0.0;10.0;9.0;https://www.agoda.com/api/cronos/property/review/HotelReviews?hotelId=2937&pageSize=50&referer=https%3A%2F%2Fwww.agoda.com%2Fvenetian-resort-hotel-casino%2Fhotel%2Flas-vegas-nv-us.html&providerMode=separate;22;2026-06-07T16:23:33.156739+00:00;ok;
HVEGAS001;The Venetian Resort Las Vegas;Las Vegas;United States;booking_via_agoda;agoda;3038.0;Booking.com;33d41295f684e94a;30/07/2024;2024;;;3.0;0.0;10.0;3.0;https://www.agoda.com/api/cronos/property/review/HotelReviews?hotelId=2937&pageSize=50&referer=https%3A%2F%2Fwww.agoda.com%2Fvenetian-resort-hotel-casino%2Fhotel%2Flas-vegas-nv-us.html&providerMode=separate;22;2026-06-07T16:23:33.156739+00:00;ok;
HVEGAS001;The Venetian Resort Las Vegas;Las Vegas;United States;booking_via_agoda;agoda;3038.0;Booking.com;2eea8cc5a088dc96;31/07/2024;2024;;;10.0;0.0;10.0;10.0;https://www.agoda.com/api/cronos/property/review/HotelReviews?hotelId=2937&pageSize=50&referer=https%3A%2F%2Fwww.agoda.com%2Fvenetian-resort-hotel-casino%2Fhotel%2Flas-vegas-nv-us.html&providerMode=separate;22;2026-06-07T16:23:33.156739+00:00;ok;
HVEGAS001;The Venetian Resort Las Vegas;Las Vegas;United States;booking_via_agoda;agoda;3038.0;Booking.com;5ae6479449aabadc;31/07/2024;2024;;;10.0;0.0;10.0;10.0;https://www.agoda.com/api/cronos/property/review/HotelReviews?hotelId=2937&pageSize=50&referer=https%3A%2F%2Fwww.agoda.com%2Fvenetian-resort-hotel-casino%2Fhotel%2Flas-vegas-nv-us.html&providerMode=separate;22;2026-06-07T16:23:33.156739+00:00;ok;
HVEGAS001;The Venetian Resort Las Vegas;Las Vegas;United States;booking_via_agoda;agoda;3038.0;Booking.com;19e93266f6836c0f;31/07/2024;2024;;;10.0;0.0;10.0;10.0;https://www.agoda.com/api/cronos/property/review/HotelReviews?hotelId=2937&pageSize=50&referer=https%3A%2F%2Fwww.agoda.com%2Fvenetian-resort-hotel-casino%2Fhotel%2Flas-vegas-nv-us.html&providerMode=separate;22;2026-06-07T16:23:33.156739+00:00;ok;
HVEGAS001;The Venetian Resort Las Vegas;Las Vegas;United States;booking_via_agoda;agoda;3038.0;Booking.com;92acdd483bd63922;01/08/2024;2024;;;10.0;0.0;10.0;10.0;https://www.agoda.com/api/cronos/property/review/HotelReviews?hotelId=2937&pageSize=50&referer=https%3A%2F%2Fwww.agoda.com%2Fvenetian-resort-hotel-casino%2Fhotel%2Flas-vegas-nv-us.html&providerMode=separate;22;2026-06-07T16:23:33.156739+00:00;ok;
HVEGAS001;The Venetian Resort Las Vegas;Las Vegas;United States;booking_via_agoda;agoda;3038.0;Booking.com;bc4265ca5b1343e4;01/08/2024;2024;;;9.0;0.0;10.0;9.0;https://www.agoda.com/api/cronos/property/review/HotelReviews?hotelId=2937&pageSize=50&referer=https%3A%2F%2Fwww.agoda.com%2Fvenetian-resort-hotel-casino%2Fhotel%2Flas-vegas-nv-us.html&providerMode=separate;22;2026-06-07T16:23:33.156739+00:00;ok;
HVEGAS001;The Venetian Resort Las Vegas;Las Vegas;United States;booking_via_agoda;agoda;3038.0;Booking.com;f6e627eb08da120a;01/08/2024;2024;;;9.0;0.0;10.0;9.0;https://www.agoda.com/api/cronos/property/review/HotelReviews?hotelId=2937&pageSize=50&referer=https%3A%2F%2Fwww.agoda.com%2Fvenetian-resort-hotel-casino%2Fhotel%2Flas-vegas-nv-us.html&providerMode=separate;22;2026-06-07T16:23:33.156739+00:00;ok;
HVEGAS001;The Venetian Resort Las Vegas;Las Vegas;United States;booking_via_agoda;agoda;3038.0;Booking.com;374f3d4bad6079bf;01/08/2024;2024;;;10.0;0.0;10.0;10.0;https://www.agoda.com/api/cronos/property/review/HotelReviews?hotelId=2937&pageSize=50&referer=https%3A%2F%2Fwww.agoda.com%2Fvenetian-resort-hotel-casino%2Fhotel%2Flas-vegas-nv-us.html&providerMode=separate;22;2026-06-07T16:23:33.156739+00:00;ok;
HVEGAS001;The Venetian Resort Las Vegas;Las Vegas;United States;booking_via_agoda;agoda;3038.0;Booking.com;b7ae8b2ee408a53c;02/08/2024;2024;;;8.0;0.0;10.0;8.0;https://www.agoda.com/api/cronos/property/review/HotelReviews?hotelId=2937&pageSize=50&referer=https%3A%2F%2Fwww.agoda.com%2Fvenetian-resort-hotel-casino%2Fhotel%2Flas-vegas-nv-us.html&providerMode=separate;21;2026-06-07T16:23:33.156739+00:00;ok;
HVEGAS001;The Venetian Resort Las Vegas;Las Vegas;United States;booking_via_agoda;agoda;3038.0;Booking.com;532bf63effcd24ac;02/08/2024;2024;;;10.0;0.0;10.0;10.0;https://www.agoda.com/api/cronos/property/review/HotelReviews?hotelId=2937&pageSize=50&referer=https%3A%2F%2Fwww.agoda.com%2Fvenetian-resort-hotel-casino%2Fhotel%2Flas-vegas-nv-us.html&providerMode=separate;21;2026-06-07T16:23:33.156739+00:00;ok;
HVEGAS001;The Venetian Resort Las Vegas;Las Vegas;United States;booking_via_agoda;agoda;3038.0;Booking.com;a690a59bd9a9ff04;02/08/2024;2024;;;9.0;0.0;10.0;9.0;https://www.agoda.com/api/cronos/property/review/HotelReviews?hotelId=2937&pageSize=50&referer=https%3A%2F%2Fwww.agoda.com%2Fvenetian-resort-hotel-casino%2Fhotel%2Flas-vegas-nv-us.html&providerMode=separate;22;2026-06-07T16:23:33.156739+00:00;ok;
HVEGAS001;The Venetian Resort Las Vegas;Las Vegas;United States;booking_via_agoda;agoda;3038.0;Booking.com;9d7220d0e977099a;02/08/2024;2024;;;10.0;0.0;10.0;10.0;https://www.agoda.com/api/cronos/property/review/HotelReviews?hotelId=2937&pageSize=50&referer=https%3A%2F%2Fwww.agoda.com%2Fvenetian-resort-hotel-casino%2Fhotel%2Flas-vegas-nv-us.html&providerMode=separate;22;2026-06-07T16:23:33.156739+00:00;ok;
HVEGAS001;The Venetian Resort Las Vegas;Las Vegas;United States;booking_via_agoda;agoda;3038.0;Booking.com;d670a404107881c5;02/08/2024;2024;;;7.0;0.0;10.0;7.0;https://www.agoda.com/api/cronos/property/review/HotelReviews?hotelId=2937&pageSize=50&referer=https%3A%2F%2Fwww.agoda.com%2Fvenetian-resort-hotel-casino%2Fhotel%2Flas-vegas-nv-us.html&providerMode=separate;22;2026-06-07T16:23:33.156739+00:00;ok;
HVEGAS001;The Venetian Resort Las Vegas;Las Vegas;United States;booking_via_agoda;agoda;3038.0;Booking.com;7421ee81b2b50712;03/08/2024;2024;;;3.0;0.0;10.0;3.0;https://www.agoda.com/api/cronos/property/review/HotelReviews?hotelId=2937&pageSize=50&referer=https%3A%2F%2Fwww.agoda.com%2Fvenetian-resort-hotel-casino%2Fhotel%2Flas-vegas-nv-us.html&providerMode=separate;21;2026-06-07T16:23:33.156739+00:00;ok;
HVEGAS001;The Venetian Resort Las Vegas;Las Vegas;United States;booking_via_agoda;agoda;3038.0;Booking.com;79ef057730987062;03/08/2024;2024;;;1.0;0.0;10.0;1.0;https://www.agoda.com/api/cronos/property/review/HotelReviews?hotelId=2937&pageSize=50&referer=https%3A%2F%2Fwww.agoda.com%2Fvenetian-resort-hotel-casino%2Fhotel%2Flas-vegas-nv-us.html&providerMode=separate;21;2026-06-07T16:23:33.156739+00:00;ok;
HVEGAS001;The Venetian Resort Las Vegas;Las Vegas;United States;booking_via_agoda;agoda;3038.0;Booking.com;84c34ec7b70defd1;03/08/2024;2024;;;5.0;0.0;10.0;5.0;https://www.agoda.com/api/cronos/property/review/HotelReviews?hotelId=2937&pageSize=50&referer=https%3A%2F%2Fwww.agoda.com%2Fvenetian-resort-hotel-casino%2Fhotel%2Flas-vegas-nv-us.html&providerMode=separate;21;2026-06-07T16:23:33.156739+00:00;ok;
HVEGAS001;The Venetian Resort Las Vegas;Las Vegas;United States;booking_via_agoda;agoda;3038.0;Booking.com;82ef2a7ee29897d5;03/08/2024;2024;;;10.0;0.0;10.0;10.0;https://www.agoda.com/api/cronos/property/review/HotelReviews?hotelId=2937&pageSize=50&referer=https%3A%2F%2Fwww.agoda.com%2Fvenetian-resort-hotel-casino%2Fhotel%2Flas-vegas-nv-us.html&providerMode=separate;21;2026-06-07T16:23:33.156739+00:00;ok;
HVEGAS001;The Venetian Resort Las Vegas;Las Vegas;United States;booking_via_agoda;agoda;3038.0;Booking.com;c46bc7f449ffd2a8;04/08/2024;2024;;;8.0;0.0;10.0;8.0;https://www.agoda.com/api/cronos/property/review/HotelReviews?hotelId=2937&pageSize=50&referer=https%3A%2F%2Fwww.agoda.com%2Fvenetian-resort-hotel-casino%2Fhotel%2Flas-vegas-nv-us.html&providerMode=separate;21;2026-06-07T16:23:33.156739+00:00;ok;
HVEGAS001;The Venetian Resort Las Vegas;Las Vegas;United States;booking_via_agoda;agoda;3038.0;Booking.com;9f206718a15e6c6c;04/08/2024;2024;;;8.0;0.0;10.0;8.0;https://www.agoda.com/api/cronos/property/review/HotelReviews?hotelId=2937&pageSize=50&referer=https%3A%2F%2Fwww.agoda.com%2Fvenetian-resort-hotel-casino%2Fhotel%2Flas-vegas-nv-us.html&providerMode=separate;21;2026-06-07T16:23:33.156739+00:00;ok;
HVEGAS001;The Venetian Resort Las Vegas;Las Vegas;United States;booking_via_agoda;agoda;3038.0;Booking.com;35d4d443ee12a102;04/08/2024;2024;;;7.0;0.0;10.0;7.0;https://www.agoda.com/api/cronos/property/review/HotelReviews?hotelId=2937&pageSize=50&referer=https%3A%2F%2Fwww.agoda.com%2Fvenetian-resort-hotel-casino%2Fhotel%2Flas-vegas-nv-us.html&providerMode=separate;21;2026-06-07T16:23:33.156739+00:00;ok;
HVEGAS001;The Venetian Resort Las Vegas;Las Vegas;United States;booking_via_agoda;agoda;3038.0;Booking.com;71f77eafed6b62d5;05/08/2024;2024;;;10.0;0.0;10.0;10.0;https://www.agoda.com/api/cronos/property/review/HotelReviews?hotelId=2937&pageSize=50&referer=https%3A%2F%2Fwww.agoda.com%2Fvenetian-resort-hotel-casino%2Fhotel%2Flas-vegas-nv-us.html&providerMode=separate;21;2026-06-07T16:23:33.156739+00:00;ok;
HVEGAS001;The Venetian Resort Las Vegas;Las Vegas;United States;booking_via_agoda;agoda;3038.0;Booking.com;fcf4c42b6805610f;05/08/2024;2024;;;4.0;0.0;10.0;4.0;https://www.agoda.com/api/cronos/property/review/HotelReviews?hotelId=2937&pageSize=50&referer=https%3A%2F%2Fwww.agoda.com%2Fvenetian-resort-hotel-casino%2Fhotel%2Flas-vegas-nv-us.html&providerMode=separate;21;2026-06-07T16:23:33.156739+00:00;ok;
HVEGAS001;The Venetian Resort Las Vegas;Las Vegas;United States;booking_via_agoda;agoda;3038.0;Booking.com;10a10a13b3802570;05/08/2024;2024;;;5.0;0.0;10.0;5.0;https://www.agoda.com/api/cronos/property/review/HotelReviews?hotelId=2937&pageSize=50&referer=https%3A%2F%2Fwww.agoda.com%2Fvenetian-resort-hotel-casino%2Fhotel%2Flas-vegas-nv-us.html&providerMode=separate;21;2026-06-07T16:23:33.156739+00:00;ok;
HVEGAS001;The Venetian Resort Las Vegas;Las Vegas;United States;booking_via_agoda;agoda;3038.0;Booking.com;ccb2013ab034fcc3;05/08/2024;2024;;;9.0;0.0;10.0;9.0;https://www.agoda.com/api/cronos/property/review/HotelReviews?hotelId=2937&pageSize=50&referer=https%3A%2F%2Fwww.agoda.com%2Fvenetian-resort-hotel-casino%2Fhotel%2Flas-vegas-nv-us.html&providerMode=separate;21;2026-06-07T16:23:33.156739+00:00;ok;
HVEGAS001;The Venetian Resort Las Vegas;Las Vegas;United States;booking_via_agoda;agoda;3038.0;Booking.com;705164b8c38bf657;06/08/2024;2024;;;10.0;0.0;10.0;10.0;https://www.agoda.com/api/cronos/property/review/HotelReviews?hotelId=2937&pageSize=50&referer=https%3A%2F%2Fwww.agoda.com%2Fvenetian-resort-hotel-casino%2Fhotel%2Flas-vegas-nv-us.html&providerMode=separate;21;2026-06-07T16:23:33.156739+00:00;ok;
HVEGAS001;The Venetian Resort Las Vegas;Las Vegas;United States;booking_via_agoda;agoda;3038.0;Booking.com;88153fe6e0b7909a;07/08/2024;2024;;;9.0;0.0;10.0;9.0;https://www.agoda.com/api/cronos/property/review/HotelReviews?hotelId=2937&pageSize=50&referer=https%3A%2F%2Fwww.agoda.com%2Fvenetian-resort-hotel-casino%2Fhotel%2Flas-vegas-nv-us.html&providerMode=separate;21;2026-06-07T16:23:33.156739+00:00;ok;
HVEGAS001;The Venetian Resort Las Vegas;Las Vegas;United States;booking_via_agoda;agoda;3038.0;Booking.com;8f93a66f0d377ec8;07/08/2024;2024;;;6.0;0.0;10.0;6.0;https://www.agoda.com/api/cronos/property/review/HotelReviews?hotelId=2937&pageSize=50&referer=https%3A%2F%2Fwww.agoda.com%2Fvenetian-resort-hotel-casino%2Fhotel%2Flas-vegas-nv-us.html&providerMode=separate;21;2026-06-07T16:23:33.156739+00:00;ok;
HVEGAS001;The Venetian Resort Las Vegas;Las Vegas;United States;booking_via_agoda;agoda;3038.0;Booking.com;435065078b7b9258;09/08/2024;2024;;;6.0;0.0;10.0;6.0;https://www.agoda.com/api/cronos/property/review/HotelReviews?hotelId=2937&pageSize=50&referer=https%3A%2F%2Fwww.agoda.com%2Fvenetian-resort-hotel-casino%2Fhotel%2Flas-vegas-nv-us.html&providerMode=separate;21;2026-06-07T16:23:33.156739+00:00;ok;
HVEGAS001;The Venetian Resort Las Vegas;Las Vegas;United States;booking_via_agoda;agoda;3038.0;Booking.com;945a90a6e469ee6c;09/08/2024;2024;;;8.0;0.0;10.0;8.0;https://www.agoda.com/api/cronos/property/review/HotelReviews?hotelId=2937&pageSize=50&referer=https%3A%2F%2Fwww.agoda.com%2Fvenetian-resort-hotel-casino%2Fhotel%2Flas-vegas-nv-us.html&providerMode=separate;21;2026-06-07T16:23:33.156739+00:00;ok;
HVEGAS001;The Venetian Resort Las Vegas;Las Vegas;United States;booking_via_agoda;agoda;3038.0;Booking.com;2a98b7aa5c54479f;10/08/2024;2024;;;4.0;0.0;10.0;4.0;https://www.agoda.com/api/cronos/property/review/HotelReviews?hotelId=2937&pageSize=50&referer=https%3A%2F%2Fwww.agoda.com%2Fvenetian-resort-hotel-casino%2Fhotel%2Flas-vegas-nv-us.html&providerMode=separate;21;2026-06-07T16:23:33.156739+00:00;ok;
HVEGAS001;The Venetian Resort Las Vegas;Las Vegas;United States;booking_via_agoda;agoda;3038.0;Booking.com;ad217ce2c3299cfc;11/08/2024;2024;;;10.0;0.0;10.0;10.0;https://www.agoda.com/api/cronos/property/review/HotelReviews?hotelId=2937&pageSize=50&referer=https%3A%2F%2Fwww.agoda.com%2Fvenetian-resort-hotel-casino%2Fhotel%2Flas-vegas-nv-us.html&providerMode=separate;21;2026-06-07T16:23:33.156739+00:00;ok;
HVEGAS001;The Venetian Resort Las Vegas;Las Vegas;United States;booking_via_agoda;agoda;3038.0;Booking.com;ccff1b9e1b7cd2f3;11/08/2024;2024;;;10.0;0.0;10.0;10.0;https://www.agoda.com/api/cronos/property/review/HotelReviews?hotelId=2937&pageSize=50&referer=https%3A%2F%2Fwww.agoda.com%2Fvenetian-resort-hotel-casino%2Fhotel%2Flas-vegas-nv-us.html&providerMode=separate;21;2026-06-07T16:23:33.156739+00:00;ok;
HVEGAS001;The Venetian Resort Las Vegas;Las Vegas;United States;booking_via_agoda;agoda;3038.0;Booking.com;339a26e1aec925e3;12/08/2024;2024;;;10.0;0.0;10.0;10.0;https://www.agoda.com/api/cronos/property/review/HotelReviews?hotelId=2937&pageSize=50&referer=https%3A%2F%2Fwww.agoda.com%2Fvenetian-resort-hotel-casino%2Fhotel%2Flas-vegas-nv-us.html&providerMode=separate;21;2026-06-07T16:23:33.156739+00:00;ok;
HVEGAS001;The Venetian Resort Las Vegas;Las Vegas;United States;booking_via_agoda;agoda;3038.0;Booking.com;ddec995753fef73b;12/08/2024;2024;;;6.0;0.0;10.0;6.0;https://www.agoda.com/api/cronos/property/review/HotelReviews?hotelId=2937&pageSize=50&referer=https%3A%2F%2Fwww.agoda.com%2Fvenetian-resort-hotel-casino%2Fhotel%2Flas-vegas-nv-us.html&providerMode=separate;21;2026-06-07T16:23:33.156739+00:00;ok;
HVEGAS001;The Venetian Resort Las Vegas;Las Vegas;United States;booking_via_agoda;agoda;3038.0;Booking.com;638f2854d1b02065;12/08/2024;2024;;;10.0;0.0;10.0;10.0;https://www.agoda.com/api/cronos/property/review/HotelReviews?hotelId=2937&pageSize=50&referer=https%3A%2F%2Fwww.agoda.com%2Fvenetian-resort-hotel-casino%2Fhotel%2Flas-vegas-nv-us.html&providerMode=separate;21;2026-06-07T16:23:33.156739+00:00;ok;
HVEGAS001;The Venetian Resort Las Vegas;Las Vegas;United States;booking_via_agoda;agoda;3038.0;Booking.com;70ee66850be4762d;12/08/2024;2024;;;10.0;0.0;10.0;10.0;https://www.agoda.com/api/cronos/property/review/HotelReviews?hotelId=2937&pageSize=50&referer=https%3A%2F%2Fwww.agoda.com%2Fvenetian-resort-hotel-casino%2Fhotel%2Flas-vegas-nv-us.html&providerMode=separate;21;2026-06-07T16:23:33.156739+00:00;ok;
HVEGAS001;The Venetian Resort Las Vegas;Las Vegas;United States;booking_via_agoda;agoda;3038.0;Booking.com;1e72bceb3423d838;12/08/2024;2024;;;10.0;0.0;10.0;10.0;https://www.agoda.com/api/cronos/property/review/HotelReviews?hotelId=2937&pageSize=50&referer=https%3A%2F%2Fwww.agoda.com%2Fvenetian-resort-hotel-casino%2Fhotel%2Flas-vegas-nv-us.html&providerMode=separate;21;2026-06-07T16:23:33.156739+00:00;ok;
HVEGAS001;The Venetian Resort Las Vegas;Las Vegas;United States;booking_via_agoda;agoda;3038.0;Booking.com;f934b5e8d0affe6f;13/08/2024;2024;;;10.0;0.0;10.0;10.0;https://www.agoda.com/api/cronos/property/review/HotelReviews?hotelId=2937&pageSize=50&referer=https%3A%2F%2Fwww.agoda.com%2Fvenetian-resort-hotel-casino%2Fhotel%2Flas-vegas-nv-us.html&providerMode=separate;21;2026-06-07T16:23:33.156739+00:00;ok;
HVEGAS001;The Venetian Resort Las Vegas;Las Vegas;United States;booking_via_agoda;agoda;3038.0;Booking.com;3cc5dd7fd11ebce0;13/08/2024;2024;;;10.0;0.0;10.0;10.0;https://www.agoda.com/api/cronos/property/review/HotelReviews?hotelId=2937&pageSize=50&referer=https%3A%2F%2Fwww.agoda.com%2Fvenetian-resort-hotel-casino%2Fhotel%2Flas-vegas-nv-us.html&providerMode=separate;21;2026-06-07T16:23:33.156739+00:00;ok;
HVEGAS001;The Venetian Resort Las Vegas;Las Vegas;United States;booking_via_agoda;agoda;3038.0;Booking.com;d3e1a2065ef15c9c;13/08/2024;2024;;;10.0;0.0;10.0;10.0;https://www.agoda.com/api/cronos/property/review/HotelReviews?hotelId=2937&pageSize=50&referer=https%3A%2F%2Fwww.agoda.com%2Fvenetian-resort-hotel-casino%2Fhotel%2Flas-vegas-nv-us.html&providerMode=separate;21;2026-06-07T16:23:33.156739+00:00;ok;
HVEGAS001;The Venetian Resort Las Vegas;Las Vegas;United States;booking_via_agoda;agoda;3038.0;Booking.com;5f0c70eb7cb82a75;13/08/2024;2024;;;10.0;0.0;10.0;10.0;https://www.agoda.com/api/cronos/property/review/HotelReviews?hotelId=2937&pageSize=50&referer=https%3A%2F%2Fwww.agoda.com%2Fvenetian-resort-hotel-casino%2Fhotel%2Flas-vegas-nv-us.html&providerMode=separate;21;2026-06-07T16:23:33.156739+00:00;ok;
HVEGAS001;The Venetian Resort Las Vegas;Las Vegas;United States;booking_via_agoda;agoda;3038.0;Booking.com;8c093413a54a53c3;13/08/2024;2024;;;10.0;0.0;10.0;10.0;https://www.agoda.com/api/cronos/property/review/HotelReviews?hotelId=2937&pageSize=50&referer=https%3A%2F%2Fwww.agoda.com%2Fvenetian-resort-hotel-casino%2Fhotel%2Flas-vegas-nv-us.html&providerMode=separate;21;2026-06-07T16:23:33.156739+00:00;ok;
HVEGAS001;The Venetian Resort Las Vegas;Las Vegas;United States;booking_via_agoda;agoda;3038.0;Booking.com;5a23f0fd4bbccaf2;14/08/2024;2024;;;10.0;0.0;10.0;10.0;https://www.agoda.com/api/cronos/property/review/HotelReviews?hotelId=2937&pageSize=50&referer=https%3A%2F%2Fwww.agoda.com%2Fvenetian-resort-hotel-casino%2Fhotel%2Flas-vegas-nv-us.html&providerMode=separate;21;2026-06-07T16:23:33.156739+00:00;ok;
HVEGAS001;The Venetian Resort Las Vegas;Las Vegas;United States;booking_via_agoda;agoda;3038.0;Booking.com;a2772aff716c8f4d;15/08/2024;2024;;;10.0;0.0;10.0;10.0;https://www.agoda.com/api/cronos/property/review/HotelReviews?hotelId=2937&pageSize=50&referer=https%3A%2F%2Fwww.agoda.com%2Fvenetian-resort-hotel-casino%2Fhotel%2Flas-vegas-nv-us.html&providerMode=separate;21;2026-06-07T16:23:33.156739+00:00;ok;
HVEGAS001;The Venetian Resort Las Vegas;Las Vegas;United States;booking_via_agoda;agoda;3038.0;Booking.com;397c9b01410c4d3b;15/08/2024;2024;;;10.0;0.0;10.0;10.0;https://www.agoda.com/api/cronos/property/review/HotelReviews?hotelId=2937&pageSize=50&referer=https%3A%2F%2Fwww.agoda.com%2Fvenetian-resort-hotel-casino%2Fhotel%2Flas-vegas-nv-us.html&providerMode=separate;21;2026-06-07T16:23:33.156739+00:00;ok;
HVEGAS001;The Venetian Resort Las Vegas;Las Vegas;United States;booking_via_agoda;agoda;3038.0;Booking.com;ae9ebebce6415742;15/08/2024;2024;;;10.0;0.0;10.0;10.0;https://www.agoda.com/api/cronos/property/review/HotelReviews?hotelId=2937&pageSize=50&referer=https%3A%2F%2Fwww.agoda.com%2Fvenetian-resort-hotel-casino%2Fhotel%2Flas-vegas-nv-us.html&providerMode=separate;21;2026-06-07T16:23:33.156739+00:00;ok;
HVEGAS001;The Venetian Resort Las Vegas;Las Vegas;United States;booking_via_agoda;agoda;3038.0;Booking.com;24a229bbe96fc0ed;16/08/2024;2024;;;10.0;0.0;10.0;10.0;https://www.agoda.com/api/cronos/property/review/HotelReviews?hotelId=2937&pageSize=50&referer=https%3A%2F%2Fwww.agoda.com%2Fvenetian-resort-hotel-casino%2Fhotel%2Flas-vegas-nv-us.html&providerMode=separate;21;2026-06-07T16:23:33.156739+00:00;ok;
HVEGAS001;The Venetian Resort Las Vegas;Las Vegas;United States;booking_via_agoda;agoda;3038.0;Booking.com;d571b9f688791aa6;18/08/2024;2024;;;8.0;0.0;10.0;8.0;https://www.agoda.com/api/cronos/property/review/HotelReviews?hotelId=2937&pageSize=50&referer=https%3A%2F%2Fwww.agoda.com%2Fvenetian-resort-hotel-casino%2Fhotel%2Flas-vegas-nv-us.html&providerMode=separate;21;2026-06-07T16:23:33.156739+00:00;ok;
HVEGAS001;The Venetian Resort Las Vegas;Las Vegas;United States;booking_via_agoda;agoda;3038.0;Booking.com;0353394c374fbc8b;18/08/2024;2024;;;10.0;0.0;10.0;10.0;https://www.agoda.com/api/cronos/property/review/HotelReviews?hotelId=2937&pageSize=50&referer=https%3A%2F%2Fwww.agoda.com%2Fvenetian-resort-hotel-casino%2Fhotel%2Flas-vegas-nv-us.html&providerMode=separate;21;2026-06-07T16:23:33.156739+00:00;ok;
HVEGAS001;The Venetian Resort Las Vegas;Las Vegas;United States;booking_via_agoda;agoda;3038.0;Booking.com;119e6ffc32aba3da;18/08/2024;2024;;;5.0;0.0;10.0;5.0;https://www.agoda.com/api/cronos/property/review/HotelReviews?hotelId=2937&pageSize=50&referer=https%3A%2F%2Fwww.agoda.com%2Fvenetian-resort-hotel-casino%2Fhotel%2Flas-vegas-nv-us.html&providerMode=separate;21;2026-06-07T16:23:33.156739+00:00;ok;
HVEGAS001;The Venetian Resort Las Vegas;Las Vegas;United States;booking_via_agoda;agoda;3038.0;Booking.com;ebd55c6ed3852d59;18/08/2024;2024;;;10.0;0.0;10.0;10.0;https://www.agoda.com/api/cronos/property/review/HotelReviews?hotelId=2937&pageSize=50&referer=https%3A%2F%2Fwww.agoda.com%2Fvenetian-resort-hotel-casino%2Fhotel%2Flas-vegas-nv-us.html&providerMode=separate;21;2026-06-07T16:23:33.156739+00:00;ok;
HVEGAS001;The Venetian Resort Las Vegas;Las Vegas;United States;booking_via_agoda;agoda;3038.0;Booking.com;22bf8858d15d4dc7;19/08/2024;2024;;;10.0;0.0;10.0;10.0;https://www.agoda.com/api/cronos/property/review/HotelReviews?hotelId=2937&pageSize=50&referer=https%3A%2F%2Fwww.agoda.com%2Fvenetian-resort-hotel-casino%2Fhotel%2Flas-vegas-nv-us.html&providerMode=separate;21;2026-06-07T16:23:33.156739+00:00;ok;
HVEGAS001;The Venetian Resort Las Vegas;Las Vegas;United States;booking_via_agoda;agoda;3038.0;Booking.com;03c4837d8847dbfa;20/08/2024;2024;;;9.0;0.0;10.0;9.0;https://www.agoda.com/api/cronos/property/review/HotelReviews?hotelId=2937&pageSize=50&referer=https%3A%2F%2Fwww.agoda.com%2Fvenetian-resort-hotel-casino%2Fhotel%2Flas-vegas-nv-us.html&providerMode=separate;21;2026-06-07T16:23:33.156739+00:00;ok;
HVEGAS001;The Venetian Resort Las Vegas;Las Vegas;United States;booking_via_agoda;agoda;3038.0;Booking.com;4ad36b759f2d613d;20/08/2024;2024;;;1.0;0.0;10.0;1.0;https://www.agoda.com/api/cronos/property/review/HotelReviews?hotelId=2937&pageSize=50&referer=https%3A%2F%2Fwww.agoda.com%2Fvenetian-resort-hotel-casino%2Fhotel%2Flas-vegas-nv-us.html&providerMode=separate;21;2026-06-07T16:23:33.156739+00:00;ok;
HVEGAS001;The Venetian Resort Las Vegas;Las Vegas;United States;booking_via_agoda;agoda;3038.0;Booking.com;fb48a9ac1c65c736;20/08/2024;2024;;;10.0;0.0;10.0;10.0;https://www.agoda.com/api/cronos/property/review/HotelReviews?hotelId=2937&pageSize=50&referer=https%3A%2F%2Fwww.agoda.com%2Fvenetian-resort-hotel-casino%2Fhotel%2Flas-vegas-nv-us.html&providerMode=separate;21;2026-06-07T16:23:33.156739+00:00;ok;
HVEGAS001;The Venetian Resort Las Vegas;Las Vegas;United States;booking_via_agoda;agoda;3038.0;Booking.com;32e5e725704366be;20/08/2024;2024;;;10.0;0.0;10.0;10.0;https://www.agoda.com/api/cronos/property/review/HotelReviews?hotelId=2937&pageSize=50&referer=https%3A%2F%2Fwww.agoda.com%2Fvenetian-resort-hotel-casino%2Fhotel%2Flas-vegas-nv-us.html&providerMode=separate;21;2026-06-07T16:23:33.156739+00:00;ok;
HVEGAS001;The Venetian Resort Las Vegas;Las Vegas;United States;booking_via_agoda;agoda;3038.0;Booking.com;edba430c0236c714;20/08/2024;2024;;;5.0;0.0;10.0;5.0;https://www.agoda.com/api/cronos/property/review/HotelReviews?hotelId=2937&pageSize=50&referer=https%3A%2F%2Fwww.agoda.com%2Fvenetian-resort-hotel-casino%2Fhotel%2Flas-vegas-nv-us.html&providerMode=separate;21;2026-06-07T16:23:33.156739+00:00;ok;
HVEGAS001;The Venetian Resort Las Vegas;Las Vegas;United States;booking_via_agoda;agoda;3038.0;Booking.com;d57a1cc74baf2183;20/08/2024;2024;;;7.0;0.0;10.0;7.0;https://www.agoda.com/api/cronos/property/review/HotelReviews?hotelId=2937&pageSize=50&referer=https%3A%2F%2Fwww.agoda.com%2Fvenetian-resort-hotel-casino%2Fhotel%2Flas-vegas-nv-us.html&providerMode=separate;21;2026-06-07T16:23:33.156739+00:00;ok;
HVEGAS001;The Venetian Resort Las Vegas;Las Vegas;United States;booking_via_agoda;agoda;3038.0;Booking.com;99a2e912999be987;21/08/2024;2024;;;10.0;0.0;10.0;10.0;https://www.agoda.com/api/cronos/property/review/HotelReviews?hotelId=2937&pageSize=50&referer=https%3A%2F%2Fwww.agoda.com%2Fvenetian-resort-hotel-casino%2Fhotel%2Flas-vegas-nv-us.html&providerMode=separate;21;2026-06-07T16:23:33.156739+00:00;ok;
HVEGAS001;The Venetian Resort Las Vegas;Las Vegas;United States;booking_via_agoda;agoda;3038.0;Booking.com;3f0b5a1d23acce76;22/08/2024;2024;;;9.0;0.0;10.0;9.0;https://www.agoda.com/api/cronos/property/review/HotelReviews?hotelId=2937&pageSize=50&referer=https%3A%2F%2Fwww.agoda.com%2Fvenetian-resort-hotel-casino%2Fhotel%2Flas-vegas-nv-us.html&providerMode=separate;20;2026-06-07T16:23:33.156739+00:00;ok;
HVEGAS001;The Venetian Resort Las Vegas;Las Vegas;United States;booking_via_agoda;agoda;3038.0;Booking.com;cb23c26e491ce17a;22/08/2024;2024;;;8.0;0.0;10.0;8.0;https://www.agoda.com/api/cronos/property/review/HotelReviews?hotelId=2937&pageSize=50&referer=https%3A%2F%2Fwww.agoda.com%2Fvenetian-resort-hotel-casino%2Fhotel%2Flas-vegas-nv-us.html&providerMode=separate;21;2026-06-07T16:23:33.156739+00:00;ok;
HVEGAS001;The Venetian Resort Las Vegas;Las Vegas;United States;booking_via_agoda;agoda;3038.0;Booking.com;4a5c3294180ee4da;22/08/2024;2024;;;10.0;0.0;10.0;10.0;https://www.agoda.com/api/cronos/property/review/HotelReviews?hotelId=2937&pageSize=50&referer=https%3A%2F%2Fwww.agoda.com%2Fvenetian-resort-hotel-casino%2Fhotel%2Flas-vegas-nv-us.html&providerMode=separate;21;2026-06-07T16:23:33.156739+00:00;ok;
HVEGAS001;The Venetian Resort Las Vegas;Las Vegas;United States;booking_via_agoda;agoda;3038.0;Booking.com;9339333aa9453ada;23/08/2024;2024;;;10.0;0.0;10.0;10.0;https://www.agoda.com/api/cronos/property/review/HotelReviews?hotelId=2937&pageSize=50&referer=https%3A%2F%2Fwww.agoda.com%2Fvenetian-resort-hotel-casino%2Fhotel%2Flas-vegas-nv-us.html&providerMode=separate;20;2026-06-07T16:23:33.156739+00:00;ok;
HVEGAS001;The Venetian Resort Las Vegas;Las Vegas;United States;booking_via_agoda;agoda;3038.0;Booking.com;4cb57f24a03e4db8;23/08/2024;2024;;;7.0;0.0;10.0;7.0;https://www.agoda.com/api/cronos/property/review/HotelReviews?hotelId=2937&pageSize=50&referer=https%3A%2F%2Fwww.agoda.com%2Fvenetian-resort-hotel-casino%2Fhotel%2Flas-vegas-nv-us.html&providerMode=separate;20;2026-06-07T16:23:33.156739+00:00;ok;
HVEGAS001;The Venetian Resort Las Vegas;Las Vegas;United States;booking_via_agoda;agoda;3038.0;Booking.com;bf2a6e47a33be67f;24/08/2024;2024;;;8.0;0.0;10.0;8.0;https://www.agoda.com/api/cronos/property/review/HotelReviews?hotelId=2937&pageSize=50&referer=https%3A%2F%2Fwww.agoda.com%2Fvenetian-resort-hotel-casino%2Fhotel%2Flas-vegas-nv-us.html&providerMode=separate;20;2026-06-07T16:23:33.156739+00:00;ok;
HVEGAS001;The Venetian Resort Las Vegas;Las Vegas;United States;booking_via_agoda;agoda;3038.0;Booking.com;f582feea75cd8b38;24/08/2024;2024;;;8.0;0.0;10.0;8.0;https://www.agoda.com/api/cronos/property/review/HotelReviews?hotelId=2937&pageSize=50&referer=https%3A%2F%2Fwww.agoda.com%2Fvenetian-resort-hotel-casino%2Fhotel%2Flas-vegas-nv-us.html&providerMode=separate;20;2026-06-07T16:23:33.156739+00:00;ok;
HVEGAS001;The Venetian Resort Las Vegas;Las Vegas;United States;booking_via_agoda;agoda;3038.0;Booking.com;7288209716e93b0b;25/08/2024;2024;;;7.0;0.0;10.0;7.0;https://www.agoda.com/api/cronos/property/review/HotelReviews?hotelId=2937&pageSize=50&referer=https%3A%2F%2Fwww.agoda.com%2Fvenetian-resort-hotel-casino%2Fhotel%2Flas-vegas-nv-us.html&providerMode=separate;20;2026-06-07T16:23:33.156739+00:00;ok;
HVEGAS001;The Venetian Resort Las Vegas;Las Vegas;United States;booking_via_agoda;agoda;3038.0;Booking.com;088fc6e55b215637;25/08/2024;2024;;;7.0;0.0;10.0;7.0;https://www.agoda.com/api/cronos/property/review/HotelReviews?hotelId=2937&pageSize=50&referer=https%3A%2F%2Fwww.agoda.com%2Fvenetian-resort-hotel-casino%2Fhotel%2Flas-vegas-nv-us.html&providerMode=separate;20;2026-06-07T16:23:33.156739+00:00;ok;
HVEGAS001;The Venetian Resort Las Vegas;Las Vegas;United States;booking_via_agoda;agoda;3038.0;Booking.com;a11f5e8b4826ecda;26/08/2024;2024;;;6.0;0.0;10.0;6.0;https://www.agoda.com/api/cronos/property/review/HotelReviews?hotelId=2937&pageSize=50&referer=https%3A%2F%2Fwww.agoda.com%2Fvenetian-resort-hotel-casino%2Fhotel%2Flas-vegas-nv-us.html&providerMode=separate;20;2026-06-07T16:23:33.156739+00:00;ok;
HVEGAS001;The Venetian Resort Las Vegas;Las Vegas;United States;booking_via_agoda;agoda;3038.0;Booking.com;6a1787d2f0a9c3ef;26/08/2024;2024;;;10.0;0.0;10.0;10.0;https://www.agoda.com/api/cronos/property/review/HotelReviews?hotelId=2937&pageSize=50&referer=https%3A%2F%2Fwww.agoda.com%2Fvenetian-resort-hotel-casino%2Fhotel%2Flas-vegas-nv-us.html&providerMode=separate;20;2026-06-07T16:23:33.156739+00:00;ok;
HVEGAS001;The Venetian Resort Las Vegas;Las Vegas;United States;booking_via_agoda;agoda;3038.0;Booking.com;3a57c0c26daa4c9a;26/08/2024;2024;;;10.0;0.0;10.0;10.0;https://www.agoda.com/api/cronos/property/review/HotelReviews?hotelId=2937&pageSize=50&referer=https%3A%2F%2Fwww.agoda.com%2Fvenetian-resort-hotel-casino%2Fhotel%2Flas-vegas-nv-us.html&providerMode=separate;20;2026-06-07T16:23:33.156739+00:00;ok;
HVEGAS001;The Venetian Resort Las Vegas;Las Vegas;United States;booking_via_agoda;agoda;3038.0;Booking.com;5d09375e1913ebc6;27/08/2024;2024;;;10.0;0.0;10.0;10.0;https://www.agoda.com/api/cronos/property/review/HotelReviews?hotelId=2937&pageSize=50&referer=https%3A%2F%2Fwww.agoda.com%2Fvenetian-resort-hotel-casino%2Fhotel%2Flas-vegas-nv-us.html&providerMode=separate;20;2026-06-07T16:23:33.156739+00:00;ok;
HVEGAS001;The Venetian Resort Las Vegas;Las Vegas;United States;booking_via_agoda;agoda;3038.0;Booking.com;927e286ad7837274;27/08/2024;2024;;;8.0;0.0;10.0;8.0;https://www.agoda.com/api/cronos/property/review/HotelReviews?hotelId=2937&pageSize=50&referer=https%3A%2F%2Fwww.agoda.com%2Fvenetian-resort-hotel-casino%2Fhotel%2Flas-vegas-nv-us.html&providerMode=separate;20;2026-06-07T16:23:33.156739+00:00;ok;
HVEGAS001;The Venetian Resort Las Vegas;Las Vegas;United States;booking_via_agoda;agoda;3038.0;Booking.com;5b57389971316ad4;28/08/2024;2024;;;7.0;0.0;10.0;7.0;https://www.agoda.com/api/cronos/property/review/HotelReviews?hotelId=2937&pageSize=50&referer=https%3A%2F%2Fwww.agoda.com%2Fvenetian-resort-hotel-casino%2Fhotel%2Flas-vegas-nv-us.html&providerMode=separate;20;2026-06-07T16:23:33.156739+00:00;ok;
HVEGAS001;The Venetian Resort Las Vegas;Las Vegas;United States;booking_via_agoda;agoda;3038.0;Booking.com;5262d87014cc9b37;28/08/2024;2024;;;2.0;0.0;10.0;2.0;https://www.agoda.com/api/cronos/property/review/HotelReviews?hotelId=2937&pageSize=50&referer=https%3A%2F%2Fwww.agoda.com%2Fvenetian-resort-hotel-casino%2Fhotel%2Flas-vegas-nv-us.html&providerMode=separate;20;2026-06-07T16:23:33.156739+00:00;ok;
HVEGAS001;The Venetian Resort Las Vegas;Las Vegas;United States;booking_via_agoda;agoda;3038.0;Booking.com;4e25f3fb4cc12373;29/08/2024;2024;;;10.0;0.0;10.0;10.0;https://www.agoda.com/api/cronos/property/review/HotelReviews?hotelId=2937&pageSize=50&referer=https%3A%2F%2Fwww.agoda.com%2Fvenetian-resort-hotel-casino%2Fhotel%2Flas-vegas-nv-us.html&providerMode=separate;20;2026-06-07T16:23:33.156739+00:00;ok;
HVEGAS001;The Venetian Resort Las Vegas;Las Vegas;United States;booking_via_agoda;agoda;3038.0;Booking.com;5e44c130e5a0ef17;29/08/2024;2024;;;7.0;0.0;10.0;7.0;https://www.agoda.com/api/cronos/property/review/HotelReviews?hotelId=2937&pageSize=50&referer=https%3A%2F%2Fwww.agoda.com%2Fvenetian-resort-hotel-casino%2Fhotel%2Flas-vegas-nv-us.html&providerMode=separate;20;2026-06-07T16:23:33.156739+00:00;ok;
HVEGAS001;The Venetian Resort Las Vegas;Las Vegas;United States;booking_via_agoda;agoda;3038.0;Booking.com;efcbe0f082e00671;30/08/2024;2024;;;8.0;0.0;10.0;8.0;https://www.agoda.com/api/cronos/property/review/HotelReviews?hotelId=2937&pageSize=50&referer=https%3A%2F%2Fwww.agoda.com%2Fvenetian-resort-hotel-casino%2Fhotel%2Flas-vegas-nv-us.html&providerMode=separate;20;2026-06-07T16:23:33.156739+00:00;ok;
HVEGAS001;The Venetian Resort Las Vegas;Las Vegas;United States;booking_via_agoda;agoda;3038.0;Booking.com;40298d9f13c055e9;30/08/2024;2024;;;10.0;0.0;10.0;10.0;https://www.agoda.com/api/cronos/property/review/HotelReviews?hotelId=2937&pageSize=50&referer=https%3A%2F%2Fwww.agoda.com%2Fvenetian-resort-hotel-casino%2Fhotel%2Flas-vegas-nv-us.html&providerMode=separate;20;2026-06-07T16:23:33.156739+00:00;ok;
HVEGAS001;The Venetian Resort Las Vegas;Las Vegas;United States;booking_via_agoda;agoda;3038.0;Booking.com;af1bcc8108b870cb;30/08/2024;2024;;;10.0;0.0;10.0;10.0;https://www.agoda.com/api/cronos/property/review/HotelReviews?hotelId=2937&pageSize=50&referer=https%3A%2F%2Fwww.agoda.com%2Fvenetian-resort-hotel-casino%2Fhotel%2Flas-vegas-nv-us.html&providerMode=separate;20;2026-06-07T16:23:33.156739+00:00;ok;
HVEGAS001;The Venetian Resort Las Vegas;Las Vegas;United States;booking_via_agoda;agoda;3038.0;Booking.com;d7bd9ffe1fefd884;30/08/2024;2024;;;8.0;0.0;10.0;8.0;https://www.agoda.com/api/cronos/property/review/HotelReviews?hotelId=2937&pageSize=50&referer=https%3A%2F%2Fwww.agoda.com%2Fvenetian-resort-hotel-casino%2Fhotel%2Flas-vegas-nv-us.html&providerMode=separate;20;2026-06-07T16:23:33.156739+00:00;ok;
HVEGAS001;The Venetian Resort Las Vegas;Las Vegas;United States;booking_via_agoda;agoda;3038.0;Booking.com;0f53a2824bf8dbec;31/08/2024;2024;;;10.0;0.0;10.0;10.0;https://www.agoda.com/api/cronos/property/review/HotelReviews?hotelId=2937&pageSize=50&referer=https%3A%2F%2Fwww.agoda.com%2Fvenetian-resort-hotel-casino%2Fhotel%2Flas-vegas-nv-us.html&providerMode=separate;20;2026-06-07T16:23:33.156739+00:00;ok;
HVEGAS001;The Venetian Resort Las Vegas;Las Vegas;United States;booking_via_agoda;agoda;3038.0;Booking.com;9fb16733a3e49dd7;01/09/2024;2024;;;3.0;0.0;10.0;3.0;https://www.agoda.com/api/cronos/property/review/HotelReviews?hotelId=2937&pageSize=50&referer=https%3A%2F%2Fwww.agoda.com%2Fvenetian-resort-hotel-casino%2Fhotel%2Flas-vegas-nv-us.html&providerMode=separate;20;2026-06-07T16:23:33.156739+00:00;ok;
HVEGAS001;The Venetian Resort Las Vegas;Las Vegas;United States;booking_via_agoda;agoda;3038.0;Booking.com;5250e9fc81f0e77c;01/09/2024;2024;;;8.0;0.0;10.0;8.0;https://www.agoda.com/api/cronos/property/review/HotelReviews?hotelId=2937&pageSize=50&referer=https%3A%2F%2Fwww.agoda.com%2Fvenetian-resort-hotel-casino%2Fhotel%2Flas-vegas-nv-us.html&providerMode=separate;20;2026-06-07T16:23:33.156739+00:00;ok;
HVEGAS001;The Venetian Resort Las Vegas;Las Vegas;United States;booking_via_agoda;agoda;3038.0;Booking.com;1ad9faba968af660;02/09/2024;2024;;;5.0;0.0;10.0;5.0;https://www.agoda.com/api/cronos/property/review/HotelReviews?hotelId=2937&pageSize=50&referer=https%3A%2F%2Fwww.agoda.com%2Fvenetian-resort-hotel-casino%2Fhotel%2Flas-vegas-nv-us.html&providerMode=separate;20;2026-06-07T16:23:33.156739+00:00;ok;
HVEGAS001;The Venetian Resort Las Vegas;Las Vegas;United States;booking_via_agoda;agoda;3038.0;Booking.com;1ea07c2419ff62a3;04/09/2024;2024;;;9.0;0.0;10.0;9.0;https://www.agoda.com/api/cronos/property/review/HotelReviews?hotelId=2937&pageSize=50&referer=https%3A%2F%2Fwww.agoda.com%2Fvenetian-resort-hotel-casino%2Fhotel%2Flas-vegas-nv-us.html&providerMode=separate;20;2026-06-07T16:23:33.156739+00:00;ok;
HVEGAS001;The Venetian Resort Las Vegas;Las Vegas;United States;booking_via_agoda;agoda;3038.0;Booking.com;cd0fbb7442989473;04/09/2024;2024;;;10.0;0.0;10.0;10.0;https://www.agoda.com/api/cronos/property/review/HotelReviews?hotelId=2937&pageSize=50&referer=https%3A%2F%2Fwww.agoda.com%2Fvenetian-resort-hotel-casino%2Fhotel%2Flas-vegas-nv-us.html&providerMode=separate;20;2026-06-07T16:23:33.156739+00:00;ok;
HVEGAS001;The Venetian Resort Las Vegas;Las Vegas;United States;booking_via_agoda;agoda;3038.0;Booking.com;4026903a5ad9772b;05/09/2024;2024;;;8.0;0.0;10.0;8.0;https://www.agoda.com/api/cronos/property/review/HotelReviews?hotelId=2937&pageSize=50&referer=https%3A%2F%2Fwww.agoda.com%2Fvenetian-resort-hotel-casino%2Fhotel%2Flas-vegas-nv-us.html&providerMode=separate;20;2026-06-07T16:23:33.156739+00:00;ok;
HVEGAS001;The Venetian Resort Las Vegas;Las Vegas;United States;booking_via_agoda;agoda;3038.0;Booking.com;30e9780ff7c4b296;06/09/2024;2024;;;5.0;0.0;10.0;5.0;https://www.agoda.com/api/cronos/property/review/HotelReviews?hotelId=2937&pageSize=50&referer=https%3A%2F%2Fwww.agoda.com%2Fvenetian-resort-hotel-casino%2Fhotel%2Flas-vegas-nv-us.html&providerMode=separate;20;2026-06-07T16:23:33.156739+00:00;ok;
HVEGAS001;The Venetian Resort Las Vegas;Las Vegas;United States;booking_via_agoda;agoda;3038.0;Booking.com;7fd45571a403e2ae;06/09/2024;2024;;;8.0;0.0;10.0;8.0;https://www.agoda.com/api/cronos/property/review/HotelReviews?hotelId=2937&pageSize=50&referer=https%3A%2F%2Fwww.agoda.com%2Fvenetian-resort-hotel-casino%2Fhotel%2Flas-vegas-nv-us.html&providerMode=separate;20;2026-06-07T16:23:33.156739+00:00;ok;
HVEGAS001;The Venetian Resort Las Vegas;Las Vegas;United States;booking_via_agoda;agoda;3038.0;Booking.com;d52f9ef84b423fb3;06/09/2024;2024;;;10.0;0.0;10.0;10.0;https://www.agoda.com/api/cronos/property/review/HotelReviews?hotelId=2937&pageSize=50&referer=https%3A%2F%2Fwww.agoda.com%2Fvenetian-resort-hotel-casino%2Fhotel%2Flas-vegas-nv-us.html&providerMode=separate;20;2026-06-07T16:23:33.156739+00:00;ok;
HVEGAS001;The Venetian Resort Las Vegas;Las Vegas;United States;booking_via_agoda;agoda;3038.0;Booking.com;745d1685f572f3c7;07/09/2024;2024;;;9.0;0.0;10.0;9.0;https://www.agoda.com/api/cronos/property/review/HotelReviews?hotelId=2937&pageSize=50&referer=https%3A%2F%2Fwww.agoda.com%2Fvenetian-resort-hotel-casino%2Fhotel%2Flas-vegas-nv-us.html&providerMode=separate;20;2026-06-07T16:23:33.156739+00:00;ok;
HVEGAS001;The Venetian Resort Las Vegas;Las Vegas;United States;booking_via_agoda;agoda;3038.0;Booking.com;c38683160827e340;08/09/2024;2024;;;10.0;0.0;10.0;10.0;https://www.agoda.com/api/cronos/property/review/HotelReviews?hotelId=2937&pageSize=50&referer=https%3A%2F%2Fwww.agoda.com%2Fvenetian-resort-hotel-casino%2Fhotel%2Flas-vegas-nv-us.html&providerMode=separate;20;2026-06-07T16:23:33.156739+00:00;ok;
HVEGAS001;The Venetian Resort Las Vegas;Las Vegas;United States;booking_via_agoda;agoda;3038.0;Booking.com;4365f3cd43c08441;08/09/2024;2024;;;10.0;0.0;10.0;10.0;https://www.agoda.com/api/cronos/property/review/HotelReviews?hotelId=2937&pageSize=50&referer=https%3A%2F%2Fwww.agoda.com%2Fvenetian-resort-hotel-casino%2Fhotel%2Flas-vegas-nv-us.html&providerMode=separate;20;2026-06-07T16:23:33.156739+00:00;ok;
HVEGAS001;The Venetian Resort Las Vegas;Las Vegas;United States;booking_via_agoda;agoda;3038.0;Booking.com;19ab5cfd2a1b8b41;08/09/2024;2024;;;3.0;0.0;10.0;3.0;https://www.agoda.com/api/cronos/property/review/HotelReviews?hotelId=2937&pageSize=50&referer=https%3A%2F%2Fwww.agoda.com%2Fvenetian-resort-hotel-casino%2Fhotel%2Flas-vegas-nv-us.html&providerMode=separate;20;2026-06-07T16:23:33.156739+00:00;ok;
HVEGAS001;The Venetian Resort Las Vegas;Las Vegas;United States;booking_via_agoda;agoda;3038.0;Booking.com;fde241369457b1c4;09/09/2024;2024;;;10.0;0.0;10.0;10.0;https://www.agoda.com/api/cronos/property/review/HotelReviews?hotelId=2937&pageSize=50&referer=https%3A%2F%2Fwww.agoda.com%2Fvenetian-resort-hotel-casino%2Fhotel%2Flas-vegas-nv-us.html&providerMode=separate;20;2026-06-07T16:23:33.156739+00:00;ok;
HVEGAS001;The Venetian Resort Las Vegas;Las Vegas;United States;booking_via_agoda;agoda;3038.0;Booking.com;854a194af34df55a;09/09/2024;2024;;;8.0;0.0;10.0;8.0;https://www.agoda.com/api/cronos/property/review/HotelReviews?hotelId=2937&pageSize=50&referer=https%3A%2F%2Fwww.agoda.com%2Fvenetian-resort-hotel-casino%2Fhotel%2Flas-vegas-nv-us.html&providerMode=separate;20;2026-06-07T16:23:33.156739+00:00;ok;
HVEGAS001;The Venetian Resort Las Vegas;Las Vegas;United States;booking_via_agoda;agoda;3038.0;Booking.com;578953623c289348;10/09/2024;2024;;;8.0;0.0;10.0;8.0;https://www.agoda.com/api/cronos/property/review/HotelReviews?hotelId=2937&pageSize=50&referer=https%3A%2F%2Fwww.agoda.com%2Fvenetian-resort-hotel-casino%2Fhotel%2Flas-vegas-nv-us.html&providerMode=separate;20;2026-06-07T16:23:33.156739+00:00;ok;
HVEGAS001;The Venetian Resort Las Vegas;Las Vegas;United States;booking_via_agoda;agoda;3038.0;Booking.com;a895ce15588dfde0;10/09/2024;2024;;;3.0;0.0;10.0;3.0;https://www.agoda.com/api/cronos/property/review/HotelReviews?hotelId=2937&pageSize=50&referer=https%3A%2F%2Fwww.agoda.com%2Fvenetian-resort-hotel-casino%2Fhotel%2Flas-vegas-nv-us.html&providerMode=separate;20;2026-06-07T16:23:33.156739+00:00;ok;
HVEGAS001;The Venetian Resort Las Vegas;Las Vegas;United States;booking_via_agoda;agoda;3038.0;Booking.com;9d0ae1bfcad8fcf2;10/09/2024;2024;;;5.0;0.0;10.0;5.0;https://www.agoda.com/api/cronos/property/review/HotelReviews?hotelId=2937&pageSize=50&referer=https%3A%2F%2Fwww.agoda.com%2Fvenetian-resort-hotel-casino%2Fhotel%2Flas-vegas-nv-us.html&providerMode=separate;20;2026-06-07T16:23:33.156739+00:00;ok;
HVEGAS001;The Venetian Resort Las Vegas;Las Vegas;United States;booking_via_agoda;agoda;3038.0;Booking.com;42960060c48ba449;12/09/2024;2024;;;10.0;0.0;10.0;10.0;https://www.agoda.com/api/cronos/property/review/HotelReviews?hotelId=2937&pageSize=50&referer=https%3A%2F%2Fwww.agoda.com%2Fvenetian-resort-hotel-casino%2Fhotel%2Flas-vegas-nv-us.html&providerMode=separate;20;2026-06-07T16:23:33.156739+00:00;ok;
HVEGAS001;The Venetian Resort Las Vegas;Las Vegas;United States;booking_via_agoda;agoda;3038.0;Booking.com;085a7d5e866ee639;12/09/2024;2024;;;10.0;0.0;10.0;10.0;https://www.agoda.com/api/cronos/property/review/HotelReviews?hotelId=2937&pageSize=50&referer=https%3A%2F%2Fwww.agoda.com%2Fvenetian-resort-hotel-casino%2Fhotel%2Flas-vegas-nv-us.html&providerMode=separate;20;2026-06-07T16:23:33.156739+00:00;ok;
HVEGAS001;The Venetian Resort Las Vegas;Las Vegas;United States;booking_via_agoda;agoda;3038.0;Booking.com;4cdac2354ab3a5d6;13/09/2024;2024;;;10.0;0.0;10.0;10.0;https://www.agoda.com/api/cronos/property/review/HotelReviews?hotelId=2937&pageSize=50&referer=https%3A%2F%2Fwww.agoda.com%2Fvenetian-resort-hotel-casino%2Fhotel%2Flas-vegas-nv-us.html&providerMode=separate;20;2026-06-07T16:23:33.156739+00:00;ok;
HVEGAS001;The Venetian Resort Las Vegas;Las Vegas;United States;booking_via_agoda;agoda;3038.0;Booking.com;84fd225da59a5548;14/09/2024;2024;;;5.0;0.0;10.0;5.0;https://www.agoda.com/api/cronos/property/review/HotelReviews?hotelId=2937&pageSize=50&referer=https%3A%2F%2Fwww.agoda.com%2Fvenetian-resort-hotel-casino%2Fhotel%2Flas-vegas-nv-us.html&providerMode=separate;20;2026-06-07T16:23:33.156739+00:00;ok;
HVEGAS001;The Venetian Resort Las Vegas;Las Vegas;United States;booking_via_agoda;agoda;3038.0;Booking.com;bc66b2e5c0392dbf;14/09/2024;2024;;;5.0;0.0;10.0;5.0;https://www.agoda.com/api/cronos/property/review/HotelReviews?hotelId=2937&pageSize=50&referer=https%3A%2F%2Fwww.agoda.com%2Fvenetian-resort-hotel-casino%2Fhotel%2Flas-vegas-nv-us.html&providerMode=separate;20;2026-06-07T16:23:33.156739+00:00;ok;
HVEGAS001;The Venetian Resort Las Vegas;Las Vegas;United States;booking_via_agoda;agoda;3038.0;Booking.com;e34699ccb38f8f6d;16/09/2024;2024;;;9.0;0.0;10.0;9.0;https://www.agoda.com/api/cronos/property/review/HotelReviews?hotelId=2937&pageSize=50&referer=https%3A%2F%2Fwww.agoda.com%2Fvenetian-resort-hotel-casino%2Fhotel%2Flas-vegas-nv-us.html&providerMode=separate;20;2026-06-07T16:23:33.156739+00:00;ok;
HVEGAS001;The Venetian Resort Las Vegas;Las Vegas;United States;booking_via_agoda;agoda;3038.0;Booking.com;0e73c8d41af0f273;17/09/2024;2024;;;10.0;0.0;10.0;10.0;https://www.agoda.com/api/cronos/property/review/HotelReviews?hotelId=2937&pageSize=50&referer=https%3A%2F%2Fwww.agoda.com%2Fvenetian-resort-hotel-casino%2Fhotel%2Flas-vegas-nv-us.html&providerMode=separate;20;2026-06-07T16:23:33.156739+00:00;ok;
HVEGAS001;The Venetian Resort Las Vegas;Las Vegas;United States;booking_via_agoda;agoda;3038.0;Booking.com;2be13dbee98d789e;18/09/2024;2024;;;10.0;0.0;10.0;10.0;https://www.agoda.com/api/cronos/property/review/HotelReviews?hotelId=2937&pageSize=50&referer=https%3A%2F%2Fwww.agoda.com%2Fvenetian-resort-hotel-casino%2Fhotel%2Flas-vegas-nv-us.html&providerMode=separate;20;2026-06-07T16:23:33.156739+00:00;ok;
HVEGAS001;The Venetian Resort Las Vegas;Las Vegas;United States;booking_via_agoda;agoda;3038.0;Booking.com;878fba31b878e434;18/09/2024;2024;;;2.0;0.0;10.0;2.0;https://www.agoda.com/api/cronos/property/review/HotelReviews?hotelId=2937&pageSize=50&referer=https%3A%2F%2Fwww.agoda.com%2Fvenetian-resort-hotel-casino%2Fhotel%2Flas-vegas-nv-us.html&providerMode=separate;20;2026-06-07T16:23:33.156739+00:00;ok;
HVEGAS001;The Venetian Resort Las Vegas;Las Vegas;United States;booking_via_agoda;agoda;3038.0;Booking.com;51498922b19eb39d;20/09/2024;2024;;;10.0;0.0;10.0;10.0;https://www.agoda.com/api/cronos/property/review/HotelReviews?hotelId=2937&pageSize=50&referer=https%3A%2F%2Fwww.agoda.com%2Fvenetian-resort-hotel-casino%2Fhotel%2Flas-vegas-nv-us.html&providerMode=separate;20;2026-06-07T16:23:33.156739+00:00;ok;
HVEGAS001;The Venetian Resort Las Vegas;Las Vegas;United States;booking_via_agoda;agoda;3038.0;Booking.com;8c1503a9a0266e8f;21/09/2024;2024;;;9.0;0.0;10.0;9.0;https://www.agoda.com/api/cronos/property/review/HotelReviews?hotelId=2937&pageSize=50&referer=https%3A%2F%2Fwww.agoda.com%2Fvenetian-resort-hotel-casino%2Fhotel%2Flas-vegas-nv-us.html&providerMode=separate;20;2026-06-07T16:23:33.156739+00:00;ok;
HVEGAS001;The Venetian Resort Las Vegas;Las Vegas;United States;booking_via_agoda;agoda;3038.0;Booking.com;7d4a2d296fc617d7;24/09/2024;2024;;;10.0;0.0;10.0;10.0;https://www.agoda.com/api/cronos/property/review/HotelReviews?hotelId=2937&pageSize=50&referer=https%3A%2F%2Fwww.agoda.com%2Fvenetian-resort-hotel-casino%2Fhotel%2Flas-vegas-nv-us.html&providerMode=separate;19;2026-06-07T16:23:33.156739+00:00;ok;
HVEGAS001;The Venetian Resort Las Vegas;Las Vegas;United States;booking_via_agoda;agoda;3038.0;Booking.com;78c73c6aad9a54b1;26/09/2024;2024;;;2.0;0.0;10.0;2.0;https://www.agoda.com/api/cronos/property/review/HotelReviews?hotelId=2937&pageSize=50&referer=https%3A%2F%2Fwww.agoda.com%2Fvenetian-resort-hotel-casino%2Fhotel%2Flas-vegas-nv-us.html&providerMode=separate;19;2026-06-07T16:23:33.156739+00:00;ok;
HVEGAS001;The Venetian Resort Las Vegas;Las Vegas;United States;booking_via_agoda;agoda;3038.0;Booking.com;c71ff96dc0549f34;27/09/2024;2024;;;9.0;0.0;10.0;9.0;https://www.agoda.com/api/cronos/property/review/HotelReviews?hotelId=2937&pageSize=50&referer=https%3A%2F%2Fwww.agoda.com%2Fvenetian-resort-hotel-casino%2Fhotel%2Flas-vegas-nv-us.html&providerMode=separate;19;2026-06-07T16:23:33.156739+00:00;ok;
HVEGAS001;The Venetian Resort Las Vegas;Las Vegas;United States;booking_via_agoda;agoda;3038.0;Booking.com;1d02beaf97ec76e4;27/09/2024;2024;;;9.0;0.0;10.0;9.0;https://www.agoda.com/api/cronos/property/review/HotelReviews?hotelId=2937&pageSize=50&referer=https%3A%2F%2Fwww.agoda.com%2Fvenetian-resort-hotel-casino%2Fhotel%2Flas-vegas-nv-us.html&providerMode=separate;19;2026-06-07T16:23:33.156739+00:00;ok;
HVEGAS001;The Venetian Resort Las Vegas;Las Vegas;United States;booking_via_agoda;agoda;3038.0;Booking.com;6e07fd88082ebde9;27/09/2024;2024;;;1.0;0.0;10.0;1.0;https://www.agoda.com/api/cronos/property/review/HotelReviews?hotelId=2937&pageSize=50&referer=https%3A%2F%2Fwww.agoda.com%2Fvenetian-resort-hotel-casino%2Fhotel%2Flas-vegas-nv-us.html&providerMode=separate;19;2026-06-07T16:23:33.156739+00:00;ok;
HVEGAS001;The Venetian Resort Las Vegas;Las Vegas;United States;booking_via_agoda;agoda;3038.0;Booking.com;af5e110acb0d5069;27/09/2024;2024;;;10.0;0.0;10.0;10.0;https://www.agoda.com/api/cronos/property/review/HotelReviews?hotelId=2937&pageSize=50&referer=https%3A%2F%2Fwww.agoda.com%2Fvenetian-resort-hotel-casino%2Fhotel%2Flas-vegas-nv-us.html&providerMode=separate;19;2026-06-07T16:23:33.156739+00:00;ok;
HVEGAS001;The Venetian Resort Las Vegas;Las Vegas;United States;booking_via_agoda;agoda;3038.0;Booking.com;3170cb62aa894647;27/09/2024;2024;;;10.0;0.0;10.0;10.0;https://www.agoda.com/api/cronos/property/review/HotelReviews?hotelId=2937&pageSize=50&referer=https%3A%2F%2Fwww.agoda.com%2Fvenetian-resort-hotel-casino%2Fhotel%2Flas-vegas-nv-us.html&providerMode=separate;19;2026-06-07T16:23:33.156739+00:00;ok;
HVEGAS001;The Venetian Resort Las Vegas;Las Vegas;United States;booking_via_agoda;agoda;3038.0;Booking.com;da005bf9f2146431;28/09/2024;2024;;;7.0;0.0;10.0;7.0;https://www.agoda.com/api/cronos/property/review/HotelReviews?hotelId=2937&pageSize=50&referer=https%3A%2F%2Fwww.agoda.com%2Fvenetian-resort-hotel-casino%2Fhotel%2Flas-vegas-nv-us.html&providerMode=separate;19;2026-06-07T16:23:33.156739+00:00;ok;
HVEGAS001;The Venetian Resort Las Vegas;Las Vegas;United States;booking_via_agoda;agoda;3038.0;Booking.com;445e544f960946d4;29/09/2024;2024;;;10.0;0.0;10.0;10.0;https://www.agoda.com/api/cronos/property/review/HotelReviews?hotelId=2937&pageSize=50&referer=https%3A%2F%2Fwww.agoda.com%2Fvenetian-resort-hotel-casino%2Fhotel%2Flas-vegas-nv-us.html&providerMode=separate;19;2026-06-07T16:23:33.156739+00:00;ok;
HVEGAS001;The Venetian Resort Las Vegas;Las Vegas;United States;booking_via_agoda;agoda;3038.0;Booking.com;b8952e85e1aef9a4;02/10/2024;2024;;;10.0;0.0;10.0;10.0;https://www.agoda.com/api/cronos/property/review/HotelReviews?hotelId=2937&pageSize=50&referer=https%3A%2F%2Fwww.agoda.com%2Fvenetian-resort-hotel-casino%2Fhotel%2Flas-vegas-nv-us.html&providerMode=separate;19;2026-06-07T16:23:33.156739+00:00;ok;
HVEGAS001;The Venetian Resort Las Vegas;Las Vegas;United States;booking_via_agoda;agoda;3038.0;Booking.com;a46fb0da03ea8c10;04/10/2024;2024;;;7.0;0.0;10.0;7.0;https://www.agoda.com/api/cronos/property/review/HotelReviews?hotelId=2937&pageSize=50&referer=https%3A%2F%2Fwww.agoda.com%2Fvenetian-resort-hotel-casino%2Fhotel%2Flas-vegas-nv-us.html&providerMode=separate;19;2026-06-07T16:23:33.156739+00:00;ok;
HVEGAS001;The Venetian Resort Las Vegas;Las Vegas;United States;booking_via_agoda;agoda;3038.0;Booking.com;4f339aa8532a9b8b;04/10/2024;2024;;;8.0;0.0;10.0;8.0;https://www.agoda.com/api/cronos/property/review/HotelReviews?hotelId=2937&pageSize=50&referer=https%3A%2F%2Fwww.agoda.com%2Fvenetian-resort-hotel-casino%2Fhotel%2Flas-vegas-nv-us.html&providerMode=separate;19;2026-06-07T16:23:33.156739+00:00;ok;
HVEGAS001;The Venetian Resort Las Vegas;Las Vegas;United States;booking_via_agoda;agoda;3038.0;Booking.com;c57cf168975914ae;04/10/2024;2024;;;8.0;0.0;10.0;8.0;https://www.agoda.com/api/cronos/property/review/HotelReviews?hotelId=2937&pageSize=50&referer=https%3A%2F%2Fwww.agoda.com%2Fvenetian-resort-hotel-casino%2Fhotel%2Flas-vegas-nv-us.html&providerMode=separate;19;2026-06-07T16:23:33.156739+00:00;ok;
HVEGAS001;The Venetian Resort Las Vegas;Las Vegas;United States;booking_via_agoda;agoda;3038.0;Booking.com;1d796d02e3ea2934;04/10/2024;2024;;;8.0;0.0;10.0;8.0;https://www.agoda.com/api/cronos/property/review/HotelReviews?hotelId=2937&pageSize=50&referer=https%3A%2F%2Fwww.agoda.com%2Fvenetian-resort-hotel-casino%2Fhotel%2Flas-vegas-nv-us.html&providerMode=separate;19;2026-06-07T16:23:33.156739+00:00;ok;
HVEGAS001;The Venetian Resort Las Vegas;Las Vegas;United States;booking_via_agoda;agoda;3038.0;Booking.com;6022553d6be3d507;05/10/2024;2024;;;8.0;0.0;10.0;8.0;https://www.agoda.com/api/cronos/property/review/HotelReviews?hotelId=2937&pageSize=50&referer=https%3A%2F%2Fwww.agoda.com%2Fvenetian-resort-hotel-casino%2Fhotel%2Flas-vegas-nv-us.html&providerMode=separate;19;2026-06-07T16:23:33.156739+00:00;ok;
HVEGAS001;The Venetian Resort Las Vegas;Las Vegas;United States;booking_via_agoda;agoda;3038.0;Booking.com;f069d1f0c706f790;05/10/2024;2024;;;10.0;0.0;10.0;10.0;https://www.agoda.com/api/cronos/property/review/HotelReviews?hotelId=2937&pageSize=50&referer=https%3A%2F%2Fwww.agoda.com%2Fvenetian-resort-hotel-casino%2Fhotel%2Flas-vegas-nv-us.html&providerMode=separate;19;2026-06-07T16:23:33.156739+00:00;ok;
HVEGAS001;The Venetian Resort Las Vegas;Las Vegas;United States;booking_via_agoda;agoda;3038.0;Booking.com;0b334a5652270aa8;06/10/2024;2024;;;3.0;0.0;10.0;3.0;https://www.agoda.com/api/cronos/property/review/HotelReviews?hotelId=2937&pageSize=50&referer=https%3A%2F%2Fwww.agoda.com%2Fvenetian-resort-hotel-casino%2Fhotel%2Flas-vegas-nv-us.html&providerMode=separate;19;2026-06-07T16:23:33.156739+00:00;ok;
HVEGAS001;The Venetian Resort Las Vegas;Las Vegas;United States;booking_via_agoda;agoda;3038.0;Booking.com;18113c4a23cdffcf;06/10/2024;2024;;;10.0;0.0;10.0;10.0;https://www.agoda.com/api/cronos/property/review/HotelReviews?hotelId=2937&pageSize=50&referer=https%3A%2F%2Fwww.agoda.com%2Fvenetian-resort-hotel-casino%2Fhotel%2Flas-vegas-nv-us.html&providerMode=separate;19;2026-06-07T16:23:33.156739+00:00;ok;
HVEGAS001;The Venetian Resort Las Vegas;Las Vegas;United States;booking_via_agoda;agoda;3038.0;Booking.com;992843c2688691b1;06/10/2024;2024;;;4.0;0.0;10.0;4.0;https://www.agoda.com/api/cronos/property/review/HotelReviews?hotelId=2937&pageSize=50&referer=https%3A%2F%2Fwww.agoda.com%2Fvenetian-resort-hotel-casino%2Fhotel%2Flas-vegas-nv-us.html&providerMode=separate;19;2026-06-07T16:23:33.156739+00:00;ok;
HVEGAS001;The Venetian Resort Las Vegas;Las Vegas;United States;booking_via_agoda;agoda;3038.0;Booking.com;e24c1c403d29b0c2;07/10/2024;2024;;;5.0;0.0;10.0;5.0;https://www.agoda.com/api/cronos/property/review/HotelReviews?hotelId=2937&pageSize=50&referer=https%3A%2F%2Fwww.agoda.com%2Fvenetian-resort-hotel-casino%2Fhotel%2Flas-vegas-nv-us.html&providerMode=separate;19;2026-06-07T16:23:33.156739+00:00;ok;
HVEGAS001;The Venetian Resort Las Vegas;Las Vegas;United States;booking_via_agoda;agoda;3038.0;Booking.com;0cbc6595ea460406;08/10/2024;2024;;;10.0;0.0;10.0;10.0;https://www.agoda.com/api/cronos/property/review/HotelReviews?hotelId=2937&pageSize=50&referer=https%3A%2F%2Fwww.agoda.com%2Fvenetian-resort-hotel-casino%2Fhotel%2Flas-vegas-nv-us.html&providerMode=separate;19;2026-06-07T16:23:33.156739+00:00;ok;
HVEGAS001;The Venetian Resort Las Vegas;Las Vegas;United States;booking_via_agoda;agoda;3038.0;Booking.com;f839e7acab2d6a75;08/10/2024;2024;;;9.0;0.0;10.0;9.0;https://www.agoda.com/api/cronos/property/review/HotelReviews?hotelId=2937&pageSize=50&referer=https%3A%2F%2Fwww.agoda.com%2Fvenetian-resort-hotel-casino%2Fhotel%2Flas-vegas-nv-us.html&providerMode=separate;19;2026-06-07T16:23:33.156739+00:00;ok;
HVEGAS001;The Venetian Resort Las Vegas;Las Vegas;United States;booking_via_agoda;agoda;3038.0;Booking.com;d4973a3e3df84588;08/10/2024;2024;;;5.0;0.0;10.0;5.0;https://www.agoda.com/api/cronos/property/review/HotelReviews?hotelId=2937&pageSize=50&referer=https%3A%2F%2Fwww.agoda.com%2Fvenetian-resort-hotel-casino%2Fhotel%2Flas-vegas-nv-us.html&providerMode=separate;19;2026-06-07T16:23:33.156739+00:00;ok;
HVEGAS001;The Venetian Resort Las Vegas;Las Vegas;United States;booking_via_agoda;agoda;3038.0;Booking.com;339f2f7a803c274f;08/10/2024;2024;;;6.0;0.0;10.0;6.0;https://www.agoda.com/api/cronos/property/review/HotelReviews?hotelId=2937&pageSize=50&referer=https%3A%2F%2Fwww.agoda.com%2Fvenetian-resort-hotel-casino%2Fhotel%2Flas-vegas-nv-us.html&providerMode=separate;19;2026-06-07T16:23:33.156739+00:00;ok;
HVEGAS001;The Venetian Resort Las Vegas;Las Vegas;United States;booking_via_agoda;agoda;3038.0;Booking.com;c3682936f7a9e624;08/10/2024;2024;;;8.0;0.0;10.0;8.0;https://www.agoda.com/api/cronos/property/review/HotelReviews?hotelId=2937&pageSize=50&referer=https%3A%2F%2Fwww.agoda.com%2Fvenetian-resort-hotel-casino%2Fhotel%2Flas-vegas-nv-us.html&providerMode=separate;19;2026-06-07T16:23:33.156739+00:00;ok;
HVEGAS001;The Venetian Resort Las Vegas;Las Vegas;United States;booking_via_agoda;agoda;3038.0;Booking.com;59902efe4e54cff3;09/10/2024;2024;;;9.0;0.0;10.0;9.0;https://www.agoda.com/api/cronos/property/review/HotelReviews?hotelId=2937&pageSize=50&referer=https%3A%2F%2Fwww.agoda.com%2Fvenetian-resort-hotel-casino%2Fhotel%2Flas-vegas-nv-us.html&providerMode=separate;19;2026-06-07T16:23:33.156739+00:00;ok;
HVEGAS001;The Venetian Resort Las Vegas;Las Vegas;United States;booking_via_agoda;agoda;3038.0;Booking.com;7f7717d57d513895;09/10/2024;2024;;;6.0;0.0;10.0;6.0;https://www.agoda.com/api/cronos/property/review/HotelReviews?hotelId=2937&pageSize=50&referer=https%3A%2F%2Fwww.agoda.com%2Fvenetian-resort-hotel-casino%2Fhotel%2Flas-vegas-nv-us.html&providerMode=separate;19;2026-06-07T16:23:33.156739+00:00;ok;
HVEGAS001;The Venetian Resort Las Vegas;Las Vegas;United States;booking_via_agoda;agoda;3038.0;Booking.com;ff281d6a7525ae8e;11/10/2024;2024;;;10.0;0.0;10.0;10.0;https://www.agoda.com/api/cronos/property/review/HotelReviews?hotelId=2937&pageSize=50&referer=https%3A%2F%2Fwww.agoda.com%2Fvenetian-resort-hotel-casino%2Fhotel%2Flas-vegas-nv-us.html&providerMode=separate;19;2026-06-07T16:23:33.156739+00:00;ok;
HVEGAS001;The Venetian Resort Las Vegas;Las Vegas;United States;booking_via_agoda;agoda;3038.0;Booking.com;740b3e91bf76f0ca;11/10/2024;2024;;;10.0;0.0;10.0;10.0;https://www.agoda.com/api/cronos/property/review/HotelReviews?hotelId=2937&pageSize=50&referer=https%3A%2F%2Fwww.agoda.com%2Fvenetian-resort-hotel-casino%2Fhotel%2Flas-vegas-nv-us.html&providerMode=separate;19;2026-06-07T16:23:33.156739+00:00;ok;
HVEGAS001;The Venetian Resort Las Vegas;Las Vegas;United States;booking_via_agoda;agoda;3038.0;Booking.com;4482db456ea632d5;11/10/2024;2024;;;10.0;0.0;10.0;10.0;https://www.agoda.com/api/cronos/property/review/HotelReviews?hotelId=2937&pageSize=50&referer=https%3A%2F%2Fwww.agoda.com%2Fvenetian-resort-hotel-casino%2Fhotel%2Flas-vegas-nv-us.html&providerMode=separate;19;2026-06-07T16:23:33.156739+00:00;ok;
HVEGAS001;The Venetian Resort Las Vegas;Las Vegas;United States;booking_via_agoda;agoda;3038.0;Booking.com;ca0d8905d7490f9e;12/10/2024;2024;;;10.0;0.0;10.0;10.0;https://www.agoda.com/api/cronos/property/review/HotelReviews?hotelId=2937&pageSize=50&referer=https%3A%2F%2Fwww.agoda.com%2Fvenetian-resort-hotel-casino%2Fhotel%2Flas-vegas-nv-us.html&providerMode=separate;19;2026-06-07T16:23:33.156739+00:00;ok;
HVEGAS001;The Venetian Resort Las Vegas;Las Vegas;United States;booking_via_agoda;agoda;3038.0;Booking.com;487f2baffafb5ac9;13/10/2024;2024;;;4.0;0.0;10.0;4.0;https://www.agoda.com/api/cronos/property/review/HotelReviews?hotelId=2937&pageSize=50&referer=https%3A%2F%2Fwww.agoda.com%2Fvenetian-resort-hotel-casino%2Fhotel%2Flas-vegas-nv-us.html&providerMode=separate;19;2026-06-07T16:23:33.156739+00:00;ok;
HVEGAS001;The Venetian Resort Las Vegas;Las Vegas;United States;booking_via_agoda;agoda;3038.0;Booking.com;15a471fe73117f52;13/10/2024;2024;;;10.0;0.0;10.0;10.0;https://www.agoda.com/api/cronos/property/review/HotelReviews?hotelId=2937&pageSize=50&referer=https%3A%2F%2Fwww.agoda.com%2Fvenetian-resort-hotel-casino%2Fhotel%2Flas-vegas-nv-us.html&providerMode=separate;19;2026-06-07T16:23:33.156739+00:00;ok;
HVEGAS001;The Venetian Resort Las Vegas;Las Vegas;United States;booking_via_agoda;agoda;3038.0;Booking.com;4d6978e928740f14;14/10/2024;2024;;;10.0;0.0;10.0;10.0;https://www.agoda.com/api/cronos/property/review/HotelReviews?hotelId=2937&pageSize=50&referer=https%3A%2F%2Fwww.agoda.com%2Fvenetian-resort-hotel-casino%2Fhotel%2Flas-vegas-nv-us.html&providerMode=separate;19;2026-06-07T16:23:33.156739+00:00;ok;
HVEGAS001;The Venetian Resort Las Vegas;Las Vegas;United States;booking_via_agoda;agoda;3038.0;Booking.com;5bac4385592f15dd;16/10/2024;2024;;;9.0;0.0;10.0;9.0;https://www.agoda.com/api/cronos/property/review/HotelReviews?hotelId=2937&pageSize=50&referer=https%3A%2F%2Fwww.agoda.com%2Fvenetian-resort-hotel-casino%2Fhotel%2Flas-vegas-nv-us.html&providerMode=separate;19;2026-06-07T16:23:33.156739+00:00;ok;
HVEGAS001;The Venetian Resort Las Vegas;Las Vegas;United States;booking_via_agoda;agoda;3038.0;Booking.com;4e40d95a09e4af12;16/10/2024;2024;;;10.0;0.0;10.0;10.0;https://www.agoda.com/api/cronos/property/review/HotelReviews?hotelId=2937&pageSize=50&referer=https%3A%2F%2Fwww.agoda.com%2Fvenetian-resort-hotel-casino%2Fhotel%2Flas-vegas-nv-us.html&providerMode=separate;19;2026-06-07T16:23:33.156739+00:00;ok;
HVEGAS001;The Venetian Resort Las Vegas;Las Vegas;United States;booking_via_agoda;agoda;3038.0;Booking.com;ff2264aa5b9bb245;16/10/2024;2024;;;10.0;0.0;10.0;10.0;https://www.agoda.com/api/cronos/property/review/HotelReviews?hotelId=2937&pageSize=50&referer=https%3A%2F%2Fwww.agoda.com%2Fvenetian-resort-hotel-casino%2Fhotel%2Flas-vegas-nv-us.html&providerMode=separate;19;2026-06-07T16:23:33.156739+00:00;ok;
HVEGAS001;The Venetian Resort Las Vegas;Las Vegas;United States;booking_via_agoda;agoda;3038.0;Booking.com;f1a980a21d79447d;17/10/2024;2024;;;10.0;0.0;10.0;10.0;https://www.agoda.com/api/cronos/property/review/HotelReviews?hotelId=2937&pageSize=50&referer=https%3A%2F%2Fwww.agoda.com%2Fvenetian-resort-hotel-casino%2Fhotel%2Flas-vegas-nv-us.html&providerMode=separate;19;2026-06-07T16:23:33.156739+00:00;ok;
HVEGAS001;The Venetian Resort Las Vegas;Las Vegas;United States;booking_via_agoda;agoda;3038.0;Booking.com;25b54a875c2e64b1;18/10/2024;2024;;;10.0;0.0;10.0;10.0;https://www.agoda.com/api/cronos/property/review/HotelReviews?hotelId=2937&pageSize=50&referer=https%3A%2F%2Fwww.agoda.com%2Fvenetian-resort-hotel-casino%2Fhotel%2Flas-vegas-nv-us.html&providerMode=separate;19;2026-06-07T16:23:33.156739+00:00;ok;
HVEGAS001;The Venetian Resort Las Vegas;Las Vegas;United States;booking_via_agoda;agoda;3038.0;Booking.com;6e1231c0c29afadb;19/10/2024;2024;;;10.0;0.0;10.0;10.0;https://www.agoda.com/api/cronos/property/review/HotelReviews?hotelId=2937&pageSize=50&referer=https%3A%2F%2Fwww.agoda.com%2Fvenetian-resort-hotel-casino%2Fhotel%2Flas-vegas-nv-us.html&providerMode=separate;19;2026-06-07T16:23:33.156739+00:00;ok;
HVEGAS001;The Venetian Resort Las Vegas;Las Vegas;United States;booking_via_agoda;agoda;3038.0;Booking.com;02efcbf03cc1cbee;19/10/2024;2024;;;10.0;0.0;10.0;10.0;https://www.agoda.com/api/cronos/property/review/HotelReviews?hotelId=2937&pageSize=50&referer=https%3A%2F%2Fwww.agoda.com%2Fvenetian-resort-hotel-casino%2Fhotel%2Flas-vegas-nv-us.html&providerMode=separate;19;2026-06-07T16:23:33.156739+00:00;ok;
HVEGAS001;The Venetian Resort Las Vegas;Las Vegas;United States;booking_via_agoda;agoda;3038.0;Booking.com;d32835b4d43dbc98;20/10/2024;2024;;;9.0;0.0;10.0;9.0;https://www.agoda.com/api/cronos/property/review/HotelReviews?hotelId=2937&pageSize=50&referer=https%3A%2F%2Fwww.agoda.com%2Fvenetian-resort-hotel-casino%2Fhotel%2Flas-vegas-nv-us.html&providerMode=separate;19;2026-06-07T16:23:33.156739+00:00;ok;
HVEGAS001;The Venetian Resort Las Vegas;Las Vegas;United States;booking_via_agoda;agoda;3038.0;Booking.com;44cd7b3abe4939cf;22/10/2024;2024;;;2.0;0.0;10.0;2.0;https://www.agoda.com/api/cronos/property/review/HotelReviews?hotelId=2937&pageSize=50&referer=https%3A%2F%2Fwww.agoda.com%2Fvenetian-resort-hotel-casino%2Fhotel%2Flas-vegas-nv-us.html&providerMode=separate;19;2026-06-07T16:23:33.156739+00:00;ok;
HVEGAS001;The Venetian Resort Las Vegas;Las Vegas;United States;booking_via_agoda;agoda;3038.0;Booking.com;e7c00a662eaf37ec;22/10/2024;2024;;;10.0;0.0;10.0;10.0;https://www.agoda.com/api/cronos/property/review/HotelReviews?hotelId=2937&pageSize=50&referer=https%3A%2F%2Fwww.agoda.com%2Fvenetian-resort-hotel-casino%2Fhotel%2Flas-vegas-nv-us.html&providerMode=separate;19;2026-06-07T16:23:33.156739+00:00;ok;
HVEGAS001;The Venetian Resort Las Vegas;Las Vegas;United States;booking_via_agoda;agoda;3038.0;Booking.com;967187c488b63f36;24/10/2024;2024;;;10.0;0.0;10.0;10.0;https://www.agoda.com/api/cronos/property/review/HotelReviews?hotelId=2937&pageSize=50&referer=https%3A%2F%2Fwww.agoda.com%2Fvenetian-resort-hotel-casino%2Fhotel%2Flas-vegas-nv-us.html&providerMode=separate;19;2026-06-07T16:23:33.156739+00:00;ok;
HVEGAS001;The Venetian Resort Las Vegas;Las Vegas;United States;booking_via_agoda;agoda;3038.0;Booking.com;2649d79cd4c9af5e;25/10/2024;2024;;;1.0;0.0;10.0;1.0;https://www.agoda.com/api/cronos/property/review/HotelReviews?hotelId=2937&pageSize=50&referer=https%3A%2F%2Fwww.agoda.com%2Fvenetian-resort-hotel-casino%2Fhotel%2Flas-vegas-nv-us.html&providerMode=separate;19;2026-06-07T16:23:33.156739+00:00;ok;
HVEGAS001;The Venetian Resort Las Vegas;Las Vegas;United States;booking_via_agoda;agoda;3038.0;Booking.com;9328eee12a83ea85;25/10/2024;2024;;;8.0;0.0;10.0;8.0;https://www.agoda.com/api/cronos/property/review/HotelReviews?hotelId=2937&pageSize=50&referer=https%3A%2F%2Fwww.agoda.com%2Fvenetian-resort-hotel-casino%2Fhotel%2Flas-vegas-nv-us.html&providerMode=separate;19;2026-06-07T16:23:33.156739+00:00;ok;
HVEGAS001;The Venetian Resort Las Vegas;Las Vegas;United States;booking_via_agoda;agoda;3038.0;Booking.com;8ef9dec625028e69;26/10/2024;2024;;;9.0;0.0;10.0;9.0;https://www.agoda.com/api/cronos/property/review/HotelReviews?hotelId=2937&pageSize=50&referer=https%3A%2F%2Fwww.agoda.com%2Fvenetian-resort-hotel-casino%2Fhotel%2Flas-vegas-nv-us.html&providerMode=separate;19;2026-06-07T16:23:33.156739+00:00;ok;
HVEGAS001;The Venetian Resort Las Vegas;Las Vegas;United States;booking_via_agoda;agoda;3038.0;Booking.com;a080a9a7716fc90e;26/10/2024;2024;;;6.0;0.0;10.0;6.0;https://www.agoda.com/api/cronos/property/review/HotelReviews?hotelId=2937&pageSize=50&referer=https%3A%2F%2Fwww.agoda.com%2Fvenetian-resort-hotel-casino%2Fhotel%2Flas-vegas-nv-us.html&providerMode=separate;19;2026-06-07T16:23:33.156739+00:00;ok;
HVEGAS001;The Venetian Resort Las Vegas;Las Vegas;United States;booking_via_agoda;agoda;3038.0;Booking.com;6151a732d68e9d9d;27/10/2024;2024;;;3.0;0.0;10.0;3.0;https://www.agoda.com/api/cronos/property/review/HotelReviews?hotelId=2937&pageSize=50&referer=https%3A%2F%2Fwww.agoda.com%2Fvenetian-resort-hotel-casino%2Fhotel%2Flas-vegas-nv-us.html&providerMode=separate;18;2026-06-07T16:23:33.156739+00:00;ok;
HVEGAS001;The Venetian Resort Las Vegas;Las Vegas;United States;booking_via_agoda;agoda;3038.0;Booking.com;70cf17b988ea51e9;27/10/2024;2024;;;10.0;0.0;10.0;10.0;https://www.agoda.com/api/cronos/property/review/HotelReviews?hotelId=2937&pageSize=50&referer=https%3A%2F%2Fwww.agoda.com%2Fvenetian-resort-hotel-casino%2Fhotel%2Flas-vegas-nv-us.html&providerMode=separate;18;2026-06-07T16:23:33.156739+00:00;ok;
HVEGAS001;The Venetian Resort Las Vegas;Las Vegas;United States;booking_via_agoda;agoda;3038.0;Booking.com;ca957e2546a833ff;27/10/2024;2024;;;7.0;0.0;10.0;7.0;https://www.agoda.com/api/cronos/property/review/HotelReviews?hotelId=2937&pageSize=50&referer=https%3A%2F%2Fwww.agoda.com%2Fvenetian-resort-hotel-casino%2Fhotel%2Flas-vegas-nv-us.html&providerMode=separate;18;2026-06-07T16:23:33.156739+00:00;ok;
HVEGAS001;The Venetian Resort Las Vegas;Las Vegas;United States;booking_via_agoda;agoda;3038.0;Booking.com;8bff72262a62e655;27/10/2024;2024;;;10.0;0.0;10.0;10.0;https://www.agoda.com/api/cronos/property/review/HotelReviews?hotelId=2937&pageSize=50&referer=https%3A%2F%2Fwww.agoda.com%2Fvenetian-resort-hotel-casino%2Fhotel%2Flas-vegas-nv-us.html&providerMode=separate;19;2026-06-07T16:23:33.156739+00:00;ok;
HVEGAS001;The Venetian Resort Las Vegas;Las Vegas;United States;booking_via_agoda;agoda;3038.0;Booking.com;1d977563da0ee690;28/10/2024;2024;;;7.0;0.0;10.0;7.0;https://www.agoda.com/api/cronos/property/review/HotelReviews?hotelId=2937&pageSize=50&referer=https%3A%2F%2Fwww.agoda.com%2Fvenetian-resort-hotel-casino%2Fhotel%2Flas-vegas-nv-us.html&providerMode=separate;18;2026-06-07T16:23:33.156739+00:00;ok;
HVEGAS001;The Venetian Resort Las Vegas;Las Vegas;United States;booking_via_agoda;agoda;3038.0;Booking.com;a9114c51177d58b3;28/10/2024;2024;;;10.0;0.0;10.0;10.0;https://www.agoda.com/api/cronos/property/review/HotelReviews?hotelId=2937&pageSize=50&referer=https%3A%2F%2Fwww.agoda.com%2Fvenetian-resort-hotel-casino%2Fhotel%2Flas-vegas-nv-us.html&providerMode=separate;18;2026-06-07T16:23:33.156739+00:00;ok;
HVEGAS001;The Venetian Resort Las Vegas;Las Vegas;United States;booking_via_agoda;agoda;3038.0;Booking.com;2bf1f9e1f0a84f66;28/10/2024;2024;;;10.0;0.0;10.0;10.0;https://www.agoda.com/api/cronos/property/review/HotelReviews?hotelId=2937&pageSize=50&referer=https%3A%2F%2Fwww.agoda.com%2Fvenetian-resort-hotel-casino%2Fhotel%2Flas-vegas-nv-us.html&providerMode=separate;18;2026-06-07T16:23:33.156739+00:00;ok;
HVEGAS001;The Venetian Resort Las Vegas;Las Vegas;United States;booking_via_agoda;agoda;3038.0;Booking.com;3ab759c2dd7f610b;28/10/2024;2024;;;7.0;0.0;10.0;7.0;https://www.agoda.com/api/cronos/property/review/HotelReviews?hotelId=2937&pageSize=50&referer=https%3A%2F%2Fwww.agoda.com%2Fvenetian-resort-hotel-casino%2Fhotel%2Flas-vegas-nv-us.html&providerMode=separate;18;2026-06-07T16:23:33.156739+00:00;ok;
HVEGAS001;The Venetian Resort Las Vegas;Las Vegas;United States;booking_via_agoda;agoda;3038.0;Booking.com;4f2987daa75df7f3;29/10/2024;2024;;;10.0;0.0;10.0;10.0;https://www.agoda.com/api/cronos/property/review/HotelReviews?hotelId=2937&pageSize=50&referer=https%3A%2F%2Fwww.agoda.com%2Fvenetian-resort-hotel-casino%2Fhotel%2Flas-vegas-nv-us.html&providerMode=separate;18;2026-06-07T16:23:33.156739+00:00;ok;
HVEGAS001;The Venetian Resort Las Vegas;Las Vegas;United States;booking_via_agoda;agoda;3038.0;Booking.com;a4c7e3efd26b019a;30/10/2024;2024;;;8.0;0.0;10.0;8.0;https://www.agoda.com/api/cronos/property/review/HotelReviews?hotelId=2937&pageSize=50&referer=https%3A%2F%2Fwww.agoda.com%2Fvenetian-resort-hotel-casino%2Fhotel%2Flas-vegas-nv-us.html&providerMode=separate;18;2026-06-07T16:23:33.156739+00:00;ok;
HVEGAS001;The Venetian Resort Las Vegas;Las Vegas;United States;booking_via_agoda;agoda;3038.0;Booking.com;b90ab096ab5d37b9;31/10/2024;2024;;;8.0;0.0;10.0;8.0;https://www.agoda.com/api/cronos/property/review/HotelReviews?hotelId=2937&pageSize=50&referer=https%3A%2F%2Fwww.agoda.com%2Fvenetian-resort-hotel-casino%2Fhotel%2Flas-vegas-nv-us.html&providerMode=separate;18;2026-06-07T16:23:33.156739+00:00;ok;
HVEGAS001;The Venetian Resort Las Vegas;Las Vegas;United States;booking_via_agoda;agoda;3038.0;Booking.com;de5cd23eb381f3d0;02/11/2024;2024;;;10.0;0.0;10.0;10.0;https://www.agoda.com/api/cronos/property/review/HotelReviews?hotelId=2937&pageSize=50&referer=https%3A%2F%2Fwww.agoda.com%2Fvenetian-resort-hotel-casino%2Fhotel%2Flas-vegas-nv-us.html&providerMode=separate;18;2026-06-07T16:23:33.156739+00:00;ok;
HVEGAS001;The Venetian Resort Las Vegas;Las Vegas;United States;booking_via_agoda;agoda;3038.0;Booking.com;183cb77243ee590d;02/11/2024;2024;;;10.0;0.0;10.0;10.0;https://www.agoda.com/api/cronos/property/review/HotelReviews?hotelId=2937&pageSize=50&referer=https%3A%2F%2Fwww.agoda.com%2Fvenetian-resort-hotel-casino%2Fhotel%2Flas-vegas-nv-us.html&providerMode=separate;18;2026-06-07T16:23:33.156739+00:00;ok;
HVEGAS001;The Venetian Resort Las Vegas;Las Vegas;United States;booking_via_agoda;agoda;3038.0;Booking.com;c30a66d315f05508;02/11/2024;2024;;;10.0;0.0;10.0;10.0;https://www.agoda.com/api/cronos/property/review/HotelReviews?hotelId=2937&pageSize=50&referer=https%3A%2F%2Fwww.agoda.com%2Fvenetian-resort-hotel-casino%2Fhotel%2Flas-vegas-nv-us.html&providerMode=separate;18;2026-06-07T16:23:33.156739+00:00;ok;
HVEGAS001;The Venetian Resort Las Vegas;Las Vegas;United States;booking_via_agoda;agoda;3038.0;Booking.com;3f38ea70d3089231;02/11/2024;2024;;;8.0;0.0;10.0;8.0;https://www.agoda.com/api/cronos/property/review/HotelReviews?hotelId=2937&pageSize=50&referer=https%3A%2F%2Fwww.agoda.com%2Fvenetian-resort-hotel-casino%2Fhotel%2Flas-vegas-nv-us.html&providerMode=separate;18;2026-06-07T16:23:33.156739+00:00;ok;
HVEGAS001;The Venetian Resort Las Vegas;Las Vegas;United States;booking_via_agoda;agoda;3038.0;Booking.com;542ffec7e114b002;03/11/2024;2024;;;10.0;0.0;10.0;10.0;https://www.agoda.com/api/cronos/property/review/HotelReviews?hotelId=2937&pageSize=50&referer=https%3A%2F%2Fwww.agoda.com%2Fvenetian-resort-hotel-casino%2Fhotel%2Flas-vegas-nv-us.html&providerMode=separate;18;2026-06-07T16:23:33.156739+00:00;ok;
HVEGAS001;The Venetian Resort Las Vegas;Las Vegas;United States;booking_via_agoda;agoda;3038.0;Booking.com;5d55255fa10335dd;03/11/2024;2024;;;10.0;0.0;10.0;10.0;https://www.agoda.com/api/cronos/property/review/HotelReviews?hotelId=2937&pageSize=50&referer=https%3A%2F%2Fwww.agoda.com%2Fvenetian-resort-hotel-casino%2Fhotel%2Flas-vegas-nv-us.html&providerMode=separate;18;2026-06-07T16:23:33.156739+00:00;ok;
HVEGAS001;The Venetian Resort Las Vegas;Las Vegas;United States;booking_via_agoda;agoda;3038.0;Booking.com;702bd1d71d65dcd9;03/11/2024;2024;;;10.0;0.0;10.0;10.0;https://www.agoda.com/api/cronos/property/review/HotelReviews?hotelId=2937&pageSize=50&referer=https%3A%2F%2Fwww.agoda.com%2Fvenetian-resort-hotel-casino%2Fhotel%2Flas-vegas-nv-us.html&providerMode=separate;18;2026-06-07T16:23:33.156739+00:00;ok;
HVEGAS001;The Venetian Resort Las Vegas;Las Vegas;United States;booking_via_agoda;agoda;3038.0;Booking.com;5cf6c910322ae273;03/11/2024;2024;;;10.0;0.0;10.0;10.0;https://www.agoda.com/api/cronos/property/review/HotelReviews?hotelId=2937&pageSize=50&referer=https%3A%2F%2Fwww.agoda.com%2Fvenetian-resort-hotel-casino%2Fhotel%2Flas-vegas-nv-us.html&providerMode=separate;18;2026-06-07T16:23:33.156739+00:00;ok;
HVEGAS001;The Venetian Resort Las Vegas;Las Vegas;United States;booking_via_agoda;agoda;3038.0;Booking.com;7b451fd4f81b4aa6;05/11/2024;2024;;;9.0;0.0;10.0;9.0;https://www.agoda.com/api/cronos/property/review/HotelReviews?hotelId=2937&pageSize=50&referer=https%3A%2F%2Fwww.agoda.com%2Fvenetian-resort-hotel-casino%2Fhotel%2Flas-vegas-nv-us.html&providerMode=separate;18;2026-06-07T16:23:33.156739+00:00;ok;
HVEGAS001;The Venetian Resort Las Vegas;Las Vegas;United States;booking_via_agoda;agoda;3038.0;Booking.com;45543366257ebee5;05/11/2024;2024;;;9.0;0.0;10.0;9.0;https://www.agoda.com/api/cronos/property/review/HotelReviews?hotelId=2937&pageSize=50&referer=https%3A%2F%2Fwww.agoda.com%2Fvenetian-resort-hotel-casino%2Fhotel%2Flas-vegas-nv-us.html&providerMode=separate;18;2026-06-07T16:23:33.156739+00:00;ok;
HVEGAS001;The Venetian Resort Las Vegas;Las Vegas;United States;booking_via_agoda;agoda;3038.0;Booking.com;7d25d76a94cfd3f0;05/11/2024;2024;;;10.0;0.0;10.0;10.0;https://www.agoda.com/api/cronos/property/review/HotelReviews?hotelId=2937&pageSize=50&referer=https%3A%2F%2Fwww.agoda.com%2Fvenetian-resort-hotel-casino%2Fhotel%2Flas-vegas-nv-us.html&providerMode=separate;18;2026-06-07T16:23:33.156739+00:00;ok;
HVEGAS001;The Venetian Resort Las Vegas;Las Vegas;United States;booking_via_agoda;agoda;3038.0;Booking.com;5512d5c2d59a7773;05/11/2024;2024;;;10.0;0.0;10.0;10.0;https://www.agoda.com/api/cronos/property/review/HotelReviews?hotelId=2937&pageSize=50&referer=https%3A%2F%2Fwww.agoda.com%2Fvenetian-resort-hotel-casino%2Fhotel%2Flas-vegas-nv-us.html&providerMode=separate;18;2026-06-07T16:23:33.156739+00:00;ok;
HVEGAS001;The Venetian Resort Las Vegas;Las Vegas;United States;booking_via_agoda;agoda;3038.0;Booking.com;15bd3cf146391508;05/11/2024;2024;;;9.0;0.0;10.0;9.0;https://www.agoda.com/api/cronos/property/review/HotelReviews?hotelId=2937&pageSize=50&referer=https%3A%2F%2Fwww.agoda.com%2Fvenetian-resort-hotel-casino%2Fhotel%2Flas-vegas-nv-us.html&providerMode=separate;18;2026-06-07T16:23:33.156739+00:00;ok;
HVEGAS001;The Venetian Resort Las Vegas;Las Vegas;United States;booking_via_agoda;agoda;3038.0;Booking.com;c31d7cee62e46359;07/11/2024;2024;;;9.0;0.0;10.0;9.0;https://www.agoda.com/api/cronos/property/review/HotelReviews?hotelId=2937&pageSize=50&referer=https%3A%2F%2Fwww.agoda.com%2Fvenetian-resort-hotel-casino%2Fhotel%2Flas-vegas-nv-us.html&providerMode=separate;18;2026-06-07T16:23:33.156739+00:00;ok;
HVEGAS001;The Venetian Resort Las Vegas;Las Vegas;United States;booking_via_agoda;agoda;3038.0;Booking.com;72ad57f1e8919bed;07/11/2024;2024;;;10.0;0.0;10.0;10.0;https://www.agoda.com/api/cronos/property/review/HotelReviews?hotelId=2937&pageSize=50&referer=https%3A%2F%2Fwww.agoda.com%2Fvenetian-resort-hotel-casino%2Fhotel%2Flas-vegas-nv-us.html&providerMode=separate;18;2026-06-07T16:23:33.156739+00:00;ok;
HVEGAS001;The Venetian Resort Las Vegas;Las Vegas;United States;booking_via_agoda;agoda;3038.0;Booking.com;61614802cd42a73e;12/11/2024;2024;;;10.0;0.0;10.0;10.0;https://www.agoda.com/api/cronos/property/review/HotelReviews?hotelId=2937&pageSize=50&referer=https%3A%2F%2Fwww.agoda.com%2Fvenetian-resort-hotel-casino%2Fhotel%2Flas-vegas-nv-us.html&providerMode=separate;18;2026-06-07T16:23:33.156739+00:00;ok;
HVEGAS001;The Venetian Resort Las Vegas;Las Vegas;United States;booking_via_agoda;agoda;3038.0;Booking.com;3c04f3ddcf4be02e;13/11/2024;2024;;;10.0;0.0;10.0;10.0;https://www.agoda.com/api/cronos/property/review/HotelReviews?hotelId=2937&pageSize=50&referer=https%3A%2F%2Fwww.agoda.com%2Fvenetian-resort-hotel-casino%2Fhotel%2Flas-vegas-nv-us.html&providerMode=separate;18;2026-06-07T16:23:33.156739+00:00;ok;
HVEGAS001;The Venetian Resort Las Vegas;Las Vegas;United States;booking_via_agoda;agoda;3038.0;Booking.com;28903373edd59393;13/11/2024;2024;;;10.0;0.0;10.0;10.0;https://www.agoda.com/api/cronos/property/review/HotelReviews?hotelId=2937&pageSize=50&referer=https%3A%2F%2Fwww.agoda.com%2Fvenetian-resort-hotel-casino%2Fhotel%2Flas-vegas-nv-us.html&providerMode=separate;18;2026-06-07T16:23:33.156739+00:00;ok;
HVEGAS001;The Venetian Resort Las Vegas;Las Vegas;United States;booking_via_agoda;agoda;3038.0;Booking.com;a7c2839f4acf378c;14/11/2024;2024;;;3.0;0.0;10.0;3.0;https://www.agoda.com/api/cronos/property/review/HotelReviews?hotelId=2937&pageSize=50&referer=https%3A%2F%2Fwww.agoda.com%2Fvenetian-resort-hotel-casino%2Fhotel%2Flas-vegas-nv-us.html&providerMode=separate;18;2026-06-07T16:23:33.156739+00:00;ok;
HVEGAS001;The Venetian Resort Las Vegas;Las Vegas;United States;booking_via_agoda;agoda;3038.0;Booking.com;2ff4cdc9b554b43c;14/11/2024;2024;;;10.0;0.0;10.0;10.0;https://www.agoda.com/api/cronos/property/review/HotelReviews?hotelId=2937&pageSize=50&referer=https%3A%2F%2Fwww.agoda.com%2Fvenetian-resort-hotel-casino%2Fhotel%2Flas-vegas-nv-us.html&providerMode=separate;18;2026-06-07T16:23:33.156739+00:00;ok;
HVEGAS001;The Venetian Resort Las Vegas;Las Vegas;United States;booking_via_agoda;agoda;3038.0;Booking.com;827f0c6302e480fe;15/11/2024;2024;;;10.0;0.0;10.0;10.0;https://www.agoda.com/api/cronos/property/review/HotelReviews?hotelId=2937&pageSize=50&referer=https%3A%2F%2Fwww.agoda.com%2Fvenetian-resort-hotel-casino%2Fhotel%2Flas-vegas-nv-us.html&providerMode=separate;18;2026-06-07T16:23:33.156739+00:00;ok;
HVEGAS001;The Venetian Resort Las Vegas;Las Vegas;United States;booking_via_agoda;agoda;3038.0;Booking.com;5175e9010750dfd5;17/11/2024;2024;;;9.0;0.0;10.0;9.0;https://www.agoda.com/api/cronos/property/review/HotelReviews?hotelId=2937&pageSize=50&referer=https%3A%2F%2Fwww.agoda.com%2Fvenetian-resort-hotel-casino%2Fhotel%2Flas-vegas-nv-us.html&providerMode=separate;18;2026-06-07T16:23:33.156739+00:00;ok;
HVEGAS001;The Venetian Resort Las Vegas;Las Vegas;United States;booking_via_agoda;agoda;3038.0;Booking.com;4cf4b64b87578949;18/11/2024;2024;;;10.0;0.0;10.0;10.0;https://www.agoda.com/api/cronos/property/review/HotelReviews?hotelId=2937&pageSize=50&referer=https%3A%2F%2Fwww.agoda.com%2Fvenetian-resort-hotel-casino%2Fhotel%2Flas-vegas-nv-us.html&providerMode=separate;18;2026-06-07T16:23:33.156739+00:00;ok;
HVEGAS001;The Venetian Resort Las Vegas;Las Vegas;United States;booking_via_agoda;agoda;3038.0;Booking.com;1c53a5a0563df73f;18/11/2024;2024;;;10.0;0.0;10.0;10.0;https://www.agoda.com/api/cronos/property/review/HotelReviews?hotelId=2937&pageSize=50&referer=https%3A%2F%2Fwww.agoda.com%2Fvenetian-resort-hotel-casino%2Fhotel%2Flas-vegas-nv-us.html&providerMode=separate;18;2026-06-07T16:23:33.156739+00:00;ok;
HVEGAS001;The Venetian Resort Las Vegas;Las Vegas;United States;booking_via_agoda;agoda;3038.0;Booking.com;6db47158695f9f4c;19/11/2024;2024;;;10.0;0.0;10.0;10.0;https://www.agoda.com/api/cronos/property/review/HotelReviews?hotelId=2937&pageSize=50&referer=https%3A%2F%2Fwww.agoda.com%2Fvenetian-resort-hotel-casino%2Fhotel%2Flas-vegas-nv-us.html&providerMode=separate;18;2026-06-07T16:23:33.156739+00:00;ok;
HVEGAS001;The Venetian Resort Las Vegas;Las Vegas;United States;booking_via_agoda;agoda;3038.0;Booking.com;ab8bf62abe504668;21/11/2024;2024;;;9.0;0.0;10.0;9.0;https://www.agoda.com/api/cronos/property/review/HotelReviews?hotelId=2937&pageSize=50&referer=https%3A%2F%2Fwww.agoda.com%2Fvenetian-resort-hotel-casino%2Fhotel%2Flas-vegas-nv-us.html&providerMode=separate;18;2026-06-07T16:23:33.156739+00:00;ok;
HVEGAS001;The Venetian Resort Las Vegas;Las Vegas;United States;booking_via_agoda;agoda;3038.0;Booking.com;2149474f1e4bc8eb;26/11/2024;2024;;;8.0;0.0;10.0;8.0;https://www.agoda.com/api/cronos/property/review/HotelReviews?hotelId=2937&pageSize=50&referer=https%3A%2F%2Fwww.agoda.com%2Fvenetian-resort-hotel-casino%2Fhotel%2Flas-vegas-nv-us.html&providerMode=separate;18;2026-06-07T16:23:33.156739+00:00;ok;
HVEGAS001;The Venetian Resort Las Vegas;Las Vegas;United States;booking_via_agoda;agoda;3038.0;Booking.com;4affb80f25f78314;26/11/2024;2024;;;10.0;0.0;10.0;10.0;https://www.agoda.com/api/cronos/property/review/HotelReviews?hotelId=2937&pageSize=50&referer=https%3A%2F%2Fwww.agoda.com%2Fvenetian-resort-hotel-casino%2Fhotel%2Flas-vegas-nv-us.html&providerMode=separate;18;2026-06-07T16:23:33.156739+00:00;ok;
HVEGAS001;The Venetian Resort Las Vegas;Las Vegas;United States;booking_via_agoda;agoda;3038.0;Booking.com;7c71560d17487155;26/11/2024;2024;;;9.0;0.0;10.0;9.0;https://www.agoda.com/api/cronos/property/review/HotelReviews?hotelId=2937&pageSize=50&referer=https%3A%2F%2Fwww.agoda.com%2Fvenetian-resort-hotel-casino%2Fhotel%2Flas-vegas-nv-us.html&providerMode=separate;18;2026-06-07T16:23:33.156739+00:00;ok;
HVEGAS001;The Venetian Resort Las Vegas;Las Vegas;United States;booking_via_agoda;agoda;3038.0;Booking.com;bb67a73a3ff31745;26/11/2024;2024;;;10.0;0.0;10.0;10.0;https://www.agoda.com/api/cronos/property/review/HotelReviews?hotelId=2937&pageSize=50&referer=https%3A%2F%2Fwww.agoda.com%2Fvenetian-resort-hotel-casino%2Fhotel%2Flas-vegas-nv-us.html&providerMode=separate;18;2026-06-07T16:23:33.156739+00:00;ok;
HVEGAS001;The Venetian Resort Las Vegas;Las Vegas;United States;booking_via_agoda;agoda;3038.0;Booking.com;12a3e7cfc1c268dc;27/11/2024;2024;;;10.0;0.0;10.0;10.0;https://www.agoda.com/api/cronos/property/review/HotelReviews?hotelId=2937&pageSize=50&referer=https%3A%2F%2Fwww.agoda.com%2Fvenetian-resort-hotel-casino%2Fhotel%2Flas-vegas-nv-us.html&providerMode=separate;18;2026-06-07T16:23:33.156739+00:00;ok;
HVEGAS001;The Venetian Resort Las Vegas;Las Vegas;United States;booking_via_agoda;agoda;3038.0;Booking.com;216a4a02b1ca94c0;27/11/2024;2024;;;10.0;0.0;10.0;10.0;https://www.agoda.com/api/cronos/property/review/HotelReviews?hotelId=2937&pageSize=50&referer=https%3A%2F%2Fwww.agoda.com%2Fvenetian-resort-hotel-casino%2Fhotel%2Flas-vegas-nv-us.html&providerMode=separate;18;2026-06-07T16:23:33.156739+00:00;ok;
HVEGAS001;The Venetian Resort Las Vegas;Las Vegas;United States;booking_via_agoda;agoda;3038.0;Booking.com;daddb5400b57b29f;28/11/2024;2024;;;10.0;0.0;10.0;10.0;https://www.agoda.com/api/cronos/property/review/HotelReviews?hotelId=2937&pageSize=50&referer=https%3A%2F%2Fwww.agoda.com%2Fvenetian-resort-hotel-casino%2Fhotel%2Flas-vegas-nv-us.html&providerMode=separate;18;2026-06-07T16:23:33.156739+00:00;ok;
HVEGAS001;The Venetian Resort Las Vegas;Las Vegas;United States;booking_via_agoda;agoda;3038.0;Booking.com;f734b2366f30c2b3;28/11/2024;2024;;;9.0;0.0;10.0;9.0;https://www.agoda.com/api/cronos/property/review/HotelReviews?hotelId=2937&pageSize=50&referer=https%3A%2F%2Fwww.agoda.com%2Fvenetian-resort-hotel-casino%2Fhotel%2Flas-vegas-nv-us.html&providerMode=separate;18;2026-06-07T16:23:33.156739+00:00;ok;
HVEGAS001;The Venetian Resort Las Vegas;Las Vegas;United States;booking_via_agoda;agoda;3038.0;Booking.com;b21da3272726a687;29/11/2024;2024;;;10.0;0.0;10.0;10.0;https://www.agoda.com/api/cronos/property/review/HotelReviews?hotelId=2937&pageSize=50&referer=https%3A%2F%2Fwww.agoda.com%2Fvenetian-resort-hotel-casino%2Fhotel%2Flas-vegas-nv-us.html&providerMode=separate;18;2026-06-07T16:23:33.156739+00:00;ok;
HVEGAS001;The Venetian Resort Las Vegas;Las Vegas;United States;booking_via_agoda;agoda;3038.0;Booking.com;5bbdd9de58a0f708;30/11/2024;2024;;;10.0;0.0;10.0;10.0;https://www.agoda.com/api/cronos/property/review/HotelReviews?hotelId=2937&pageSize=50&referer=https%3A%2F%2Fwww.agoda.com%2Fvenetian-resort-hotel-casino%2Fhotel%2Flas-vegas-nv-us.html&providerMode=separate;18;2026-06-07T16:23:33.156739+00:00;ok;
HVEGAS001;The Venetian Resort Las Vegas;Las Vegas;United States;booking_via_agoda;agoda;3038.0;Booking.com;f2c01662a90e34a2;30/11/2024;2024;;;8.0;0.0;10.0;8.0;https://www.agoda.com/api/cronos/property/review/HotelReviews?hotelId=2937&pageSize=50&referer=https%3A%2F%2Fwww.agoda.com%2Fvenetian-resort-hotel-casino%2Fhotel%2Flas-vegas-nv-us.html&providerMode=separate;18;2026-06-07T16:23:33.156739+00:00;ok;
HVEGAS001;The Venetian Resort Las Vegas;Las Vegas;United States;booking_via_agoda;agoda;3038.0;Booking.com;4a6af59ffe9cf29c;01/12/2024;2024;;;8.0;0.0;10.0;8.0;https://www.agoda.com/api/cronos/property/review/HotelReviews?hotelId=2937&pageSize=50&referer=https%3A%2F%2Fwww.agoda.com%2Fvenetian-resort-hotel-casino%2Fhotel%2Flas-vegas-nv-us.html&providerMode=separate;17;2026-06-07T16:23:33.156739+00:00;ok;
HVEGAS001;The Venetian Resort Las Vegas;Las Vegas;United States;booking_via_agoda;agoda;3038.0;Booking.com;33d025c01e9b196b;01/12/2024;2024;;;10.0;0.0;10.0;10.0;https://www.agoda.com/api/cronos/property/review/HotelReviews?hotelId=2937&pageSize=50&referer=https%3A%2F%2Fwww.agoda.com%2Fvenetian-resort-hotel-casino%2Fhotel%2Flas-vegas-nv-us.html&providerMode=separate;17;2026-06-07T16:23:33.156739+00:00;ok;
HVEGAS001;The Venetian Resort Las Vegas;Las Vegas;United States;booking_via_agoda;agoda;3038.0;Booking.com;ff0b6ad896fffea1;01/12/2024;2024;;;7.0;0.0;10.0;7.0;https://www.agoda.com/api/cronos/property/review/HotelReviews?hotelId=2937&pageSize=50&referer=https%3A%2F%2Fwww.agoda.com%2Fvenetian-resort-hotel-casino%2Fhotel%2Flas-vegas-nv-us.html&providerMode=separate;18;2026-06-07T16:23:33.156739+00:00;ok;
HVEGAS001;The Venetian Resort Las Vegas;Las Vegas;United States;booking_via_agoda;agoda;3038.0;Booking.com;decd8a1c88bf1a41;02/12/2024;2024;;;10.0;0.0;10.0;10.0;https://www.agoda.com/api/cronos/property/review/HotelReviews?hotelId=2937&pageSize=50&referer=https%3A%2F%2Fwww.agoda.com%2Fvenetian-resort-hotel-casino%2Fhotel%2Flas-vegas-nv-us.html&providerMode=separate;17;2026-06-07T16:23:33.156739+00:00;ok;
HVEGAS001;The Venetian Resort Las Vegas;Las Vegas;United States;booking_via_agoda;agoda;3038.0;Booking.com;daa62ff79b800707;02/12/2024;2024;;;2.0;0.0;10.0;2.0;https://www.agoda.com/api/cronos/property/review/HotelReviews?hotelId=2937&pageSize=50&referer=https%3A%2F%2Fwww.agoda.com%2Fvenetian-resort-hotel-casino%2Fhotel%2Flas-vegas-nv-us.html&providerMode=separate;17;2026-06-07T16:23:33.156739+00:00;ok;
HVEGAS001;The Venetian Resort Las Vegas;Las Vegas;United States;booking_via_agoda;agoda;3038.0;Booking.com;aeed6f7097da7615;03/12/2024;2024;;;10.0;0.0;10.0;10.0;https://www.agoda.com/api/cronos/property/review/HotelReviews?hotelId=2937&pageSize=50&referer=https%3A%2F%2Fwww.agoda.com%2Fvenetian-resort-hotel-casino%2Fhotel%2Flas-vegas-nv-us.html&providerMode=separate;17;2026-06-07T16:23:33.156739+00:00;ok;
HVEGAS001;The Venetian Resort Las Vegas;Las Vegas;United States;booking_via_agoda;agoda;3038.0;Booking.com;020ff327fbc002e3;03/12/2024;2024;;;9.0;0.0;10.0;9.0;https://www.agoda.com/api/cronos/property/review/HotelReviews?hotelId=2937&pageSize=50&referer=https%3A%2F%2Fwww.agoda.com%2Fvenetian-resort-hotel-casino%2Fhotel%2Flas-vegas-nv-us.html&providerMode=separate;17;2026-06-07T16:23:33.156739+00:00;ok;
HVEGAS001;The Venetian Resort Las Vegas;Las Vegas;United States;booking_via_agoda;agoda;3038.0;Booking.com;6388e5c9021c68eb;03/12/2024;2024;;;10.0;0.0;10.0;10.0;https://www.agoda.com/api/cronos/property/review/HotelReviews?hotelId=2937&pageSize=50&referer=https%3A%2F%2Fwww.agoda.com%2Fvenetian-resort-hotel-casino%2Fhotel%2Flas-vegas-nv-us.html&providerMode=separate;17;2026-06-07T16:23:33.156739+00:00;ok;
HVEGAS001;The Venetian Resort Las Vegas;Las Vegas;United States;booking_via_agoda;agoda;3038.0;Booking.com;775485f0651b761c;03/12/2024;2024;;;8.0;0.0;10.0;8.0;https://www.agoda.com/api/cronos/property/review/HotelReviews?hotelId=2937&pageSize=50&referer=https%3A%2F%2Fwww.agoda.com%2Fvenetian-resort-hotel-casino%2Fhotel%2Flas-vegas-nv-us.html&providerMode=separate;17;2026-06-07T16:23:33.156739+00:00;ok;
HVEGAS001;The Venetian Resort Las Vegas;Las Vegas;United States;booking_via_agoda;agoda;3038.0;Booking.com;bd3c72e3b99d462b;04/12/2024;2024;;;10.0;0.0;10.0;10.0;https://www.agoda.com/api/cronos/property/review/HotelReviews?hotelId=2937&pageSize=50&referer=https%3A%2F%2Fwww.agoda.com%2Fvenetian-resort-hotel-casino%2Fhotel%2Flas-vegas-nv-us.html&providerMode=separate;17;2026-06-07T16:23:33.156739+00:00;ok;
HVEGAS001;The Venetian Resort Las Vegas;Las Vegas;United States;booking_via_agoda;agoda;3038.0;Booking.com;4263decc2eb41286;05/12/2024;2024;;;10.0;0.0;10.0;10.0;https://www.agoda.com/api/cronos/property/review/HotelReviews?hotelId=2937&pageSize=50&referer=https%3A%2F%2Fwww.agoda.com%2Fvenetian-resort-hotel-casino%2Fhotel%2Flas-vegas-nv-us.html&providerMode=separate;17;2026-06-07T16:23:33.156739+00:00;ok;
HVEGAS001;The Venetian Resort Las Vegas;Las Vegas;United States;booking_via_agoda;agoda;3038.0;Booking.com;134e7163d0e60e73;05/12/2024;2024;;;10.0;0.0;10.0;10.0;https://www.agoda.com/api/cronos/property/review/HotelReviews?hotelId=2937&pageSize=50&referer=https%3A%2F%2Fwww.agoda.com%2Fvenetian-resort-hotel-casino%2Fhotel%2Flas-vegas-nv-us.html&providerMode=separate;17;2026-06-07T16:23:33.156739+00:00;ok;
HVEGAS001;The Venetian Resort Las Vegas;Las Vegas;United States;booking_via_agoda;agoda;3038.0;Booking.com;652c1fb8c5abe58c;05/12/2024;2024;;;9.0;0.0;10.0;9.0;https://www.agoda.com/api/cronos/property/review/HotelReviews?hotelId=2937&pageSize=50&referer=https%3A%2F%2Fwww.agoda.com%2Fvenetian-resort-hotel-casino%2Fhotel%2Flas-vegas-nv-us.html&providerMode=separate;17;2026-06-07T16:23:33.156739+00:00;ok;
HVEGAS001;The Venetian Resort Las Vegas;Las Vegas;United States;booking_via_agoda;agoda;3038.0;Booking.com;f8a6d58d2548e666;09/12/2024;2024;;;10.0;0.0;10.0;10.0;https://www.agoda.com/api/cronos/property/review/HotelReviews?hotelId=2937&pageSize=50&referer=https%3A%2F%2Fwww.agoda.com%2Fvenetian-resort-hotel-casino%2Fhotel%2Flas-vegas-nv-us.html&providerMode=separate;17;2026-06-07T16:23:33.156739+00:00;ok;
HVEGAS001;The Venetian Resort Las Vegas;Las Vegas;United States;booking_via_agoda;agoda;3038.0;Booking.com;fd5fad6de3e13840;09/12/2024;2024;;;10.0;0.0;10.0;10.0;https://www.agoda.com/api/cronos/property/review/HotelReviews?hotelId=2937&pageSize=50&referer=https%3A%2F%2Fwww.agoda.com%2Fvenetian-resort-hotel-casino%2Fhotel%2Flas-vegas-nv-us.html&providerMode=separate;17;2026-06-07T16:23:33.156739+00:00;ok;
HVEGAS001;The Venetian Resort Las Vegas;Las Vegas;United States;booking_via_agoda;agoda;3038.0;Booking.com;1cf5948fae432f10;10/12/2024;2024;;;7.0;0.0;10.0;7.0;https://www.agoda.com/api/cronos/property/review/HotelReviews?hotelId=2937&pageSize=50&referer=https%3A%2F%2Fwww.agoda.com%2Fvenetian-resort-hotel-casino%2Fhotel%2Flas-vegas-nv-us.html&providerMode=separate;17;2026-06-07T16:23:33.156739+00:00;ok;
HVEGAS001;The Venetian Resort Las Vegas;Las Vegas;United States;booking_via_agoda;agoda;3038.0;Booking.com;0cee87960fff09fa;10/12/2024;2024;;;8.0;0.0;10.0;8.0;https://www.agoda.com/api/cronos/property/review/HotelReviews?hotelId=2937&pageSize=50&referer=https%3A%2F%2Fwww.agoda.com%2Fvenetian-resort-hotel-casino%2Fhotel%2Flas-vegas-nv-us.html&providerMode=separate;17;2026-06-07T16:23:33.156739+00:00;ok;
HVEGAS001;The Venetian Resort Las Vegas;Las Vegas;United States;booking_via_agoda;agoda;3038.0;Booking.com;f224abc855fa0b54;10/12/2024;2024;;;10.0;0.0;10.0;10.0;https://www.agoda.com/api/cronos/property/review/HotelReviews?hotelId=2937&pageSize=50&referer=https%3A%2F%2Fwww.agoda.com%2Fvenetian-resort-hotel-casino%2Fhotel%2Flas-vegas-nv-us.html&providerMode=separate;17;2026-06-07T16:23:33.156739+00:00;ok;
HVEGAS001;The Venetian Resort Las Vegas;Las Vegas;United States;booking_via_agoda;agoda;3038.0;Booking.com;6046bcbaaa42a39a;12/12/2024;2024;;;8.0;0.0;10.0;8.0;https://www.agoda.com/api/cronos/property/review/HotelReviews?hotelId=2937&pageSize=50&referer=https%3A%2F%2Fwww.agoda.com%2Fvenetian-resort-hotel-casino%2Fhotel%2Flas-vegas-nv-us.html&providerMode=separate;17;2026-06-07T16:23:33.156739+00:00;ok;
HVEGAS001;The Venetian Resort Las Vegas;Las Vegas;United States;booking_via_agoda;agoda;3038.0;Booking.com;d2616c89953cecfe;12/12/2024;2024;;;10.0;0.0;10.0;10.0;https://www.agoda.com/api/cronos/property/review/HotelReviews?hotelId=2937&pageSize=50&referer=https%3A%2F%2Fwww.agoda.com%2Fvenetian-resort-hotel-casino%2Fhotel%2Flas-vegas-nv-us.html&providerMode=separate;17;2026-06-07T16:23:33.156739+00:00;ok;
HVEGAS001;The Venetian Resort Las Vegas;Las Vegas;United States;booking_via_agoda;agoda;3038.0;Booking.com;480ff2af58b89dfe;12/12/2024;2024;;;10.0;0.0;10.0;10.0;https://www.agoda.com/api/cronos/property/review/HotelReviews?hotelId=2937&pageSize=50&referer=https%3A%2F%2Fwww.agoda.com%2Fvenetian-resort-hotel-casino%2Fhotel%2Flas-vegas-nv-us.html&providerMode=separate;17;2026-06-07T16:23:33.156739+00:00;ok;
HVEGAS001;The Venetian Resort Las Vegas;Las Vegas;United States;booking_via_agoda;agoda;3038.0;Booking.com;818334c5f4540eeb;13/12/2024;2024;;;5.0;0.0;10.0;5.0;https://www.agoda.com/api/cronos/property/review/HotelReviews?hotelId=2937&pageSize=50&referer=https%3A%2F%2Fwww.agoda.com%2Fvenetian-resort-hotel-casino%2Fhotel%2Flas-vegas-nv-us.html&providerMode=separate;17;2026-06-07T16:23:33.156739+00:00;ok;
HVEGAS001;The Venetian Resort Las Vegas;Las Vegas;United States;booking_via_agoda;agoda;3038.0;Booking.com;fcfac8230514a308;13/12/2024;2024;;;9.0;0.0;10.0;9.0;https://www.agoda.com/api/cronos/property/review/HotelReviews?hotelId=2937&pageSize=50&referer=https%3A%2F%2Fwww.agoda.com%2Fvenetian-resort-hotel-casino%2Fhotel%2Flas-vegas-nv-us.html&providerMode=separate;17;2026-06-07T16:23:33.156739+00:00;ok;
HVEGAS001;The Venetian Resort Las Vegas;Las Vegas;United States;booking_via_agoda;agoda;3038.0;Booking.com;f6570bfb807c3fba;14/12/2024;2024;;;7.0;0.0;10.0;7.0;https://www.agoda.com/api/cronos/property/review/HotelReviews?hotelId=2937&pageSize=50&referer=https%3A%2F%2Fwww.agoda.com%2Fvenetian-resort-hotel-casino%2Fhotel%2Flas-vegas-nv-us.html&providerMode=separate;17;2026-06-07T16:23:33.156739+00:00;ok;
HVEGAS001;The Venetian Resort Las Vegas;Las Vegas;United States;booking_via_agoda;agoda;3038.0;Booking.com;d2ae4cb7cbe616bf;17/12/2024;2024;;;10.0;0.0;10.0;10.0;https://www.agoda.com/api/cronos/property/review/HotelReviews?hotelId=2937&pageSize=50&referer=https%3A%2F%2Fwww.agoda.com%2Fvenetian-resort-hotel-casino%2Fhotel%2Flas-vegas-nv-us.html&providerMode=separate;17;2026-06-07T16:23:33.156739+00:00;ok;
HVEGAS001;The Venetian Resort Las Vegas;Las Vegas;United States;booking_via_agoda;agoda;3038.0;Booking.com;96b23777fc09a41c;18/12/2024;2024;;;10.0;0.0;10.0;10.0;https://www.agoda.com/api/cronos/property/review/HotelReviews?hotelId=2937&pageSize=50&referer=https%3A%2F%2Fwww.agoda.com%2Fvenetian-resort-hotel-casino%2Fhotel%2Flas-vegas-nv-us.html&providerMode=separate;17;2026-06-07T16:23:33.156739+00:00;ok;
HVEGAS001;The Venetian Resort Las Vegas;Las Vegas;United States;booking_via_agoda;agoda;3038.0;Booking.com;7a78ee0dd1e7c5df;19/12/2024;2024;;;6.0;0.0;10.0;6.0;https://www.agoda.com/api/cronos/property/review/HotelReviews?hotelId=2937&pageSize=50&referer=https%3A%2F%2Fwww.agoda.com%2Fvenetian-resort-hotel-casino%2Fhotel%2Flas-vegas-nv-us.html&providerMode=separate;17;2026-06-07T16:23:33.156739+00:00;ok;
HVEGAS001;The Venetian Resort Las Vegas;Las Vegas;United States;booking_via_agoda;agoda;3038.0;Booking.com;42b0f2f3352a54c7;22/12/2024;2024;;;10.0;0.0;10.0;10.0;https://www.agoda.com/api/cronos/property/review/HotelReviews?hotelId=2937&pageSize=50&referer=https%3A%2F%2Fwww.agoda.com%2Fvenetian-resort-hotel-casino%2Fhotel%2Flas-vegas-nv-us.html&providerMode=separate;17;2026-06-07T16:23:33.156739+00:00;ok;
HVEGAS001;The Venetian Resort Las Vegas;Las Vegas;United States;booking_via_agoda;agoda;3038.0;Booking.com;d008d23de161b875;24/12/2024;2024;;;10.0;0.0;10.0;10.0;https://www.agoda.com/api/cronos/property/review/HotelReviews?hotelId=2937&pageSize=50&referer=https%3A%2F%2Fwww.agoda.com%2Fvenetian-resort-hotel-casino%2Fhotel%2Flas-vegas-nv-us.html&providerMode=separate;17;2026-06-07T16:23:33.156739+00:00;ok;
HVEGAS001;The Venetian Resort Las Vegas;Las Vegas;United States;booking_via_agoda;agoda;3038.0;Booking.com;730f66f8507b3a63;24/12/2024;2024;;;10.0;0.0;10.0;10.0;https://www.agoda.com/api/cronos/property/review/HotelReviews?hotelId=2937&pageSize=50&referer=https%3A%2F%2Fwww.agoda.com%2Fvenetian-resort-hotel-casino%2Fhotel%2Flas-vegas-nv-us.html&providerMode=separate;17;2026-06-07T16:23:33.156739+00:00;ok;
HVEGAS001;The Venetian Resort Las Vegas;Las Vegas;United States;booking_via_agoda;agoda;3038.0;Booking.com;d044a82d8ae0b41a;24/12/2024;2024;;;10.0;0.0;10.0;10.0;https://www.agoda.com/api/cronos/property/review/HotelReviews?hotelId=2937&pageSize=50&referer=https%3A%2F%2Fwww.agoda.com%2Fvenetian-resort-hotel-casino%2Fhotel%2Flas-vegas-nv-us.html&providerMode=separate;17;2026-06-07T16:23:33.156739+00:00;ok;
HVEGAS001;The Venetian Resort Las Vegas;Las Vegas;United States;booking_via_agoda;agoda;3038.0;Booking.com;f9af5fabe19b3bae;26/12/2024;2024;;;5.0;0.0;10.0;5.0;https://www.agoda.com/api/cronos/property/review/HotelReviews?hotelId=2937&pageSize=50&referer=https%3A%2F%2Fwww.agoda.com%2Fvenetian-resort-hotel-casino%2Fhotel%2Flas-vegas-nv-us.html&providerMode=separate;17;2026-06-07T16:23:33.156739+00:00;ok;
HVEGAS001;The Venetian Resort Las Vegas;Las Vegas;United States;booking_via_agoda;agoda;3038.0;Booking.com;b581bf1a8327bc56;26/12/2024;2024;;;9.0;0.0;10.0;9.0;https://www.agoda.com/api/cronos/property/review/HotelReviews?hotelId=2937&pageSize=50&referer=https%3A%2F%2Fwww.agoda.com%2Fvenetian-resort-hotel-casino%2Fhotel%2Flas-vegas-nv-us.html&providerMode=separate;17;2026-06-07T16:23:33.156739+00:00;ok;
HVEGAS001;The Venetian Resort Las Vegas;Las Vegas;United States;booking_via_agoda;agoda;3038.0;Booking.com;56f66bd226d2695d;27/12/2024;2024;;;9.0;0.0;10.0;9.0;https://www.agoda.com/api/cronos/property/review/HotelReviews?hotelId=2937&pageSize=50&referer=https%3A%2F%2Fwww.agoda.com%2Fvenetian-resort-hotel-casino%2Fhotel%2Flas-vegas-nv-us.html&providerMode=separate;17;2026-06-07T16:23:33.156739+00:00;ok;
HVEGAS001;The Venetian Resort Las Vegas;Las Vegas;United States;booking_via_agoda;agoda;3038.0;Booking.com;745a57f2d29da8d6;27/12/2024;2024;;;9.0;0.0;10.0;9.0;https://www.agoda.com/api/cronos/property/review/HotelReviews?hotelId=2937&pageSize=50&referer=https%3A%2F%2Fwww.agoda.com%2Fvenetian-resort-hotel-casino%2Fhotel%2Flas-vegas-nv-us.html&providerMode=separate;17;2026-06-07T16:23:33.156739+00:00;ok;
HVEGAS001;The Venetian Resort Las Vegas;Las Vegas;United States;booking_via_agoda;agoda;3038.0;Booking.com;f807652b4ffd1e99;27/12/2024;2024;;;8.0;0.0;10.0;8.0;https://www.agoda.com/api/cronos/property/review/HotelReviews?hotelId=2937&pageSize=50&referer=https%3A%2F%2Fwww.agoda.com%2Fvenetian-resort-hotel-casino%2Fhotel%2Flas-vegas-nv-us.html&providerMode=separate;17;2026-06-07T16:23:33.156739+00:00;ok;
HVEGAS001;The Venetian Resort Las Vegas;Las Vegas;United States;booking_via_agoda;agoda;3038.0;Booking.com;2febbc4d6dcd3c87;28/12/2024;2024;;;10.0;0.0;10.0;10.0;https://www.agoda.com/api/cronos/property/review/HotelReviews?hotelId=2937&pageSize=50&referer=https%3A%2F%2Fwww.agoda.com%2Fvenetian-resort-hotel-casino%2Fhotel%2Flas-vegas-nv-us.html&providerMode=separate;17;2026-06-07T16:23:33.156739+00:00;ok;
HVEGAS001;The Venetian Resort Las Vegas;Las Vegas;United States;booking_via_agoda;agoda;3038.0;Booking.com;9c52e1b5c0ecca77;28/12/2024;2024;;;6.0;0.0;10.0;6.0;https://www.agoda.com/api/cronos/property/review/HotelReviews?hotelId=2937&pageSize=50&referer=https%3A%2F%2Fwww.agoda.com%2Fvenetian-resort-hotel-casino%2Fhotel%2Flas-vegas-nv-us.html&providerMode=separate;17;2026-06-07T16:23:33.156739+00:00;ok;
HVEGAS001;The Venetian Resort Las Vegas;Las Vegas;United States;booking_via_agoda;agoda;3038.0;Booking.com;992d66615d79aa61;28/12/2024;2024;;;10.0;0.0;10.0;10.0;https://www.agoda.com/api/cronos/property/review/HotelReviews?hotelId=2937&pageSize=50&referer=https%3A%2F%2Fwww.agoda.com%2Fvenetian-resort-hotel-casino%2Fhotel%2Flas-vegas-nv-us.html&providerMode=separate;17;2026-06-07T16:23:33.156739+00:00;ok;
HVEGAS001;The Venetian Resort Las Vegas;Las Vegas;United States;booking_via_agoda;agoda;3038.0;Booking.com;00b52592e298ab40;28/12/2024;2024;;;9.0;0.0;10.0;9.0;https://www.agoda.com/api/cronos/property/review/HotelReviews?hotelId=2937&pageSize=50&referer=https%3A%2F%2Fwww.agoda.com%2Fvenetian-resort-hotel-casino%2Fhotel%2Flas-vegas-nv-us.html&providerMode=separate;17;2026-06-07T16:23:33.156739+00:00;ok;
HVEGAS001;The Venetian Resort Las Vegas;Las Vegas;United States;booking_via_agoda;agoda;3038.0;Booking.com;0a4a7849e44d6b57;29/12/2024;2024;;;8.0;0.0;10.0;8.0;https://www.agoda.com/api/cronos/property/review/HotelReviews?hotelId=2937&pageSize=50&referer=https%3A%2F%2Fwww.agoda.com%2Fvenetian-resort-hotel-casino%2Fhotel%2Flas-vegas-nv-us.html&providerMode=separate;17;2026-06-07T16:23:33.156739+00:00;ok;
HVEGAS001;The Venetian Resort Las Vegas;Las Vegas;United States;booking_via_agoda;agoda;3038.0;Booking.com;47e224d429310cbe;29/12/2024;2024;;;10.0;0.0;10.0;10.0;https://www.agoda.com/api/cronos/property/review/HotelReviews?hotelId=2937&pageSize=50&referer=https%3A%2F%2Fwww.agoda.com%2Fvenetian-resort-hotel-casino%2Fhotel%2Flas-vegas-nv-us.html&providerMode=separate;17;2026-06-07T16:23:33.156739+00:00;ok;
HVEGAS001;The Venetian Resort Las Vegas;Las Vegas;United States;booking_via_agoda;agoda;3038.0;Booking.com;6b8dd409f76e80b2;29/12/2024;2024;;;9.0;0.0;10.0;9.0;https://www.agoda.com/api/cronos/property/review/HotelReviews?hotelId=2937&pageSize=50&referer=https%3A%2F%2Fwww.agoda.com%2Fvenetian-resort-hotel-casino%2Fhotel%2Flas-vegas-nv-us.html&providerMode=separate;17;2026-06-07T16:23:33.156739+00:00;ok;
HVEGAS001;The Venetian Resort Las Vegas;Las Vegas;United States;booking_via_agoda;agoda;3038.0;Booking.com;53468cf2e422aba7;30/12/2024;2024;;;10.0;0.0;10.0;10.0;https://www.agoda.com/api/cronos/property/review/HotelReviews?hotelId=2937&pageSize=50&referer=https%3A%2F%2Fwww.agoda.com%2Fvenetian-resort-hotel-casino%2Fhotel%2Flas-vegas-nv-us.html&providerMode=separate;17;2026-06-07T16:23:33.156739+00:00;ok;
HVEGAS001;The Venetian Resort Las Vegas;Las Vegas;United States;booking_via_agoda;agoda;3038.0;Booking.com;9ce68b6eeea18fc9;30/12/2024;2024;;;9.0;0.0;10.0;9.0;https://www.agoda.com/api/cronos/property/review/HotelReviews?hotelId=2937&pageSize=50&referer=https%3A%2F%2Fwww.agoda.com%2Fvenetian-resort-hotel-casino%2Fhotel%2Flas-vegas-nv-us.html&providerMode=separate;17;2026-06-07T16:23:33.156739+00:00;ok;
HVEGAS001;The Venetian Resort Las Vegas;Las Vegas;United States;booking_via_agoda;agoda;3038.0;Booking.com;7913521725d786d7;30/12/2024;2024;;;10.0;0.0;10.0;10.0;https://www.agoda.com/api/cronos/property/review/HotelReviews?hotelId=2937&pageSize=50&referer=https%3A%2F%2Fwww.agoda.com%2Fvenetian-resort-hotel-casino%2Fhotel%2Flas-vegas-nv-us.html&providerMode=separate;17;2026-06-07T16:23:33.156739+00:00;ok;
HVEGAS001;The Venetian Resort Las Vegas;Las Vegas;United States;booking_via_agoda;agoda;3038.0;Booking.com;6d2384d6c9b712b9;30/12/2024;2024;;;10.0;0.0;10.0;10.0;https://www.agoda.com/api/cronos/property/review/HotelReviews?hotelId=2937&pageSize=50&referer=https%3A%2F%2Fwww.agoda.com%2Fvenetian-resort-hotel-casino%2Fhotel%2Flas-vegas-nv-us.html&providerMode=separate;17;2026-06-07T16:23:33.156739+00:00;ok;
HVEGAS001;The Venetian Resort Las Vegas;Las Vegas;United States;booking_via_agoda;agoda;3038.0;Booking.com;b790fbae69116cab;30/12/2024;2024;;;10.0;0.0;10.0;10.0;https://www.agoda.com/api/cronos/property/review/HotelReviews?hotelId=2937&pageSize=50&referer=https%3A%2F%2Fwww.agoda.com%2Fvenetian-resort-hotel-casino%2Fhotel%2Flas-vegas-nv-us.html&providerMode=separate;17;2026-06-07T16:23:33.156739+00:00;ok;
HVEGAS001;The Venetian Resort Las Vegas;Las Vegas;United States;booking_via_agoda;agoda;3038.0;Booking.com;a6680f53a9c6ba23;31/12/2024;2024;;;8.0;0.0;10.0;8.0;https://www.agoda.com/api/cronos/property/review/HotelReviews?hotelId=2937&pageSize=50&referer=https%3A%2F%2Fwww.agoda.com%2Fvenetian-resort-hotel-casino%2Fhotel%2Flas-vegas-nv-us.html&providerMode=separate;16;2026-06-07T16:23:33.156739+00:00;ok;
HVEGAS001;The Venetian Resort Las Vegas;Las Vegas;United States;booking_via_agoda;agoda;3038.0;Booking.com;bff27cb3cce1a759;31/12/2024;2024;;;4.0;0.0;10.0;4.0;https://www.agoda.com/api/cronos/property/review/HotelReviews?hotelId=2937&pageSize=50&referer=https%3A%2F%2Fwww.agoda.com%2Fvenetian-resort-hotel-casino%2Fhotel%2Flas-vegas-nv-us.html&providerMode=separate;16;2026-06-07T16:23:33.156739+00:00;ok;
HVEGAS001;The Venetian Resort Las Vegas;Las Vegas;United States;booking_via_agoda;agoda;3038.0;Booking.com;b9eca0a730ca5c22;31/12/2024;2024;;;8.0;0.0;10.0;8.0;https://www.agoda.com/api/cronos/property/review/HotelReviews?hotelId=2937&pageSize=50&referer=https%3A%2F%2Fwww.agoda.com%2Fvenetian-resort-hotel-casino%2Fhotel%2Flas-vegas-nv-us.html&providerMode=separate;17;2026-06-07T16:23:33.156739+00:00;ok;
HVEGAS001;The Venetian Resort Las Vegas;Las Vegas;United States;booking_via_agoda;agoda;3038.0;Booking.com;adfa9f82b415ab4e;31/12/2024;2024;;;5.0;0.0;10.0;5.0;https://www.agoda.com/api/cronos/property/review/HotelReviews?hotelId=2937&pageSize=50&referer=https%3A%2F%2Fwww.agoda.com%2Fvenetian-resort-hotel-casino%2Fhotel%2Flas-vegas-nv-us.html&providerMode=separate;17;2026-06-07T16:23:33.156739+00:00;ok;
HVEGAS001;The Venetian Resort Las Vegas;Las Vegas;United States;booking_via_agoda;agoda;3038.0;Booking.com;f22f06403cac2ba8;01/01/2025;2025;;;10.0;0.0;10.0;10.0;https://www.agoda.com/api/cronos/property/review/HotelReviews?hotelId=2937&pageSize=50&referer=https%3A%2F%2Fwww.agoda.com%2Fvenetian-resort-hotel-casino%2Fhotel%2Flas-vegas-nv-us.html&providerMode=separate;16;2026-06-07T16:23:33.156739+00:00;ok;
HVEGAS001;The Venetian Resort Las Vegas;Las Vegas;United States;booking_via_agoda;agoda;3038.0;Booking.com;364ebdcc4fd9b8f2;01/01/2025;2025;;;9.0;0.0;10.0;9.0;https://www.agoda.com/api/cronos/property/review/HotelReviews?hotelId=2937&pageSize=50&referer=https%3A%2F%2Fwww.agoda.com%2Fvenetian-resort-hotel-casino%2Fhotel%2Flas-vegas-nv-us.html&providerMode=separate;16;2026-06-07T16:23:33.156739+00:00;ok;
HVEGAS001;The Venetian Resort Las Vegas;Las Vegas;United States;booking_via_agoda;agoda;3038.0;Booking.com;48c4d9e68faef766;01/01/2025;2025;;;10.0;0.0;10.0;10.0;https://www.agoda.com/api/cronos/property/review/HotelReviews?hotelId=2937&pageSize=50&referer=https%3A%2F%2Fwww.agoda.com%2Fvenetian-resort-hotel-casino%2Fhotel%2Flas-vegas-nv-us.html&providerMode=separate;16;2026-06-07T16:23:33.156739+00:00;ok;
HVEGAS001;The Venetian Resort Las Vegas;Las Vegas;United States;booking_via_agoda;agoda;3038.0;Booking.com;4689f6604280aee7;02/01/2025;2025;;;5.0;0.0;10.0;5.0;https://www.agoda.com/api/cronos/property/review/HotelReviews?hotelId=2937&pageSize=50&referer=https%3A%2F%2Fwww.agoda.com%2Fvenetian-resort-hotel-casino%2Fhotel%2Flas-vegas-nv-us.html&providerMode=separate;16;2026-06-07T16:23:33.156739+00:00;ok;
HVEGAS001;The Venetian Resort Las Vegas;Las Vegas;United States;booking_via_agoda;agoda;3038.0;Booking.com;68c7093a6b620123;02/01/2025;2025;;;9.0;0.0;10.0;9.0;https://www.agoda.com/api/cronos/property/review/HotelReviews?hotelId=2937&pageSize=50&referer=https%3A%2F%2Fwww.agoda.com%2Fvenetian-resort-hotel-casino%2Fhotel%2Flas-vegas-nv-us.html&providerMode=separate;16;2026-06-07T16:23:33.156739+00:00;ok;
HVEGAS001;The Venetian Resort Las Vegas;Las Vegas;United States;booking_via_agoda;agoda;3038.0;Booking.com;7aa6a7a117296aec;02/01/2025;2025;;;10.0;0.0;10.0;10.0;https://www.agoda.com/api/cronos/property/review/HotelReviews?hotelId=2937&pageSize=50&referer=https%3A%2F%2Fwww.agoda.com%2Fvenetian-resort-hotel-casino%2Fhotel%2Flas-vegas-nv-us.html&providerMode=separate;16;2026-06-07T16:23:33.156739+00:00;ok;
HVEGAS001;The Venetian Resort Las Vegas;Las Vegas;United States;booking_via_agoda;agoda;3038.0;Booking.com;49faa4fa72e801bc;03/01/2025;2025;;;10.0;0.0;10.0;10.0;https://www.agoda.com/api/cronos/property/review/HotelReviews?hotelId=2937&pageSize=50&referer=https%3A%2F%2Fwww.agoda.com%2Fvenetian-resort-hotel-casino%2Fhotel%2Flas-vegas-nv-us.html&providerMode=separate;16;2026-06-07T16:23:33.156739+00:00;ok;
HVEGAS001;The Venetian Resort Las Vegas;Las Vegas;United States;booking_via_agoda;agoda;3038.0;Booking.com;310cc78de57bb629;03/01/2025;2025;;;7.0;0.0;10.0;7.0;https://www.agoda.com/api/cronos/property/review/HotelReviews?hotelId=2937&pageSize=50&referer=https%3A%2F%2Fwww.agoda.com%2Fvenetian-resort-hotel-casino%2Fhotel%2Flas-vegas-nv-us.html&providerMode=separate;16;2026-06-07T16:23:33.156739+00:00;ok;
HVEGAS001;The Venetian Resort Las Vegas;Las Vegas;United States;booking_via_agoda;agoda;3038.0;Booking.com;b5050b793458c853;03/01/2025;2025;;;9.0;0.0;10.0;9.0;https://www.agoda.com/api/cronos/property/review/HotelReviews?hotelId=2937&pageSize=50&referer=https%3A%2F%2Fwww.agoda.com%2Fvenetian-resort-hotel-casino%2Fhotel%2Flas-vegas-nv-us.html&providerMode=separate;16;2026-06-07T16:23:33.156739+00:00;ok;
HVEGAS001;The Venetian Resort Las Vegas;Las Vegas;United States;booking_via_agoda;agoda;3038.0;Booking.com;509219aa6fcc4c6d;03/01/2025;2025;;;5.0;0.0;10.0;5.0;https://www.agoda.com/api/cronos/property/review/HotelReviews?hotelId=2937&pageSize=50&referer=https%3A%2F%2Fwww.agoda.com%2Fvenetian-resort-hotel-casino%2Fhotel%2Flas-vegas-nv-us.html&providerMode=separate;16;2026-06-07T16:23:33.156739+00:00;ok;
HVEGAS001;The Venetian Resort Las Vegas;Las Vegas;United States;booking_via_agoda;agoda;3038.0;Booking.com;4bb0b2a2d939cf45;04/01/2025;2025;;;10.0;0.0;10.0;10.0;https://www.agoda.com/api/cronos/property/review/HotelReviews?hotelId=2937&pageSize=50&referer=https%3A%2F%2Fwww.agoda.com%2Fvenetian-resort-hotel-casino%2Fhotel%2Flas-vegas-nv-us.html&providerMode=separate;16;2026-06-07T16:23:33.156739+00:00;ok;
HVEGAS001;The Venetian Resort Las Vegas;Las Vegas;United States;booking_via_agoda;agoda;3038.0;Booking.com;a1c3d62c196e6c84;05/01/2025;2025;;;6.0;0.0;10.0;6.0;https://www.agoda.com/api/cronos/property/review/HotelReviews?hotelId=2937&pageSize=50&referer=https%3A%2F%2Fwww.agoda.com%2Fvenetian-resort-hotel-casino%2Fhotel%2Flas-vegas-nv-us.html&providerMode=separate;16;2026-06-07T16:23:33.156739+00:00;ok;
HVEGAS001;The Venetian Resort Las Vegas;Las Vegas;United States;booking_via_agoda;agoda;3038.0;Booking.com;f15cce019edc6d96;05/01/2025;2025;;;10.0;0.0;10.0;10.0;https://www.agoda.com/api/cronos/property/review/HotelReviews?hotelId=2937&pageSize=50&referer=https%3A%2F%2Fwww.agoda.com%2Fvenetian-resort-hotel-casino%2Fhotel%2Flas-vegas-nv-us.html&providerMode=separate;16;2026-06-07T16:23:33.156739+00:00;ok;
HVEGAS001;The Venetian Resort Las Vegas;Las Vegas;United States;booking_via_agoda;agoda;3038.0;Booking.com;6f3ce8a13db9f6ff;05/01/2025;2025;;;10.0;0.0;10.0;10.0;https://www.agoda.com/api/cronos/property/review/HotelReviews?hotelId=2937&pageSize=50&referer=https%3A%2F%2Fwww.agoda.com%2Fvenetian-resort-hotel-casino%2Fhotel%2Flas-vegas-nv-us.html&providerMode=separate;16;2026-06-07T16:23:33.156739+00:00;ok;
HVEGAS001;The Venetian Resort Las Vegas;Las Vegas;United States;booking_via_agoda;agoda;3038.0;Booking.com;8107224d294ff771;06/01/2025;2025;;;10.0;0.0;10.0;10.0;https://www.agoda.com/api/cronos/property/review/HotelReviews?hotelId=2937&pageSize=50&referer=https%3A%2F%2Fwww.agoda.com%2Fvenetian-resort-hotel-casino%2Fhotel%2Flas-vegas-nv-us.html&providerMode=separate;16;2026-06-07T16:23:33.156739+00:00;ok;
HVEGAS001;The Venetian Resort Las Vegas;Las Vegas;United States;booking_via_agoda;agoda;3038.0;Booking.com;7ee6ac0fdb9ac23c;06/01/2025;2025;;;10.0;0.0;10.0;10.0;https://www.agoda.com/api/cronos/property/review/HotelReviews?hotelId=2937&pageSize=50&referer=https%3A%2F%2Fwww.agoda.com%2Fvenetian-resort-hotel-casino%2Fhotel%2Flas-vegas-nv-us.html&providerMode=separate;16;2026-06-07T16:23:33.156739+00:00;ok;
HVEGAS001;The Venetian Resort Las Vegas;Las Vegas;United States;booking_via_agoda;agoda;3038.0;Booking.com;02e65ab5e96a6620;06/01/2025;2025;;;5.0;0.0;10.0;5.0;https://www.agoda.com/api/cronos/property/review/HotelReviews?hotelId=2937&pageSize=50&referer=https%3A%2F%2Fwww.agoda.com%2Fvenetian-resort-hotel-casino%2Fhotel%2Flas-vegas-nv-us.html&providerMode=separate;16;2026-06-07T16:23:33.156739+00:00;ok;
HVEGAS001;The Venetian Resort Las Vegas;Las Vegas;United States;booking_via_agoda;agoda;3038.0;Booking.com;00751e4aae04f329;06/01/2025;2025;;;7.0;0.0;10.0;7.0;https://www.agoda.com/api/cronos/property/review/HotelReviews?hotelId=2937&pageSize=50&referer=https%3A%2F%2Fwww.agoda.com%2Fvenetian-resort-hotel-casino%2Fhotel%2Flas-vegas-nv-us.html&providerMode=separate;16;2026-06-07T16:23:33.156739+00:00;ok;
HVEGAS001;The Venetian Resort Las Vegas;Las Vegas;United States;booking_via_agoda;agoda;3038.0;Booking.com;b7b774000e96c593;06/01/2025;2025;;;10.0;0.0;10.0;10.0;https://www.agoda.com/api/cronos/property/review/HotelReviews?hotelId=2937&pageSize=50&referer=https%3A%2F%2Fwww.agoda.com%2Fvenetian-resort-hotel-casino%2Fhotel%2Flas-vegas-nv-us.html&providerMode=separate;16;2026-06-07T16:23:33.156739+00:00;ok;
HVEGAS001;The Venetian Resort Las Vegas;Las Vegas;United States;booking_via_agoda;agoda;3038.0;Booking.com;ae17eefbbf9541d0;07/01/2025;2025;;;8.0;0.0;10.0;8.0;https://www.agoda.com/api/cronos/property/review/HotelReviews?hotelId=2937&pageSize=50&referer=https%3A%2F%2Fwww.agoda.com%2Fvenetian-resort-hotel-casino%2Fhotel%2Flas-vegas-nv-us.html&providerMode=separate;16;2026-06-07T16:23:33.156739+00:00;ok;
HVEGAS001;The Venetian Resort Las Vegas;Las Vegas;United States;booking_via_agoda;agoda;3038.0;Booking.com;123d4ba1aebb32df;07/01/2025;2025;;;10.0;0.0;10.0;10.0;https://www.agoda.com/api/cronos/property/review/HotelReviews?hotelId=2937&pageSize=50&referer=https%3A%2F%2Fwww.agoda.com%2Fvenetian-resort-hotel-casino%2Fhotel%2Flas-vegas-nv-us.html&providerMode=separate;16;2026-06-07T16:23:33.156739+00:00;ok;
HVEGAS001;The Venetian Resort Las Vegas;Las Vegas;United States;booking_via_agoda;agoda;3038.0;Booking.com;c8a30a7e5451802c;07/01/2025;2025;;;1.0;0.0;10.0;1.0;https://www.agoda.com/api/cronos/property/review/HotelReviews?hotelId=2937&pageSize=50&referer=https%3A%2F%2Fwww.agoda.com%2Fvenetian-resort-hotel-casino%2Fhotel%2Flas-vegas-nv-us.html&providerMode=separate;16;2026-06-07T16:23:33.156739+00:00;ok;
HVEGAS001;The Venetian Resort Las Vegas;Las Vegas;United States;booking_via_agoda;agoda;3038.0;Booking.com;05f85637fe7c540e;08/01/2025;2025;;;10.0;0.0;10.0;10.0;https://www.agoda.com/api/cronos/property/review/HotelReviews?hotelId=2937&pageSize=50&referer=https%3A%2F%2Fwww.agoda.com%2Fvenetian-resort-hotel-casino%2Fhotel%2Flas-vegas-nv-us.html&providerMode=separate;16;2026-06-07T16:23:33.156739+00:00;ok;
HVEGAS001;The Venetian Resort Las Vegas;Las Vegas;United States;booking_via_agoda;agoda;3038.0;Booking.com;876c231794659617;08/01/2025;2025;;;10.0;0.0;10.0;10.0;https://www.agoda.com/api/cronos/property/review/HotelReviews?hotelId=2937&pageSize=50&referer=https%3A%2F%2Fwww.agoda.com%2Fvenetian-resort-hotel-casino%2Fhotel%2Flas-vegas-nv-us.html&providerMode=separate;16;2026-06-07T16:23:33.156739+00:00;ok;
HVEGAS001;The Venetian Resort Las Vegas;Las Vegas;United States;booking_via_agoda;agoda;3038.0;Booking.com;a1501d2c5de2f266;13/01/2025;2025;;;7.0;0.0;10.0;7.0;https://www.agoda.com/api/cronos/property/review/HotelReviews?hotelId=2937&pageSize=50&referer=https%3A%2F%2Fwww.agoda.com%2Fvenetian-resort-hotel-casino%2Fhotel%2Flas-vegas-nv-us.html&providerMode=separate;16;2026-06-07T16:23:33.156739+00:00;ok;
HVEGAS001;The Venetian Resort Las Vegas;Las Vegas;United States;booking_via_agoda;agoda;3038.0;Booking.com;186401c0bd264d3e;13/01/2025;2025;;;10.0;0.0;10.0;10.0;https://www.agoda.com/api/cronos/property/review/HotelReviews?hotelId=2937&pageSize=50&referer=https%3A%2F%2Fwww.agoda.com%2Fvenetian-resort-hotel-casino%2Fhotel%2Flas-vegas-nv-us.html&providerMode=separate;16;2026-06-07T16:23:33.156739+00:00;ok;
HVEGAS001;The Venetian Resort Las Vegas;Las Vegas;United States;booking_via_agoda;agoda;3038.0;Booking.com;5f902abe4d87ffa3;13/01/2025;2025;;;10.0;0.0;10.0;10.0;https://www.agoda.com/api/cronos/property/review/HotelReviews?hotelId=2937&pageSize=50&referer=https%3A%2F%2Fwww.agoda.com%2Fvenetian-resort-hotel-casino%2Fhotel%2Flas-vegas-nv-us.html&providerMode=separate;16;2026-06-07T16:23:33.156739+00:00;ok;
HVEGAS001;The Venetian Resort Las Vegas;Las Vegas;United States;booking_via_agoda;agoda;3038.0;Booking.com;7330ac8ae09ff05b;13/01/2025;2025;;;8.0;0.0;10.0;8.0;https://www.agoda.com/api/cronos/property/review/HotelReviews?hotelId=2937&pageSize=50&referer=https%3A%2F%2Fwww.agoda.com%2Fvenetian-resort-hotel-casino%2Fhotel%2Flas-vegas-nv-us.html&providerMode=separate;16;2026-06-07T16:23:33.156739+00:00;ok;
HVEGAS001;The Venetian Resort Las Vegas;Las Vegas;United States;booking_via_agoda;agoda;3038.0;Booking.com;a5e3a33ee8eb7f82;13/01/2025;2025;;;1.0;0.0;10.0;1.0;https://www.agoda.com/api/cronos/property/review/HotelReviews?hotelId=2937&pageSize=50&referer=https%3A%2F%2Fwww.agoda.com%2Fvenetian-resort-hotel-casino%2Fhotel%2Flas-vegas-nv-us.html&providerMode=separate;16;2026-06-07T16:23:33.156739+00:00;ok;
HVEGAS001;The Venetian Resort Las Vegas;Las Vegas;United States;booking_via_agoda;agoda;3038.0;Booking.com;82e24d3be6d8204c;14/01/2025;2025;;;9.0;0.0;10.0;9.0;https://www.agoda.com/api/cronos/property/review/HotelReviews?hotelId=2937&pageSize=50&referer=https%3A%2F%2Fwww.agoda.com%2Fvenetian-resort-hotel-casino%2Fhotel%2Flas-vegas-nv-us.html&providerMode=separate;16;2026-06-07T16:23:33.156739+00:00;ok;
HVEGAS001;The Venetian Resort Las Vegas;Las Vegas;United States;booking_via_agoda;agoda;3038.0;Booking.com;7bfb5cb66b32627d;14/01/2025;2025;;;5.0;0.0;10.0;5.0;https://www.agoda.com/api/cronos/property/review/HotelReviews?hotelId=2937&pageSize=50&referer=https%3A%2F%2Fwww.agoda.com%2Fvenetian-resort-hotel-casino%2Fhotel%2Flas-vegas-nv-us.html&providerMode=separate;16;2026-06-07T16:23:33.156739+00:00;ok;
HVEGAS001;The Venetian Resort Las Vegas;Las Vegas;United States;booking_via_agoda;agoda;3038.0;Booking.com;a08297d9a7d984e8;14/01/2025;2025;;;9.0;0.0;10.0;9.0;https://www.agoda.com/api/cronos/property/review/HotelReviews?hotelId=2937&pageSize=50&referer=https%3A%2F%2Fwww.agoda.com%2Fvenetian-resort-hotel-casino%2Fhotel%2Flas-vegas-nv-us.html&providerMode=separate;16;2026-06-07T16:23:33.156739+00:00;ok;
HVEGAS001;The Venetian Resort Las Vegas;Las Vegas;United States;booking_via_agoda;agoda;3038.0;Booking.com;3c23c50c4c5433d1;19/01/2025;2025;;;10.0;0.0;10.0;10.0;https://www.agoda.com/api/cronos/property/review/HotelReviews?hotelId=2937&pageSize=50&referer=https%3A%2F%2Fwww.agoda.com%2Fvenetian-resort-hotel-casino%2Fhotel%2Flas-vegas-nv-us.html&providerMode=separate;16;2026-06-07T16:23:33.156739+00:00;ok;
HVEGAS001;The Venetian Resort Las Vegas;Las Vegas;United States;booking_via_agoda;agoda;3038.0;Booking.com;29808b01465376ed;19/01/2025;2025;;;10.0;0.0;10.0;10.0;https://www.agoda.com/api/cronos/property/review/HotelReviews?hotelId=2937&pageSize=50&referer=https%3A%2F%2Fwww.agoda.com%2Fvenetian-resort-hotel-casino%2Fhotel%2Flas-vegas-nv-us.html&providerMode=separate;16;2026-06-07T16:23:33.156739+00:00;ok;
HVEGAS001;The Venetian Resort Las Vegas;Las Vegas;United States;booking_via_agoda;agoda;3038.0;Booking.com;c299e2d4f17b550b;19/01/2025;2025;;;10.0;0.0;10.0;10.0;https://www.agoda.com/api/cronos/property/review/HotelReviews?hotelId=2937&pageSize=50&referer=https%3A%2F%2Fwww.agoda.com%2Fvenetian-resort-hotel-casino%2Fhotel%2Flas-vegas-nv-us.html&providerMode=separate;16;2026-06-07T16:23:33.156739+00:00;ok;
HVEGAS001;The Venetian Resort Las Vegas;Las Vegas;United States;booking_via_agoda;agoda;3038.0;Booking.com;98a43d5d1de3a07a;20/01/2025;2025;;;10.0;0.0;10.0;10.0;https://www.agoda.com/api/cronos/property/review/HotelReviews?hotelId=2937&pageSize=50&referer=https%3A%2F%2Fwww.agoda.com%2Fvenetian-resort-hotel-casino%2Fhotel%2Flas-vegas-nv-us.html&providerMode=separate;16;2026-06-07T16:23:33.156739+00:00;ok;
HVEGAS001;The Venetian Resort Las Vegas;Las Vegas;United States;booking_via_agoda;agoda;3038.0;Booking.com;f54f73f97f702ea0;21/01/2025;2025;;;7.0;0.0;10.0;7.0;https://www.agoda.com/api/cronos/property/review/HotelReviews?hotelId=2937&pageSize=50&referer=https%3A%2F%2Fwww.agoda.com%2Fvenetian-resort-hotel-casino%2Fhotel%2Flas-vegas-nv-us.html&providerMode=separate;16;2026-06-07T16:23:33.156739+00:00;ok;
HVEGAS001;The Venetian Resort Las Vegas;Las Vegas;United States;booking_via_agoda;agoda;3038.0;Booking.com;c1b931d542fd8eff;21/01/2025;2025;;;7.0;0.0;10.0;7.0;https://www.agoda.com/api/cronos/property/review/HotelReviews?hotelId=2937&pageSize=50&referer=https%3A%2F%2Fwww.agoda.com%2Fvenetian-resort-hotel-casino%2Fhotel%2Flas-vegas-nv-us.html&providerMode=separate;16;2026-06-07T16:23:33.156739+00:00;ok;
HVEGAS001;The Venetian Resort Las Vegas;Las Vegas;United States;booking_via_agoda;agoda;3038.0;Booking.com;0fc77c0bda1bd382;21/01/2025;2025;;;10.0;0.0;10.0;10.0;https://www.agoda.com/api/cronos/property/review/HotelReviews?hotelId=2937&pageSize=50&referer=https%3A%2F%2Fwww.agoda.com%2Fvenetian-resort-hotel-casino%2Fhotel%2Flas-vegas-nv-us.html&providerMode=separate;16;2026-06-07T16:23:33.156739+00:00;ok;
HVEGAS001;The Venetian Resort Las Vegas;Las Vegas;United States;booking_via_agoda;agoda;3038.0;Booking.com;ef8360cceb173d40;22/01/2025;2025;;;8.0;0.0;10.0;8.0;https://www.agoda.com/api/cronos/property/review/HotelReviews?hotelId=2937&pageSize=50&referer=https%3A%2F%2Fwww.agoda.com%2Fvenetian-resort-hotel-casino%2Fhotel%2Flas-vegas-nv-us.html&providerMode=separate;16;2026-06-07T16:23:33.156739+00:00;ok;
HVEGAS001;The Venetian Resort Las Vegas;Las Vegas;United States;booking_via_agoda;agoda;3038.0;Booking.com;0bd9df56af15b539;22/01/2025;2025;;;9.0;0.0;10.0;9.0;https://www.agoda.com/api/cronos/property/review/HotelReviews?hotelId=2937&pageSize=50&referer=https%3A%2F%2Fwww.agoda.com%2Fvenetian-resort-hotel-casino%2Fhotel%2Flas-vegas-nv-us.html&providerMode=separate;16;2026-06-07T16:23:33.156739+00:00;ok;
HVEGAS001;The Venetian Resort Las Vegas;Las Vegas;United States;booking_via_agoda;agoda;3038.0;Booking.com;c224a82a38027221;23/01/2025;2025;;;10.0;0.0;10.0;10.0;https://www.agoda.com/api/cronos/property/review/HotelReviews?hotelId=2937&pageSize=50&referer=https%3A%2F%2Fwww.agoda.com%2Fvenetian-resort-hotel-casino%2Fhotel%2Flas-vegas-nv-us.html&providerMode=separate;16;2026-06-07T16:23:33.156739+00:00;ok;
HVEGAS001;The Venetian Resort Las Vegas;Las Vegas;United States;booking_via_agoda;agoda;3038.0;Booking.com;44dcdba13efe7e51;25/01/2025;2025;;;8.0;0.0;10.0;8.0;https://www.agoda.com/api/cronos/property/review/HotelReviews?hotelId=2937&pageSize=50&referer=https%3A%2F%2Fwww.agoda.com%2Fvenetian-resort-hotel-casino%2Fhotel%2Flas-vegas-nv-us.html&providerMode=separate;16;2026-06-07T16:23:33.156739+00:00;ok;
HVEGAS001;The Venetian Resort Las Vegas;Las Vegas;United States;booking_via_agoda;agoda;3038.0;Booking.com;2766e0c323901ecc;26/01/2025;2025;;;10.0;0.0;10.0;10.0;https://www.agoda.com/api/cronos/property/review/HotelReviews?hotelId=2937&pageSize=50&referer=https%3A%2F%2Fwww.agoda.com%2Fvenetian-resort-hotel-casino%2Fhotel%2Flas-vegas-nv-us.html&providerMode=separate;16;2026-06-07T16:23:33.156739+00:00;ok;
HVEGAS001;The Venetian Resort Las Vegas;Las Vegas;United States;booking_via_agoda;agoda;3038.0;Booking.com;2f28c98453941a61;27/01/2025;2025;;;7.0;0.0;10.0;7.0;https://www.agoda.com/api/cronos/property/review/HotelReviews?hotelId=2937&pageSize=50&referer=https%3A%2F%2Fwww.agoda.com%2Fvenetian-resort-hotel-casino%2Fhotel%2Flas-vegas-nv-us.html&providerMode=separate;16;2026-06-07T16:23:33.156739+00:00;ok;
HVEGAS001;The Venetian Resort Las Vegas;Las Vegas;United States;booking_via_agoda;agoda;3038.0;Booking.com;dee4e67ba805bfe9;27/01/2025;2025;;;10.0;0.0;10.0;10.0;https://www.agoda.com/api/cronos/property/review/HotelReviews?hotelId=2937&pageSize=50&referer=https%3A%2F%2Fwww.agoda.com%2Fvenetian-resort-hotel-casino%2Fhotel%2Flas-vegas-nv-us.html&providerMode=separate;16;2026-06-07T16:23:33.156739+00:00;ok;
HVEGAS001;The Venetian Resort Las Vegas;Las Vegas;United States;booking_via_agoda;agoda;3038.0;Booking.com;81e9c04c59beae43;27/01/2025;2025;;;10.0;0.0;10.0;10.0;https://www.agoda.com/api/cronos/property/review/HotelReviews?hotelId=2937&pageSize=50&referer=https%3A%2F%2Fwww.agoda.com%2Fvenetian-resort-hotel-casino%2Fhotel%2Flas-vegas-nv-us.html&providerMode=separate;16;2026-06-07T16:23:33.156739+00:00;ok;
HVEGAS001;The Venetian Resort Las Vegas;Las Vegas;United States;booking_via_agoda;agoda;3038.0;Booking.com;f7666f8bb9d8116c;28/01/2025;2025;;;8.0;0.0;10.0;8.0;https://www.agoda.com/api/cronos/property/review/HotelReviews?hotelId=2937&pageSize=50&referer=https%3A%2F%2Fwww.agoda.com%2Fvenetian-resort-hotel-casino%2Fhotel%2Flas-vegas-nv-us.html&providerMode=separate;16;2026-06-07T16:23:33.156739+00:00;ok;
HVEGAS001;The Venetian Resort Las Vegas;Las Vegas;United States;booking_via_agoda;agoda;3038.0;Booking.com;1b59d69a05b8f67b;29/01/2025;2025;;;10.0;0.0;10.0;10.0;https://www.agoda.com/api/cronos/property/review/HotelReviews?hotelId=2937&pageSize=50&referer=https%3A%2F%2Fwww.agoda.com%2Fvenetian-resort-hotel-casino%2Fhotel%2Flas-vegas-nv-us.html&providerMode=separate;15;2026-06-07T16:23:33.156739+00:00;ok;
HVEGAS001;The Venetian Resort Las Vegas;Las Vegas;United States;booking_via_agoda;agoda;3038.0;Booking.com;9160895f0b569f80;29/01/2025;2025;;;10.0;0.0;10.0;10.0;https://www.agoda.com/api/cronos/property/review/HotelReviews?hotelId=2937&pageSize=50&referer=https%3A%2F%2Fwww.agoda.com%2Fvenetian-resort-hotel-casino%2Fhotel%2Flas-vegas-nv-us.html&providerMode=separate;15;2026-06-07T16:23:33.156739+00:00;ok;
HVEGAS001;The Venetian Resort Las Vegas;Las Vegas;United States;booking_via_agoda;agoda;3038.0;Booking.com;d6fb4eac070885c8;30/01/2025;2025;;;10.0;0.0;10.0;10.0;https://www.agoda.com/api/cronos/property/review/HotelReviews?hotelId=2937&pageSize=50&referer=https%3A%2F%2Fwww.agoda.com%2Fvenetian-resort-hotel-casino%2Fhotel%2Flas-vegas-nv-us.html&providerMode=separate;15;2026-06-07T16:23:33.156739+00:00;ok;
HVEGAS001;The Venetian Resort Las Vegas;Las Vegas;United States;booking_via_agoda;agoda;3038.0;Booking.com;e986b1abda9ba4a6;30/01/2025;2025;;;8.0;0.0;10.0;8.0;https://www.agoda.com/api/cronos/property/review/HotelReviews?hotelId=2937&pageSize=50&referer=https%3A%2F%2Fwww.agoda.com%2Fvenetian-resort-hotel-casino%2Fhotel%2Flas-vegas-nv-us.html&providerMode=separate;15;2026-06-07T16:23:33.156739+00:00;ok;
HVEGAS001;The Venetian Resort Las Vegas;Las Vegas;United States;booking_via_agoda;agoda;3038.0;Booking.com;197378cc2fdbde71;30/01/2025;2025;;;8.0;0.0;10.0;8.0;https://www.agoda.com/api/cronos/property/review/HotelReviews?hotelId=2937&pageSize=50&referer=https%3A%2F%2Fwww.agoda.com%2Fvenetian-resort-hotel-casino%2Fhotel%2Flas-vegas-nv-us.html&providerMode=separate;15;2026-06-07T16:23:33.156739+00:00;ok;
HVEGAS001;The Venetian Resort Las Vegas;Las Vegas;United States;booking_via_agoda;agoda;3038.0;Booking.com;78a18c5d9ec58f33;31/01/2025;2025;;;8.0;0.0;10.0;8.0;https://www.agoda.com/api/cronos/property/review/HotelReviews?hotelId=2937&pageSize=50&referer=https%3A%2F%2Fwww.agoda.com%2Fvenetian-resort-hotel-casino%2Fhotel%2Flas-vegas-nv-us.html&providerMode=separate;15;2026-06-07T16:23:33.156739+00:00;ok;
HVEGAS001;The Venetian Resort Las Vegas;Las Vegas;United States;booking_via_agoda;agoda;3038.0;Booking.com;906bcd479f4fd846;01/02/2025;2025;;;10.0;0.0;10.0;10.0;https://www.agoda.com/api/cronos/property/review/HotelReviews?hotelId=2937&pageSize=50&referer=https%3A%2F%2Fwww.agoda.com%2Fvenetian-resort-hotel-casino%2Fhotel%2Flas-vegas-nv-us.html&providerMode=separate;15;2026-06-07T16:23:33.156739+00:00;ok;
HVEGAS001;The Venetian Resort Las Vegas;Las Vegas;United States;booking_via_agoda;agoda;3038.0;Booking.com;32a58f1da44d00d8;02/02/2025;2025;;;9.0;0.0;10.0;9.0;https://www.agoda.com/api/cronos/property/review/HotelReviews?hotelId=2937&pageSize=50&referer=https%3A%2F%2Fwww.agoda.com%2Fvenetian-resort-hotel-casino%2Fhotel%2Flas-vegas-nv-us.html&providerMode=separate;15;2026-06-07T16:23:33.156739+00:00;ok;
HVEGAS001;The Venetian Resort Las Vegas;Las Vegas;United States;booking_via_agoda;agoda;3038.0;Booking.com;083951613a18a2f8;03/02/2025;2025;;;10.0;0.0;10.0;10.0;https://www.agoda.com/api/cronos/property/review/HotelReviews?hotelId=2937&pageSize=50&referer=https%3A%2F%2Fwww.agoda.com%2Fvenetian-resort-hotel-casino%2Fhotel%2Flas-vegas-nv-us.html&providerMode=separate;15;2026-06-07T16:23:33.156739+00:00;ok;
HVEGAS001;The Venetian Resort Las Vegas;Las Vegas;United States;booking_via_agoda;agoda;3038.0;Booking.com;f2b78861b7b4a381;03/02/2025;2025;;;1.0;0.0;10.0;1.0;https://www.agoda.com/api/cronos/property/review/HotelReviews?hotelId=2937&pageSize=50&referer=https%3A%2F%2Fwww.agoda.com%2Fvenetian-resort-hotel-casino%2Fhotel%2Flas-vegas-nv-us.html&providerMode=separate;15;2026-06-07T16:23:33.156739+00:00;ok;
HVEGAS001;The Venetian Resort Las Vegas;Las Vegas;United States;booking_via_agoda;agoda;3038.0;Booking.com;795c29cd47e84108;04/02/2025;2025;;;5.0;0.0;10.0;5.0;https://www.agoda.com/api/cronos/property/review/HotelReviews?hotelId=2937&pageSize=50&referer=https%3A%2F%2Fwww.agoda.com%2Fvenetian-resort-hotel-casino%2Fhotel%2Flas-vegas-nv-us.html&providerMode=separate;15;2026-06-07T16:23:33.156739+00:00;ok;
HVEGAS001;The Venetian Resort Las Vegas;Las Vegas;United States;booking_via_agoda;agoda;3038.0;Booking.com;5eab5e35c412118f;05/02/2025;2025;;;10.0;0.0;10.0;10.0;https://www.agoda.com/api/cronos/property/review/HotelReviews?hotelId=2937&pageSize=50&referer=https%3A%2F%2Fwww.agoda.com%2Fvenetian-resort-hotel-casino%2Fhotel%2Flas-vegas-nv-us.html&providerMode=separate;15;2026-06-07T16:23:33.156739+00:00;ok;
HVEGAS001;The Venetian Resort Las Vegas;Las Vegas;United States;booking_via_agoda;agoda;3038.0;Booking.com;c866e3b4709684a6;05/02/2025;2025;;;8.0;0.0;10.0;8.0;https://www.agoda.com/api/cronos/property/review/HotelReviews?hotelId=2937&pageSize=50&referer=https%3A%2F%2Fwww.agoda.com%2Fvenetian-resort-hotel-casino%2Fhotel%2Flas-vegas-nv-us.html&providerMode=separate;15;2026-06-07T16:23:33.156739+00:00;ok;
HVEGAS001;The Venetian Resort Las Vegas;Las Vegas;United States;booking_via_agoda;agoda;3038.0;Booking.com;6afb556da4534e49;06/02/2025;2025;;;8.0;0.0;10.0;8.0;https://www.agoda.com/api/cronos/property/review/HotelReviews?hotelId=2937&pageSize=50&referer=https%3A%2F%2Fwww.agoda.com%2Fvenetian-resort-hotel-casino%2Fhotel%2Flas-vegas-nv-us.html&providerMode=separate;15;2026-06-07T16:23:33.156739+00:00;ok;
HVEGAS001;The Venetian Resort Las Vegas;Las Vegas;United States;booking_via_agoda;agoda;3038.0;Booking.com;7c188d14a007afa3;07/02/2025;2025;;;10.0;0.0;10.0;10.0;https://www.agoda.com/api/cronos/property/review/HotelReviews?hotelId=2937&pageSize=50&referer=https%3A%2F%2Fwww.agoda.com%2Fvenetian-resort-hotel-casino%2Fhotel%2Flas-vegas-nv-us.html&providerMode=separate;15;2026-06-07T16:23:33.156739+00:00;ok;
HVEGAS001;The Venetian Resort Las Vegas;Las Vegas;United States;booking_via_agoda;agoda;3038.0;Booking.com;502ee879a2a4ae48;09/02/2025;2025;;;10.0;0.0;10.0;10.0;https://www.agoda.com/api/cronos/property/review/HotelReviews?hotelId=2937&pageSize=50&referer=https%3A%2F%2Fwww.agoda.com%2Fvenetian-resort-hotel-casino%2Fhotel%2Flas-vegas-nv-us.html&providerMode=separate;15;2026-06-07T16:23:33.156739+00:00;ok;
HVEGAS001;The Venetian Resort Las Vegas;Las Vegas;United States;booking_via_agoda;agoda;3038.0;Booking.com;9df89e41fd486b7d;09/02/2025;2025;;;6.0;0.0;10.0;6.0;https://www.agoda.com/api/cronos/property/review/HotelReviews?hotelId=2937&pageSize=50&referer=https%3A%2F%2Fwww.agoda.com%2Fvenetian-resort-hotel-casino%2Fhotel%2Flas-vegas-nv-us.html&providerMode=separate;15;2026-06-07T16:23:33.156739+00:00;ok;
HVEGAS001;The Venetian Resort Las Vegas;Las Vegas;United States;booking_via_agoda;agoda;3038.0;Booking.com;eadcbf827c603664;09/02/2025;2025;;;10.0;0.0;10.0;10.0;https://www.agoda.com/api/cronos/property/review/HotelReviews?hotelId=2937&pageSize=50&referer=https%3A%2F%2Fwww.agoda.com%2Fvenetian-resort-hotel-casino%2Fhotel%2Flas-vegas-nv-us.html&providerMode=separate;15;2026-06-07T16:23:33.156739+00:00;ok;
HVEGAS001;The Venetian Resort Las Vegas;Las Vegas;United States;booking_via_agoda;agoda;3038.0;Booking.com;f674885bfff634e8;09/02/2025;2025;;;1.0;0.0;10.0;1.0;https://www.agoda.com/api/cronos/property/review/HotelReviews?hotelId=2937&pageSize=50&referer=https%3A%2F%2Fwww.agoda.com%2Fvenetian-resort-hotel-casino%2Fhotel%2Flas-vegas-nv-us.html&providerMode=separate;15;2026-06-07T16:23:33.156739+00:00;ok;
HVEGAS001;The Venetian Resort Las Vegas;Las Vegas;United States;booking_via_agoda;agoda;3038.0;Booking.com;985a7fdc5d9a1f32;10/02/2025;2025;;;9.0;0.0;10.0;9.0;https://www.agoda.com/api/cronos/property/review/HotelReviews?hotelId=2937&pageSize=50&referer=https%3A%2F%2Fwww.agoda.com%2Fvenetian-resort-hotel-casino%2Fhotel%2Flas-vegas-nv-us.html&providerMode=separate;15;2026-06-07T16:23:33.156739+00:00;ok;
HVEGAS001;The Venetian Resort Las Vegas;Las Vegas;United States;booking_via_agoda;agoda;3038.0;Booking.com;b9dde4124c5f6cd4;10/02/2025;2025;;;10.0;0.0;10.0;10.0;https://www.agoda.com/api/cronos/property/review/HotelReviews?hotelId=2937&pageSize=50&referer=https%3A%2F%2Fwww.agoda.com%2Fvenetian-resort-hotel-casino%2Fhotel%2Flas-vegas-nv-us.html&providerMode=separate;15;2026-06-07T16:23:33.156739+00:00;ok;
HVEGAS001;The Venetian Resort Las Vegas;Las Vegas;United States;booking_via_agoda;agoda;3038.0;Booking.com;3fc3b8c3957a84fc;11/02/2025;2025;;;7.0;0.0;10.0;7.0;https://www.agoda.com/api/cronos/property/review/HotelReviews?hotelId=2937&pageSize=50&referer=https%3A%2F%2Fwww.agoda.com%2Fvenetian-resort-hotel-casino%2Fhotel%2Flas-vegas-nv-us.html&providerMode=separate;15;2026-06-07T16:23:33.156739+00:00;ok;
HVEGAS001;The Venetian Resort Las Vegas;Las Vegas;United States;booking_via_agoda;agoda;3038.0;Booking.com;aaa3353e34568f2d;12/02/2025;2025;;;10.0;0.0;10.0;10.0;https://www.agoda.com/api/cronos/property/review/HotelReviews?hotelId=2937&pageSize=50&referer=https%3A%2F%2Fwww.agoda.com%2Fvenetian-resort-hotel-casino%2Fhotel%2Flas-vegas-nv-us.html&providerMode=separate;15;2026-06-07T16:23:33.156739+00:00;ok;
HVEGAS001;The Venetian Resort Las Vegas;Las Vegas;United States;booking_via_agoda;agoda;3038.0;Booking.com;5ca68786ba037477;13/02/2025;2025;;;10.0;0.0;10.0;10.0;https://www.agoda.com/api/cronos/property/review/HotelReviews?hotelId=2937&pageSize=50&referer=https%3A%2F%2Fwww.agoda.com%2Fvenetian-resort-hotel-casino%2Fhotel%2Flas-vegas-nv-us.html&providerMode=separate;15;2026-06-07T16:23:33.156739+00:00;ok;
HVEGAS001;The Venetian Resort Las Vegas;Las Vegas;United States;booking_via_agoda;agoda;3038.0;Booking.com;27fc6d789e904b1b;13/02/2025;2025;;;10.0;0.0;10.0;10.0;https://www.agoda.com/api/cronos/property/review/HotelReviews?hotelId=2937&pageSize=50&referer=https%3A%2F%2Fwww.agoda.com%2Fvenetian-resort-hotel-casino%2Fhotel%2Flas-vegas-nv-us.html&providerMode=separate;15;2026-06-07T16:23:33.156739+00:00;ok;
HVEGAS001;The Venetian Resort Las Vegas;Las Vegas;United States;booking_via_agoda;agoda;3038.0;Booking.com;b8557018f562f2b8;14/02/2025;2025;;;10.0;0.0;10.0;10.0;https://www.agoda.com/api/cronos/property/review/HotelReviews?hotelId=2937&pageSize=50&referer=https%3A%2F%2Fwww.agoda.com%2Fvenetian-resort-hotel-casino%2Fhotel%2Flas-vegas-nv-us.html&providerMode=separate;15;2026-06-07T16:23:33.156739+00:00;ok;
HVEGAS001;The Venetian Resort Las Vegas;Las Vegas;United States;booking_via_agoda;agoda;3038.0;Booking.com;f7da08d2c29ae0b7;16/02/2025;2025;;;10.0;0.0;10.0;10.0;https://www.agoda.com/api/cronos/property/review/HotelReviews?hotelId=2937&pageSize=50&referer=https%3A%2F%2Fwww.agoda.com%2Fvenetian-resort-hotel-casino%2Fhotel%2Flas-vegas-nv-us.html&providerMode=separate;15;2026-06-07T16:23:33.156739+00:00;ok;
HVEGAS001;The Venetian Resort Las Vegas;Las Vegas;United States;booking_via_agoda;agoda;3038.0;Booking.com;cc6955f55647a3cc;18/02/2025;2025;;;4.0;0.0;10.0;4.0;https://www.agoda.com/api/cronos/property/review/HotelReviews?hotelId=2937&pageSize=50&referer=https%3A%2F%2Fwww.agoda.com%2Fvenetian-resort-hotel-casino%2Fhotel%2Flas-vegas-nv-us.html&providerMode=separate;15;2026-06-07T16:23:33.156739+00:00;ok;
HVEGAS001;The Venetian Resort Las Vegas;Las Vegas;United States;booking_via_agoda;agoda;3038.0;Booking.com;20af2c22679cdeb1;18/02/2025;2025;;;7.0;0.0;10.0;7.0;https://www.agoda.com/api/cronos/property/review/HotelReviews?hotelId=2937&pageSize=50&referer=https%3A%2F%2Fwww.agoda.com%2Fvenetian-resort-hotel-casino%2Fhotel%2Flas-vegas-nv-us.html&providerMode=separate;15;2026-06-07T16:23:33.156739+00:00;ok;
HVEGAS001;The Venetian Resort Las Vegas;Las Vegas;United States;booking_via_agoda;agoda;3038.0;Booking.com;81c910d4b939936a;18/02/2025;2025;;;9.0;0.0;10.0;9.0;https://www.agoda.com/api/cronos/property/review/HotelReviews?hotelId=2937&pageSize=50&referer=https%3A%2F%2Fwww.agoda.com%2Fvenetian-resort-hotel-casino%2Fhotel%2Flas-vegas-nv-us.html&providerMode=separate;15;2026-06-07T16:23:33.156739+00:00;ok;
HVEGAS001;The Venetian Resort Las Vegas;Las Vegas;United States;booking_via_agoda;agoda;3038.0;Booking.com;9a1da3ae4ca564ed;18/02/2025;2025;;;10.0;0.0;10.0;10.0;https://www.agoda.com/api/cronos/property/review/HotelReviews?hotelId=2937&pageSize=50&referer=https%3A%2F%2Fwww.agoda.com%2Fvenetian-resort-hotel-casino%2Fhotel%2Flas-vegas-nv-us.html&providerMode=separate;15;2026-06-07T16:23:33.156739+00:00;ok;
HVEGAS001;The Venetian Resort Las Vegas;Las Vegas;United States;booking_via_agoda;agoda;3038.0;Booking.com;500753816989c33e;20/02/2025;2025;;;10.0;0.0;10.0;10.0;https://www.agoda.com/api/cronos/property/review/HotelReviews?hotelId=2937&pageSize=50&referer=https%3A%2F%2Fwww.agoda.com%2Fvenetian-resort-hotel-casino%2Fhotel%2Flas-vegas-nv-us.html&providerMode=separate;15;2026-06-07T16:23:33.156739+00:00;ok;
HVEGAS001;The Venetian Resort Las Vegas;Las Vegas;United States;booking_via_agoda;agoda;3038.0;Booking.com;0e9cb013bbf4bd43;22/02/2025;2025;;;8.0;0.0;10.0;8.0;https://www.agoda.com/api/cronos/property/review/HotelReviews?hotelId=2937&pageSize=50&referer=https%3A%2F%2Fwww.agoda.com%2Fvenetian-resort-hotel-casino%2Fhotel%2Flas-vegas-nv-us.html&providerMode=separate;15;2026-06-07T16:23:33.156739+00:00;ok;
HVEGAS001;The Venetian Resort Las Vegas;Las Vegas;United States;booking_via_agoda;agoda;3038.0;Booking.com;f16b9f59f478faae;22/02/2025;2025;;;10.0;0.0;10.0;10.0;https://www.agoda.com/api/cronos/property/review/HotelReviews?hotelId=2937&pageSize=50&referer=https%3A%2F%2Fwww.agoda.com%2Fvenetian-resort-hotel-casino%2Fhotel%2Flas-vegas-nv-us.html&providerMode=separate;15;2026-06-07T16:23:33.156739+00:00;ok;
HVEGAS001;The Venetian Resort Las Vegas;Las Vegas;United States;booking_via_agoda;agoda;3038.0;Booking.com;918f2f12403c52b9;23/02/2025;2025;;;10.0;0.0;10.0;10.0;https://www.agoda.com/api/cronos/property/review/HotelReviews?hotelId=2937&pageSize=50&referer=https%3A%2F%2Fwww.agoda.com%2Fvenetian-resort-hotel-casino%2Fhotel%2Flas-vegas-nv-us.html&providerMode=separate;15;2026-06-07T16:23:33.156739+00:00;ok;
HVEGAS001;The Venetian Resort Las Vegas;Las Vegas;United States;booking_via_agoda;agoda;3038.0;Booking.com;59ce51a2263be5a4;24/02/2025;2025;;;8.0;0.0;10.0;8.0;https://www.agoda.com/api/cronos/property/review/HotelReviews?hotelId=2937&pageSize=50&referer=https%3A%2F%2Fwww.agoda.com%2Fvenetian-resort-hotel-casino%2Fhotel%2Flas-vegas-nv-us.html&providerMode=separate;15;2026-06-07T16:23:33.156739+00:00;ok;
HVEGAS001;The Venetian Resort Las Vegas;Las Vegas;United States;booking_via_agoda;agoda;3038.0;Booking.com;0eb35637a4bedf8f;24/02/2025;2025;;;8.0;0.0;10.0;8.0;https://www.agoda.com/api/cronos/property/review/HotelReviews?hotelId=2937&pageSize=50&referer=https%3A%2F%2Fwww.agoda.com%2Fvenetian-resort-hotel-casino%2Fhotel%2Flas-vegas-nv-us.html&providerMode=separate;15;2026-06-07T16:23:33.156739+00:00;ok;
HVEGAS001;The Venetian Resort Las Vegas;Las Vegas;United States;booking_via_agoda;agoda;3038.0;Booking.com;5a62e12c96a8895d;24/02/2025;2025;;;8.0;0.0;10.0;8.0;https://www.agoda.com/api/cronos/property/review/HotelReviews?hotelId=2937&pageSize=50&referer=https%3A%2F%2Fwww.agoda.com%2Fvenetian-resort-hotel-casino%2Fhotel%2Flas-vegas-nv-us.html&providerMode=separate;15;2026-06-07T16:23:33.156739+00:00;ok;
HVEGAS001;The Venetian Resort Las Vegas;Las Vegas;United States;booking_via_agoda;agoda;3038.0;Booking.com;739a268cb64b1922;24/02/2025;2025;;;9.0;0.0;10.0;9.0;https://www.agoda.com/api/cronos/property/review/HotelReviews?hotelId=2937&pageSize=50&referer=https%3A%2F%2Fwww.agoda.com%2Fvenetian-resort-hotel-casino%2Fhotel%2Flas-vegas-nv-us.html&providerMode=separate;15;2026-06-07T16:23:33.156739+00:00;ok;
HVEGAS001;The Venetian Resort Las Vegas;Las Vegas;United States;booking_via_agoda;agoda;3038.0;Booking.com;444de7e6fbb4e11f;25/02/2025;2025;;;10.0;0.0;10.0;10.0;https://www.agoda.com/api/cronos/property/review/HotelReviews?hotelId=2937&pageSize=50&referer=https%3A%2F%2Fwww.agoda.com%2Fvenetian-resort-hotel-casino%2Fhotel%2Flas-vegas-nv-us.html&providerMode=separate;15;2026-06-07T16:23:33.156739+00:00;ok;
HVEGAS001;The Venetian Resort Las Vegas;Las Vegas;United States;booking_via_agoda;agoda;3038.0;Booking.com;581571bce0271520;25/02/2025;2025;;;10.0;0.0;10.0;10.0;https://www.agoda.com/api/cronos/property/review/HotelReviews?hotelId=2937&pageSize=50&referer=https%3A%2F%2Fwww.agoda.com%2Fvenetian-resort-hotel-casino%2Fhotel%2Flas-vegas-nv-us.html&providerMode=separate;15;2026-06-07T16:23:33.156739+00:00;ok;
HVEGAS001;The Venetian Resort Las Vegas;Las Vegas;United States;booking_via_agoda;agoda;3038.0;Booking.com;92052d5841d32ec3;26/02/2025;2025;;;7.0;0.0;10.0;7.0;https://www.agoda.com/api/cronos/property/review/HotelReviews?hotelId=2937&pageSize=50&referer=https%3A%2F%2Fwww.agoda.com%2Fvenetian-resort-hotel-casino%2Fhotel%2Flas-vegas-nv-us.html&providerMode=separate;15;2026-06-07T16:23:33.156739+00:00;ok;
HVEGAS001;The Venetian Resort Las Vegas;Las Vegas;United States;booking_via_agoda;agoda;3038.0;Booking.com;e64fa9ab2eaff1c5;26/02/2025;2025;;;8.0;0.0;10.0;8.0;https://www.agoda.com/api/cronos/property/review/HotelReviews?hotelId=2937&pageSize=50&referer=https%3A%2F%2Fwww.agoda.com%2Fvenetian-resort-hotel-casino%2Fhotel%2Flas-vegas-nv-us.html&providerMode=separate;15;2026-06-07T16:23:33.156739+00:00;ok;
HVEGAS001;The Venetian Resort Las Vegas;Las Vegas;United States;booking_via_agoda;agoda;3038.0;Booking.com;1abbac2f09390868;28/02/2025;2025;;;8.0;0.0;10.0;8.0;https://www.agoda.com/api/cronos/property/review/HotelReviews?hotelId=2937&pageSize=50&referer=https%3A%2F%2Fwww.agoda.com%2Fvenetian-resort-hotel-casino%2Fhotel%2Flas-vegas-nv-us.html&providerMode=separate;15;2026-06-07T16:23:33.156739+00:00;ok;
HVEGAS001;The Venetian Resort Las Vegas;Las Vegas;United States;booking_via_agoda;agoda;3038.0;Booking.com;9ad81365b69b0785;28/02/2025;2025;;;9.0;0.0;10.0;9.0;https://www.agoda.com/api/cronos/property/review/HotelReviews?hotelId=2937&pageSize=50&referer=https%3A%2F%2Fwww.agoda.com%2Fvenetian-resort-hotel-casino%2Fhotel%2Flas-vegas-nv-us.html&providerMode=separate;15;2026-06-07T16:23:33.156739+00:00;ok;
HVEGAS001;The Venetian Resort Las Vegas;Las Vegas;United States;booking_via_agoda;agoda;3038.0;Booking.com;4a1c09fbce3049b9;01/03/2025;2025;;;10.0;0.0;10.0;10.0;https://www.agoda.com/api/cronos/property/review/HotelReviews?hotelId=2937&pageSize=50&referer=https%3A%2F%2Fwww.agoda.com%2Fvenetian-resort-hotel-casino%2Fhotel%2Flas-vegas-nv-us.html&providerMode=separate;15;2026-06-07T16:23:33.156739+00:00;ok;
HVEGAS001;The Venetian Resort Las Vegas;Las Vegas;United States;booking_via_agoda;agoda;3038.0;Booking.com;8c777df26eb950a9;02/03/2025;2025;;;8.0;0.0;10.0;8.0;https://www.agoda.com/api/cronos/property/review/HotelReviews?hotelId=2937&pageSize=50&referer=https%3A%2F%2Fwww.agoda.com%2Fvenetian-resort-hotel-casino%2Fhotel%2Flas-vegas-nv-us.html&providerMode=separate;15;2026-06-07T16:23:33.156739+00:00;ok;
HVEGAS001;The Venetian Resort Las Vegas;Las Vegas;United States;booking_via_agoda;agoda;3038.0;Booking.com;9531e6317b9f848c;03/03/2025;2025;;;9.0;0.0;10.0;9.0;https://www.agoda.com/api/cronos/property/review/HotelReviews?hotelId=2937&pageSize=50&referer=https%3A%2F%2Fwww.agoda.com%2Fvenetian-resort-hotel-casino%2Fhotel%2Flas-vegas-nv-us.html&providerMode=separate;15;2026-06-07T16:23:33.156739+00:00;ok;
HVEGAS001;The Venetian Resort Las Vegas;Las Vegas;United States;booking_via_agoda;agoda;3038.0;Booking.com;f422b04bfe8a27cb;03/03/2025;2025;;;10.0;0.0;10.0;10.0;https://www.agoda.com/api/cronos/property/review/HotelReviews?hotelId=2937&pageSize=50&referer=https%3A%2F%2Fwww.agoda.com%2Fvenetian-resort-hotel-casino%2Fhotel%2Flas-vegas-nv-us.html&providerMode=separate;15;2026-06-07T16:23:33.156739+00:00;ok;
HVEGAS001;The Venetian Resort Las Vegas;Las Vegas;United States;booking_via_agoda;agoda;3038.0;Booking.com;4d41f3d4e320fa23;04/03/2025;2025;;;9.0;0.0;10.0;9.0;https://www.agoda.com/api/cronos/property/review/HotelReviews?hotelId=2937&pageSize=50&referer=https%3A%2F%2Fwww.agoda.com%2Fvenetian-resort-hotel-casino%2Fhotel%2Flas-vegas-nv-us.html&providerMode=separate;14;2026-06-07T16:23:33.156739+00:00;ok;
HVEGAS001;The Venetian Resort Las Vegas;Las Vegas;United States;booking_via_agoda;agoda;3038.0;Booking.com;9bae5ca55340be86;04/03/2025;2025;;;8.0;0.0;10.0;8.0;https://www.agoda.com/api/cronos/property/review/HotelReviews?hotelId=2937&pageSize=50&referer=https%3A%2F%2Fwww.agoda.com%2Fvenetian-resort-hotel-casino%2Fhotel%2Flas-vegas-nv-us.html&providerMode=separate;15;2026-06-07T16:23:33.156739+00:00;ok;
HVEGAS001;The Venetian Resort Las Vegas;Las Vegas;United States;booking_via_agoda;agoda;3038.0;Booking.com;53f97f7062a6a2c4;05/03/2025;2025;;;1.0;0.0;10.0;1.0;https://www.agoda.com/api/cronos/property/review/HotelReviews?hotelId=2937&pageSize=50&referer=https%3A%2F%2Fwww.agoda.com%2Fvenetian-resort-hotel-casino%2Fhotel%2Flas-vegas-nv-us.html&providerMode=separate;14;2026-06-07T16:23:33.156739+00:00;ok;
HVEGAS001;The Venetian Resort Las Vegas;Las Vegas;United States;booking_via_agoda;agoda;3038.0;Booking.com;2164d1f3ec69a5e6;07/03/2025;2025;;;8.0;0.0;10.0;8.0;https://www.agoda.com/api/cronos/property/review/HotelReviews?hotelId=2937&pageSize=50&referer=https%3A%2F%2Fwww.agoda.com%2Fvenetian-resort-hotel-casino%2Fhotel%2Flas-vegas-nv-us.html&providerMode=separate;14;2026-06-07T16:23:33.156739+00:00;ok;
HVEGAS001;The Venetian Resort Las Vegas;Las Vegas;United States;booking_via_agoda;agoda;3038.0;Booking.com;3d42213a707f478c;08/03/2025;2025;;;9.0;0.0;10.0;9.0;https://www.agoda.com/api/cronos/property/review/HotelReviews?hotelId=2937&pageSize=50&referer=https%3A%2F%2Fwww.agoda.com%2Fvenetian-resort-hotel-casino%2Fhotel%2Flas-vegas-nv-us.html&providerMode=separate;14;2026-06-07T16:23:33.156739+00:00;ok;
HVEGAS001;The Venetian Resort Las Vegas;Las Vegas;United States;booking_via_agoda;agoda;3038.0;Booking.com;80e2d16fb82cdeef;08/03/2025;2025;;;10.0;0.0;10.0;10.0;https://www.agoda.com/api/cronos/property/review/HotelReviews?hotelId=2937&pageSize=50&referer=https%3A%2F%2Fwww.agoda.com%2Fvenetian-resort-hotel-casino%2Fhotel%2Flas-vegas-nv-us.html&providerMode=separate;14;2026-06-07T16:23:33.156739+00:00;ok;
HVEGAS001;The Venetian Resort Las Vegas;Las Vegas;United States;booking_via_agoda;agoda;3038.0;Booking.com;12be51ea423e7aee;10/03/2025;2025;;;10.0;0.0;10.0;10.0;https://www.agoda.com/api/cronos/property/review/HotelReviews?hotelId=2937&pageSize=50&referer=https%3A%2F%2Fwww.agoda.com%2Fvenetian-resort-hotel-casino%2Fhotel%2Flas-vegas-nv-us.html&providerMode=separate;14;2026-06-07T16:23:33.156739+00:00;ok;
HVEGAS001;The Venetian Resort Las Vegas;Las Vegas;United States;booking_via_agoda;agoda;3038.0;Booking.com;3c3675009e30f173;10/03/2025;2025;;;8.0;0.0;10.0;8.0;https://www.agoda.com/api/cronos/property/review/HotelReviews?hotelId=2937&pageSize=50&referer=https%3A%2F%2Fwww.agoda.com%2Fvenetian-resort-hotel-casino%2Fhotel%2Flas-vegas-nv-us.html&providerMode=separate;14;2026-06-07T16:23:33.156739+00:00;ok;
HVEGAS001;The Venetian Resort Las Vegas;Las Vegas;United States;booking_via_agoda;agoda;3038.0;Booking.com;a7f1e8e77cdc29ac;11/03/2025;2025;;;10.0;0.0;10.0;10.0;https://www.agoda.com/api/cronos/property/review/HotelReviews?hotelId=2937&pageSize=50&referer=https%3A%2F%2Fwww.agoda.com%2Fvenetian-resort-hotel-casino%2Fhotel%2Flas-vegas-nv-us.html&providerMode=separate;14;2026-06-07T16:23:33.156739+00:00;ok;
HVEGAS001;The Venetian Resort Las Vegas;Las Vegas;United States;booking_via_agoda;agoda;3038.0;Booking.com;52e79aee47998177;11/03/2025;2025;;;10.0;0.0;10.0;10.0;https://www.agoda.com/api/cronos/property/review/HotelReviews?hotelId=2937&pageSize=50&referer=https%3A%2F%2Fwww.agoda.com%2Fvenetian-resort-hotel-casino%2Fhotel%2Flas-vegas-nv-us.html&providerMode=separate;14;2026-06-07T16:23:33.156739+00:00;ok;
HVEGAS001;The Venetian Resort Las Vegas;Las Vegas;United States;booking_via_agoda;agoda;3038.0;Booking.com;a76aca26d64c5b0a;12/03/2025;2025;;;10.0;0.0;10.0;10.0;https://www.agoda.com/api/cronos/property/review/HotelReviews?hotelId=2937&pageSize=50&referer=https%3A%2F%2Fwww.agoda.com%2Fvenetian-resort-hotel-casino%2Fhotel%2Flas-vegas-nv-us.html&providerMode=separate;14;2026-06-07T16:23:33.156739+00:00;ok;
HVEGAS001;The Venetian Resort Las Vegas;Las Vegas;United States;booking_via_agoda;agoda;3038.0;Booking.com;e5378111a1270989;13/03/2025;2025;;;2.0;0.0;10.0;2.0;https://www.agoda.com/api/cronos/property/review/HotelReviews?hotelId=2937&pageSize=50&referer=https%3A%2F%2Fwww.agoda.com%2Fvenetian-resort-hotel-casino%2Fhotel%2Flas-vegas-nv-us.html&providerMode=separate;14;2026-06-07T16:23:33.156739+00:00;ok;
HVEGAS001;The Venetian Resort Las Vegas;Las Vegas;United States;booking_via_agoda;agoda;3038.0;Booking.com;4258cacdb4092561;14/03/2025;2025;;;2.0;0.0;10.0;2.0;https://www.agoda.com/api/cronos/property/review/HotelReviews?hotelId=2937&pageSize=50&referer=https%3A%2F%2Fwww.agoda.com%2Fvenetian-resort-hotel-casino%2Fhotel%2Flas-vegas-nv-us.html&providerMode=separate;14;2026-06-07T16:23:33.156739+00:00;ok;
HVEGAS001;The Venetian Resort Las Vegas;Las Vegas;United States;booking_via_agoda;agoda;3038.0;Booking.com;a78b42a25b975c04;14/03/2025;2025;;;10.0;0.0;10.0;10.0;https://www.agoda.com/api/cronos/property/review/HotelReviews?hotelId=2937&pageSize=50&referer=https%3A%2F%2Fwww.agoda.com%2Fvenetian-resort-hotel-casino%2Fhotel%2Flas-vegas-nv-us.html&providerMode=separate;14;2026-06-07T16:23:33.156739+00:00;ok;
HVEGAS001;The Venetian Resort Las Vegas;Las Vegas;United States;booking_via_agoda;agoda;3038.0;Booking.com;f3eb7f8e01841fb9;15/03/2025;2025;;;8.0;0.0;10.0;8.0;https://www.agoda.com/api/cronos/property/review/HotelReviews?hotelId=2937&pageSize=50&referer=https%3A%2F%2Fwww.agoda.com%2Fvenetian-resort-hotel-casino%2Fhotel%2Flas-vegas-nv-us.html&providerMode=separate;14;2026-06-07T16:23:33.156739+00:00;ok;
HVEGAS001;The Venetian Resort Las Vegas;Las Vegas;United States;booking_via_agoda;agoda;3038.0;Booking.com;b7d3bfcf309caa87;15/03/2025;2025;;;10.0;0.0;10.0;10.0;https://www.agoda.com/api/cronos/property/review/HotelReviews?hotelId=2937&pageSize=50&referer=https%3A%2F%2Fwww.agoda.com%2Fvenetian-resort-hotel-casino%2Fhotel%2Flas-vegas-nv-us.html&providerMode=separate;14;2026-06-07T16:23:33.156739+00:00;ok;
HVEGAS001;The Venetian Resort Las Vegas;Las Vegas;United States;booking_via_agoda;agoda;3038.0;Booking.com;315c1c622d370960;16/03/2025;2025;;;8.0;0.0;10.0;8.0;https://www.agoda.com/api/cronos/property/review/HotelReviews?hotelId=2937&pageSize=50&referer=https%3A%2F%2Fwww.agoda.com%2Fvenetian-resort-hotel-casino%2Fhotel%2Flas-vegas-nv-us.html&providerMode=separate;14;2026-06-07T16:23:33.156739+00:00;ok;
HVEGAS001;The Venetian Resort Las Vegas;Las Vegas;United States;booking_via_agoda;agoda;3038.0;Booking.com;30bc37055f5a17bb;17/03/2025;2025;;;8.0;0.0;10.0;8.0;https://www.agoda.com/api/cronos/property/review/HotelReviews?hotelId=2937&pageSize=50&referer=https%3A%2F%2Fwww.agoda.com%2Fvenetian-resort-hotel-casino%2Fhotel%2Flas-vegas-nv-us.html&providerMode=separate;14;2026-06-07T16:23:33.156739+00:00;ok;
HVEGAS001;The Venetian Resort Las Vegas;Las Vegas;United States;booking_via_agoda;agoda;3038.0;Booking.com;71a35296a89f9b0d;17/03/2025;2025;;;10.0;0.0;10.0;10.0;https://www.agoda.com/api/cronos/property/review/HotelReviews?hotelId=2937&pageSize=50&referer=https%3A%2F%2Fwww.agoda.com%2Fvenetian-resort-hotel-casino%2Fhotel%2Flas-vegas-nv-us.html&providerMode=separate;14;2026-06-07T16:23:33.156739+00:00;ok;
HVEGAS001;The Venetian Resort Las Vegas;Las Vegas;United States;booking_via_agoda;agoda;3038.0;Booking.com;e839db9d2c8d768b;18/03/2025;2025;;;10.0;0.0;10.0;10.0;https://www.agoda.com/api/cronos/property/review/HotelReviews?hotelId=2937&pageSize=50&referer=https%3A%2F%2Fwww.agoda.com%2Fvenetian-resort-hotel-casino%2Fhotel%2Flas-vegas-nv-us.html&providerMode=separate;14;2026-06-07T16:23:33.156739+00:00;ok;
HVEGAS001;The Venetian Resort Las Vegas;Las Vegas;United States;booking_via_agoda;agoda;3038.0;Booking.com;41aeb367e2eabe6a;18/03/2025;2025;;;9.0;0.0;10.0;9.0;https://www.agoda.com/api/cronos/property/review/HotelReviews?hotelId=2937&pageSize=50&referer=https%3A%2F%2Fwww.agoda.com%2Fvenetian-resort-hotel-casino%2Fhotel%2Flas-vegas-nv-us.html&providerMode=separate;14;2026-06-07T16:23:33.156739+00:00;ok;
HVEGAS001;The Venetian Resort Las Vegas;Las Vegas;United States;booking_via_agoda;agoda;3038.0;Booking.com;6b2ba9320ce70e17;19/03/2025;2025;;;8.0;0.0;10.0;8.0;https://www.agoda.com/api/cronos/property/review/HotelReviews?hotelId=2937&pageSize=50&referer=https%3A%2F%2Fwww.agoda.com%2Fvenetian-resort-hotel-casino%2Fhotel%2Flas-vegas-nv-us.html&providerMode=separate;14;2026-06-07T16:23:33.156739+00:00;ok;
HVEGAS001;The Venetian Resort Las Vegas;Las Vegas;United States;booking_via_agoda;agoda;3038.0;Booking.com;eb40b525927bc892;19/03/2025;2025;;;8.0;0.0;10.0;8.0;https://www.agoda.com/api/cronos/property/review/HotelReviews?hotelId=2937&pageSize=50&referer=https%3A%2F%2Fwww.agoda.com%2Fvenetian-resort-hotel-casino%2Fhotel%2Flas-vegas-nv-us.html&providerMode=separate;14;2026-06-07T16:23:33.156739+00:00;ok;
HVEGAS001;The Venetian Resort Las Vegas;Las Vegas;United States;booking_via_agoda;agoda;3038.0;Booking.com;f04d4cc2d333cc33;19/03/2025;2025;;;10.0;0.0;10.0;10.0;https://www.agoda.com/api/cronos/property/review/HotelReviews?hotelId=2937&pageSize=50&referer=https%3A%2F%2Fwww.agoda.com%2Fvenetian-resort-hotel-casino%2Fhotel%2Flas-vegas-nv-us.html&providerMode=separate;14;2026-06-07T16:23:33.156739+00:00;ok;
HVEGAS001;The Venetian Resort Las Vegas;Las Vegas;United States;booking_via_agoda;agoda;3038.0;Booking.com;2f760c086d928529;19/03/2025;2025;;;10.0;0.0;10.0;10.0;https://www.agoda.com/api/cronos/property/review/HotelReviews?hotelId=2937&pageSize=50&referer=https%3A%2F%2Fwww.agoda.com%2Fvenetian-resort-hotel-casino%2Fhotel%2Flas-vegas-nv-us.html&providerMode=separate;14;2026-06-07T16:23:33.156739+00:00;ok;
HVEGAS001;The Venetian Resort Las Vegas;Las Vegas;United States;booking_via_agoda;agoda;3038.0;Booking.com;a9f8a4b5f8573246;22/03/2025;2025;;;10.0;0.0;10.0;10.0;https://www.agoda.com/api/cronos/property/review/HotelReviews?hotelId=2937&pageSize=50&referer=https%3A%2F%2Fwww.agoda.com%2Fvenetian-resort-hotel-casino%2Fhotel%2Flas-vegas-nv-us.html&providerMode=separate;14;2026-06-07T16:23:33.156739+00:00;ok;
HVEGAS001;The Venetian Resort Las Vegas;Las Vegas;United States;booking_via_agoda;agoda;3038.0;Booking.com;cca40d375d26da7d;24/03/2025;2025;;;10.0;0.0;10.0;10.0;https://www.agoda.com/api/cronos/property/review/HotelReviews?hotelId=2937&pageSize=50&referer=https%3A%2F%2Fwww.agoda.com%2Fvenetian-resort-hotel-casino%2Fhotel%2Flas-vegas-nv-us.html&providerMode=separate;14;2026-06-07T16:23:33.156739+00:00;ok;
HVEGAS001;The Venetian Resort Las Vegas;Las Vegas;United States;booking_via_agoda;agoda;3038.0;Booking.com;18314397fd022724;24/03/2025;2025;;;10.0;0.0;10.0;10.0;https://www.agoda.com/api/cronos/property/review/HotelReviews?hotelId=2937&pageSize=50&referer=https%3A%2F%2Fwww.agoda.com%2Fvenetian-resort-hotel-casino%2Fhotel%2Flas-vegas-nv-us.html&providerMode=separate;14;2026-06-07T16:23:33.156739+00:00;ok;
HVEGAS001;The Venetian Resort Las Vegas;Las Vegas;United States;booking_via_agoda;agoda;3038.0;Booking.com;e32835fa19690f4a;25/03/2025;2025;;;10.0;0.0;10.0;10.0;https://www.agoda.com/api/cronos/property/review/HotelReviews?hotelId=2937&pageSize=50&referer=https%3A%2F%2Fwww.agoda.com%2Fvenetian-resort-hotel-casino%2Fhotel%2Flas-vegas-nv-us.html&providerMode=separate;14;2026-06-07T16:23:33.156739+00:00;ok;
HVEGAS001;The Venetian Resort Las Vegas;Las Vegas;United States;booking_via_agoda;agoda;3038.0;Booking.com;52f061a0b4f4ad65;25/03/2025;2025;;;10.0;0.0;10.0;10.0;https://www.agoda.com/api/cronos/property/review/HotelReviews?hotelId=2937&pageSize=50&referer=https%3A%2F%2Fwww.agoda.com%2Fvenetian-resort-hotel-casino%2Fhotel%2Flas-vegas-nv-us.html&providerMode=separate;14;2026-06-07T16:23:33.156739+00:00;ok;
HVEGAS001;The Venetian Resort Las Vegas;Las Vegas;United States;booking_via_agoda;agoda;3038.0;Booking.com;38c9a84f0d13cfca;25/03/2025;2025;;;10.0;0.0;10.0;10.0;https://www.agoda.com/api/cronos/property/review/HotelReviews?hotelId=2937&pageSize=50&referer=https%3A%2F%2Fwww.agoda.com%2Fvenetian-resort-hotel-casino%2Fhotel%2Flas-vegas-nv-us.html&providerMode=separate;14;2026-06-07T16:23:33.156739+00:00;ok;
HVEGAS001;The Venetian Resort Las Vegas;Las Vegas;United States;booking_via_agoda;agoda;3038.0;Booking.com;5ad64cb871533493;25/03/2025;2025;;;9.0;0.0;10.0;9.0;https://www.agoda.com/api/cronos/property/review/HotelReviews?hotelId=2937&pageSize=50&referer=https%3A%2F%2Fwww.agoda.com%2Fvenetian-resort-hotel-casino%2Fhotel%2Flas-vegas-nv-us.html&providerMode=separate;14;2026-06-07T16:23:33.156739+00:00;ok;
HVEGAS001;The Venetian Resort Las Vegas;Las Vegas;United States;booking_via_agoda;agoda;3038.0;Booking.com;b9121a8190ba1483;26/03/2025;2025;;;10.0;0.0;10.0;10.0;https://www.agoda.com/api/cronos/property/review/HotelReviews?hotelId=2937&pageSize=50&referer=https%3A%2F%2Fwww.agoda.com%2Fvenetian-resort-hotel-casino%2Fhotel%2Flas-vegas-nv-us.html&providerMode=separate;14;2026-06-07T16:23:33.156739+00:00;ok;
HVEGAS001;The Venetian Resort Las Vegas;Las Vegas;United States;booking_via_agoda;agoda;3038.0;Booking.com;8dbf83250269ce0b;27/03/2025;2025;;;9.0;0.0;10.0;9.0;https://www.agoda.com/api/cronos/property/review/HotelReviews?hotelId=2937&pageSize=50&referer=https%3A%2F%2Fwww.agoda.com%2Fvenetian-resort-hotel-casino%2Fhotel%2Flas-vegas-nv-us.html&providerMode=separate;14;2026-06-07T16:23:33.156739+00:00;ok;
HVEGAS001;The Venetian Resort Las Vegas;Las Vegas;United States;booking_via_agoda;agoda;3038.0;Booking.com;42a19e4c20aea21b;27/03/2025;2025;;;8.0;0.0;10.0;8.0;https://www.agoda.com/api/cronos/property/review/HotelReviews?hotelId=2937&pageSize=50&referer=https%3A%2F%2Fwww.agoda.com%2Fvenetian-resort-hotel-casino%2Fhotel%2Flas-vegas-nv-us.html&providerMode=separate;14;2026-06-07T16:23:33.156739+00:00;ok;
HVEGAS001;The Venetian Resort Las Vegas;Las Vegas;United States;booking_via_agoda;agoda;3038.0;Booking.com;7c61495ccd46eabf;29/03/2025;2025;;;10.0;0.0;10.0;10.0;https://www.agoda.com/api/cronos/property/review/HotelReviews?hotelId=2937&pageSize=50&referer=https%3A%2F%2Fwww.agoda.com%2Fvenetian-resort-hotel-casino%2Fhotel%2Flas-vegas-nv-us.html&providerMode=separate;14;2026-06-07T16:23:33.156739+00:00;ok;
HVEGAS001;The Venetian Resort Las Vegas;Las Vegas;United States;booking_via_agoda;agoda;3038.0;Booking.com;890fac100c5f212f;29/03/2025;2025;;;10.0;0.0;10.0;10.0;https://www.agoda.com/api/cronos/property/review/HotelReviews?hotelId=2937&pageSize=50&referer=https%3A%2F%2Fwww.agoda.com%2Fvenetian-resort-hotel-casino%2Fhotel%2Flas-vegas-nv-us.html&providerMode=separate;14;2026-06-07T16:23:33.156739+00:00;ok;
HVEGAS001;The Venetian Resort Las Vegas;Las Vegas;United States;booking_via_agoda;agoda;3038.0;Booking.com;dbcfc97535cd7e13;31/03/2025;2025;;;6.0;0.0;10.0;6.0;https://www.agoda.com/api/cronos/property/review/HotelReviews?hotelId=2937&pageSize=50&referer=https%3A%2F%2Fwww.agoda.com%2Fvenetian-resort-hotel-casino%2Fhotel%2Flas-vegas-nv-us.html&providerMode=separate;14;2026-06-07T16:23:33.156739+00:00;ok;
HVEGAS001;The Venetian Resort Las Vegas;Las Vegas;United States;booking_via_agoda;agoda;3038.0;Booking.com;b1ead532d4e155b1;31/03/2025;2025;;;1.0;0.0;10.0;1.0;https://www.agoda.com/api/cronos/property/review/HotelReviews?hotelId=2937&pageSize=50&referer=https%3A%2F%2Fwww.agoda.com%2Fvenetian-resort-hotel-casino%2Fhotel%2Flas-vegas-nv-us.html&providerMode=separate;14;2026-06-07T16:23:33.156739+00:00;ok;
HVEGAS001;The Venetian Resort Las Vegas;Las Vegas;United States;booking_via_agoda;agoda;3038.0;Booking.com;96a9f2d7c95dee24;01/04/2025;2025;;;8.0;0.0;10.0;8.0;https://www.agoda.com/api/cronos/property/review/HotelReviews?hotelId=2937&pageSize=50&referer=https%3A%2F%2Fwww.agoda.com%2Fvenetian-resort-hotel-casino%2Fhotel%2Flas-vegas-nv-us.html&providerMode=separate;14;2026-06-07T16:23:33.156739+00:00;ok;
HVEGAS001;The Venetian Resort Las Vegas;Las Vegas;United States;booking_via_agoda;agoda;3038.0;Booking.com;a80b0a12b0c0fc61;02/04/2025;2025;;;10.0;0.0;10.0;10.0;https://www.agoda.com/api/cronos/property/review/HotelReviews?hotelId=2937&pageSize=50&referer=https%3A%2F%2Fwww.agoda.com%2Fvenetian-resort-hotel-casino%2Fhotel%2Flas-vegas-nv-us.html&providerMode=separate;14;2026-06-07T16:23:33.156739+00:00;ok;
HVEGAS001;The Venetian Resort Las Vegas;Las Vegas;United States;booking_via_agoda;agoda;3038.0;Booking.com;50993610cf28b0ef;02/04/2025;2025;;;10.0;0.0;10.0;10.0;https://www.agoda.com/api/cronos/property/review/HotelReviews?hotelId=2937&pageSize=50&referer=https%3A%2F%2Fwww.agoda.com%2Fvenetian-resort-hotel-casino%2Fhotel%2Flas-vegas-nv-us.html&providerMode=separate;14;2026-06-07T16:23:33.156739+00:00;ok;
HVEGAS001;The Venetian Resort Las Vegas;Las Vegas;United States;booking_via_agoda;agoda;3038.0;Booking.com;969d40cc7f637d9a;03/04/2025;2025;;;10.0;0.0;10.0;10.0;https://www.agoda.com/api/cronos/property/review/HotelReviews?hotelId=2937&pageSize=50&referer=https%3A%2F%2Fwww.agoda.com%2Fvenetian-resort-hotel-casino%2Fhotel%2Flas-vegas-nv-us.html&providerMode=separate;14;2026-06-07T16:23:33.156739+00:00;ok;
HVEGAS001;The Venetian Resort Las Vegas;Las Vegas;United States;booking_via_agoda;agoda;3038.0;Booking.com;1725317fd52d057b;05/04/2025;2025;;;10.0;0.0;10.0;10.0;https://www.agoda.com/api/cronos/property/review/HotelReviews?hotelId=2937&pageSize=50&referer=https%3A%2F%2Fwww.agoda.com%2Fvenetian-resort-hotel-casino%2Fhotel%2Flas-vegas-nv-us.html&providerMode=separate;14;2026-06-07T16:23:33.156739+00:00;ok;
HVEGAS001;The Venetian Resort Las Vegas;Las Vegas;United States;booking_via_agoda;agoda;3038.0;Booking.com;d818d1b685643a59;06/04/2025;2025;;;10.0;0.0;10.0;10.0;https://www.agoda.com/api/cronos/property/review/HotelReviews?hotelId=2937&pageSize=50&referer=https%3A%2F%2Fwww.agoda.com%2Fvenetian-resort-hotel-casino%2Fhotel%2Flas-vegas-nv-us.html&providerMode=separate;14;2026-06-07T16:23:33.156739+00:00;ok;
HVEGAS001;The Venetian Resort Las Vegas;Las Vegas;United States;booking_via_agoda;agoda;3038.0;Booking.com;ae2a0409bdf4dbc2;07/04/2025;2025;;;7.0;0.0;10.0;7.0;https://www.agoda.com/api/cronos/property/review/HotelReviews?hotelId=2937&pageSize=50&referer=https%3A%2F%2Fwww.agoda.com%2Fvenetian-resort-hotel-casino%2Fhotel%2Flas-vegas-nv-us.html&providerMode=separate;14;2026-06-07T16:23:33.156739+00:00;ok;
HVEGAS001;The Venetian Resort Las Vegas;Las Vegas;United States;booking_via_agoda;agoda;3038.0;Booking.com;927bcbf76fc3bdca;07/04/2025;2025;;;10.0;0.0;10.0;10.0;https://www.agoda.com/api/cronos/property/review/HotelReviews?hotelId=2937&pageSize=50&referer=https%3A%2F%2Fwww.agoda.com%2Fvenetian-resort-hotel-casino%2Fhotel%2Flas-vegas-nv-us.html&providerMode=separate;14;2026-06-07T16:23:33.156739+00:00;ok;
HVEGAS001;The Venetian Resort Las Vegas;Las Vegas;United States;booking_via_agoda;agoda;3038.0;Booking.com;d42f4c243832c180;07/04/2025;2025;;;3.0;0.0;10.0;3.0;https://www.agoda.com/api/cronos/property/review/HotelReviews?hotelId=2937&pageSize=50&referer=https%3A%2F%2Fwww.agoda.com%2Fvenetian-resort-hotel-casino%2Fhotel%2Flas-vegas-nv-us.html&providerMode=separate;14;2026-06-07T16:23:33.156739+00:00;ok;
HVEGAS001;The Venetian Resort Las Vegas;Las Vegas;United States;booking_via_agoda;agoda;3038.0;Booking.com;5dc55af9e8d1fd0a;08/04/2025;2025;;;10.0;0.0;10.0;10.0;https://www.agoda.com/api/cronos/property/review/HotelReviews?hotelId=2937&pageSize=50&referer=https%3A%2F%2Fwww.agoda.com%2Fvenetian-resort-hotel-casino%2Fhotel%2Flas-vegas-nv-us.html&providerMode=separate;14;2026-06-07T16:23:33.156739+00:00;ok;
HVEGAS001;The Venetian Resort Las Vegas;Las Vegas;United States;booking_via_agoda;agoda;3038.0;Booking.com;0b6f6a8786679ba7;10/04/2025;2025;;;7.0;0.0;10.0;7.0;https://www.agoda.com/api/cronos/property/review/HotelReviews?hotelId=2937&pageSize=50&referer=https%3A%2F%2Fwww.agoda.com%2Fvenetian-resort-hotel-casino%2Fhotel%2Flas-vegas-nv-us.html&providerMode=separate;14;2026-06-07T16:23:33.156739+00:00;ok;
HVEGAS001;The Venetian Resort Las Vegas;Las Vegas;United States;booking_via_agoda;agoda;3038.0;Booking.com;45eb33ef5cae4f4c;10/04/2025;2025;;;6.0;0.0;10.0;6.0;https://www.agoda.com/api/cronos/property/review/HotelReviews?hotelId=2937&pageSize=50&referer=https%3A%2F%2Fwww.agoda.com%2Fvenetian-resort-hotel-casino%2Fhotel%2Flas-vegas-nv-us.html&providerMode=separate;14;2026-06-07T16:23:33.156739+00:00;ok;
HVEGAS001;The Venetian Resort Las Vegas;Las Vegas;United States;booking_via_agoda;agoda;3038.0;Booking.com;7aab7769dab457c7;11/04/2025;2025;;;10.0;0.0;10.0;10.0;https://www.agoda.com/api/cronos/property/review/HotelReviews?hotelId=2937&pageSize=50&referer=https%3A%2F%2Fwww.agoda.com%2Fvenetian-resort-hotel-casino%2Fhotel%2Flas-vegas-nv-us.html&providerMode=separate;13;2026-06-07T16:23:33.156739+00:00;ok;
HVEGAS001;The Venetian Resort Las Vegas;Las Vegas;United States;booking_via_agoda;agoda;3038.0;Booking.com;37d00cd83332205d;13/04/2025;2025;;;10.0;0.0;10.0;10.0;https://www.agoda.com/api/cronos/property/review/HotelReviews?hotelId=2937&pageSize=50&referer=https%3A%2F%2Fwww.agoda.com%2Fvenetian-resort-hotel-casino%2Fhotel%2Flas-vegas-nv-us.html&providerMode=separate;13;2026-06-07T16:23:33.156739+00:00;ok;
HVEGAS001;The Venetian Resort Las Vegas;Las Vegas;United States;booking_via_agoda;agoda;3038.0;Booking.com;b77aa6f272f43876;13/04/2025;2025;;;10.0;0.0;10.0;10.0;https://www.agoda.com/api/cronos/property/review/HotelReviews?hotelId=2937&pageSize=50&referer=https%3A%2F%2Fwww.agoda.com%2Fvenetian-resort-hotel-casino%2Fhotel%2Flas-vegas-nv-us.html&providerMode=separate;13;2026-06-07T16:23:33.156739+00:00;ok;
HVEGAS001;The Venetian Resort Las Vegas;Las Vegas;United States;booking_via_agoda;agoda;3038.0;Booking.com;accc7e854dcfaa44;13/04/2025;2025;;;10.0;0.0;10.0;10.0;https://www.agoda.com/api/cronos/property/review/HotelReviews?hotelId=2937&pageSize=50&referer=https%3A%2F%2Fwww.agoda.com%2Fvenetian-resort-hotel-casino%2Fhotel%2Flas-vegas-nv-us.html&providerMode=separate;13;2026-06-07T16:23:33.156739+00:00;ok;
HVEGAS001;The Venetian Resort Las Vegas;Las Vegas;United States;booking_via_agoda;agoda;3038.0;Booking.com;79d7bc27f5a0d52b;13/04/2025;2025;;;10.0;0.0;10.0;10.0;https://www.agoda.com/api/cronos/property/review/HotelReviews?hotelId=2937&pageSize=50&referer=https%3A%2F%2Fwww.agoda.com%2Fvenetian-resort-hotel-casino%2Fhotel%2Flas-vegas-nv-us.html&providerMode=separate;13;2026-06-07T16:23:33.156739+00:00;ok;
HVEGAS001;The Venetian Resort Las Vegas;Las Vegas;United States;booking_via_agoda;agoda;3038.0;Booking.com;e62af51ec9fa9cff;13/04/2025;2025;;;8.0;0.0;10.0;8.0;https://www.agoda.com/api/cronos/property/review/HotelReviews?hotelId=2937&pageSize=50&referer=https%3A%2F%2Fwww.agoda.com%2Fvenetian-resort-hotel-casino%2Fhotel%2Flas-vegas-nv-us.html&providerMode=separate;13;2026-06-07T16:23:33.156739+00:00;ok;
HVEGAS001;The Venetian Resort Las Vegas;Las Vegas;United States;booking_via_agoda;agoda;3038.0;Booking.com;cfd01d55c2b2d84a;14/04/2025;2025;;;5.0;0.0;10.0;5.0;https://www.agoda.com/api/cronos/property/review/HotelReviews?hotelId=2937&pageSize=50&referer=https%3A%2F%2Fwww.agoda.com%2Fvenetian-resort-hotel-casino%2Fhotel%2Flas-vegas-nv-us.html&providerMode=separate;13;2026-06-07T16:23:33.156739+00:00;ok;
HVEGAS001;The Venetian Resort Las Vegas;Las Vegas;United States;booking_via_agoda;agoda;3038.0;Booking.com;e71f713ce22cecb1;15/04/2025;2025;;;1.0;0.0;10.0;1.0;https://www.agoda.com/api/cronos/property/review/HotelReviews?hotelId=2937&pageSize=50&referer=https%3A%2F%2Fwww.agoda.com%2Fvenetian-resort-hotel-casino%2Fhotel%2Flas-vegas-nv-us.html&providerMode=separate;13;2026-06-07T16:23:33.156739+00:00;ok;
HVEGAS001;The Venetian Resort Las Vegas;Las Vegas;United States;booking_via_agoda;agoda;3038.0;Booking.com;655b5ef29cc00d78;16/04/2025;2025;;;7.0;0.0;10.0;7.0;https://www.agoda.com/api/cronos/property/review/HotelReviews?hotelId=2937&pageSize=50&referer=https%3A%2F%2Fwww.agoda.com%2Fvenetian-resort-hotel-casino%2Fhotel%2Flas-vegas-nv-us.html&providerMode=separate;13;2026-06-07T16:23:33.156739+00:00;ok;
HVEGAS001;The Venetian Resort Las Vegas;Las Vegas;United States;booking_via_agoda;agoda;3038.0;Booking.com;7ee550d556e57e1b;17/04/2025;2025;;;10.0;0.0;10.0;10.0;https://www.agoda.com/api/cronos/property/review/HotelReviews?hotelId=2937&pageSize=50&referer=https%3A%2F%2Fwww.agoda.com%2Fvenetian-resort-hotel-casino%2Fhotel%2Flas-vegas-nv-us.html&providerMode=separate;13;2026-06-07T16:23:33.156739+00:00;ok;
HVEGAS001;The Venetian Resort Las Vegas;Las Vegas;United States;booking_via_agoda;agoda;3038.0;Booking.com;627beb66b425964b;21/04/2025;2025;;;9.0;0.0;10.0;9.0;https://www.agoda.com/api/cronos/property/review/HotelReviews?hotelId=2937&pageSize=50&referer=https%3A%2F%2Fwww.agoda.com%2Fvenetian-resort-hotel-casino%2Fhotel%2Flas-vegas-nv-us.html&providerMode=separate;13;2026-06-07T16:23:33.156739+00:00;ok;
HVEGAS001;The Venetian Resort Las Vegas;Las Vegas;United States;booking_via_agoda;agoda;3038.0;Booking.com;3ecf3f51a6f121a9;22/04/2025;2025;;;4.0;0.0;10.0;4.0;https://www.agoda.com/api/cronos/property/review/HotelReviews?hotelId=2937&pageSize=50&referer=https%3A%2F%2Fwww.agoda.com%2Fvenetian-resort-hotel-casino%2Fhotel%2Flas-vegas-nv-us.html&providerMode=separate;13;2026-06-07T16:23:33.156739+00:00;ok;
HVEGAS001;The Venetian Resort Las Vegas;Las Vegas;United States;booking_via_agoda;agoda;3038.0;Booking.com;2f07eaf0e7f5e8f3;27/04/2025;2025;;;10.0;0.0;10.0;10.0;https://www.agoda.com/api/cronos/property/review/HotelReviews?hotelId=2937&pageSize=50&referer=https%3A%2F%2Fwww.agoda.com%2Fvenetian-resort-hotel-casino%2Fhotel%2Flas-vegas-nv-us.html&providerMode=separate;13;2026-06-07T16:23:33.156739+00:00;ok;
HVEGAS001;The Venetian Resort Las Vegas;Las Vegas;United States;booking_via_agoda;agoda;3038.0;Booking.com;f7bba09be024b79b;28/04/2025;2025;;;10.0;0.0;10.0;10.0;https://www.agoda.com/api/cronos/property/review/HotelReviews?hotelId=2937&pageSize=50&referer=https%3A%2F%2Fwww.agoda.com%2Fvenetian-resort-hotel-casino%2Fhotel%2Flas-vegas-nv-us.html&providerMode=separate;13;2026-06-07T16:23:33.156739+00:00;ok;
HVEGAS001;The Venetian Resort Las Vegas;Las Vegas;United States;booking_via_agoda;agoda;3038.0;Booking.com;0f8690819c4d27ec;29/04/2025;2025;;;10.0;0.0;10.0;10.0;https://www.agoda.com/api/cronos/property/review/HotelReviews?hotelId=2937&pageSize=50&referer=https%3A%2F%2Fwww.agoda.com%2Fvenetian-resort-hotel-casino%2Fhotel%2Flas-vegas-nv-us.html&providerMode=separate;13;2026-06-07T16:23:33.156739+00:00;ok;
HVEGAS001;The Venetian Resort Las Vegas;Las Vegas;United States;booking_via_agoda;agoda;3038.0;Booking.com;447ae20a84db0e5d;29/04/2025;2025;;;10.0;0.0;10.0;10.0;https://www.agoda.com/api/cronos/property/review/HotelReviews?hotelId=2937&pageSize=50&referer=https%3A%2F%2Fwww.agoda.com%2Fvenetian-resort-hotel-casino%2Fhotel%2Flas-vegas-nv-us.html&providerMode=separate;13;2026-06-07T16:23:33.156739+00:00;ok;
HVEGAS001;The Venetian Resort Las Vegas;Las Vegas;United States;booking_via_agoda;agoda;3038.0;Booking.com;c902dff33463a0cd;02/05/2025;2025;;;6.0;0.0;10.0;6.0;https://www.agoda.com/api/cronos/property/review/HotelReviews?hotelId=2937&pageSize=50&referer=https%3A%2F%2Fwww.agoda.com%2Fvenetian-resort-hotel-casino%2Fhotel%2Flas-vegas-nv-us.html&providerMode=separate;13;2026-06-07T16:23:33.156739+00:00;ok;
HVEGAS001;The Venetian Resort Las Vegas;Las Vegas;United States;booking_via_agoda;agoda;3038.0;Booking.com;c2ad42c1fe146dd3;03/05/2025;2025;;;10.0;0.0;10.0;10.0;https://www.agoda.com/api/cronos/property/review/HotelReviews?hotelId=2937&pageSize=50&referer=https%3A%2F%2Fwww.agoda.com%2Fvenetian-resort-hotel-casino%2Fhotel%2Flas-vegas-nv-us.html&providerMode=separate;13;2026-06-07T16:23:33.156739+00:00;ok;
HVEGAS001;The Venetian Resort Las Vegas;Las Vegas;United States;booking_via_agoda;agoda;3038.0;Booking.com;1ce3f8c32a6d6038;03/05/2025;2025;;;1.0;0.0;10.0;1.0;https://www.agoda.com/api/cronos/property/review/HotelReviews?hotelId=2937&pageSize=50&referer=https%3A%2F%2Fwww.agoda.com%2Fvenetian-resort-hotel-casino%2Fhotel%2Flas-vegas-nv-us.html&providerMode=separate;13;2026-06-07T16:23:33.156739+00:00;ok;
HVEGAS001;The Venetian Resort Las Vegas;Las Vegas;United States;booking_via_agoda;agoda;3038.0;Booking.com;c7016bf5f86fc470;03/05/2025;2025;;;8.0;0.0;10.0;8.0;https://www.agoda.com/api/cronos/property/review/HotelReviews?hotelId=2937&pageSize=50&referer=https%3A%2F%2Fwww.agoda.com%2Fvenetian-resort-hotel-casino%2Fhotel%2Flas-vegas-nv-us.html&providerMode=separate;13;2026-06-07T16:23:33.156739+00:00;ok;
HVEGAS001;The Venetian Resort Las Vegas;Las Vegas;United States;booking_via_agoda;agoda;3038.0;Booking.com;c1d605646a713a21;05/05/2025;2025;;;7.0;0.0;10.0;7.0;https://www.agoda.com/api/cronos/property/review/HotelReviews?hotelId=2937&pageSize=50&referer=https%3A%2F%2Fwww.agoda.com%2Fvenetian-resort-hotel-casino%2Fhotel%2Flas-vegas-nv-us.html&providerMode=separate;13;2026-06-07T16:23:33.156739+00:00;ok;
HVEGAS001;The Venetian Resort Las Vegas;Las Vegas;United States;booking_via_agoda;agoda;3038.0;Booking.com;50a88ad5131dc0e3;05/05/2025;2025;;;10.0;0.0;10.0;10.0;https://www.agoda.com/api/cronos/property/review/HotelReviews?hotelId=2937&pageSize=50&referer=https%3A%2F%2Fwww.agoda.com%2Fvenetian-resort-hotel-casino%2Fhotel%2Flas-vegas-nv-us.html&providerMode=separate;13;2026-06-07T16:23:33.156739+00:00;ok;
HVEGAS001;The Venetian Resort Las Vegas;Las Vegas;United States;booking_via_agoda;agoda;3038.0;Booking.com;05fd4eb3c1e56292;06/05/2025;2025;;;8.0;0.0;10.0;8.0;https://www.agoda.com/api/cronos/property/review/HotelReviews?hotelId=2937&pageSize=50&referer=https%3A%2F%2Fwww.agoda.com%2Fvenetian-resort-hotel-casino%2Fhotel%2Flas-vegas-nv-us.html&providerMode=separate;13;2026-06-07T16:23:33.156739+00:00;ok;
HVEGAS001;The Venetian Resort Las Vegas;Las Vegas;United States;booking_via_agoda;agoda;3038.0;Booking.com;e56bf9cb3ccddcba;07/05/2025;2025;;;10.0;0.0;10.0;10.0;https://www.agoda.com/api/cronos/property/review/HotelReviews?hotelId=2937&pageSize=50&referer=https%3A%2F%2Fwww.agoda.com%2Fvenetian-resort-hotel-casino%2Fhotel%2Flas-vegas-nv-us.html&providerMode=separate;13;2026-06-07T16:23:33.156739+00:00;ok;
HVEGAS001;The Venetian Resort Las Vegas;Las Vegas;United States;booking_via_agoda;agoda;3038.0;Booking.com;5fc79ad377234d53;07/05/2025;2025;;;9.0;0.0;10.0;9.0;https://www.agoda.com/api/cronos/property/review/HotelReviews?hotelId=2937&pageSize=50&referer=https%3A%2F%2Fwww.agoda.com%2Fvenetian-resort-hotel-casino%2Fhotel%2Flas-vegas-nv-us.html&providerMode=separate;13;2026-06-07T16:23:33.156739+00:00;ok;
HVEGAS001;The Venetian Resort Las Vegas;Las Vegas;United States;booking_via_agoda;agoda;3038.0;Booking.com;06d8d21ddf6a2947;08/05/2025;2025;;;10.0;0.0;10.0;10.0;https://www.agoda.com/api/cronos/property/review/HotelReviews?hotelId=2937&pageSize=50&referer=https%3A%2F%2Fwww.agoda.com%2Fvenetian-resort-hotel-casino%2Fhotel%2Flas-vegas-nv-us.html&providerMode=separate;13;2026-06-07T16:23:33.156739+00:00;ok;
HVEGAS001;The Venetian Resort Las Vegas;Las Vegas;United States;booking_via_agoda;agoda;3038.0;Booking.com;5215ff2b23801357;08/05/2025;2025;;;10.0;0.0;10.0;10.0;https://www.agoda.com/api/cronos/property/review/HotelReviews?hotelId=2937&pageSize=50&referer=https%3A%2F%2Fwww.agoda.com%2Fvenetian-resort-hotel-casino%2Fhotel%2Flas-vegas-nv-us.html&providerMode=separate;13;2026-06-07T16:23:33.156739+00:00;ok;
HVEGAS001;The Venetian Resort Las Vegas;Las Vegas;United States;booking_via_agoda;agoda;3038.0;Booking.com;df325146b798f969;10/05/2025;2025;;;9.0;0.0;10.0;9.0;https://www.agoda.com/api/cronos/property/review/HotelReviews?hotelId=2937&pageSize=50&referer=https%3A%2F%2Fwww.agoda.com%2Fvenetian-resort-hotel-casino%2Fhotel%2Flas-vegas-nv-us.html&providerMode=separate;13;2026-06-07T16:23:33.156739+00:00;ok;
HVEGAS001;The Venetian Resort Las Vegas;Las Vegas;United States;booking_via_agoda;agoda;3038.0;Booking.com;651cc2e004f25b7c;12/05/2025;2025;;;6.0;0.0;10.0;6.0;https://www.agoda.com/api/cronos/property/review/HotelReviews?hotelId=2937&pageSize=50&referer=https%3A%2F%2Fwww.agoda.com%2Fvenetian-resort-hotel-casino%2Fhotel%2Flas-vegas-nv-us.html&providerMode=separate;13;2026-06-07T16:23:33.156739+00:00;ok;
HVEGAS001;The Venetian Resort Las Vegas;Las Vegas;United States;booking_via_agoda;agoda;3038.0;Booking.com;c2f0b57c4ce9e5c1;12/05/2025;2025;;;10.0;0.0;10.0;10.0;https://www.agoda.com/api/cronos/property/review/HotelReviews?hotelId=2937&pageSize=50&referer=https%3A%2F%2Fwww.agoda.com%2Fvenetian-resort-hotel-casino%2Fhotel%2Flas-vegas-nv-us.html&providerMode=separate;13;2026-06-07T16:23:33.156739+00:00;ok;
HVEGAS001;The Venetian Resort Las Vegas;Las Vegas;United States;booking_via_agoda;agoda;3038.0;Booking.com;cfbb66232e072a26;12/05/2025;2025;;;2.0;0.0;10.0;2.0;https://www.agoda.com/api/cronos/property/review/HotelReviews?hotelId=2937&pageSize=50&referer=https%3A%2F%2Fwww.agoda.com%2Fvenetian-resort-hotel-casino%2Fhotel%2Flas-vegas-nv-us.html&providerMode=separate;13;2026-06-07T16:23:33.156739+00:00;ok;
HVEGAS001;The Venetian Resort Las Vegas;Las Vegas;United States;booking_via_agoda;agoda;3038.0;Booking.com;040dd4dedd2d5919;13/05/2025;2025;;;10.0;0.0;10.0;10.0;https://www.agoda.com/api/cronos/property/review/HotelReviews?hotelId=2937&pageSize=50&referer=https%3A%2F%2Fwww.agoda.com%2Fvenetian-resort-hotel-casino%2Fhotel%2Flas-vegas-nv-us.html&providerMode=separate;13;2026-06-07T16:23:33.156739+00:00;ok;
HVEGAS001;The Venetian Resort Las Vegas;Las Vegas;United States;booking_via_agoda;agoda;3038.0;Booking.com;c53c8c55673b5cac;13/05/2025;2025;;;10.0;0.0;10.0;10.0;https://www.agoda.com/api/cronos/property/review/HotelReviews?hotelId=2937&pageSize=50&referer=https%3A%2F%2Fwww.agoda.com%2Fvenetian-resort-hotel-casino%2Fhotel%2Flas-vegas-nv-us.html&providerMode=separate;13;2026-06-07T16:23:33.156739+00:00;ok;
HVEGAS001;The Venetian Resort Las Vegas;Las Vegas;United States;booking_via_agoda;agoda;3038.0;Booking.com;6b165fb1231a9845;14/05/2025;2025;;;4.0;0.0;10.0;4.0;https://www.agoda.com/api/cronos/property/review/HotelReviews?hotelId=2937&pageSize=50&referer=https%3A%2F%2Fwww.agoda.com%2Fvenetian-resort-hotel-casino%2Fhotel%2Flas-vegas-nv-us.html&providerMode=separate;13;2026-06-07T16:23:33.156739+00:00;ok;
HVEGAS001;The Venetian Resort Las Vegas;Las Vegas;United States;booking_via_agoda;agoda;3038.0;Booking.com;ecf640a722e35231;14/05/2025;2025;;;10.0;0.0;10.0;10.0;https://www.agoda.com/api/cronos/property/review/HotelReviews?hotelId=2937&pageSize=50&referer=https%3A%2F%2Fwww.agoda.com%2Fvenetian-resort-hotel-casino%2Fhotel%2Flas-vegas-nv-us.html&providerMode=separate;13;2026-06-07T16:23:33.156739+00:00;ok;
HVEGAS001;The Venetian Resort Las Vegas;Las Vegas;United States;booking_via_agoda;agoda;3038.0;Booking.com;02e583dbb0f4c5e6;14/05/2025;2025;;;8.0;0.0;10.0;8.0;https://www.agoda.com/api/cronos/property/review/HotelReviews?hotelId=2937&pageSize=50&referer=https%3A%2F%2Fwww.agoda.com%2Fvenetian-resort-hotel-casino%2Fhotel%2Flas-vegas-nv-us.html&providerMode=separate;13;2026-06-07T16:23:33.156739+00:00;ok;
HVEGAS001;The Venetian Resort Las Vegas;Las Vegas;United States;booking_via_agoda;agoda;3038.0;Booking.com;ba90233d1673e577;15/05/2025;2025;;;10.0;0.0;10.0;10.0;https://www.agoda.com/api/cronos/property/review/HotelReviews?hotelId=2937&pageSize=50&referer=https%3A%2F%2Fwww.agoda.com%2Fvenetian-resort-hotel-casino%2Fhotel%2Flas-vegas-nv-us.html&providerMode=separate;13;2026-06-07T16:23:33.156739+00:00;ok;
HVEGAS001;The Venetian Resort Las Vegas;Las Vegas;United States;booking_via_agoda;agoda;3038.0;Booking.com;7de3c138db46c43a;15/05/2025;2025;;;9.0;0.0;10.0;9.0;https://www.agoda.com/api/cronos/property/review/HotelReviews?hotelId=2937&pageSize=50&referer=https%3A%2F%2Fwww.agoda.com%2Fvenetian-resort-hotel-casino%2Fhotel%2Flas-vegas-nv-us.html&providerMode=separate;13;2026-06-07T16:23:33.156739+00:00;ok;
HVEGAS001;The Venetian Resort Las Vegas;Las Vegas;United States;booking_via_agoda;agoda;3038.0;Booking.com;8b0879fbfffcd997;15/05/2025;2025;;;10.0;0.0;10.0;10.0;https://www.agoda.com/api/cronos/property/review/HotelReviews?hotelId=2937&pageSize=50&referer=https%3A%2F%2Fwww.agoda.com%2Fvenetian-resort-hotel-casino%2Fhotel%2Flas-vegas-nv-us.html&providerMode=separate;13;2026-06-07T16:23:33.156739+00:00;ok;
HVEGAS001;The Venetian Resort Las Vegas;Las Vegas;United States;booking_via_agoda;agoda;3038.0;Booking.com;7e64122bc88f848e;17/05/2025;2025;;;9.0;0.0;10.0;9.0;https://www.agoda.com/api/cronos/property/review/HotelReviews?hotelId=2937&pageSize=50&referer=https%3A%2F%2Fwww.agoda.com%2Fvenetian-resort-hotel-casino%2Fhotel%2Flas-vegas-nv-us.html&providerMode=separate;13;2026-06-07T16:23:33.156739+00:00;ok;
HVEGAS001;The Venetian Resort Las Vegas;Las Vegas;United States;booking_via_agoda;agoda;3038.0;Booking.com;3ace5f4ae088e5fd;18/05/2025;2025;;;7.0;0.0;10.0;7.0;https://www.agoda.com/api/cronos/property/review/HotelReviews?hotelId=2937&pageSize=50&referer=https%3A%2F%2Fwww.agoda.com%2Fvenetian-resort-hotel-casino%2Fhotel%2Flas-vegas-nv-us.html&providerMode=separate;13;2026-06-07T16:23:33.156739+00:00;ok;
HVEGAS001;The Venetian Resort Las Vegas;Las Vegas;United States;booking_via_agoda;agoda;3038.0;Booking.com;bb404f10fcb6719a;18/05/2025;2025;;;10.0;0.0;10.0;10.0;https://www.agoda.com/api/cronos/property/review/HotelReviews?hotelId=2937&pageSize=50&referer=https%3A%2F%2Fwww.agoda.com%2Fvenetian-resort-hotel-casino%2Fhotel%2Flas-vegas-nv-us.html&providerMode=separate;13;2026-06-07T16:23:33.156739+00:00;ok;
HVEGAS001;The Venetian Resort Las Vegas;Las Vegas;United States;booking_via_agoda;agoda;3038.0;Booking.com;385623fb66215a0a;24/05/2025;2025;;;10.0;0.0;10.0;10.0;https://www.agoda.com/api/cronos/property/review/HotelReviews?hotelId=2937&pageSize=50&referer=https%3A%2F%2Fwww.agoda.com%2Fvenetian-resort-hotel-casino%2Fhotel%2Flas-vegas-nv-us.html&providerMode=separate;13;2026-06-07T16:23:33.156739+00:00;ok;
HVEGAS001;The Venetian Resort Las Vegas;Las Vegas;United States;booking_via_agoda;agoda;3038.0;Booking.com;7245811a5e530605;28/05/2025;2025;;;4.0;0.0;10.0;4.0;https://www.agoda.com/api/cronos/property/review/HotelReviews?hotelId=2937&pageSize=50&referer=https%3A%2F%2Fwww.agoda.com%2Fvenetian-resort-hotel-casino%2Fhotel%2Flas-vegas-nv-us.html&providerMode=separate;13;2026-06-07T16:23:33.156739+00:00;ok;
HVEGAS001;The Venetian Resort Las Vegas;Las Vegas;United States;booking_via_agoda;agoda;3038.0;Booking.com;5034e7252a16bb3f;30/05/2025;2025;;;10.0;0.0;10.0;10.0;https://www.agoda.com/api/cronos/property/review/HotelReviews?hotelId=2937&pageSize=50&referer=https%3A%2F%2Fwww.agoda.com%2Fvenetian-resort-hotel-casino%2Fhotel%2Flas-vegas-nv-us.html&providerMode=separate;13;2026-06-07T16:23:33.156739+00:00;ok;
HVEGAS001;The Venetian Resort Las Vegas;Las Vegas;United States;booking_via_agoda;agoda;3038.0;Booking.com;3de61db90c4aee31;30/05/2025;2025;;;10.0;0.0;10.0;10.0;https://www.agoda.com/api/cronos/property/review/HotelReviews?hotelId=2937&pageSize=50&referer=https%3A%2F%2Fwww.agoda.com%2Fvenetian-resort-hotel-casino%2Fhotel%2Flas-vegas-nv-us.html&providerMode=separate;13;2026-06-07T16:23:33.156739+00:00;ok;
HVEGAS001;The Venetian Resort Las Vegas;Las Vegas;United States;booking_via_agoda;agoda;3038.0;Booking.com;dfa9d1d40f7d680b;30/05/2025;2025;;;9.0;0.0;10.0;9.0;https://www.agoda.com/api/cronos/property/review/HotelReviews?hotelId=2937&pageSize=50&referer=https%3A%2F%2Fwww.agoda.com%2Fvenetian-resort-hotel-casino%2Fhotel%2Flas-vegas-nv-us.html&providerMode=separate;13;2026-06-07T16:23:33.156739+00:00;ok;
HVEGAS001;The Venetian Resort Las Vegas;Las Vegas;United States;booking_via_agoda;agoda;3038.0;Booking.com;beaf4c44944723cb;30/05/2025;2025;;;10.0;0.0;10.0;10.0;https://www.agoda.com/api/cronos/property/review/HotelReviews?hotelId=2937&pageSize=50&referer=https%3A%2F%2Fwww.agoda.com%2Fvenetian-resort-hotel-casino%2Fhotel%2Flas-vegas-nv-us.html&providerMode=separate;13;2026-06-07T16:23:33.156739+00:00;ok;
HVEGAS001;The Venetian Resort Las Vegas;Las Vegas;United States;booking_via_agoda;agoda;3038.0;Booking.com;93cb2303b39b0528;31/05/2025;2025;;;4.0;0.0;10.0;4.0;https://www.agoda.com/api/cronos/property/review/HotelReviews?hotelId=2937&pageSize=50&referer=https%3A%2F%2Fwww.agoda.com%2Fvenetian-resort-hotel-casino%2Fhotel%2Flas-vegas-nv-us.html&providerMode=separate;13;2026-06-07T16:23:33.156739+00:00;ok;
HVEGAS001;The Venetian Resort Las Vegas;Las Vegas;United States;booking_via_agoda;agoda;3038.0;Booking.com;37280004ee67215a;01/06/2025;2025;;;10.0;0.0;10.0;10.0;https://www.agoda.com/api/cronos/property/review/HotelReviews?hotelId=2937&pageSize=50&referer=https%3A%2F%2Fwww.agoda.com%2Fvenetian-resort-hotel-casino%2Fhotel%2Flas-vegas-nv-us.html&providerMode=separate;13;2026-06-07T16:23:33.156739+00:00;ok;
HVEGAS001;The Venetian Resort Las Vegas;Las Vegas;United States;booking_via_agoda;agoda;3038.0;Booking.com;588fb443bd3ff14b;03/06/2025;2025;;;6.0;0.0;10.0;6.0;https://www.agoda.com/api/cronos/property/review/HotelReviews?hotelId=2937&pageSize=50&referer=https%3A%2F%2Fwww.agoda.com%2Fvenetian-resort-hotel-casino%2Fhotel%2Flas-vegas-nv-us.html&providerMode=separate;12;2026-06-07T16:23:33.156739+00:00;ok;
HVEGAS001;The Venetian Resort Las Vegas;Las Vegas;United States;booking_via_agoda;agoda;3038.0;Booking.com;47587dff45a454e5;03/06/2025;2025;;;10.0;0.0;10.0;10.0;https://www.agoda.com/api/cronos/property/review/HotelReviews?hotelId=2937&pageSize=50&referer=https%3A%2F%2Fwww.agoda.com%2Fvenetian-resort-hotel-casino%2Fhotel%2Flas-vegas-nv-us.html&providerMode=separate;12;2026-06-07T16:23:33.156739+00:00;ok;
HVEGAS001;The Venetian Resort Las Vegas;Las Vegas;United States;booking_via_agoda;agoda;3038.0;Booking.com;c6d230a334cf738e;04/06/2025;2025;;;8.0;0.0;10.0;8.0;https://www.agoda.com/api/cronos/property/review/HotelReviews?hotelId=2937&pageSize=50&referer=https%3A%2F%2Fwww.agoda.com%2Fvenetian-resort-hotel-casino%2Fhotel%2Flas-vegas-nv-us.html&providerMode=separate;12;2026-06-07T16:23:33.156739+00:00;ok;
HVEGAS001;The Venetian Resort Las Vegas;Las Vegas;United States;booking_via_agoda;agoda;3038.0;Booking.com;5f60fd1ca22524db;05/06/2025;2025;;;10.0;0.0;10.0;10.0;https://www.agoda.com/api/cronos/property/review/HotelReviews?hotelId=2937&pageSize=50&referer=https%3A%2F%2Fwww.agoda.com%2Fvenetian-resort-hotel-casino%2Fhotel%2Flas-vegas-nv-us.html&providerMode=separate;12;2026-06-07T16:23:33.156739+00:00;ok;
HVEGAS001;The Venetian Resort Las Vegas;Las Vegas;United States;booking_via_agoda;agoda;3038.0;Booking.com;67658a10cf9e6b46;07/06/2025;2025;;;8.0;0.0;10.0;8.0;https://www.agoda.com/api/cronos/property/review/HotelReviews?hotelId=2937&pageSize=50&referer=https%3A%2F%2Fwww.agoda.com%2Fvenetian-resort-hotel-casino%2Fhotel%2Flas-vegas-nv-us.html&providerMode=separate;12;2026-06-07T16:23:33.156739+00:00;ok;
HVEGAS001;The Venetian Resort Las Vegas;Las Vegas;United States;booking_via_agoda;agoda;3038.0;Booking.com;0b308857817e319a;07/06/2025;2025;;;10.0;0.0;10.0;10.0;https://www.agoda.com/api/cronos/property/review/HotelReviews?hotelId=2937&pageSize=50&referer=https%3A%2F%2Fwww.agoda.com%2Fvenetian-resort-hotel-casino%2Fhotel%2Flas-vegas-nv-us.html&providerMode=separate;12;2026-06-07T16:23:33.156739+00:00;ok;
HVEGAS001;The Venetian Resort Las Vegas;Las Vegas;United States;booking_via_agoda;agoda;3038.0;Booking.com;f5cdb99ca71dea24;10/06/2025;2025;;;9.0;0.0;10.0;9.0;https://www.agoda.com/api/cronos/property/review/HotelReviews?hotelId=2937&pageSize=50&referer=https%3A%2F%2Fwww.agoda.com%2Fvenetian-resort-hotel-casino%2Fhotel%2Flas-vegas-nv-us.html&providerMode=separate;12;2026-06-07T16:23:33.156739+00:00;ok;
HVEGAS001;The Venetian Resort Las Vegas;Las Vegas;United States;booking_via_agoda;agoda;3038.0;Booking.com;ff30cc7a0b0670bb;11/06/2025;2025;;;9.0;0.0;10.0;9.0;https://www.agoda.com/api/cronos/property/review/HotelReviews?hotelId=2937&pageSize=50&referer=https%3A%2F%2Fwww.agoda.com%2Fvenetian-resort-hotel-casino%2Fhotel%2Flas-vegas-nv-us.html&providerMode=separate;12;2026-06-07T16:23:33.156739+00:00;ok;
HVEGAS001;The Venetian Resort Las Vegas;Las Vegas;United States;booking_via_agoda;agoda;3038.0;Booking.com;ceaa976c79942647;12/06/2025;2025;;;4.0;0.0;10.0;4.0;https://www.agoda.com/api/cronos/property/review/HotelReviews?hotelId=2937&pageSize=50&referer=https%3A%2F%2Fwww.agoda.com%2Fvenetian-resort-hotel-casino%2Fhotel%2Flas-vegas-nv-us.html&providerMode=separate;12;2026-06-07T16:23:33.156739+00:00;ok;
HVEGAS001;The Venetian Resort Las Vegas;Las Vegas;United States;booking_via_agoda;agoda;3038.0;Booking.com;4a3f459e147b98b8;16/06/2025;2025;;;9.0;0.0;10.0;9.0;https://www.agoda.com/api/cronos/property/review/HotelReviews?hotelId=2937&pageSize=50&referer=https%3A%2F%2Fwww.agoda.com%2Fvenetian-resort-hotel-casino%2Fhotel%2Flas-vegas-nv-us.html&providerMode=separate;12;2026-06-07T16:23:33.156739+00:00;ok;
HVEGAS001;The Venetian Resort Las Vegas;Las Vegas;United States;booking_via_agoda;agoda;3038.0;Booking.com;63ba65fa20eb0684;16/06/2025;2025;;;8.0;0.0;10.0;8.0;https://www.agoda.com/api/cronos/property/review/HotelReviews?hotelId=2937&pageSize=50&referer=https%3A%2F%2Fwww.agoda.com%2Fvenetian-resort-hotel-casino%2Fhotel%2Flas-vegas-nv-us.html&providerMode=separate;12;2026-06-07T16:23:33.156739+00:00;ok;
HVEGAS001;The Venetian Resort Las Vegas;Las Vegas;United States;booking_via_agoda;agoda;3038.0;Booking.com;f230c8af6fe44a2c;17/06/2025;2025;;;10.0;0.0;10.0;10.0;https://www.agoda.com/api/cronos/property/review/HotelReviews?hotelId=2937&pageSize=50&referer=https%3A%2F%2Fwww.agoda.com%2Fvenetian-resort-hotel-casino%2Fhotel%2Flas-vegas-nv-us.html&providerMode=separate;12;2026-06-07T16:23:33.156739+00:00;ok;
HVEGAS001;The Venetian Resort Las Vegas;Las Vegas;United States;booking_via_agoda;agoda;3038.0;Booking.com;9950413e5d854341;18/06/2025;2025;;;9.0;0.0;10.0;9.0;https://www.agoda.com/api/cronos/property/review/HotelReviews?hotelId=2937&pageSize=50&referer=https%3A%2F%2Fwww.agoda.com%2Fvenetian-resort-hotel-casino%2Fhotel%2Flas-vegas-nv-us.html&providerMode=separate;12;2026-06-07T16:23:33.156739+00:00;ok;
HVEGAS001;The Venetian Resort Las Vegas;Las Vegas;United States;booking_via_agoda;agoda;3038.0;Booking.com;46d4ee7f95c39443;18/06/2025;2025;;;10.0;0.0;10.0;10.0;https://www.agoda.com/api/cronos/property/review/HotelReviews?hotelId=2937&pageSize=50&referer=https%3A%2F%2Fwww.agoda.com%2Fvenetian-resort-hotel-casino%2Fhotel%2Flas-vegas-nv-us.html&providerMode=separate;12;2026-06-07T16:23:33.156739+00:00;ok;
HVEGAS001;The Venetian Resort Las Vegas;Las Vegas;United States;booking_via_agoda;agoda;3038.0;Booking.com;689c2a00280d5e94;19/06/2025;2025;;;10.0;0.0;10.0;10.0;https://www.agoda.com/api/cronos/property/review/HotelReviews?hotelId=2937&pageSize=50&referer=https%3A%2F%2Fwww.agoda.com%2Fvenetian-resort-hotel-casino%2Fhotel%2Flas-vegas-nv-us.html&providerMode=separate;12;2026-06-07T16:23:33.156739+00:00;ok;
HVEGAS001;The Venetian Resort Las Vegas;Las Vegas;United States;booking_via_agoda;agoda;3038.0;Booking.com;38b7388f541dae61;19/06/2025;2025;;;9.0;0.0;10.0;9.0;https://www.agoda.com/api/cronos/property/review/HotelReviews?hotelId=2937&pageSize=50&referer=https%3A%2F%2Fwww.agoda.com%2Fvenetian-resort-hotel-casino%2Fhotel%2Flas-vegas-nv-us.html&providerMode=separate;12;2026-06-07T16:23:33.156739+00:00;ok;
HVEGAS001;The Venetian Resort Las Vegas;Las Vegas;United States;booking_via_agoda;agoda;3038.0;Booking.com;953508e9b04ec345;20/06/2025;2025;;;10.0;0.0;10.0;10.0;https://www.agoda.com/api/cronos/property/review/HotelReviews?hotelId=2937&pageSize=50&referer=https%3A%2F%2Fwww.agoda.com%2Fvenetian-resort-hotel-casino%2Fhotel%2Flas-vegas-nv-us.html&providerMode=separate;12;2026-06-07T16:23:33.156739+00:00;ok;
HVEGAS001;The Venetian Resort Las Vegas;Las Vegas;United States;booking_via_agoda;agoda;3038.0;Booking.com;d3bc89be98260b42;20/06/2025;2025;;;10.0;0.0;10.0;10.0;https://www.agoda.com/api/cronos/property/review/HotelReviews?hotelId=2937&pageSize=50&referer=https%3A%2F%2Fwww.agoda.com%2Fvenetian-resort-hotel-casino%2Fhotel%2Flas-vegas-nv-us.html&providerMode=separate;12;2026-06-07T16:23:33.156739+00:00;ok;
HVEGAS001;The Venetian Resort Las Vegas;Las Vegas;United States;booking_via_agoda;agoda;3038.0;Booking.com;d87b0ef75cb561a1;20/06/2025;2025;;;10.0;0.0;10.0;10.0;https://www.agoda.com/api/cronos/property/review/HotelReviews?hotelId=2937&pageSize=50&referer=https%3A%2F%2Fwww.agoda.com%2Fvenetian-resort-hotel-casino%2Fhotel%2Flas-vegas-nv-us.html&providerMode=separate;12;2026-06-07T16:23:33.156739+00:00;ok;
HVEGAS001;The Venetian Resort Las Vegas;Las Vegas;United States;booking_via_agoda;agoda;3038.0;Booking.com;ff33a8a04ef19c63;21/06/2025;2025;;;9.0;0.0;10.0;9.0;https://www.agoda.com/api/cronos/property/review/HotelReviews?hotelId=2937&pageSize=50&referer=https%3A%2F%2Fwww.agoda.com%2Fvenetian-resort-hotel-casino%2Fhotel%2Flas-vegas-nv-us.html&providerMode=separate;12;2026-06-07T16:23:33.156739+00:00;ok;
HVEGAS001;The Venetian Resort Las Vegas;Las Vegas;United States;booking_via_agoda;agoda;3038.0;Booking.com;32436d4f6e425231;21/06/2025;2025;;;10.0;0.0;10.0;10.0;https://www.agoda.com/api/cronos/property/review/HotelReviews?hotelId=2937&pageSize=50&referer=https%3A%2F%2Fwww.agoda.com%2Fvenetian-resort-hotel-casino%2Fhotel%2Flas-vegas-nv-us.html&providerMode=separate;12;2026-06-07T16:23:33.156739+00:00;ok;
HVEGAS001;The Venetian Resort Las Vegas;Las Vegas;United States;booking_via_agoda;agoda;3038.0;Booking.com;f30e8e78a5a76ef5;22/06/2025;2025;;;10.0;0.0;10.0;10.0;https://www.agoda.com/api/cronos/property/review/HotelReviews?hotelId=2937&pageSize=50&referer=https%3A%2F%2Fwww.agoda.com%2Fvenetian-resort-hotel-casino%2Fhotel%2Flas-vegas-nv-us.html&providerMode=separate;12;2026-06-07T16:23:33.156739+00:00;ok;
HVEGAS001;The Venetian Resort Las Vegas;Las Vegas;United States;booking_via_agoda;agoda;3038.0;Booking.com;59efae4a9cc32bfc;23/06/2025;2025;;;10.0;0.0;10.0;10.0;https://www.agoda.com/api/cronos/property/review/HotelReviews?hotelId=2937&pageSize=50&referer=https%3A%2F%2Fwww.agoda.com%2Fvenetian-resort-hotel-casino%2Fhotel%2Flas-vegas-nv-us.html&providerMode=separate;12;2026-06-07T16:23:33.156739+00:00;ok;
HVEGAS001;The Venetian Resort Las Vegas;Las Vegas;United States;booking_via_agoda;agoda;3038.0;Booking.com;e7bcdd92ee1bf681;23/06/2025;2025;;;10.0;0.0;10.0;10.0;https://www.agoda.com/api/cronos/property/review/HotelReviews?hotelId=2937&pageSize=50&referer=https%3A%2F%2Fwww.agoda.com%2Fvenetian-resort-hotel-casino%2Fhotel%2Flas-vegas-nv-us.html&providerMode=separate;12;2026-06-07T16:23:33.156739+00:00;ok;
HVEGAS001;The Venetian Resort Las Vegas;Las Vegas;United States;booking_via_agoda;agoda;3038.0;Booking.com;fe307f0307fbb21a;24/06/2025;2025;;;8.0;0.0;10.0;8.0;https://www.agoda.com/api/cronos/property/review/HotelReviews?hotelId=2937&pageSize=50&referer=https%3A%2F%2Fwww.agoda.com%2Fvenetian-resort-hotel-casino%2Fhotel%2Flas-vegas-nv-us.html&providerMode=separate;12;2026-06-07T16:23:33.156739+00:00;ok;
HVEGAS001;The Venetian Resort Las Vegas;Las Vegas;United States;booking_via_agoda;agoda;3038.0;Booking.com;49dbf1e875efe408;24/06/2025;2025;;;10.0;0.0;10.0;10.0;https://www.agoda.com/api/cronos/property/review/HotelReviews?hotelId=2937&pageSize=50&referer=https%3A%2F%2Fwww.agoda.com%2Fvenetian-resort-hotel-casino%2Fhotel%2Flas-vegas-nv-us.html&providerMode=separate;12;2026-06-07T16:23:33.156739+00:00;ok;
HVEGAS001;The Venetian Resort Las Vegas;Las Vegas;United States;booking_via_agoda;agoda;3038.0;Booking.com;e98c3e8100a46694;26/06/2025;2025;;;4.0;0.0;10.0;4.0;https://www.agoda.com/api/cronos/property/review/HotelReviews?hotelId=2937&pageSize=50&referer=https%3A%2F%2Fwww.agoda.com%2Fvenetian-resort-hotel-casino%2Fhotel%2Flas-vegas-nv-us.html&providerMode=separate;12;2026-06-07T16:23:33.156739+00:00;ok;
HVEGAS001;The Venetian Resort Las Vegas;Las Vegas;United States;booking_via_agoda;agoda;3038.0;Booking.com;0c750cab9fa2d7b3;27/06/2025;2025;;;8.0;0.0;10.0;8.0;https://www.agoda.com/api/cronos/property/review/HotelReviews?hotelId=2937&pageSize=50&referer=https%3A%2F%2Fwww.agoda.com%2Fvenetian-resort-hotel-casino%2Fhotel%2Flas-vegas-nv-us.html&providerMode=separate;12;2026-06-07T16:23:33.156739+00:00;ok;
HVEGAS001;The Venetian Resort Las Vegas;Las Vegas;United States;booking_via_agoda;agoda;3038.0;Booking.com;0fdeb3f9acf43dee;29/06/2025;2025;;;10.0;0.0;10.0;10.0;https://www.agoda.com/api/cronos/property/review/HotelReviews?hotelId=2937&pageSize=50&referer=https%3A%2F%2Fwww.agoda.com%2Fvenetian-resort-hotel-casino%2Fhotel%2Flas-vegas-nv-us.html&providerMode=separate;12;2026-06-07T16:23:33.156739+00:00;ok;
HVEGAS001;The Venetian Resort Las Vegas;Las Vegas;United States;booking_via_agoda;agoda;3038.0;Booking.com;3908052204ac633b;30/06/2025;2025;;;9.0;0.0;10.0;9.0;https://www.agoda.com/api/cronos/property/review/HotelReviews?hotelId=2937&pageSize=50&referer=https%3A%2F%2Fwww.agoda.com%2Fvenetian-resort-hotel-casino%2Fhotel%2Flas-vegas-nv-us.html&providerMode=separate;12;2026-06-07T16:23:33.156739+00:00;ok;
HVEGAS001;The Venetian Resort Las Vegas;Las Vegas;United States;booking_via_agoda;agoda;3038.0;Booking.com;61db99f6d36292ee;30/06/2025;2025;;;9.0;0.0;10.0;9.0;https://www.agoda.com/api/cronos/property/review/HotelReviews?hotelId=2937&pageSize=50&referer=https%3A%2F%2Fwww.agoda.com%2Fvenetian-resort-hotel-casino%2Fhotel%2Flas-vegas-nv-us.html&providerMode=separate;12;2026-06-07T16:23:33.156739+00:00;ok;
HVEGAS001;The Venetian Resort Las Vegas;Las Vegas;United States;booking_via_agoda;agoda;3038.0;Booking.com;961a0c4c13dde335;30/06/2025;2025;;;1.0;0.0;10.0;1.0;https://www.agoda.com/api/cronos/property/review/HotelReviews?hotelId=2937&pageSize=50&referer=https%3A%2F%2Fwww.agoda.com%2Fvenetian-resort-hotel-casino%2Fhotel%2Flas-vegas-nv-us.html&providerMode=separate;12;2026-06-07T16:23:33.156739+00:00;ok;
HVEGAS001;The Venetian Resort Las Vegas;Las Vegas;United States;booking_via_agoda;agoda;3038.0;Booking.com;96b639e3ce10afe3;01/07/2025;2025;;;9.0;0.0;10.0;9.0;https://www.agoda.com/api/cronos/property/review/HotelReviews?hotelId=2937&pageSize=50&referer=https%3A%2F%2Fwww.agoda.com%2Fvenetian-resort-hotel-casino%2Fhotel%2Flas-vegas-nv-us.html&providerMode=separate;12;2026-06-07T16:23:33.156739+00:00;ok;
HVEGAS001;The Venetian Resort Las Vegas;Las Vegas;United States;booking_via_agoda;agoda;3038.0;Booking.com;e1b965b882d6e58e;01/07/2025;2025;;;8.0;0.0;10.0;8.0;https://www.agoda.com/api/cronos/property/review/HotelReviews?hotelId=2937&pageSize=50&referer=https%3A%2F%2Fwww.agoda.com%2Fvenetian-resort-hotel-casino%2Fhotel%2Flas-vegas-nv-us.html&providerMode=separate;12;2026-06-07T16:23:33.156739+00:00;ok;
HVEGAS001;The Venetian Resort Las Vegas;Las Vegas;United States;booking_via_agoda;agoda;3038.0;Booking.com;c98f760c7846317f;01/07/2025;2025;;;10.0;0.0;10.0;10.0;https://www.agoda.com/api/cronos/property/review/HotelReviews?hotelId=2937&pageSize=50&referer=https%3A%2F%2Fwww.agoda.com%2Fvenetian-resort-hotel-casino%2Fhotel%2Flas-vegas-nv-us.html&providerMode=separate;12;2026-06-07T16:23:33.156739+00:00;ok;
HVEGAS001;The Venetian Resort Las Vegas;Las Vegas;United States;booking_via_agoda;agoda;3038.0;Booking.com;26f040a69618ffa2;02/07/2025;2025;;;10.0;0.0;10.0;10.0;https://www.agoda.com/api/cronos/property/review/HotelReviews?hotelId=2937&pageSize=50&referer=https%3A%2F%2Fwww.agoda.com%2Fvenetian-resort-hotel-casino%2Fhotel%2Flas-vegas-nv-us.html&providerMode=separate;12;2026-06-07T16:23:33.156739+00:00;ok;
HVEGAS001;The Venetian Resort Las Vegas;Las Vegas;United States;booking_via_agoda;agoda;3038.0;Booking.com;01b65495c5bbd8b7;02/07/2025;2025;;;10.0;0.0;10.0;10.0;https://www.agoda.com/api/cronos/property/review/HotelReviews?hotelId=2937&pageSize=50&referer=https%3A%2F%2Fwww.agoda.com%2Fvenetian-resort-hotel-casino%2Fhotel%2Flas-vegas-nv-us.html&providerMode=separate;12;2026-06-07T16:23:33.156739+00:00;ok;
HVEGAS001;The Venetian Resort Las Vegas;Las Vegas;United States;booking_via_agoda;agoda;3038.0;Booking.com;4d1978a9dbab1ad6;02/07/2025;2025;;;10.0;0.0;10.0;10.0;https://www.agoda.com/api/cronos/property/review/HotelReviews?hotelId=2937&pageSize=50&referer=https%3A%2F%2Fwww.agoda.com%2Fvenetian-resort-hotel-casino%2Fhotel%2Flas-vegas-nv-us.html&providerMode=separate;12;2026-06-07T16:23:33.156739+00:00;ok;
HVEGAS001;The Venetian Resort Las Vegas;Las Vegas;United States;booking_via_agoda;agoda;3038.0;Booking.com;7efef5ca701a94b5;03/07/2025;2025;;;8.0;0.0;10.0;8.0;https://www.agoda.com/api/cronos/property/review/HotelReviews?hotelId=2937&pageSize=50&referer=https%3A%2F%2Fwww.agoda.com%2Fvenetian-resort-hotel-casino%2Fhotel%2Flas-vegas-nv-us.html&providerMode=separate;12;2026-06-07T16:23:33.156739+00:00;ok;
HVEGAS001;The Venetian Resort Las Vegas;Las Vegas;United States;booking_via_agoda;agoda;3038.0;Booking.com;bafa23073d53c59f;04/07/2025;2025;;;8.0;0.0;10.0;8.0;https://www.agoda.com/api/cronos/property/review/HotelReviews?hotelId=2937&pageSize=50&referer=https%3A%2F%2Fwww.agoda.com%2Fvenetian-resort-hotel-casino%2Fhotel%2Flas-vegas-nv-us.html&providerMode=separate;12;2026-06-07T16:23:33.156739+00:00;ok;
HVEGAS001;The Venetian Resort Las Vegas;Las Vegas;United States;booking_via_agoda;agoda;3038.0;Booking.com;9fe8a8e3403b25bf;05/07/2025;2025;;;1.0;0.0;10.0;1.0;https://www.agoda.com/api/cronos/property/review/HotelReviews?hotelId=2937&pageSize=50&referer=https%3A%2F%2Fwww.agoda.com%2Fvenetian-resort-hotel-casino%2Fhotel%2Flas-vegas-nv-us.html&providerMode=separate;12;2026-06-07T16:23:33.156739+00:00;ok;
HVEGAS001;The Venetian Resort Las Vegas;Las Vegas;United States;booking_via_agoda;agoda;3038.0;Booking.com;dad6387a001d7fc3;06/07/2025;2025;;;10.0;0.0;10.0;10.0;https://www.agoda.com/api/cronos/property/review/HotelReviews?hotelId=2937&pageSize=50&referer=https%3A%2F%2Fwww.agoda.com%2Fvenetian-resort-hotel-casino%2Fhotel%2Flas-vegas-nv-us.html&providerMode=separate;12;2026-06-07T16:23:33.156739+00:00;ok;
HVEGAS001;The Venetian Resort Las Vegas;Las Vegas;United States;booking_via_agoda;agoda;3038.0;Booking.com;b70213364525ecc6;07/07/2025;2025;;;10.0;0.0;10.0;10.0;https://www.agoda.com/api/cronos/property/review/HotelReviews?hotelId=2937&pageSize=50&referer=https%3A%2F%2Fwww.agoda.com%2Fvenetian-resort-hotel-casino%2Fhotel%2Flas-vegas-nv-us.html&providerMode=separate;12;2026-06-07T16:23:33.156739+00:00;ok;
HVEGAS001;The Venetian Resort Las Vegas;Las Vegas;United States;booking_via_agoda;agoda;3038.0;Booking.com;b5261af743b72603;08/07/2025;2025;;;9.0;0.0;10.0;9.0;https://www.agoda.com/api/cronos/property/review/HotelReviews?hotelId=2937&pageSize=50&referer=https%3A%2F%2Fwww.agoda.com%2Fvenetian-resort-hotel-casino%2Fhotel%2Flas-vegas-nv-us.html&providerMode=separate;12;2026-06-07T16:23:33.156739+00:00;ok;
HVEGAS001;The Venetian Resort Las Vegas;Las Vegas;United States;booking_via_agoda;agoda;3038.0;Booking.com;c5ddffb9bcf77b68;08/07/2025;2025;;;10.0;0.0;10.0;10.0;https://www.agoda.com/api/cronos/property/review/HotelReviews?hotelId=2937&pageSize=50&referer=https%3A%2F%2Fwww.agoda.com%2Fvenetian-resort-hotel-casino%2Fhotel%2Flas-vegas-nv-us.html&providerMode=separate;12;2026-06-07T16:23:33.156739+00:00;ok;
HVEGAS001;The Venetian Resort Las Vegas;Las Vegas;United States;booking_via_agoda;agoda;3038.0;Booking.com;b6ef5a7ff932d3a5;09/07/2025;2025;;;10.0;0.0;10.0;10.0;https://www.agoda.com/api/cronos/property/review/HotelReviews?hotelId=2937&pageSize=50&referer=https%3A%2F%2Fwww.agoda.com%2Fvenetian-resort-hotel-casino%2Fhotel%2Flas-vegas-nv-us.html&providerMode=separate;12;2026-06-07T16:23:33.156739+00:00;ok;
HVEGAS001;The Venetian Resort Las Vegas;Las Vegas;United States;booking_via_agoda;agoda;3038.0;Booking.com;eafc3dceba39536e;09/07/2025;2025;;;10.0;0.0;10.0;10.0;https://www.agoda.com/api/cronos/property/review/HotelReviews?hotelId=2937&pageSize=50&referer=https%3A%2F%2Fwww.agoda.com%2Fvenetian-resort-hotel-casino%2Fhotel%2Flas-vegas-nv-us.html&providerMode=separate;12;2026-06-07T16:23:33.156739+00:00;ok;
HVEGAS001;The Venetian Resort Las Vegas;Las Vegas;United States;booking_via_agoda;agoda;3038.0;Booking.com;fc4fea088f969305;11/07/2025;2025;;;8.0;0.0;10.0;8.0;https://www.agoda.com/api/cronos/property/review/HotelReviews?hotelId=2937&pageSize=50&referer=https%3A%2F%2Fwww.agoda.com%2Fvenetian-resort-hotel-casino%2Fhotel%2Flas-vegas-nv-us.html&providerMode=separate;12;2026-06-07T16:23:33.156739+00:00;ok;
HVEGAS001;The Venetian Resort Las Vegas;Las Vegas;United States;booking_via_agoda;agoda;3038.0;Booking.com;3d33e8266abd0be7;11/07/2025;2025;;;9.0;0.0;10.0;9.0;https://www.agoda.com/api/cronos/property/review/HotelReviews?hotelId=2937&pageSize=50&referer=https%3A%2F%2Fwww.agoda.com%2Fvenetian-resort-hotel-casino%2Fhotel%2Flas-vegas-nv-us.html&providerMode=separate;12;2026-06-07T16:23:33.156739+00:00;ok;
HVEGAS001;The Venetian Resort Las Vegas;Las Vegas;United States;booking_via_agoda;agoda;3038.0;Booking.com;797a157f569e0da3;12/07/2025;2025;;;9.0;0.0;10.0;9.0;https://www.agoda.com/api/cronos/property/review/HotelReviews?hotelId=2937&pageSize=50&referer=https%3A%2F%2Fwww.agoda.com%2Fvenetian-resort-hotel-casino%2Fhotel%2Flas-vegas-nv-us.html&providerMode=separate;12;2026-06-07T16:23:33.156739+00:00;ok;
HVEGAS001;The Venetian Resort Las Vegas;Las Vegas;United States;booking_via_agoda;agoda;3038.0;Booking.com;915a26fb01f5061e;13/07/2025;2025;;;8.0;0.0;10.0;8.0;https://www.agoda.com/api/cronos/property/review/HotelReviews?hotelId=2937&pageSize=50&referer=https%3A%2F%2Fwww.agoda.com%2Fvenetian-resort-hotel-casino%2Fhotel%2Flas-vegas-nv-us.html&providerMode=separate;11;2026-06-07T16:23:33.156739+00:00;ok;
HVEGAS001;The Venetian Resort Las Vegas;Las Vegas;United States;booking_via_agoda;agoda;3038.0;Booking.com;7cbf49b10a1c53a6;13/07/2025;2025;;;8.0;0.0;10.0;8.0;https://www.agoda.com/api/cronos/property/review/HotelReviews?hotelId=2937&pageSize=50&referer=https%3A%2F%2Fwww.agoda.com%2Fvenetian-resort-hotel-casino%2Fhotel%2Flas-vegas-nv-us.html&providerMode=separate;11;2026-06-07T16:23:33.156739+00:00;ok;
HVEGAS001;The Venetian Resort Las Vegas;Las Vegas;United States;booking_via_agoda;agoda;3038.0;Booking.com;038f88269b67e9c9;13/07/2025;2025;;;10.0;0.0;10.0;10.0;https://www.agoda.com/api/cronos/property/review/HotelReviews?hotelId=2937&pageSize=50&referer=https%3A%2F%2Fwww.agoda.com%2Fvenetian-resort-hotel-casino%2Fhotel%2Flas-vegas-nv-us.html&providerMode=separate;11;2026-06-07T16:23:33.156739+00:00;ok;
HVEGAS001;The Venetian Resort Las Vegas;Las Vegas;United States;booking_via_agoda;agoda;3038.0;Booking.com;815568b7b1dd5660;14/07/2025;2025;;;1.0;0.0;10.0;1.0;https://www.agoda.com/api/cronos/property/review/HotelReviews?hotelId=2937&pageSize=50&referer=https%3A%2F%2Fwww.agoda.com%2Fvenetian-resort-hotel-casino%2Fhotel%2Flas-vegas-nv-us.html&providerMode=separate;11;2026-06-07T16:23:33.156739+00:00;ok;
HVEGAS001;The Venetian Resort Las Vegas;Las Vegas;United States;booking_via_agoda;agoda;3038.0;Booking.com;1ab4838aaad76f74;14/07/2025;2025;;;9.0;0.0;10.0;9.0;https://www.agoda.com/api/cronos/property/review/HotelReviews?hotelId=2937&pageSize=50&referer=https%3A%2F%2Fwww.agoda.com%2Fvenetian-resort-hotel-casino%2Fhotel%2Flas-vegas-nv-us.html&providerMode=separate;11;2026-06-07T16:23:33.156739+00:00;ok;
HVEGAS001;The Venetian Resort Las Vegas;Las Vegas;United States;booking_via_agoda;agoda;3038.0;Booking.com;198d51d42f311686;15/07/2025;2025;;;10.0;0.0;10.0;10.0;https://www.agoda.com/api/cronos/property/review/HotelReviews?hotelId=2937&pageSize=50&referer=https%3A%2F%2Fwww.agoda.com%2Fvenetian-resort-hotel-casino%2Fhotel%2Flas-vegas-nv-us.html&providerMode=separate;11;2026-06-07T16:23:33.156739+00:00;ok;
HVEGAS001;The Venetian Resort Las Vegas;Las Vegas;United States;booking_via_agoda;agoda;3038.0;Booking.com;d406b6982d50d3a1;15/07/2025;2025;;;10.0;0.0;10.0;10.0;https://www.agoda.com/api/cronos/property/review/HotelReviews?hotelId=2937&pageSize=50&referer=https%3A%2F%2Fwww.agoda.com%2Fvenetian-resort-hotel-casino%2Fhotel%2Flas-vegas-nv-us.html&providerMode=separate;11;2026-06-07T16:23:33.156739+00:00;ok;
HVEGAS001;The Venetian Resort Las Vegas;Las Vegas;United States;booking_via_agoda;agoda;3038.0;Booking.com;0eb393475a533cd8;18/07/2025;2025;;;10.0;0.0;10.0;10.0;https://www.agoda.com/api/cronos/property/review/HotelReviews?hotelId=2937&pageSize=50&referer=https%3A%2F%2Fwww.agoda.com%2Fvenetian-resort-hotel-casino%2Fhotel%2Flas-vegas-nv-us.html&providerMode=separate;11;2026-06-07T16:23:33.156739+00:00;ok;
HVEGAS001;The Venetian Resort Las Vegas;Las Vegas;United States;booking_via_agoda;agoda;3038.0;Booking.com;79d9c0802bed9816;19/07/2025;2025;;;10.0;0.0;10.0;10.0;https://www.agoda.com/api/cronos/property/review/HotelReviews?hotelId=2937&pageSize=50&referer=https%3A%2F%2Fwww.agoda.com%2Fvenetian-resort-hotel-casino%2Fhotel%2Flas-vegas-nv-us.html&providerMode=separate;11;2026-06-07T16:23:33.156739+00:00;ok;
HVEGAS001;The Venetian Resort Las Vegas;Las Vegas;United States;booking_via_agoda;agoda;3038.0;Booking.com;707258eada36b9d8;19/07/2025;2025;;;10.0;0.0;10.0;10.0;https://www.agoda.com/api/cronos/property/review/HotelReviews?hotelId=2937&pageSize=50&referer=https%3A%2F%2Fwww.agoda.com%2Fvenetian-resort-hotel-casino%2Fhotel%2Flas-vegas-nv-us.html&providerMode=separate;11;2026-06-07T16:23:33.156739+00:00;ok;
HVEGAS001;The Venetian Resort Las Vegas;Las Vegas;United States;booking_via_agoda;agoda;3038.0;Booking.com;4b20c19ad071744f;20/07/2025;2025;;;8.0;0.0;10.0;8.0;https://www.agoda.com/api/cronos/property/review/HotelReviews?hotelId=2937&pageSize=50&referer=https%3A%2F%2Fwww.agoda.com%2Fvenetian-resort-hotel-casino%2Fhotel%2Flas-vegas-nv-us.html&providerMode=separate;11;2026-06-07T16:23:33.156739+00:00;ok;
HVEGAS001;The Venetian Resort Las Vegas;Las Vegas;United States;booking_via_agoda;agoda;3038.0;Booking.com;d2227201a34783aa;20/07/2025;2025;;;10.0;0.0;10.0;10.0;https://www.agoda.com/api/cronos/property/review/HotelReviews?hotelId=2937&pageSize=50&referer=https%3A%2F%2Fwww.agoda.com%2Fvenetian-resort-hotel-casino%2Fhotel%2Flas-vegas-nv-us.html&providerMode=separate;11;2026-06-07T16:23:33.156739+00:00;ok;
HVEGAS001;The Venetian Resort Las Vegas;Las Vegas;United States;booking_via_agoda;agoda;3038.0;Booking.com;fd457c2ff4ea2aac;20/07/2025;2025;;;9.0;0.0;10.0;9.0;https://www.agoda.com/api/cronos/property/review/HotelReviews?hotelId=2937&pageSize=50&referer=https%3A%2F%2Fwww.agoda.com%2Fvenetian-resort-hotel-casino%2Fhotel%2Flas-vegas-nv-us.html&providerMode=separate;11;2026-06-07T16:23:33.156739+00:00;ok;
HVEGAS001;The Venetian Resort Las Vegas;Las Vegas;United States;booking_via_agoda;agoda;3038.0;Booking.com;10f40187cf1ed909;22/07/2025;2025;;;4.0;0.0;10.0;4.0;https://www.agoda.com/api/cronos/property/review/HotelReviews?hotelId=2937&pageSize=50&referer=https%3A%2F%2Fwww.agoda.com%2Fvenetian-resort-hotel-casino%2Fhotel%2Flas-vegas-nv-us.html&providerMode=separate;11;2026-06-07T16:23:33.156739+00:00;ok;
HVEGAS001;The Venetian Resort Las Vegas;Las Vegas;United States;booking_via_agoda;agoda;3038.0;Booking.com;ac041497247b1762;24/07/2025;2025;;;1.0;0.0;10.0;1.0;https://www.agoda.com/api/cronos/property/review/HotelReviews?hotelId=2937&pageSize=50&referer=https%3A%2F%2Fwww.agoda.com%2Fvenetian-resort-hotel-casino%2Fhotel%2Flas-vegas-nv-us.html&providerMode=separate;11;2026-06-07T16:23:33.156739+00:00;ok;
HVEGAS001;The Venetian Resort Las Vegas;Las Vegas;United States;booking_via_agoda;agoda;3038.0;Booking.com;42c1e24c298b3553;24/07/2025;2025;;;1.0;0.0;10.0;1.0;https://www.agoda.com/api/cronos/property/review/HotelReviews?hotelId=2937&pageSize=50&referer=https%3A%2F%2Fwww.agoda.com%2Fvenetian-resort-hotel-casino%2Fhotel%2Flas-vegas-nv-us.html&providerMode=separate;11;2026-06-07T16:23:33.156739+00:00;ok;
HVEGAS001;The Venetian Resort Las Vegas;Las Vegas;United States;booking_via_agoda;agoda;3038.0;Booking.com;dc8c6bc152e3faa3;25/07/2025;2025;;;7.0;0.0;10.0;7.0;https://www.agoda.com/api/cronos/property/review/HotelReviews?hotelId=2937&pageSize=50&referer=https%3A%2F%2Fwww.agoda.com%2Fvenetian-resort-hotel-casino%2Fhotel%2Flas-vegas-nv-us.html&providerMode=separate;11;2026-06-07T16:23:33.156739+00:00;ok;
HVEGAS001;The Venetian Resort Las Vegas;Las Vegas;United States;booking_via_agoda;agoda;3038.0;Booking.com;f0c1d34a73e33741;25/07/2025;2025;;;8.0;0.0;10.0;8.0;https://www.agoda.com/api/cronos/property/review/HotelReviews?hotelId=2937&pageSize=50&referer=https%3A%2F%2Fwww.agoda.com%2Fvenetian-resort-hotel-casino%2Fhotel%2Flas-vegas-nv-us.html&providerMode=separate;11;2026-06-07T16:23:33.156739+00:00;ok;
HVEGAS001;The Venetian Resort Las Vegas;Las Vegas;United States;booking_via_agoda;agoda;3038.0;Booking.com;f7af52deaac2410c;26/07/2025;2025;;;9.0;0.0;10.0;9.0;https://www.agoda.com/api/cronos/property/review/HotelReviews?hotelId=2937&pageSize=50&referer=https%3A%2F%2Fwww.agoda.com%2Fvenetian-resort-hotel-casino%2Fhotel%2Flas-vegas-nv-us.html&providerMode=separate;11;2026-06-07T16:23:33.156739+00:00;ok;
HVEGAS001;The Venetian Resort Las Vegas;Las Vegas;United States;booking_via_agoda;agoda;3038.0;Booking.com;47d70006c4af267b;26/07/2025;2025;;;10.0;0.0;10.0;10.0;https://www.agoda.com/api/cronos/property/review/HotelReviews?hotelId=2937&pageSize=50&referer=https%3A%2F%2Fwww.agoda.com%2Fvenetian-resort-hotel-casino%2Fhotel%2Flas-vegas-nv-us.html&providerMode=separate;11;2026-06-07T16:23:33.156739+00:00;ok;
HVEGAS001;The Venetian Resort Las Vegas;Las Vegas;United States;booking_via_agoda;agoda;3038.0;Booking.com;a2eddb724d96aca5;27/07/2025;2025;;;8.0;0.0;10.0;8.0;https://www.agoda.com/api/cronos/property/review/HotelReviews?hotelId=2937&pageSize=50&referer=https%3A%2F%2Fwww.agoda.com%2Fvenetian-resort-hotel-casino%2Fhotel%2Flas-vegas-nv-us.html&providerMode=separate;11;2026-06-07T16:23:33.156739+00:00;ok;
HVEGAS001;The Venetian Resort Las Vegas;Las Vegas;United States;booking_via_agoda;agoda;3038.0;Booking.com;df82ac0ae7af3438;27/07/2025;2025;;;10.0;0.0;10.0;10.0;https://www.agoda.com/api/cronos/property/review/HotelReviews?hotelId=2937&pageSize=50&referer=https%3A%2F%2Fwww.agoda.com%2Fvenetian-resort-hotel-casino%2Fhotel%2Flas-vegas-nv-us.html&providerMode=separate;11;2026-06-07T16:23:33.156739+00:00;ok;
HVEGAS001;The Venetian Resort Las Vegas;Las Vegas;United States;booking_via_agoda;agoda;3038.0;Booking.com;50b097e584977ecb;27/07/2025;2025;;;10.0;0.0;10.0;10.0;https://www.agoda.com/api/cronos/property/review/HotelReviews?hotelId=2937&pageSize=50&referer=https%3A%2F%2Fwww.agoda.com%2Fvenetian-resort-hotel-casino%2Fhotel%2Flas-vegas-nv-us.html&providerMode=separate;11;2026-06-07T16:23:33.156739+00:00;ok;
HVEGAS001;The Venetian Resort Las Vegas;Las Vegas;United States;booking_via_agoda;agoda;3038.0;Booking.com;79e178c7deec46eb;28/07/2025;2025;;;4.0;0.0;10.0;4.0;https://www.agoda.com/api/cronos/property/review/HotelReviews?hotelId=2937&pageSize=50&referer=https%3A%2F%2Fwww.agoda.com%2Fvenetian-resort-hotel-casino%2Fhotel%2Flas-vegas-nv-us.html&providerMode=separate;11;2026-06-07T16:23:33.156739+00:00;ok;
HVEGAS001;The Venetian Resort Las Vegas;Las Vegas;United States;booking_via_agoda;agoda;3038.0;Booking.com;e3527b9b7cb05b61;28/07/2025;2025;;;10.0;0.0;10.0;10.0;https://www.agoda.com/api/cronos/property/review/HotelReviews?hotelId=2937&pageSize=50&referer=https%3A%2F%2Fwww.agoda.com%2Fvenetian-resort-hotel-casino%2Fhotel%2Flas-vegas-nv-us.html&providerMode=separate;11;2026-06-07T16:23:33.156739+00:00;ok;
HVEGAS001;The Venetian Resort Las Vegas;Las Vegas;United States;booking_via_agoda;agoda;3038.0;Booking.com;2228bead4c265d6e;29/07/2025;2025;;;10.0;0.0;10.0;10.0;https://www.agoda.com/api/cronos/property/review/HotelReviews?hotelId=2937&pageSize=50&referer=https%3A%2F%2Fwww.agoda.com%2Fvenetian-resort-hotel-casino%2Fhotel%2Flas-vegas-nv-us.html&providerMode=separate;11;2026-06-07T16:23:33.156739+00:00;ok;
HVEGAS001;The Venetian Resort Las Vegas;Las Vegas;United States;booking_via_agoda;agoda;3038.0;Booking.com;ac8d44572d6c54df;29/07/2025;2025;;;10.0;0.0;10.0;10.0;https://www.agoda.com/api/cronos/property/review/HotelReviews?hotelId=2937&pageSize=50&referer=https%3A%2F%2Fwww.agoda.com%2Fvenetian-resort-hotel-casino%2Fhotel%2Flas-vegas-nv-us.html&providerMode=separate;11;2026-06-07T16:23:33.156739+00:00;ok;
HVEGAS001;The Venetian Resort Las Vegas;Las Vegas;United States;booking_via_agoda;agoda;3038.0;Booking.com;c605861bcdf5cfae;01/08/2025;2025;;;9.0;0.0;10.0;9.0;https://www.agoda.com/api/cronos/property/review/HotelReviews?hotelId=2937&pageSize=50&referer=https%3A%2F%2Fwww.agoda.com%2Fvenetian-resort-hotel-casino%2Fhotel%2Flas-vegas-nv-us.html&providerMode=separate;11;2026-06-07T16:23:33.156739+00:00;ok;
HVEGAS001;The Venetian Resort Las Vegas;Las Vegas;United States;booking_via_agoda;agoda;3038.0;Booking.com;14feeba1c6734b58;02/08/2025;2025;;;10.0;0.0;10.0;10.0;https://www.agoda.com/api/cronos/property/review/HotelReviews?hotelId=2937&pageSize=50&referer=https%3A%2F%2Fwww.agoda.com%2Fvenetian-resort-hotel-casino%2Fhotel%2Flas-vegas-nv-us.html&providerMode=separate;11;2026-06-07T16:23:33.156739+00:00;ok;
HVEGAS001;The Venetian Resort Las Vegas;Las Vegas;United States;booking_via_agoda;agoda;3038.0;Booking.com;16d49c36ffb3fa39;05/08/2025;2025;;;9.0;0.0;10.0;9.0;https://www.agoda.com/api/cronos/property/review/HotelReviews?hotelId=2937&pageSize=50&referer=https%3A%2F%2Fwww.agoda.com%2Fvenetian-resort-hotel-casino%2Fhotel%2Flas-vegas-nv-us.html&providerMode=separate;11;2026-06-07T16:23:33.156739+00:00;ok;
HVEGAS001;The Venetian Resort Las Vegas;Las Vegas;United States;booking_via_agoda;agoda;3038.0;Booking.com;ac75608f554698eb;05/08/2025;2025;;;8.0;0.0;10.0;8.0;https://www.agoda.com/api/cronos/property/review/HotelReviews?hotelId=2937&pageSize=50&referer=https%3A%2F%2Fwww.agoda.com%2Fvenetian-resort-hotel-casino%2Fhotel%2Flas-vegas-nv-us.html&providerMode=separate;11;2026-06-07T16:23:33.156739+00:00;ok;
HVEGAS001;The Venetian Resort Las Vegas;Las Vegas;United States;booking_via_agoda;agoda;3038.0;Booking.com;5d8f8a49c2b95024;05/08/2025;2025;;;8.0;0.0;10.0;8.0;https://www.agoda.com/api/cronos/property/review/HotelReviews?hotelId=2937&pageSize=50&referer=https%3A%2F%2Fwww.agoda.com%2Fvenetian-resort-hotel-casino%2Fhotel%2Flas-vegas-nv-us.html&providerMode=separate;11;2026-06-07T16:23:33.156739+00:00;ok;
HVEGAS001;The Venetian Resort Las Vegas;Las Vegas;United States;booking_via_agoda;agoda;3038.0;Booking.com;9ba3a55213871a49;05/08/2025;2025;;;5.0;0.0;10.0;5.0;https://www.agoda.com/api/cronos/property/review/HotelReviews?hotelId=2937&pageSize=50&referer=https%3A%2F%2Fwww.agoda.com%2Fvenetian-resort-hotel-casino%2Fhotel%2Flas-vegas-nv-us.html&providerMode=separate;11;2026-06-07T16:23:33.156739+00:00;ok;
HVEGAS001;The Venetian Resort Las Vegas;Las Vegas;United States;booking_via_agoda;agoda;3038.0;Booking.com;c14d321cad90b78f;05/08/2025;2025;;;4.0;0.0;10.0;4.0;https://www.agoda.com/api/cronos/property/review/HotelReviews?hotelId=2937&pageSize=50&referer=https%3A%2F%2Fwww.agoda.com%2Fvenetian-resort-hotel-casino%2Fhotel%2Flas-vegas-nv-us.html&providerMode=separate;11;2026-06-07T16:23:33.156739+00:00;ok;
HVEGAS001;The Venetian Resort Las Vegas;Las Vegas;United States;booking_via_agoda;agoda;3038.0;Booking.com;726675c72f23b50c;07/08/2025;2025;;;6.0;0.0;10.0;6.0;https://www.agoda.com/api/cronos/property/review/HotelReviews?hotelId=2937&pageSize=50&referer=https%3A%2F%2Fwww.agoda.com%2Fvenetian-resort-hotel-casino%2Fhotel%2Flas-vegas-nv-us.html&providerMode=separate;11;2026-06-07T16:23:33.156739+00:00;ok;
HVEGAS001;The Venetian Resort Las Vegas;Las Vegas;United States;booking_via_agoda;agoda;3038.0;Booking.com;50858860f9db0748;07/08/2025;2025;;;7.0;0.0;10.0;7.0;https://www.agoda.com/api/cronos/property/review/HotelReviews?hotelId=2937&pageSize=50&referer=https%3A%2F%2Fwww.agoda.com%2Fvenetian-resort-hotel-casino%2Fhotel%2Flas-vegas-nv-us.html&providerMode=separate;11;2026-06-07T16:23:33.156739+00:00;ok;
HVEGAS001;The Venetian Resort Las Vegas;Las Vegas;United States;booking_via_agoda;agoda;3038.0;Booking.com;894bbba61828b4e4;08/08/2025;2025;;;9.0;0.0;10.0;9.0;https://www.agoda.com/api/cronos/property/review/HotelReviews?hotelId=2937&pageSize=50&referer=https%3A%2F%2Fwww.agoda.com%2Fvenetian-resort-hotel-casino%2Fhotel%2Flas-vegas-nv-us.html&providerMode=separate;11;2026-06-07T16:23:33.156739+00:00;ok;
HVEGAS001;The Venetian Resort Las Vegas;Las Vegas;United States;booking_via_agoda;agoda;3038.0;Booking.com;ed6ef70645a55520;08/08/2025;2025;;;8.0;0.0;10.0;8.0;https://www.agoda.com/api/cronos/property/review/HotelReviews?hotelId=2937&pageSize=50&referer=https%3A%2F%2Fwww.agoda.com%2Fvenetian-resort-hotel-casino%2Fhotel%2Flas-vegas-nv-us.html&providerMode=separate;11;2026-06-07T16:23:33.156739+00:00;ok;
HVEGAS001;The Venetian Resort Las Vegas;Las Vegas;United States;booking_via_agoda;agoda;3038.0;Booking.com;90066eb9750bb4af;09/08/2025;2025;;;6.0;0.0;10.0;6.0;https://www.agoda.com/api/cronos/property/review/HotelReviews?hotelId=2937&pageSize=50&referer=https%3A%2F%2Fwww.agoda.com%2Fvenetian-resort-hotel-casino%2Fhotel%2Flas-vegas-nv-us.html&providerMode=separate;11;2026-06-07T16:23:33.156739+00:00;ok;
HVEGAS001;The Venetian Resort Las Vegas;Las Vegas;United States;booking_via_agoda;agoda;3038.0;Booking.com;e267d2e69b18547e;09/08/2025;2025;;;10.0;0.0;10.0;10.0;https://www.agoda.com/api/cronos/property/review/HotelReviews?hotelId=2937&pageSize=50&referer=https%3A%2F%2Fwww.agoda.com%2Fvenetian-resort-hotel-casino%2Fhotel%2Flas-vegas-nv-us.html&providerMode=separate;11;2026-06-07T16:23:33.156739+00:00;ok;
HVEGAS001;The Venetian Resort Las Vegas;Las Vegas;United States;booking_via_agoda;agoda;3038.0;Booking.com;e1801b5a8a465192;10/08/2025;2025;;;9.0;0.0;10.0;9.0;https://www.agoda.com/api/cronos/property/review/HotelReviews?hotelId=2937&pageSize=50&referer=https%3A%2F%2Fwww.agoda.com%2Fvenetian-resort-hotel-casino%2Fhotel%2Flas-vegas-nv-us.html&providerMode=separate;11;2026-06-07T16:23:33.156739+00:00;ok;
HVEGAS001;The Venetian Resort Las Vegas;Las Vegas;United States;booking_via_agoda;agoda;3038.0;Booking.com;5d1ee1e2acb53cc2;10/08/2025;2025;;;10.0;0.0;10.0;10.0;https://www.agoda.com/api/cronos/property/review/HotelReviews?hotelId=2937&pageSize=50&referer=https%3A%2F%2Fwww.agoda.com%2Fvenetian-resort-hotel-casino%2Fhotel%2Flas-vegas-nv-us.html&providerMode=separate;11;2026-06-07T16:23:33.156739+00:00;ok;
HVEGAS001;The Venetian Resort Las Vegas;Las Vegas;United States;booking_via_agoda;agoda;3038.0;Booking.com;2abd05ff3192472c;11/08/2025;2025;;;10.0;0.0;10.0;10.0;https://www.agoda.com/api/cronos/property/review/HotelReviews?hotelId=2937&pageSize=50&referer=https%3A%2F%2Fwww.agoda.com%2Fvenetian-resort-hotel-casino%2Fhotel%2Flas-vegas-nv-us.html&providerMode=separate;11;2026-06-07T16:23:33.156739+00:00;ok;
HVEGAS001;The Venetian Resort Las Vegas;Las Vegas;United States;booking_via_agoda;agoda;3038.0;Booking.com;b6f3e1b28b7f8cc1;11/08/2025;2025;;;10.0;0.0;10.0;10.0;https://www.agoda.com/api/cronos/property/review/HotelReviews?hotelId=2937&pageSize=50&referer=https%3A%2F%2Fwww.agoda.com%2Fvenetian-resort-hotel-casino%2Fhotel%2Flas-vegas-nv-us.html&providerMode=separate;11;2026-06-07T16:23:33.156739+00:00;ok;
HVEGAS001;The Venetian Resort Las Vegas;Las Vegas;United States;booking_via_agoda;agoda;3038.0;Booking.com;a6267cd87dea25ea;11/08/2025;2025;;;9.0;0.0;10.0;9.0;https://www.agoda.com/api/cronos/property/review/HotelReviews?hotelId=2937&pageSize=50&referer=https%3A%2F%2Fwww.agoda.com%2Fvenetian-resort-hotel-casino%2Fhotel%2Flas-vegas-nv-us.html&providerMode=separate;11;2026-06-07T16:23:33.156739+00:00;ok;
HVEGAS001;The Venetian Resort Las Vegas;Las Vegas;United States;booking_via_agoda;agoda;3038.0;Booking.com;08e25630d9cf3489;11/08/2025;2025;;;7.0;0.0;10.0;7.0;https://www.agoda.com/api/cronos/property/review/HotelReviews?hotelId=2937&pageSize=50&referer=https%3A%2F%2Fwww.agoda.com%2Fvenetian-resort-hotel-casino%2Fhotel%2Flas-vegas-nv-us.html&providerMode=separate;11;2026-06-07T16:23:33.156739+00:00;ok;
HVEGAS001;The Venetian Resort Las Vegas;Las Vegas;United States;booking_via_agoda;agoda;3038.0;Booking.com;cb279fcef1db6fb5;11/08/2025;2025;;;10.0;0.0;10.0;10.0;https://www.agoda.com/api/cronos/property/review/HotelReviews?hotelId=2937&pageSize=50&referer=https%3A%2F%2Fwww.agoda.com%2Fvenetian-resort-hotel-casino%2Fhotel%2Flas-vegas-nv-us.html&providerMode=separate;11;2026-06-07T16:23:33.156739+00:00;ok;
HVEGAS001;The Venetian Resort Las Vegas;Las Vegas;United States;booking_via_agoda;agoda;3038.0;Booking.com;bf419727f19ed015;12/08/2025;2025;;;2.0;0.0;10.0;2.0;https://www.agoda.com/api/cronos/property/review/HotelReviews?hotelId=2937&pageSize=50&referer=https%3A%2F%2Fwww.agoda.com%2Fvenetian-resort-hotel-casino%2Fhotel%2Flas-vegas-nv-us.html&providerMode=separate;11;2026-06-07T16:23:33.156739+00:00;ok;
HVEGAS001;The Venetian Resort Las Vegas;Las Vegas;United States;booking_via_agoda;agoda;3038.0;Booking.com;b4a9db97de4c8b7e;12/08/2025;2025;;;10.0;0.0;10.0;10.0;https://www.agoda.com/api/cronos/property/review/HotelReviews?hotelId=2937&pageSize=50&referer=https%3A%2F%2Fwww.agoda.com%2Fvenetian-resort-hotel-casino%2Fhotel%2Flas-vegas-nv-us.html&providerMode=separate;11;2026-06-07T16:23:33.156739+00:00;ok;
HVEGAS001;The Venetian Resort Las Vegas;Las Vegas;United States;booking_via_agoda;agoda;3038.0;Booking.com;b50f68de03147802;13/08/2025;2025;;;10.0;0.0;10.0;10.0;https://www.agoda.com/api/cronos/property/review/HotelReviews?hotelId=2937&pageSize=50&referer=https%3A%2F%2Fwww.agoda.com%2Fvenetian-resort-hotel-casino%2Fhotel%2Flas-vegas-nv-us.html&providerMode=separate;11;2026-06-07T16:23:33.156739+00:00;ok;
HVEGAS001;The Venetian Resort Las Vegas;Las Vegas;United States;booking_via_agoda;agoda;3038.0;Booking.com;a11f2076af1c20f0;14/08/2025;2025;;;8.0;0.0;10.0;8.0;https://www.agoda.com/api/cronos/property/review/HotelReviews?hotelId=2937&pageSize=50&referer=https%3A%2F%2Fwww.agoda.com%2Fvenetian-resort-hotel-casino%2Fhotel%2Flas-vegas-nv-us.html&providerMode=separate;10;2026-06-07T16:23:33.156739+00:00;ok;
HVEGAS001;The Venetian Resort Las Vegas;Las Vegas;United States;booking_via_agoda;agoda;3038.0;Booking.com;c034cf4f139d5f6f;14/08/2025;2025;;;10.0;0.0;10.0;10.0;https://www.agoda.com/api/cronos/property/review/HotelReviews?hotelId=2937&pageSize=50&referer=https%3A%2F%2Fwww.agoda.com%2Fvenetian-resort-hotel-casino%2Fhotel%2Flas-vegas-nv-us.html&providerMode=separate;10;2026-06-07T16:23:33.156739+00:00;ok;
HVEGAS001;The Venetian Resort Las Vegas;Las Vegas;United States;booking_via_agoda;agoda;3038.0;Booking.com;4bd549a5f540aec6;14/08/2025;2025;;;8.0;0.0;10.0;8.0;https://www.agoda.com/api/cronos/property/review/HotelReviews?hotelId=2937&pageSize=50&referer=https%3A%2F%2Fwww.agoda.com%2Fvenetian-resort-hotel-casino%2Fhotel%2Flas-vegas-nv-us.html&providerMode=separate;10;2026-06-07T16:23:33.156739+00:00;ok;
HVEGAS001;The Venetian Resort Las Vegas;Las Vegas;United States;booking_via_agoda;agoda;3038.0;Booking.com;b97cd23f114e2b5b;14/08/2025;2025;;;9.0;0.0;10.0;9.0;https://www.agoda.com/api/cronos/property/review/HotelReviews?hotelId=2937&pageSize=50&referer=https%3A%2F%2Fwww.agoda.com%2Fvenetian-resort-hotel-casino%2Fhotel%2Flas-vegas-nv-us.html&providerMode=separate;10;2026-06-07T16:23:33.156739+00:00;ok;
HVEGAS001;The Venetian Resort Las Vegas;Las Vegas;United States;booking_via_agoda;agoda;3038.0;Booking.com;8297ed063da1632e;14/08/2025;2025;;;9.0;0.0;10.0;9.0;https://www.agoda.com/api/cronos/property/review/HotelReviews?hotelId=2937&pageSize=50&referer=https%3A%2F%2Fwww.agoda.com%2Fvenetian-resort-hotel-casino%2Fhotel%2Flas-vegas-nv-us.html&providerMode=separate;10;2026-06-07T16:23:33.156739+00:00;ok;
HVEGAS001;The Venetian Resort Las Vegas;Las Vegas;United States;booking_via_agoda;agoda;3038.0;Booking.com;cb6aac57b8fc1f76;15/08/2025;2025;;;9.0;0.0;10.0;9.0;https://www.agoda.com/api/cronos/property/review/HotelReviews?hotelId=2937&pageSize=50&referer=https%3A%2F%2Fwww.agoda.com%2Fvenetian-resort-hotel-casino%2Fhotel%2Flas-vegas-nv-us.html&providerMode=separate;10;2026-06-07T16:23:33.156739+00:00;ok;
HVEGAS001;The Venetian Resort Las Vegas;Las Vegas;United States;booking_via_agoda;agoda;3038.0;Booking.com;fcb9df03461432cb;15/08/2025;2025;;;10.0;0.0;10.0;10.0;https://www.agoda.com/api/cronos/property/review/HotelReviews?hotelId=2937&pageSize=50&referer=https%3A%2F%2Fwww.agoda.com%2Fvenetian-resort-hotel-casino%2Fhotel%2Flas-vegas-nv-us.html&providerMode=separate;10;2026-06-07T16:23:33.156739+00:00;ok;
HVEGAS001;The Venetian Resort Las Vegas;Las Vegas;United States;booking_via_agoda;agoda;3038.0;Booking.com;a456a36dc31b9eb9;15/08/2025;2025;;;10.0;0.0;10.0;10.0;https://www.agoda.com/api/cronos/property/review/HotelReviews?hotelId=2937&pageSize=50&referer=https%3A%2F%2Fwww.agoda.com%2Fvenetian-resort-hotel-casino%2Fhotel%2Flas-vegas-nv-us.html&providerMode=separate;10;2026-06-07T16:23:33.156739+00:00;ok;
HVEGAS001;The Venetian Resort Las Vegas;Las Vegas;United States;booking_via_agoda;agoda;3038.0;Booking.com;b5d0a324c075dd70;15/08/2025;2025;;;7.0;0.0;10.0;7.0;https://www.agoda.com/api/cronos/property/review/HotelReviews?hotelId=2937&pageSize=50&referer=https%3A%2F%2Fwww.agoda.com%2Fvenetian-resort-hotel-casino%2Fhotel%2Flas-vegas-nv-us.html&providerMode=separate;10;2026-06-07T16:23:33.156739+00:00;ok;
HVEGAS001;The Venetian Resort Las Vegas;Las Vegas;United States;booking_via_agoda;agoda;3038.0;Booking.com;21cf1beb3cef5f63;16/08/2025;2025;;;10.0;0.0;10.0;10.0;https://www.agoda.com/api/cronos/property/review/HotelReviews?hotelId=2937&pageSize=50&referer=https%3A%2F%2Fwww.agoda.com%2Fvenetian-resort-hotel-casino%2Fhotel%2Flas-vegas-nv-us.html&providerMode=separate;10;2026-06-07T16:23:33.156739+00:00;ok;
HVEGAS001;The Venetian Resort Las Vegas;Las Vegas;United States;booking_via_agoda;agoda;3038.0;Booking.com;6834d8c62a21ac5f;16/08/2025;2025;;;10.0;0.0;10.0;10.0;https://www.agoda.com/api/cronos/property/review/HotelReviews?hotelId=2937&pageSize=50&referer=https%3A%2F%2Fwww.agoda.com%2Fvenetian-resort-hotel-casino%2Fhotel%2Flas-vegas-nv-us.html&providerMode=separate;10;2026-06-07T16:23:33.156739+00:00;ok;
HVEGAS001;The Venetian Resort Las Vegas;Las Vegas;United States;booking_via_agoda;agoda;3038.0;Booking.com;420ae3cc1e5fda57;17/08/2025;2025;;;10.0;0.0;10.0;10.0;https://www.agoda.com/api/cronos/property/review/HotelReviews?hotelId=2937&pageSize=50&referer=https%3A%2F%2Fwww.agoda.com%2Fvenetian-resort-hotel-casino%2Fhotel%2Flas-vegas-nv-us.html&providerMode=separate;10;2026-06-07T16:23:33.156739+00:00;ok;
HVEGAS001;The Venetian Resort Las Vegas;Las Vegas;United States;booking_via_agoda;agoda;3038.0;Booking.com;e4ae4c5eead7b52d;17/08/2025;2025;;;10.0;0.0;10.0;10.0;https://www.agoda.com/api/cronos/property/review/HotelReviews?hotelId=2937&pageSize=50&referer=https%3A%2F%2Fwww.agoda.com%2Fvenetian-resort-hotel-casino%2Fhotel%2Flas-vegas-nv-us.html&providerMode=separate;10;2026-06-07T16:23:33.156739+00:00;ok;
HVEGAS001;The Venetian Resort Las Vegas;Las Vegas;United States;booking_via_agoda;agoda;3038.0;Booking.com;4f5928a15ead8e72;17/08/2025;2025;;;10.0;0.0;10.0;10.0;https://www.agoda.com/api/cronos/property/review/HotelReviews?hotelId=2937&pageSize=50&referer=https%3A%2F%2Fwww.agoda.com%2Fvenetian-resort-hotel-casino%2Fhotel%2Flas-vegas-nv-us.html&providerMode=separate;10;2026-06-07T16:23:33.156739+00:00;ok;
HVEGAS001;The Venetian Resort Las Vegas;Las Vegas;United States;booking_via_agoda;agoda;3038.0;Booking.com;4f843b7b2a9431d4;18/08/2025;2025;;;10.0;0.0;10.0;10.0;https://www.agoda.com/api/cronos/property/review/HotelReviews?hotelId=2937&pageSize=50&referer=https%3A%2F%2Fwww.agoda.com%2Fvenetian-resort-hotel-casino%2Fhotel%2Flas-vegas-nv-us.html&providerMode=separate;10;2026-06-07T16:23:33.156739+00:00;ok;
HVEGAS001;The Venetian Resort Las Vegas;Las Vegas;United States;booking_via_agoda;agoda;3038.0;Booking.com;6cd50b0afecff46c;18/08/2025;2025;;;2.0;0.0;10.0;2.0;https://www.agoda.com/api/cronos/property/review/HotelReviews?hotelId=2937&pageSize=50&referer=https%3A%2F%2Fwww.agoda.com%2Fvenetian-resort-hotel-casino%2Fhotel%2Flas-vegas-nv-us.html&providerMode=separate;10;2026-06-07T16:23:33.156739+00:00;ok;
HVEGAS001;The Venetian Resort Las Vegas;Las Vegas;United States;booking_via_agoda;agoda;3038.0;Booking.com;838dc83b9e32f8be;19/08/2025;2025;;;6.0;0.0;10.0;6.0;https://www.agoda.com/api/cronos/property/review/HotelReviews?hotelId=2937&pageSize=50&referer=https%3A%2F%2Fwww.agoda.com%2Fvenetian-resort-hotel-casino%2Fhotel%2Flas-vegas-nv-us.html&providerMode=separate;10;2026-06-07T16:23:33.156739+00:00;ok;
HVEGAS001;The Venetian Resort Las Vegas;Las Vegas;United States;booking_via_agoda;agoda;3038.0;Booking.com;b1efff8fa8e215be;19/08/2025;2025;;;8.0;0.0;10.0;8.0;https://www.agoda.com/api/cronos/property/review/HotelReviews?hotelId=2937&pageSize=50&referer=https%3A%2F%2Fwww.agoda.com%2Fvenetian-resort-hotel-casino%2Fhotel%2Flas-vegas-nv-us.html&providerMode=separate;10;2026-06-07T16:23:33.156739+00:00;ok;
HVEGAS001;The Venetian Resort Las Vegas;Las Vegas;United States;booking_via_agoda;agoda;3038.0;Booking.com;24ae5bedac7d95a7;20/08/2025;2025;;;1.0;0.0;10.0;1.0;https://www.agoda.com/api/cronos/property/review/HotelReviews?hotelId=2937&pageSize=50&referer=https%3A%2F%2Fwww.agoda.com%2Fvenetian-resort-hotel-casino%2Fhotel%2Flas-vegas-nv-us.html&providerMode=separate;10;2026-06-07T16:23:33.156739+00:00;ok;
HVEGAS001;The Venetian Resort Las Vegas;Las Vegas;United States;booking_via_agoda;agoda;3038.0;Booking.com;3d18aed24359a265;20/08/2025;2025;;;9.0;0.0;10.0;9.0;https://www.agoda.com/api/cronos/property/review/HotelReviews?hotelId=2937&pageSize=50&referer=https%3A%2F%2Fwww.agoda.com%2Fvenetian-resort-hotel-casino%2Fhotel%2Flas-vegas-nv-us.html&providerMode=separate;10;2026-06-07T16:23:33.156739+00:00;ok;
HVEGAS001;The Venetian Resort Las Vegas;Las Vegas;United States;booking_via_agoda;agoda;3038.0;Booking.com;97e938a8d1968740;20/08/2025;2025;;;9.0;0.0;10.0;9.0;https://www.agoda.com/api/cronos/property/review/HotelReviews?hotelId=2937&pageSize=50&referer=https%3A%2F%2Fwww.agoda.com%2Fvenetian-resort-hotel-casino%2Fhotel%2Flas-vegas-nv-us.html&providerMode=separate;10;2026-06-07T16:23:33.156739+00:00;ok;
HVEGAS001;The Venetian Resort Las Vegas;Las Vegas;United States;booking_via_agoda;agoda;3038.0;Booking.com;b0cfa9a07118fa99;21/08/2025;2025;;;1.0;0.0;10.0;1.0;https://www.agoda.com/api/cronos/property/review/HotelReviews?hotelId=2937&pageSize=50&referer=https%3A%2F%2Fwww.agoda.com%2Fvenetian-resort-hotel-casino%2Fhotel%2Flas-vegas-nv-us.html&providerMode=separate;10;2026-06-07T16:23:33.156739+00:00;ok;
HVEGAS001;The Venetian Resort Las Vegas;Las Vegas;United States;booking_via_agoda;agoda;3038.0;Booking.com;71772e3104ad03d4;22/08/2025;2025;;;8.0;0.0;10.0;8.0;https://www.agoda.com/api/cronos/property/review/HotelReviews?hotelId=2937&pageSize=50&referer=https%3A%2F%2Fwww.agoda.com%2Fvenetian-resort-hotel-casino%2Fhotel%2Flas-vegas-nv-us.html&providerMode=separate;10;2026-06-07T16:23:33.156739+00:00;ok;
HVEGAS001;The Venetian Resort Las Vegas;Las Vegas;United States;booking_via_agoda;agoda;3038.0;Booking.com;35a454d7910e75ed;22/08/2025;2025;;;7.0;0.0;10.0;7.0;https://www.agoda.com/api/cronos/property/review/HotelReviews?hotelId=2937&pageSize=50&referer=https%3A%2F%2Fwww.agoda.com%2Fvenetian-resort-hotel-casino%2Fhotel%2Flas-vegas-nv-us.html&providerMode=separate;10;2026-06-07T16:23:33.156739+00:00;ok;
HVEGAS001;The Venetian Resort Las Vegas;Las Vegas;United States;booking_via_agoda;agoda;3038.0;Booking.com;8e3fbd3e822bb3b7;23/08/2025;2025;;;9.0;0.0;10.0;9.0;https://www.agoda.com/api/cronos/property/review/HotelReviews?hotelId=2937&pageSize=50&referer=https%3A%2F%2Fwww.agoda.com%2Fvenetian-resort-hotel-casino%2Fhotel%2Flas-vegas-nv-us.html&providerMode=separate;10;2026-06-07T16:23:33.156739+00:00;ok;
HVEGAS001;The Venetian Resort Las Vegas;Las Vegas;United States;booking_via_agoda;agoda;3038.0;Booking.com;a976c0f9117ca38e;23/08/2025;2025;;;7.0;0.0;10.0;7.0;https://www.agoda.com/api/cronos/property/review/HotelReviews?hotelId=2937&pageSize=50&referer=https%3A%2F%2Fwww.agoda.com%2Fvenetian-resort-hotel-casino%2Fhotel%2Flas-vegas-nv-us.html&providerMode=separate;10;2026-06-07T16:23:33.156739+00:00;ok;
HVEGAS001;The Venetian Resort Las Vegas;Las Vegas;United States;booking_via_agoda;agoda;3038.0;Booking.com;6e6e2f4cc0284632;23/08/2025;2025;;;10.0;0.0;10.0;10.0;https://www.agoda.com/api/cronos/property/review/HotelReviews?hotelId=2937&pageSize=50&referer=https%3A%2F%2Fwww.agoda.com%2Fvenetian-resort-hotel-casino%2Fhotel%2Flas-vegas-nv-us.html&providerMode=separate;10;2026-06-07T16:23:33.156739+00:00;ok;
HVEGAS001;The Venetian Resort Las Vegas;Las Vegas;United States;booking_via_agoda;agoda;3038.0;Booking.com;5bddd06af4faea12;24/08/2025;2025;;;6.0;0.0;10.0;6.0;https://www.agoda.com/api/cronos/property/review/HotelReviews?hotelId=2937&pageSize=50&referer=https%3A%2F%2Fwww.agoda.com%2Fvenetian-resort-hotel-casino%2Fhotel%2Flas-vegas-nv-us.html&providerMode=separate;10;2026-06-07T16:23:33.156739+00:00;ok;
HVEGAS001;The Venetian Resort Las Vegas;Las Vegas;United States;booking_via_agoda;agoda;3038.0;Booking.com;f9b1ea319d4753cc;24/08/2025;2025;;;8.0;0.0;10.0;8.0;https://www.agoda.com/api/cronos/property/review/HotelReviews?hotelId=2937&pageSize=50&referer=https%3A%2F%2Fwww.agoda.com%2Fvenetian-resort-hotel-casino%2Fhotel%2Flas-vegas-nv-us.html&providerMode=separate;10;2026-06-07T16:23:33.156739+00:00;ok;
HVEGAS001;The Venetian Resort Las Vegas;Las Vegas;United States;booking_via_agoda;agoda;3038.0;Booking.com;65e145061ea96c6e;24/08/2025;2025;;;8.0;0.0;10.0;8.0;https://www.agoda.com/api/cronos/property/review/HotelReviews?hotelId=2937&pageSize=50&referer=https%3A%2F%2Fwww.agoda.com%2Fvenetian-resort-hotel-casino%2Fhotel%2Flas-vegas-nv-us.html&providerMode=separate;10;2026-06-07T16:23:33.156739+00:00;ok;
HVEGAS001;The Venetian Resort Las Vegas;Las Vegas;United States;booking_via_agoda;agoda;3038.0;Booking.com;f0d5f06ebd51affe;25/08/2025;2025;;;10.0;0.0;10.0;10.0;https://www.agoda.com/api/cronos/property/review/HotelReviews?hotelId=2937&pageSize=50&referer=https%3A%2F%2Fwww.agoda.com%2Fvenetian-resort-hotel-casino%2Fhotel%2Flas-vegas-nv-us.html&providerMode=separate;10;2026-06-07T16:23:33.156739+00:00;ok;
HVEGAS001;The Venetian Resort Las Vegas;Las Vegas;United States;booking_via_agoda;agoda;3038.0;Booking.com;c999bba2b90a554b;25/08/2025;2025;;;10.0;0.0;10.0;10.0;https://www.agoda.com/api/cronos/property/review/HotelReviews?hotelId=2937&pageSize=50&referer=https%3A%2F%2Fwww.agoda.com%2Fvenetian-resort-hotel-casino%2Fhotel%2Flas-vegas-nv-us.html&providerMode=separate;10;2026-06-07T16:23:33.156739+00:00;ok;
HVEGAS001;The Venetian Resort Las Vegas;Las Vegas;United States;booking_via_agoda;agoda;3038.0;Booking.com;05e1de1fc5f1348b;26/08/2025;2025;;;1.0;0.0;10.0;1.0;https://www.agoda.com/api/cronos/property/review/HotelReviews?hotelId=2937&pageSize=50&referer=https%3A%2F%2Fwww.agoda.com%2Fvenetian-resort-hotel-casino%2Fhotel%2Flas-vegas-nv-us.html&providerMode=separate;10;2026-06-07T16:23:33.156739+00:00;ok;
HVEGAS001;The Venetian Resort Las Vegas;Las Vegas;United States;booking_via_agoda;agoda;3038.0;Booking.com;431d1cdb4ec39cda;26/08/2025;2025;;;1.0;0.0;10.0;1.0;https://www.agoda.com/api/cronos/property/review/HotelReviews?hotelId=2937&pageSize=50&referer=https%3A%2F%2Fwww.agoda.com%2Fvenetian-resort-hotel-casino%2Fhotel%2Flas-vegas-nv-us.html&providerMode=separate;10;2026-06-07T16:23:33.156739+00:00;ok;
HVEGAS001;The Venetian Resort Las Vegas;Las Vegas;United States;booking_via_agoda;agoda;3038.0;Booking.com;9e8bb133efca4caf;26/08/2025;2025;;;8.0;0.0;10.0;8.0;https://www.agoda.com/api/cronos/property/review/HotelReviews?hotelId=2937&pageSize=50&referer=https%3A%2F%2Fwww.agoda.com%2Fvenetian-resort-hotel-casino%2Fhotel%2Flas-vegas-nv-us.html&providerMode=separate;10;2026-06-07T16:23:33.156739+00:00;ok;
HVEGAS001;The Venetian Resort Las Vegas;Las Vegas;United States;booking_via_agoda;agoda;3038.0;Booking.com;a29275847cb37a39;27/08/2025;2025;;;10.0;0.0;10.0;10.0;https://www.agoda.com/api/cronos/property/review/HotelReviews?hotelId=2937&pageSize=50&referer=https%3A%2F%2Fwww.agoda.com%2Fvenetian-resort-hotel-casino%2Fhotel%2Flas-vegas-nv-us.html&providerMode=separate;10;2026-06-07T16:23:33.156739+00:00;ok;
HVEGAS001;The Venetian Resort Las Vegas;Las Vegas;United States;booking_via_agoda;agoda;3038.0;Booking.com;0956aba7a96cf4d6;27/08/2025;2025;;;10.0;0.0;10.0;10.0;https://www.agoda.com/api/cronos/property/review/HotelReviews?hotelId=2937&pageSize=50&referer=https%3A%2F%2Fwww.agoda.com%2Fvenetian-resort-hotel-casino%2Fhotel%2Flas-vegas-nv-us.html&providerMode=separate;10;2026-06-07T16:23:33.156739+00:00;ok;
HVEGAS001;The Venetian Resort Las Vegas;Las Vegas;United States;booking_via_agoda;agoda;3038.0;Booking.com;ab271cafd5b7d688;28/08/2025;2025;;;9.0;0.0;10.0;9.0;https://www.agoda.com/api/cronos/property/review/HotelReviews?hotelId=2937&pageSize=50&referer=https%3A%2F%2Fwww.agoda.com%2Fvenetian-resort-hotel-casino%2Fhotel%2Flas-vegas-nv-us.html&providerMode=separate;10;2026-06-07T16:23:33.156739+00:00;ok;
HVEGAS001;The Venetian Resort Las Vegas;Las Vegas;United States;booking_via_agoda;agoda;3038.0;Booking.com;3f48906c9b98a676;28/08/2025;2025;;;10.0;0.0;10.0;10.0;https://www.agoda.com/api/cronos/property/review/HotelReviews?hotelId=2937&pageSize=50&referer=https%3A%2F%2Fwww.agoda.com%2Fvenetian-resort-hotel-casino%2Fhotel%2Flas-vegas-nv-us.html&providerMode=separate;10;2026-06-07T16:23:33.156739+00:00;ok;
HVEGAS001;The Venetian Resort Las Vegas;Las Vegas;United States;booking_via_agoda;agoda;3038.0;Booking.com;d2a83ab1d36dd3d9;29/08/2025;2025;;;9.0;0.0;10.0;9.0;https://www.agoda.com/api/cronos/property/review/HotelReviews?hotelId=2937&pageSize=50&referer=https%3A%2F%2Fwww.agoda.com%2Fvenetian-resort-hotel-casino%2Fhotel%2Flas-vegas-nv-us.html&providerMode=separate;10;2026-06-07T16:23:33.156739+00:00;ok;
HVEGAS001;The Venetian Resort Las Vegas;Las Vegas;United States;booking_via_agoda;agoda;3038.0;Booking.com;a20e259906895a46;31/08/2025;2025;;;9.0;0.0;10.0;9.0;https://www.agoda.com/api/cronos/property/review/HotelReviews?hotelId=2937&pageSize=50&referer=https%3A%2F%2Fwww.agoda.com%2Fvenetian-resort-hotel-casino%2Fhotel%2Flas-vegas-nv-us.html&providerMode=separate;10;2026-06-07T16:23:33.156739+00:00;ok;
HVEGAS001;The Venetian Resort Las Vegas;Las Vegas;United States;booking_via_agoda;agoda;3038.0;Booking.com;9c5b87955a11b6ff;31/08/2025;2025;;;10.0;0.0;10.0;10.0;https://www.agoda.com/api/cronos/property/review/HotelReviews?hotelId=2937&pageSize=50&referer=https%3A%2F%2Fwww.agoda.com%2Fvenetian-resort-hotel-casino%2Fhotel%2Flas-vegas-nv-us.html&providerMode=separate;10;2026-06-07T16:23:33.156739+00:00;ok;
HVEGAS001;The Venetian Resort Las Vegas;Las Vegas;United States;booking_via_agoda;agoda;3038.0;Booking.com;a79c261bf9618ba0;01/09/2025;2025;;;8.0;0.0;10.0;8.0;https://www.agoda.com/api/cronos/property/review/HotelReviews?hotelId=2937&pageSize=50&referer=https%3A%2F%2Fwww.agoda.com%2Fvenetian-resort-hotel-casino%2Fhotel%2Flas-vegas-nv-us.html&providerMode=separate;10;2026-06-07T16:23:33.156739+00:00;ok;
HVEGAS001;The Venetian Resort Las Vegas;Las Vegas;United States;booking_via_agoda;agoda;3038.0;Booking.com;211810c5311efac9;01/09/2025;2025;;;9.0;0.0;10.0;9.0;https://www.agoda.com/api/cronos/property/review/HotelReviews?hotelId=2937&pageSize=50&referer=https%3A%2F%2Fwww.agoda.com%2Fvenetian-resort-hotel-casino%2Fhotel%2Flas-vegas-nv-us.html&providerMode=separate;10;2026-06-07T16:23:33.156739+00:00;ok;
HVEGAS001;The Venetian Resort Las Vegas;Las Vegas;United States;booking_via_agoda;agoda;3038.0;Booking.com;dc147e0aa076221f;04/09/2025;2025;;;8.0;0.0;10.0;8.0;https://www.agoda.com/api/cronos/property/review/HotelReviews?hotelId=2937&pageSize=50&referer=https%3A%2F%2Fwww.agoda.com%2Fvenetian-resort-hotel-casino%2Fhotel%2Flas-vegas-nv-us.html&providerMode=separate;10;2026-06-07T16:23:33.156739+00:00;ok;
HVEGAS001;The Venetian Resort Las Vegas;Las Vegas;United States;booking_via_agoda;agoda;3038.0;Booking.com;3a9e64f72fa77d3a;05/09/2025;2025;;;7.0;0.0;10.0;7.0;https://www.agoda.com/api/cronos/property/review/HotelReviews?hotelId=2937&pageSize=50&referer=https%3A%2F%2Fwww.agoda.com%2Fvenetian-resort-hotel-casino%2Fhotel%2Flas-vegas-nv-us.html&providerMode=separate;10;2026-06-07T16:23:33.156739+00:00;ok;
HVEGAS001;The Venetian Resort Las Vegas;Las Vegas;United States;booking_via_agoda;agoda;3038.0;Booking.com;577898e45d2b21c3;05/09/2025;2025;;;3.0;0.0;10.0;3.0;https://www.agoda.com/api/cronos/property/review/HotelReviews?hotelId=2937&pageSize=50&referer=https%3A%2F%2Fwww.agoda.com%2Fvenetian-resort-hotel-casino%2Fhotel%2Flas-vegas-nv-us.html&providerMode=separate;10;2026-06-07T16:23:33.156739+00:00;ok;
HVEGAS001;The Venetian Resort Las Vegas;Las Vegas;United States;booking_via_agoda;agoda;3038.0;Booking.com;05cae315bc3a7d75;05/09/2025;2025;;;3.0;0.0;10.0;3.0;https://www.agoda.com/api/cronos/property/review/HotelReviews?hotelId=2937&pageSize=50&referer=https%3A%2F%2Fwww.agoda.com%2Fvenetian-resort-hotel-casino%2Fhotel%2Flas-vegas-nv-us.html&providerMode=separate;10;2026-06-07T16:23:33.156739+00:00;ok;
HVEGAS001;The Venetian Resort Las Vegas;Las Vegas;United States;booking_via_agoda;agoda;3038.0;Booking.com;054cff61c409ab6f;05/09/2025;2025;;;7.0;0.0;10.0;7.0;https://www.agoda.com/api/cronos/property/review/HotelReviews?hotelId=2937&pageSize=50&referer=https%3A%2F%2Fwww.agoda.com%2Fvenetian-resort-hotel-casino%2Fhotel%2Flas-vegas-nv-us.html&providerMode=separate;10;2026-06-07T16:23:33.156739+00:00;ok;
HVEGAS001;The Venetian Resort Las Vegas;Las Vegas;United States;booking_via_agoda;agoda;3038.0;Booking.com;e2dfea416a3b4066;05/09/2025;2025;;;10.0;0.0;10.0;10.0;https://www.agoda.com/api/cronos/property/review/HotelReviews?hotelId=2937&pageSize=50&referer=https%3A%2F%2Fwww.agoda.com%2Fvenetian-resort-hotel-casino%2Fhotel%2Flas-vegas-nv-us.html&providerMode=separate;10;2026-06-07T16:23:33.156739+00:00;ok;
HVEGAS001;The Venetian Resort Las Vegas;Las Vegas;United States;booking_via_agoda;agoda;3038.0;Booking.com;4b5ccb916d6f9550;06/09/2025;2025;;;10.0;0.0;10.0;10.0;https://www.agoda.com/api/cronos/property/review/HotelReviews?hotelId=2937&pageSize=50&referer=https%3A%2F%2Fwww.agoda.com%2Fvenetian-resort-hotel-casino%2Fhotel%2Flas-vegas-nv-us.html&providerMode=separate;9;2026-06-07T16:23:33.156739+00:00;ok;
HVEGAS001;The Venetian Resort Las Vegas;Las Vegas;United States;booking_via_agoda;agoda;3038.0;Booking.com;1896c40a6ce738d6;06/09/2025;2025;;;6.0;0.0;10.0;6.0;https://www.agoda.com/api/cronos/property/review/HotelReviews?hotelId=2937&pageSize=50&referer=https%3A%2F%2Fwww.agoda.com%2Fvenetian-resort-hotel-casino%2Fhotel%2Flas-vegas-nv-us.html&providerMode=separate;9;2026-06-07T16:23:33.156739+00:00;ok;
HVEGAS001;The Venetian Resort Las Vegas;Las Vegas;United States;booking_via_agoda;agoda;3038.0;Booking.com;2664a9c1a3aea97c;06/09/2025;2025;;;10.0;0.0;10.0;10.0;https://www.agoda.com/api/cronos/property/review/HotelReviews?hotelId=2937&pageSize=50&referer=https%3A%2F%2Fwww.agoda.com%2Fvenetian-resort-hotel-casino%2Fhotel%2Flas-vegas-nv-us.html&providerMode=separate;9;2026-06-07T16:23:33.156739+00:00;ok;
HVEGAS001;The Venetian Resort Las Vegas;Las Vegas;United States;booking_via_agoda;agoda;3038.0;Booking.com;ad015e0f9bec7eb9;06/09/2025;2025;;;10.0;0.0;10.0;10.0;https://www.agoda.com/api/cronos/property/review/HotelReviews?hotelId=2937&pageSize=50&referer=https%3A%2F%2Fwww.agoda.com%2Fvenetian-resort-hotel-casino%2Fhotel%2Flas-vegas-nv-us.html&providerMode=separate;9;2026-06-07T16:23:33.156739+00:00;ok;
HVEGAS001;The Venetian Resort Las Vegas;Las Vegas;United States;booking_via_agoda;agoda;3038.0;Booking.com;edd64e119a645ef6;08/09/2025;2025;;;9.0;0.0;10.0;9.0;https://www.agoda.com/api/cronos/property/review/HotelReviews?hotelId=2937&pageSize=50&referer=https%3A%2F%2Fwww.agoda.com%2Fvenetian-resort-hotel-casino%2Fhotel%2Flas-vegas-nv-us.html&providerMode=separate;9;2026-06-07T16:23:33.156739+00:00;ok;
HVEGAS001;The Venetian Resort Las Vegas;Las Vegas;United States;booking_via_agoda;agoda;3038.0;Booking.com;d67d84e9dce86324;08/09/2025;2025;;;10.0;0.0;10.0;10.0;https://www.agoda.com/api/cronos/property/review/HotelReviews?hotelId=2937&pageSize=50&referer=https%3A%2F%2Fwww.agoda.com%2Fvenetian-resort-hotel-casino%2Fhotel%2Flas-vegas-nv-us.html&providerMode=separate;9;2026-06-07T16:23:33.156739+00:00;ok;
HVEGAS001;The Venetian Resort Las Vegas;Las Vegas;United States;booking_via_agoda;agoda;3038.0;Booking.com;b0598ce5eade3127;08/09/2025;2025;;;8.0;0.0;10.0;8.0;https://www.agoda.com/api/cronos/property/review/HotelReviews?hotelId=2937&pageSize=50&referer=https%3A%2F%2Fwww.agoda.com%2Fvenetian-resort-hotel-casino%2Fhotel%2Flas-vegas-nv-us.html&providerMode=separate;9;2026-06-07T16:23:33.156739+00:00;ok;
HVEGAS001;The Venetian Resort Las Vegas;Las Vegas;United States;booking_via_agoda;agoda;3038.0;Booking.com;5b48bf7492812897;09/09/2025;2025;;;8.0;0.0;10.0;8.0;https://www.agoda.com/api/cronos/property/review/HotelReviews?hotelId=2937&pageSize=50&referer=https%3A%2F%2Fwww.agoda.com%2Fvenetian-resort-hotel-casino%2Fhotel%2Flas-vegas-nv-us.html&providerMode=separate;9;2026-06-07T16:23:33.156739+00:00;ok;
HVEGAS001;The Venetian Resort Las Vegas;Las Vegas;United States;booking_via_agoda;agoda;3038.0;Booking.com;23df8ec068b05b7e;11/09/2025;2025;;;10.0;0.0;10.0;10.0;https://www.agoda.com/api/cronos/property/review/HotelReviews?hotelId=2937&pageSize=50&referer=https%3A%2F%2Fwww.agoda.com%2Fvenetian-resort-hotel-casino%2Fhotel%2Flas-vegas-nv-us.html&providerMode=separate;9;2026-06-07T16:23:33.156739+00:00;ok;
HVEGAS001;The Venetian Resort Las Vegas;Las Vegas;United States;booking_via_agoda;agoda;3038.0;Booking.com;7584c876e3cabcc3;12/09/2025;2025;;;10.0;0.0;10.0;10.0;https://www.agoda.com/api/cronos/property/review/HotelReviews?hotelId=2937&pageSize=50&referer=https%3A%2F%2Fwww.agoda.com%2Fvenetian-resort-hotel-casino%2Fhotel%2Flas-vegas-nv-us.html&providerMode=separate;9;2026-06-07T16:23:33.156739+00:00;ok;
HVEGAS001;The Venetian Resort Las Vegas;Las Vegas;United States;booking_via_agoda;agoda;3038.0;Booking.com;fe4808a6713f410c;13/09/2025;2025;;;9.0;0.0;10.0;9.0;https://www.agoda.com/api/cronos/property/review/HotelReviews?hotelId=2937&pageSize=50&referer=https%3A%2F%2Fwww.agoda.com%2Fvenetian-resort-hotel-casino%2Fhotel%2Flas-vegas-nv-us.html&providerMode=separate;9;2026-06-07T16:23:33.156739+00:00;ok;
HVEGAS001;The Venetian Resort Las Vegas;Las Vegas;United States;booking_via_agoda;agoda;3038.0;Booking.com;c1394520cd5fc585;13/09/2025;2025;;;10.0;0.0;10.0;10.0;https://www.agoda.com/api/cronos/property/review/HotelReviews?hotelId=2937&pageSize=50&referer=https%3A%2F%2Fwww.agoda.com%2Fvenetian-resort-hotel-casino%2Fhotel%2Flas-vegas-nv-us.html&providerMode=separate;9;2026-06-07T16:23:33.156739+00:00;ok;
HVEGAS001;The Venetian Resort Las Vegas;Las Vegas;United States;booking_via_agoda;agoda;3038.0;Booking.com;5b6b1ad96e27b7bc;14/09/2025;2025;;;7.0;0.0;10.0;7.0;https://www.agoda.com/api/cronos/property/review/HotelReviews?hotelId=2937&pageSize=50&referer=https%3A%2F%2Fwww.agoda.com%2Fvenetian-resort-hotel-casino%2Fhotel%2Flas-vegas-nv-us.html&providerMode=separate;9;2026-06-07T16:23:33.156739+00:00;ok;
HVEGAS001;The Venetian Resort Las Vegas;Las Vegas;United States;booking_via_agoda;agoda;3038.0;Booking.com;90b0d434234ac5f9;14/09/2025;2025;;;10.0;0.0;10.0;10.0;https://www.agoda.com/api/cronos/property/review/HotelReviews?hotelId=2937&pageSize=50&referer=https%3A%2F%2Fwww.agoda.com%2Fvenetian-resort-hotel-casino%2Fhotel%2Flas-vegas-nv-us.html&providerMode=separate;9;2026-06-07T16:23:33.156739+00:00;ok;
HVEGAS001;The Venetian Resort Las Vegas;Las Vegas;United States;booking_via_agoda;agoda;3038.0;Booking.com;25b65fea9acd3069;15/09/2025;2025;;;10.0;0.0;10.0;10.0;https://www.agoda.com/api/cronos/property/review/HotelReviews?hotelId=2937&pageSize=50&referer=https%3A%2F%2Fwww.agoda.com%2Fvenetian-resort-hotel-casino%2Fhotel%2Flas-vegas-nv-us.html&providerMode=separate;9;2026-06-07T16:23:33.156739+00:00;ok;
HVEGAS001;The Venetian Resort Las Vegas;Las Vegas;United States;booking_via_agoda;agoda;3038.0;Booking.com;f9c642f2fb9e5747;15/09/2025;2025;;;10.0;0.0;10.0;10.0;https://www.agoda.com/api/cronos/property/review/HotelReviews?hotelId=2937&pageSize=50&referer=https%3A%2F%2Fwww.agoda.com%2Fvenetian-resort-hotel-casino%2Fhotel%2Flas-vegas-nv-us.html&providerMode=separate;9;2026-06-07T16:23:33.156739+00:00;ok;
HVEGAS001;The Venetian Resort Las Vegas;Las Vegas;United States;booking_via_agoda;agoda;3038.0;Booking.com;431052bbde9a84b7;15/09/2025;2025;;;10.0;0.0;10.0;10.0;https://www.agoda.com/api/cronos/property/review/HotelReviews?hotelId=2937&pageSize=50&referer=https%3A%2F%2Fwww.agoda.com%2Fvenetian-resort-hotel-casino%2Fhotel%2Flas-vegas-nv-us.html&providerMode=separate;9;2026-06-07T16:23:33.156739+00:00;ok;
HVEGAS001;The Venetian Resort Las Vegas;Las Vegas;United States;booking_via_agoda;agoda;3038.0;Booking.com;d70951cefb83e16f;17/09/2025;2025;;;9.0;0.0;10.0;9.0;https://www.agoda.com/api/cronos/property/review/HotelReviews?hotelId=2937&pageSize=50&referer=https%3A%2F%2Fwww.agoda.com%2Fvenetian-resort-hotel-casino%2Fhotel%2Flas-vegas-nv-us.html&providerMode=separate;9;2026-06-07T16:23:33.156739+00:00;ok;
HVEGAS001;The Venetian Resort Las Vegas;Las Vegas;United States;booking_via_agoda;agoda;3038.0;Booking.com;ce79f81ce06b8393;17/09/2025;2025;;;10.0;0.0;10.0;10.0;https://www.agoda.com/api/cronos/property/review/HotelReviews?hotelId=2937&pageSize=50&referer=https%3A%2F%2Fwww.agoda.com%2Fvenetian-resort-hotel-casino%2Fhotel%2Flas-vegas-nv-us.html&providerMode=separate;9;2026-06-07T16:23:33.156739+00:00;ok;
HVEGAS001;The Venetian Resort Las Vegas;Las Vegas;United States;booking_via_agoda;agoda;3038.0;Booking.com;af614d1d66c5591b;18/09/2025;2025;;;4.0;0.0;10.0;4.0;https://www.agoda.com/api/cronos/property/review/HotelReviews?hotelId=2937&pageSize=50&referer=https%3A%2F%2Fwww.agoda.com%2Fvenetian-resort-hotel-casino%2Fhotel%2Flas-vegas-nv-us.html&providerMode=separate;9;2026-06-07T16:23:33.156739+00:00;ok;
HVEGAS001;The Venetian Resort Las Vegas;Las Vegas;United States;booking_via_agoda;agoda;3038.0;Booking.com;f7863c163c91caec;19/09/2025;2025;;;10.0;0.0;10.0;10.0;https://www.agoda.com/api/cronos/property/review/HotelReviews?hotelId=2937&pageSize=50&referer=https%3A%2F%2Fwww.agoda.com%2Fvenetian-resort-hotel-casino%2Fhotel%2Flas-vegas-nv-us.html&providerMode=separate;9;2026-06-07T16:23:33.156739+00:00;ok;
HVEGAS001;The Venetian Resort Las Vegas;Las Vegas;United States;booking_via_agoda;agoda;3038.0;Booking.com;f593f5b8195f3cd0;19/09/2025;2025;;;9.0;0.0;10.0;9.0;https://www.agoda.com/api/cronos/property/review/HotelReviews?hotelId=2937&pageSize=50&referer=https%3A%2F%2Fwww.agoda.com%2Fvenetian-resort-hotel-casino%2Fhotel%2Flas-vegas-nv-us.html&providerMode=separate;9;2026-06-07T16:23:33.156739+00:00;ok;
HVEGAS001;The Venetian Resort Las Vegas;Las Vegas;United States;booking_via_agoda;agoda;3038.0;Booking.com;0c70ccf14389b83c;20/09/2025;2025;;;9.0;0.0;10.0;9.0;https://www.agoda.com/api/cronos/property/review/HotelReviews?hotelId=2937&pageSize=50&referer=https%3A%2F%2Fwww.agoda.com%2Fvenetian-resort-hotel-casino%2Fhotel%2Flas-vegas-nv-us.html&providerMode=separate;9;2026-06-07T16:23:33.156739+00:00;ok;
HVEGAS001;The Venetian Resort Las Vegas;Las Vegas;United States;booking_via_agoda;agoda;3038.0;Booking.com;c36fdd83859eff0c;21/09/2025;2025;;;8.0;0.0;10.0;8.0;https://www.agoda.com/api/cronos/property/review/HotelReviews?hotelId=2937&pageSize=50&referer=https%3A%2F%2Fwww.agoda.com%2Fvenetian-resort-hotel-casino%2Fhotel%2Flas-vegas-nv-us.html&providerMode=separate;9;2026-06-07T16:23:33.156739+00:00;ok;
HVEGAS001;The Venetian Resort Las Vegas;Las Vegas;United States;booking_via_agoda;agoda;3038.0;Booking.com;aefa5e704d7b733d;23/09/2025;2025;;;10.0;0.0;10.0;10.0;https://www.agoda.com/api/cronos/property/review/HotelReviews?hotelId=2937&pageSize=50&referer=https%3A%2F%2Fwww.agoda.com%2Fvenetian-resort-hotel-casino%2Fhotel%2Flas-vegas-nv-us.html&providerMode=separate;9;2026-06-07T16:23:33.156739+00:00;ok;
HVEGAS001;The Venetian Resort Las Vegas;Las Vegas;United States;booking_via_agoda;agoda;3038.0;Booking.com;72e4e7b1c734a6de;24/09/2025;2025;;;5.0;0.0;10.0;5.0;https://www.agoda.com/api/cronos/property/review/HotelReviews?hotelId=2937&pageSize=50&referer=https%3A%2F%2Fwww.agoda.com%2Fvenetian-resort-hotel-casino%2Fhotel%2Flas-vegas-nv-us.html&providerMode=separate;9;2026-06-07T16:23:33.156739+00:00;ok;
HVEGAS001;The Venetian Resort Las Vegas;Las Vegas;United States;booking_via_agoda;agoda;3038.0;Booking.com;2988e31a532aea8b;24/09/2025;2025;;;10.0;0.0;10.0;10.0;https://www.agoda.com/api/cronos/property/review/HotelReviews?hotelId=2937&pageSize=50&referer=https%3A%2F%2Fwww.agoda.com%2Fvenetian-resort-hotel-casino%2Fhotel%2Flas-vegas-nv-us.html&providerMode=separate;9;2026-06-07T16:23:33.156739+00:00;ok;
HVEGAS001;The Venetian Resort Las Vegas;Las Vegas;United States;booking_via_agoda;agoda;3038.0;Booking.com;7ee34a91b862ed8c;25/09/2025;2025;;;9.0;0.0;10.0;9.0;https://www.agoda.com/api/cronos/property/review/HotelReviews?hotelId=2937&pageSize=50&referer=https%3A%2F%2Fwww.agoda.com%2Fvenetian-resort-hotel-casino%2Fhotel%2Flas-vegas-nv-us.html&providerMode=separate;9;2026-06-07T16:23:33.156739+00:00;ok;
HVEGAS001;The Venetian Resort Las Vegas;Las Vegas;United States;booking_via_agoda;agoda;3038.0;Booking.com;31d8dc9c6628dc9e;27/09/2025;2025;;;6.0;0.0;10.0;6.0;https://www.agoda.com/api/cronos/property/review/HotelReviews?hotelId=2937&pageSize=50&referer=https%3A%2F%2Fwww.agoda.com%2Fvenetian-resort-hotel-casino%2Fhotel%2Flas-vegas-nv-us.html&providerMode=separate;9;2026-06-07T16:23:33.156739+00:00;ok;
HVEGAS001;The Venetian Resort Las Vegas;Las Vegas;United States;booking_via_agoda;agoda;3038.0;Booking.com;dd78b5d8a6920077;28/09/2025;2025;;;9.0;0.0;10.0;9.0;https://www.agoda.com/api/cronos/property/review/HotelReviews?hotelId=2937&pageSize=50&referer=https%3A%2F%2Fwww.agoda.com%2Fvenetian-resort-hotel-casino%2Fhotel%2Flas-vegas-nv-us.html&providerMode=separate;9;2026-06-07T16:23:33.156739+00:00;ok;
HVEGAS001;The Venetian Resort Las Vegas;Las Vegas;United States;booking_via_agoda;agoda;3038.0;Booking.com;7a850e26067f9fed;28/09/2025;2025;;;5.0;0.0;10.0;5.0;https://www.agoda.com/api/cronos/property/review/HotelReviews?hotelId=2937&pageSize=50&referer=https%3A%2F%2Fwww.agoda.com%2Fvenetian-resort-hotel-casino%2Fhotel%2Flas-vegas-nv-us.html&providerMode=separate;9;2026-06-07T16:23:33.156739+00:00;ok;
HVEGAS001;The Venetian Resort Las Vegas;Las Vegas;United States;booking_via_agoda;agoda;3038.0;Booking.com;7e70241504564108;29/09/2025;2025;;;7.0;0.0;10.0;7.0;https://www.agoda.com/api/cronos/property/review/HotelReviews?hotelId=2937&pageSize=50&referer=https%3A%2F%2Fwww.agoda.com%2Fvenetian-resort-hotel-casino%2Fhotel%2Flas-vegas-nv-us.html&providerMode=separate;9;2026-06-07T16:23:33.156739+00:00;ok;
HVEGAS001;The Venetian Resort Las Vegas;Las Vegas;United States;booking_via_agoda;agoda;3038.0;Booking.com;382e639a4e9d855d;29/09/2025;2025;;;9.0;0.0;10.0;9.0;https://www.agoda.com/api/cronos/property/review/HotelReviews?hotelId=2937&pageSize=50&referer=https%3A%2F%2Fwww.agoda.com%2Fvenetian-resort-hotel-casino%2Fhotel%2Flas-vegas-nv-us.html&providerMode=separate;9;2026-06-07T16:23:33.156739+00:00;ok;
HVEGAS001;The Venetian Resort Las Vegas;Las Vegas;United States;booking_via_agoda;agoda;3038.0;Booking.com;145d627d4c0a911a;29/09/2025;2025;;;10.0;0.0;10.0;10.0;https://www.agoda.com/api/cronos/property/review/HotelReviews?hotelId=2937&pageSize=50&referer=https%3A%2F%2Fwww.agoda.com%2Fvenetian-resort-hotel-casino%2Fhotel%2Flas-vegas-nv-us.html&providerMode=separate;9;2026-06-07T16:23:33.156739+00:00;ok;
HVEGAS001;The Venetian Resort Las Vegas;Las Vegas;United States;booking_via_agoda;agoda;3038.0;Booking.com;1a41851ad9ceed3a;01/10/2025;2025;;;9.0;0.0;10.0;9.0;https://www.agoda.com/api/cronos/property/review/HotelReviews?hotelId=2937&pageSize=50&referer=https%3A%2F%2Fwww.agoda.com%2Fvenetian-resort-hotel-casino%2Fhotel%2Flas-vegas-nv-us.html&providerMode=separate;9;2026-06-07T16:23:33.156739+00:00;ok;
HVEGAS001;The Venetian Resort Las Vegas;Las Vegas;United States;booking_via_agoda;agoda;3038.0;Booking.com;922f21cbecfc913e;01/10/2025;2025;;;9.0;0.0;10.0;9.0;https://www.agoda.com/api/cronos/property/review/HotelReviews?hotelId=2937&pageSize=50&referer=https%3A%2F%2Fwww.agoda.com%2Fvenetian-resort-hotel-casino%2Fhotel%2Flas-vegas-nv-us.html&providerMode=separate;9;2026-06-07T16:23:33.156739+00:00;ok;
HVEGAS001;The Venetian Resort Las Vegas;Las Vegas;United States;booking_via_agoda;agoda;3038.0;Booking.com;83dca4b5881ccef2;04/10/2025;2025;;;7.0;0.0;10.0;7.0;https://www.agoda.com/api/cronos/property/review/HotelReviews?hotelId=2937&pageSize=50&referer=https%3A%2F%2Fwww.agoda.com%2Fvenetian-resort-hotel-casino%2Fhotel%2Flas-vegas-nv-us.html&providerMode=separate;9;2026-06-07T16:23:33.156739+00:00;ok;
HVEGAS001;The Venetian Resort Las Vegas;Las Vegas;United States;booking_via_agoda;agoda;3038.0;Booking.com;cf258dbe1030f2fb;05/10/2025;2025;;;10.0;0.0;10.0;10.0;https://www.agoda.com/api/cronos/property/review/HotelReviews?hotelId=2937&pageSize=50&referer=https%3A%2F%2Fwww.agoda.com%2Fvenetian-resort-hotel-casino%2Fhotel%2Flas-vegas-nv-us.html&providerMode=separate;9;2026-06-07T16:23:33.156739+00:00;ok;
HVEGAS001;The Venetian Resort Las Vegas;Las Vegas;United States;booking_via_agoda;agoda;3038.0;Booking.com;32c374322094ccaf;05/10/2025;2025;;;10.0;0.0;10.0;10.0;https://www.agoda.com/api/cronos/property/review/HotelReviews?hotelId=2937&pageSize=50&referer=https%3A%2F%2Fwww.agoda.com%2Fvenetian-resort-hotel-casino%2Fhotel%2Flas-vegas-nv-us.html&providerMode=separate;9;2026-06-07T16:23:33.156739+00:00;ok;
HVEGAS001;The Venetian Resort Las Vegas;Las Vegas;United States;booking_via_agoda;agoda;3038.0;Booking.com;5f15bfcdd235d226;05/10/2025;2025;;;10.0;0.0;10.0;10.0;https://www.agoda.com/api/cronos/property/review/HotelReviews?hotelId=2937&pageSize=50&referer=https%3A%2F%2Fwww.agoda.com%2Fvenetian-resort-hotel-casino%2Fhotel%2Flas-vegas-nv-us.html&providerMode=separate;9;2026-06-07T16:23:33.156739+00:00;ok;
HVEGAS001;The Venetian Resort Las Vegas;Las Vegas;United States;booking_via_agoda;agoda;3038.0;Booking.com;90d049c9c6242bd0;05/10/2025;2025;;;10.0;0.0;10.0;10.0;https://www.agoda.com/api/cronos/property/review/HotelReviews?hotelId=2937&pageSize=50&referer=https%3A%2F%2Fwww.agoda.com%2Fvenetian-resort-hotel-casino%2Fhotel%2Flas-vegas-nv-us.html&providerMode=separate;9;2026-06-07T16:23:33.156739+00:00;ok;
HVEGAS001;The Venetian Resort Las Vegas;Las Vegas;United States;booking_via_agoda;agoda;3038.0;Booking.com;0ac9895276acec6f;05/10/2025;2025;;;10.0;0.0;10.0;10.0;https://www.agoda.com/api/cronos/property/review/HotelReviews?hotelId=2937&pageSize=50&referer=https%3A%2F%2Fwww.agoda.com%2Fvenetian-resort-hotel-casino%2Fhotel%2Flas-vegas-nv-us.html&providerMode=separate;9;2026-06-07T16:23:33.156739+00:00;ok;
HVEGAS001;The Venetian Resort Las Vegas;Las Vegas;United States;booking_via_agoda;agoda;3038.0;Booking.com;0a3ed7fe3f123542;07/10/2025;2025;;;9.0;0.0;10.0;9.0;https://www.agoda.com/api/cronos/property/review/HotelReviews?hotelId=2937&pageSize=50&referer=https%3A%2F%2Fwww.agoda.com%2Fvenetian-resort-hotel-casino%2Fhotel%2Flas-vegas-nv-us.html&providerMode=separate;9;2026-06-07T16:23:33.156739+00:00;ok;
HVEGAS001;The Venetian Resort Las Vegas;Las Vegas;United States;booking_via_agoda;agoda;3038.0;Booking.com;4043f86dbffcca34;07/10/2025;2025;;;9.0;0.0;10.0;9.0;https://www.agoda.com/api/cronos/property/review/HotelReviews?hotelId=2937&pageSize=50&referer=https%3A%2F%2Fwww.agoda.com%2Fvenetian-resort-hotel-casino%2Fhotel%2Flas-vegas-nv-us.html&providerMode=separate;9;2026-06-07T16:23:33.156739+00:00;ok;
HVEGAS001;The Venetian Resort Las Vegas;Las Vegas;United States;booking_via_agoda;agoda;3038.0;Booking.com;e863824c2d517b72;07/10/2025;2025;;;10.0;0.0;10.0;10.0;https://www.agoda.com/api/cronos/property/review/HotelReviews?hotelId=2937&pageSize=50&referer=https%3A%2F%2Fwww.agoda.com%2Fvenetian-resort-hotel-casino%2Fhotel%2Flas-vegas-nv-us.html&providerMode=separate;9;2026-06-07T16:23:33.156739+00:00;ok;
HVEGAS001;The Venetian Resort Las Vegas;Las Vegas;United States;booking_via_agoda;agoda;3038.0;Booking.com;bb210321bc7d4f33;08/10/2025;2025;;;9.0;0.0;10.0;9.0;https://www.agoda.com/api/cronos/property/review/HotelReviews?hotelId=2937&pageSize=50&referer=https%3A%2F%2Fwww.agoda.com%2Fvenetian-resort-hotel-casino%2Fhotel%2Flas-vegas-nv-us.html&providerMode=separate;9;2026-06-07T16:23:33.156739+00:00;ok;
HVEGAS001;The Venetian Resort Las Vegas;Las Vegas;United States;booking_via_agoda;agoda;3038.0;Booking.com;bd3a0f42f317278d;08/10/2025;2025;;;10.0;0.0;10.0;10.0;https://www.agoda.com/api/cronos/property/review/HotelReviews?hotelId=2937&pageSize=50&referer=https%3A%2F%2Fwww.agoda.com%2Fvenetian-resort-hotel-casino%2Fhotel%2Flas-vegas-nv-us.html&providerMode=separate;9;2026-06-07T16:23:33.156739+00:00;ok;
HVEGAS001;The Venetian Resort Las Vegas;Las Vegas;United States;booking_via_agoda;agoda;3038.0;Booking.com;d5f2824425133e33;09/10/2025;2025;;;5.0;0.0;10.0;5.0;https://www.agoda.com/api/cronos/property/review/HotelReviews?hotelId=2937&pageSize=50&referer=https%3A%2F%2Fwww.agoda.com%2Fvenetian-resort-hotel-casino%2Fhotel%2Flas-vegas-nv-us.html&providerMode=separate;9;2026-06-07T16:23:33.156739+00:00;ok;
HVEGAS001;The Venetian Resort Las Vegas;Las Vegas;United States;booking_via_agoda;agoda;3038.0;Booking.com;6acea3911e818b88;10/10/2025;2025;;;10.0;0.0;10.0;10.0;https://www.agoda.com/api/cronos/property/review/HotelReviews?hotelId=2937&pageSize=50&referer=https%3A%2F%2Fwww.agoda.com%2Fvenetian-resort-hotel-casino%2Fhotel%2Flas-vegas-nv-us.html&providerMode=separate;9;2026-06-07T16:23:33.156739+00:00;ok;
HVEGAS001;The Venetian Resort Las Vegas;Las Vegas;United States;booking_via_agoda;agoda;3038.0;Booking.com;601b751ba480e31d;10/10/2025;2025;;;6.0;0.0;10.0;6.0;https://www.agoda.com/api/cronos/property/review/HotelReviews?hotelId=2937&pageSize=50&referer=https%3A%2F%2Fwww.agoda.com%2Fvenetian-resort-hotel-casino%2Fhotel%2Flas-vegas-nv-us.html&providerMode=separate;9;2026-06-07T16:23:33.156739+00:00;ok;
HVEGAS001;The Venetian Resort Las Vegas;Las Vegas;United States;booking_via_agoda;agoda;3038.0;Booking.com;a78f42bc52f6d0ff;11/10/2025;2025;;;7.0;0.0;10.0;7.0;https://www.agoda.com/api/cronos/property/review/HotelReviews?hotelId=2937&pageSize=50&referer=https%3A%2F%2Fwww.agoda.com%2Fvenetian-resort-hotel-casino%2Fhotel%2Flas-vegas-nv-us.html&providerMode=separate;8;2026-06-07T16:23:33.156739+00:00;ok;
HVEGAS001;The Venetian Resort Las Vegas;Las Vegas;United States;booking_via_agoda;agoda;3038.0;Booking.com;1cd3493034f73afc;11/10/2025;2025;;;9.0;0.0;10.0;9.0;https://www.agoda.com/api/cronos/property/review/HotelReviews?hotelId=2937&pageSize=50&referer=https%3A%2F%2Fwww.agoda.com%2Fvenetian-resort-hotel-casino%2Fhotel%2Flas-vegas-nv-us.html&providerMode=separate;8;2026-06-07T16:23:33.156739+00:00;ok;
HVEGAS001;The Venetian Resort Las Vegas;Las Vegas;United States;booking_via_agoda;agoda;3038.0;Booking.com;cdae661fa78b9ff9;11/10/2025;2025;;;9.0;0.0;10.0;9.0;https://www.agoda.com/api/cronos/property/review/HotelReviews?hotelId=2937&pageSize=50&referer=https%3A%2F%2Fwww.agoda.com%2Fvenetian-resort-hotel-casino%2Fhotel%2Flas-vegas-nv-us.html&providerMode=separate;8;2026-06-07T16:23:33.156739+00:00;ok;
HVEGAS001;The Venetian Resort Las Vegas;Las Vegas;United States;booking_via_agoda;agoda;3038.0;Booking.com;0f3a568f972d264d;11/10/2025;2025;;;9.0;0.0;10.0;9.0;https://www.agoda.com/api/cronos/property/review/HotelReviews?hotelId=2937&pageSize=50&referer=https%3A%2F%2Fwww.agoda.com%2Fvenetian-resort-hotel-casino%2Fhotel%2Flas-vegas-nv-us.html&providerMode=separate;8;2026-06-07T16:23:33.156739+00:00;ok;
HVEGAS001;The Venetian Resort Las Vegas;Las Vegas;United States;booking_via_agoda;agoda;3038.0;Booking.com;d44809cb588ca80a;12/10/2025;2025;;;10.0;0.0;10.0;10.0;https://www.agoda.com/api/cronos/property/review/HotelReviews?hotelId=2937&pageSize=50&referer=https%3A%2F%2Fwww.agoda.com%2Fvenetian-resort-hotel-casino%2Fhotel%2Flas-vegas-nv-us.html&providerMode=separate;8;2026-06-07T16:23:33.156739+00:00;ok;
HVEGAS001;The Venetian Resort Las Vegas;Las Vegas;United States;booking_via_agoda;agoda;3038.0;Booking.com;e82f59260c19180f;12/10/2025;2025;;;7.0;0.0;10.0;7.0;https://www.agoda.com/api/cronos/property/review/HotelReviews?hotelId=2937&pageSize=50&referer=https%3A%2F%2Fwww.agoda.com%2Fvenetian-resort-hotel-casino%2Fhotel%2Flas-vegas-nv-us.html&providerMode=separate;8;2026-06-07T16:23:33.156739+00:00;ok;
HVEGAS001;The Venetian Resort Las Vegas;Las Vegas;United States;booking_via_agoda;agoda;3038.0;Booking.com;5c51d777a975c9f5;12/10/2025;2025;;;10.0;0.0;10.0;10.0;https://www.agoda.com/api/cronos/property/review/HotelReviews?hotelId=2937&pageSize=50&referer=https%3A%2F%2Fwww.agoda.com%2Fvenetian-resort-hotel-casino%2Fhotel%2Flas-vegas-nv-us.html&providerMode=separate;8;2026-06-07T16:23:33.156739+00:00;ok;
HVEGAS001;The Venetian Resort Las Vegas;Las Vegas;United States;booking_via_agoda;agoda;3038.0;Booking.com;8cba2e4ccf10cc32;13/10/2025;2025;;;10.0;0.0;10.0;10.0;https://www.agoda.com/api/cronos/property/review/HotelReviews?hotelId=2937&pageSize=50&referer=https%3A%2F%2Fwww.agoda.com%2Fvenetian-resort-hotel-casino%2Fhotel%2Flas-vegas-nv-us.html&providerMode=separate;8;2026-06-07T16:23:33.156739+00:00;ok;
HVEGAS001;The Venetian Resort Las Vegas;Las Vegas;United States;booking_via_agoda;agoda;3038.0;Booking.com;03a11b5173b1bdf7;13/10/2025;2025;;;10.0;0.0;10.0;10.0;https://www.agoda.com/api/cronos/property/review/HotelReviews?hotelId=2937&pageSize=50&referer=https%3A%2F%2Fwww.agoda.com%2Fvenetian-resort-hotel-casino%2Fhotel%2Flas-vegas-nv-us.html&providerMode=separate;8;2026-06-07T16:23:33.156739+00:00;ok;
HVEGAS001;The Venetian Resort Las Vegas;Las Vegas;United States;booking_via_agoda;agoda;3038.0;Booking.com;f66a547fdbf21082;13/10/2025;2025;;;8.0;0.0;10.0;8.0;https://www.agoda.com/api/cronos/property/review/HotelReviews?hotelId=2937&pageSize=50&referer=https%3A%2F%2Fwww.agoda.com%2Fvenetian-resort-hotel-casino%2Fhotel%2Flas-vegas-nv-us.html&providerMode=separate;8;2026-06-07T16:23:33.156739+00:00;ok;
HVEGAS001;The Venetian Resort Las Vegas;Las Vegas;United States;booking_via_agoda;agoda;3038.0;Booking.com;006be882dcd35c29;13/10/2025;2025;;;9.0;0.0;10.0;9.0;https://www.agoda.com/api/cronos/property/review/HotelReviews?hotelId=2937&pageSize=50&referer=https%3A%2F%2Fwww.agoda.com%2Fvenetian-resort-hotel-casino%2Fhotel%2Flas-vegas-nv-us.html&providerMode=separate;8;2026-06-07T16:23:33.156739+00:00;ok;
HVEGAS001;The Venetian Resort Las Vegas;Las Vegas;United States;booking_via_agoda;agoda;3038.0;Booking.com;6dbfef2052bc0141;13/10/2025;2025;;;10.0;0.0;10.0;10.0;https://www.agoda.com/api/cronos/property/review/HotelReviews?hotelId=2937&pageSize=50&referer=https%3A%2F%2Fwww.agoda.com%2Fvenetian-resort-hotel-casino%2Fhotel%2Flas-vegas-nv-us.html&providerMode=separate;8;2026-06-07T16:23:33.156739+00:00;ok;
HVEGAS001;The Venetian Resort Las Vegas;Las Vegas;United States;booking_via_agoda;agoda;3038.0;Booking.com;06e2be1aa573558d;14/10/2025;2025;;;10.0;0.0;10.0;10.0;https://www.agoda.com/api/cronos/property/review/HotelReviews?hotelId=2937&pageSize=50&referer=https%3A%2F%2Fwww.agoda.com%2Fvenetian-resort-hotel-casino%2Fhotel%2Flas-vegas-nv-us.html&providerMode=separate;8;2026-06-07T16:23:33.156739+00:00;ok;
HVEGAS001;The Venetian Resort Las Vegas;Las Vegas;United States;booking_via_agoda;agoda;3038.0;Booking.com;f01eda9a8a5e84c2;17/10/2025;2025;;;10.0;0.0;10.0;10.0;https://www.agoda.com/api/cronos/property/review/HotelReviews?hotelId=2937&pageSize=50&referer=https%3A%2F%2Fwww.agoda.com%2Fvenetian-resort-hotel-casino%2Fhotel%2Flas-vegas-nv-us.html&providerMode=separate;8;2026-06-07T16:23:33.156739+00:00;ok;
HVEGAS001;The Venetian Resort Las Vegas;Las Vegas;United States;booking_via_agoda;agoda;3038.0;Booking.com;2915d8e465d602bf;19/10/2025;2025;;;10.0;0.0;10.0;10.0;https://www.agoda.com/api/cronos/property/review/HotelReviews?hotelId=2937&pageSize=50&referer=https%3A%2F%2Fwww.agoda.com%2Fvenetian-resort-hotel-casino%2Fhotel%2Flas-vegas-nv-us.html&providerMode=separate;8;2026-06-07T16:23:33.156739+00:00;ok;
HVEGAS001;The Venetian Resort Las Vegas;Las Vegas;United States;booking_via_agoda;agoda;3038.0;Booking.com;dac944159dbbf4a6;19/10/2025;2025;;;10.0;0.0;10.0;10.0;https://www.agoda.com/api/cronos/property/review/HotelReviews?hotelId=2937&pageSize=50&referer=https%3A%2F%2Fwww.agoda.com%2Fvenetian-resort-hotel-casino%2Fhotel%2Flas-vegas-nv-us.html&providerMode=separate;8;2026-06-07T16:23:33.156739+00:00;ok;
HVEGAS001;The Venetian Resort Las Vegas;Las Vegas;United States;booking_via_agoda;agoda;3038.0;Booking.com;eb709bddbe6f8ec1;19/10/2025;2025;;;10.0;0.0;10.0;10.0;https://www.agoda.com/api/cronos/property/review/HotelReviews?hotelId=2937&pageSize=50&referer=https%3A%2F%2Fwww.agoda.com%2Fvenetian-resort-hotel-casino%2Fhotel%2Flas-vegas-nv-us.html&providerMode=separate;8;2026-06-07T16:23:33.156739+00:00;ok;
HVEGAS001;The Venetian Resort Las Vegas;Las Vegas;United States;booking_via_agoda;agoda;3038.0;Booking.com;075da6c45fe432a6;20/10/2025;2025;;;10.0;0.0;10.0;10.0;https://www.agoda.com/api/cronos/property/review/HotelReviews?hotelId=2937&pageSize=50&referer=https%3A%2F%2Fwww.agoda.com%2Fvenetian-resort-hotel-casino%2Fhotel%2Flas-vegas-nv-us.html&providerMode=separate;8;2026-06-07T16:23:33.156739+00:00;ok;
HVEGAS001;The Venetian Resort Las Vegas;Las Vegas;United States;booking_via_agoda;agoda;3038.0;Booking.com;734a5e76f7ea69ee;21/10/2025;2025;;;10.0;0.0;10.0;10.0;https://www.agoda.com/api/cronos/property/review/HotelReviews?hotelId=2937&pageSize=50&referer=https%3A%2F%2Fwww.agoda.com%2Fvenetian-resort-hotel-casino%2Fhotel%2Flas-vegas-nv-us.html&providerMode=separate;8;2026-06-07T16:23:33.156739+00:00;ok;
HVEGAS001;The Venetian Resort Las Vegas;Las Vegas;United States;booking_via_agoda;agoda;3038.0;Booking.com;9a8e382cc640ebc6;21/10/2025;2025;;;7.0;0.0;10.0;7.0;https://www.agoda.com/api/cronos/property/review/HotelReviews?hotelId=2937&pageSize=50&referer=https%3A%2F%2Fwww.agoda.com%2Fvenetian-resort-hotel-casino%2Fhotel%2Flas-vegas-nv-us.html&providerMode=separate;8;2026-06-07T16:23:33.156739+00:00;ok;
HVEGAS001;The Venetian Resort Las Vegas;Las Vegas;United States;booking_via_agoda;agoda;3038.0;Booking.com;9860ee4a0cb8f2e0;22/10/2025;2025;;;8.0;0.0;10.0;8.0;https://www.agoda.com/api/cronos/property/review/HotelReviews?hotelId=2937&pageSize=50&referer=https%3A%2F%2Fwww.agoda.com%2Fvenetian-resort-hotel-casino%2Fhotel%2Flas-vegas-nv-us.html&providerMode=separate;8;2026-06-07T16:23:33.156739+00:00;ok;
HVEGAS001;The Venetian Resort Las Vegas;Las Vegas;United States;booking_via_agoda;agoda;3038.0;Booking.com;d13b376b645a6db0;22/10/2025;2025;;;10.0;0.0;10.0;10.0;https://www.agoda.com/api/cronos/property/review/HotelReviews?hotelId=2937&pageSize=50&referer=https%3A%2F%2Fwww.agoda.com%2Fvenetian-resort-hotel-casino%2Fhotel%2Flas-vegas-nv-us.html&providerMode=separate;8;2026-06-07T16:23:33.156739+00:00;ok;
HVEGAS001;The Venetian Resort Las Vegas;Las Vegas;United States;booking_via_agoda;agoda;3038.0;Booking.com;96b58b040a43b7cd;22/10/2025;2025;;;10.0;0.0;10.0;10.0;https://www.agoda.com/api/cronos/property/review/HotelReviews?hotelId=2937&pageSize=50&referer=https%3A%2F%2Fwww.agoda.com%2Fvenetian-resort-hotel-casino%2Fhotel%2Flas-vegas-nv-us.html&providerMode=separate;8;2026-06-07T16:23:33.156739+00:00;ok;
HVEGAS001;The Venetian Resort Las Vegas;Las Vegas;United States;booking_via_agoda;agoda;3038.0;Booking.com;2ffd00787709ba70;22/10/2025;2025;;;10.0;0.0;10.0;10.0;https://www.agoda.com/api/cronos/property/review/HotelReviews?hotelId=2937&pageSize=50&referer=https%3A%2F%2Fwww.agoda.com%2Fvenetian-resort-hotel-casino%2Fhotel%2Flas-vegas-nv-us.html&providerMode=separate;8;2026-06-07T16:23:33.156739+00:00;ok;
HVEGAS001;The Venetian Resort Las Vegas;Las Vegas;United States;booking_via_agoda;agoda;3038.0;Booking.com;2ccb905b8430dc03;23/10/2025;2025;;;10.0;0.0;10.0;10.0;https://www.agoda.com/api/cronos/property/review/HotelReviews?hotelId=2937&pageSize=50&referer=https%3A%2F%2Fwww.agoda.com%2Fvenetian-resort-hotel-casino%2Fhotel%2Flas-vegas-nv-us.html&providerMode=separate;8;2026-06-07T16:23:33.156739+00:00;ok;
HVEGAS001;The Venetian Resort Las Vegas;Las Vegas;United States;booking_via_agoda;agoda;3038.0;Booking.com;680e02a8ac8d2675;24/10/2025;2025;;;10.0;0.0;10.0;10.0;https://www.agoda.com/api/cronos/property/review/HotelReviews?hotelId=2937&pageSize=50&referer=https%3A%2F%2Fwww.agoda.com%2Fvenetian-resort-hotel-casino%2Fhotel%2Flas-vegas-nv-us.html&providerMode=separate;8;2026-06-07T16:23:33.156739+00:00;ok;
HVEGAS001;The Venetian Resort Las Vegas;Las Vegas;United States;booking_via_agoda;agoda;3038.0;Booking.com;86ff152af671f64d;24/10/2025;2025;;;10.0;0.0;10.0;10.0;https://www.agoda.com/api/cronos/property/review/HotelReviews?hotelId=2937&pageSize=50&referer=https%3A%2F%2Fwww.agoda.com%2Fvenetian-resort-hotel-casino%2Fhotel%2Flas-vegas-nv-us.html&providerMode=separate;8;2026-06-07T16:23:33.156739+00:00;ok;
HVEGAS001;The Venetian Resort Las Vegas;Las Vegas;United States;booking_via_agoda;agoda;3038.0;Booking.com;9d51c678d95346ba;25/10/2025;2025;;;7.0;0.0;10.0;7.0;https://www.agoda.com/api/cronos/property/review/HotelReviews?hotelId=2937&pageSize=50&referer=https%3A%2F%2Fwww.agoda.com%2Fvenetian-resort-hotel-casino%2Fhotel%2Flas-vegas-nv-us.html&providerMode=separate;8;2026-06-07T16:23:33.156739+00:00;ok;
HVEGAS001;The Venetian Resort Las Vegas;Las Vegas;United States;booking_via_agoda;agoda;3038.0;Booking.com;9b70dea48ed50022;25/10/2025;2025;;;10.0;0.0;10.0;10.0;https://www.agoda.com/api/cronos/property/review/HotelReviews?hotelId=2937&pageSize=50&referer=https%3A%2F%2Fwww.agoda.com%2Fvenetian-resort-hotel-casino%2Fhotel%2Flas-vegas-nv-us.html&providerMode=separate;8;2026-06-07T16:23:33.156739+00:00;ok;
HVEGAS001;The Venetian Resort Las Vegas;Las Vegas;United States;booking_via_agoda;agoda;3038.0;Booking.com;b0643abe992e57b6;25/10/2025;2025;;;10.0;0.0;10.0;10.0;https://www.agoda.com/api/cronos/property/review/HotelReviews?hotelId=2937&pageSize=50&referer=https%3A%2F%2Fwww.agoda.com%2Fvenetian-resort-hotel-casino%2Fhotel%2Flas-vegas-nv-us.html&providerMode=separate;8;2026-06-07T16:23:33.156739+00:00;ok;
HVEGAS001;The Venetian Resort Las Vegas;Las Vegas;United States;booking_via_agoda;agoda;3038.0;Booking.com;7a90bcbb35f07b0d;25/10/2025;2025;;;9.0;0.0;10.0;9.0;https://www.agoda.com/api/cronos/property/review/HotelReviews?hotelId=2937&pageSize=50&referer=https%3A%2F%2Fwww.agoda.com%2Fvenetian-resort-hotel-casino%2Fhotel%2Flas-vegas-nv-us.html&providerMode=separate;8;2026-06-07T16:23:33.156739+00:00;ok;
HVEGAS001;The Venetian Resort Las Vegas;Las Vegas;United States;booking_via_agoda;agoda;3038.0;Booking.com;85456841bc02ad62;25/10/2025;2025;;;8.0;0.0;10.0;8.0;https://www.agoda.com/api/cronos/property/review/HotelReviews?hotelId=2937&pageSize=50&referer=https%3A%2F%2Fwww.agoda.com%2Fvenetian-resort-hotel-casino%2Fhotel%2Flas-vegas-nv-us.html&providerMode=separate;8;2026-06-07T16:23:33.156739+00:00;ok;
HVEGAS001;The Venetian Resort Las Vegas;Las Vegas;United States;booking_via_agoda;agoda;3038.0;Booking.com;9a1bdae2e895e688;26/10/2025;2025;;;10.0;0.0;10.0;10.0;https://www.agoda.com/api/cronos/property/review/HotelReviews?hotelId=2937&pageSize=50&referer=https%3A%2F%2Fwww.agoda.com%2Fvenetian-resort-hotel-casino%2Fhotel%2Flas-vegas-nv-us.html&providerMode=separate;8;2026-06-07T16:23:33.156739+00:00;ok;
HVEGAS001;The Venetian Resort Las Vegas;Las Vegas;United States;booking_via_agoda;agoda;3038.0;Booking.com;eb11dce58de426ff;26/10/2025;2025;;;10.0;0.0;10.0;10.0;https://www.agoda.com/api/cronos/property/review/HotelReviews?hotelId=2937&pageSize=50&referer=https%3A%2F%2Fwww.agoda.com%2Fvenetian-resort-hotel-casino%2Fhotel%2Flas-vegas-nv-us.html&providerMode=separate;8;2026-06-07T16:23:33.156739+00:00;ok;
HVEGAS001;The Venetian Resort Las Vegas;Las Vegas;United States;booking_via_agoda;agoda;3038.0;Booking.com;15ba40b641f27e18;26/10/2025;2025;;;10.0;0.0;10.0;10.0;https://www.agoda.com/api/cronos/property/review/HotelReviews?hotelId=2937&pageSize=50&referer=https%3A%2F%2Fwww.agoda.com%2Fvenetian-resort-hotel-casino%2Fhotel%2Flas-vegas-nv-us.html&providerMode=separate;8;2026-06-07T16:23:33.156739+00:00;ok;
HVEGAS001;The Venetian Resort Las Vegas;Las Vegas;United States;booking_via_agoda;agoda;3038.0;Booking.com;a9ca483c0705bf6a;26/10/2025;2025;;;9.0;0.0;10.0;9.0;https://www.agoda.com/api/cronos/property/review/HotelReviews?hotelId=2937&pageSize=50&referer=https%3A%2F%2Fwww.agoda.com%2Fvenetian-resort-hotel-casino%2Fhotel%2Flas-vegas-nv-us.html&providerMode=separate;8;2026-06-07T16:23:33.156739+00:00;ok;
HVEGAS001;The Venetian Resort Las Vegas;Las Vegas;United States;booking_via_agoda;agoda;3038.0;Booking.com;44f8ace6c862bd82;27/10/2025;2025;;;9.0;0.0;10.0;9.0;https://www.agoda.com/api/cronos/property/review/HotelReviews?hotelId=2937&pageSize=50&referer=https%3A%2F%2Fwww.agoda.com%2Fvenetian-resort-hotel-casino%2Fhotel%2Flas-vegas-nv-us.html&providerMode=separate;8;2026-06-07T16:23:33.156739+00:00;ok;
HVEGAS001;The Venetian Resort Las Vegas;Las Vegas;United States;booking_via_agoda;agoda;3038.0;Booking.com;c8a32125afd3aaa2;27/10/2025;2025;;;10.0;0.0;10.0;10.0;https://www.agoda.com/api/cronos/property/review/HotelReviews?hotelId=2937&pageSize=50&referer=https%3A%2F%2Fwww.agoda.com%2Fvenetian-resort-hotel-casino%2Fhotel%2Flas-vegas-nv-us.html&providerMode=separate;8;2026-06-07T16:23:33.156739+00:00;ok;
HVEGAS001;The Venetian Resort Las Vegas;Las Vegas;United States;booking_via_agoda;agoda;3038.0;Booking.com;891613d4b6ec8331;27/10/2025;2025;;;10.0;0.0;10.0;10.0;https://www.agoda.com/api/cronos/property/review/HotelReviews?hotelId=2937&pageSize=50&referer=https%3A%2F%2Fwww.agoda.com%2Fvenetian-resort-hotel-casino%2Fhotel%2Flas-vegas-nv-us.html&providerMode=separate;8;2026-06-07T16:23:33.156739+00:00;ok;
HVEGAS001;The Venetian Resort Las Vegas;Las Vegas;United States;booking_via_agoda;agoda;3038.0;Booking.com;e1d10eb81cd7ef78;28/10/2025;2025;;;10.0;0.0;10.0;10.0;https://www.agoda.com/api/cronos/property/review/HotelReviews?hotelId=2937&pageSize=50&referer=https%3A%2F%2Fwww.agoda.com%2Fvenetian-resort-hotel-casino%2Fhotel%2Flas-vegas-nv-us.html&providerMode=separate;8;2026-06-07T16:23:33.156739+00:00;ok;
HVEGAS001;The Venetian Resort Las Vegas;Las Vegas;United States;booking_via_agoda;agoda;3038.0;Booking.com;d80d6ea47e888f26;29/10/2025;2025;;;10.0;0.0;10.0;10.0;https://www.agoda.com/api/cronos/property/review/HotelReviews?hotelId=2937&pageSize=50&referer=https%3A%2F%2Fwww.agoda.com%2Fvenetian-resort-hotel-casino%2Fhotel%2Flas-vegas-nv-us.html&providerMode=separate;8;2026-06-07T16:23:33.156739+00:00;ok;
HVEGAS001;The Venetian Resort Las Vegas;Las Vegas;United States;booking_via_agoda;agoda;3038.0;Booking.com;b59e5e6d93bfa0ee;29/10/2025;2025;;;9.0;0.0;10.0;9.0;https://www.agoda.com/api/cronos/property/review/HotelReviews?hotelId=2937&pageSize=50&referer=https%3A%2F%2Fwww.agoda.com%2Fvenetian-resort-hotel-casino%2Fhotel%2Flas-vegas-nv-us.html&providerMode=separate;8;2026-06-07T16:23:33.156739+00:00;ok;
HVEGAS001;The Venetian Resort Las Vegas;Las Vegas;United States;booking_via_agoda;agoda;3038.0;Booking.com;5cbeb3e0a9d5d6aa;29/10/2025;2025;;;10.0;0.0;10.0;10.0;https://www.agoda.com/api/cronos/property/review/HotelReviews?hotelId=2937&pageSize=50&referer=https%3A%2F%2Fwww.agoda.com%2Fvenetian-resort-hotel-casino%2Fhotel%2Flas-vegas-nv-us.html&providerMode=separate;8;2026-06-07T16:23:33.156739+00:00;ok;
HVEGAS001;The Venetian Resort Las Vegas;Las Vegas;United States;booking_via_agoda;agoda;3038.0;Booking.com;53dc657884303e17;30/10/2025;2025;;;10.0;0.0;10.0;10.0;https://www.agoda.com/api/cronos/property/review/HotelReviews?hotelId=2937&pageSize=50&referer=https%3A%2F%2Fwww.agoda.com%2Fvenetian-resort-hotel-casino%2Fhotel%2Flas-vegas-nv-us.html&providerMode=separate;8;2026-06-07T16:23:33.156739+00:00;ok;
HVEGAS001;The Venetian Resort Las Vegas;Las Vegas;United States;booking_via_agoda;agoda;3038.0;Booking.com;4b668eba38b10a5f;30/10/2025;2025;;;10.0;0.0;10.0;10.0;https://www.agoda.com/api/cronos/property/review/HotelReviews?hotelId=2937&pageSize=50&referer=https%3A%2F%2Fwww.agoda.com%2Fvenetian-resort-hotel-casino%2Fhotel%2Flas-vegas-nv-us.html&providerMode=separate;8;2026-06-07T16:23:33.156739+00:00;ok;
HVEGAS001;The Venetian Resort Las Vegas;Las Vegas;United States;booking_via_agoda;agoda;3038.0;Booking.com;0b3bd1ec4f0bda2b;31/10/2025;2025;;;10.0;0.0;10.0;10.0;https://www.agoda.com/api/cronos/property/review/HotelReviews?hotelId=2937&pageSize=50&referer=https%3A%2F%2Fwww.agoda.com%2Fvenetian-resort-hotel-casino%2Fhotel%2Flas-vegas-nv-us.html&providerMode=separate;8;2026-06-07T16:23:33.156739+00:00;ok;
HVEGAS001;The Venetian Resort Las Vegas;Las Vegas;United States;booking_via_agoda;agoda;3038.0;Booking.com;c219c1a21cd9df36;31/10/2025;2025;;;6.0;0.0;10.0;6.0;https://www.agoda.com/api/cronos/property/review/HotelReviews?hotelId=2937&pageSize=50&referer=https%3A%2F%2Fwww.agoda.com%2Fvenetian-resort-hotel-casino%2Fhotel%2Flas-vegas-nv-us.html&providerMode=separate;8;2026-06-07T16:23:33.156739+00:00;ok;
HVEGAS001;The Venetian Resort Las Vegas;Las Vegas;United States;booking_via_agoda;agoda;3038.0;Booking.com;a2590426c02ae1b9;31/10/2025;2025;;;9.0;0.0;10.0;9.0;https://www.agoda.com/api/cronos/property/review/HotelReviews?hotelId=2937&pageSize=50&referer=https%3A%2F%2Fwww.agoda.com%2Fvenetian-resort-hotel-casino%2Fhotel%2Flas-vegas-nv-us.html&providerMode=separate;8;2026-06-07T16:23:33.156739+00:00;ok;
HVEGAS001;The Venetian Resort Las Vegas;Las Vegas;United States;booking_via_agoda;agoda;3038.0;Booking.com;df3e2c65776e50fe;31/10/2025;2025;;;8.0;0.0;10.0;8.0;https://www.agoda.com/api/cronos/property/review/HotelReviews?hotelId=2937&pageSize=50&referer=https%3A%2F%2Fwww.agoda.com%2Fvenetian-resort-hotel-casino%2Fhotel%2Flas-vegas-nv-us.html&providerMode=separate;8;2026-06-07T16:23:33.156739+00:00;ok;
HVEGAS001;The Venetian Resort Las Vegas;Las Vegas;United States;booking_via_agoda;agoda;3038.0;Booking.com;7966543cb15d9f6f;01/11/2025;2025;;;8.0;0.0;10.0;8.0;https://www.agoda.com/api/cronos/property/review/HotelReviews?hotelId=2937&pageSize=50&referer=https%3A%2F%2Fwww.agoda.com%2Fvenetian-resort-hotel-casino%2Fhotel%2Flas-vegas-nv-us.html&providerMode=separate;7;2026-06-07T16:23:33.156739+00:00;ok;
HVEGAS001;The Venetian Resort Las Vegas;Las Vegas;United States;booking_via_agoda;agoda;3038.0;Booking.com;6bfb78afdaaff592;01/11/2025;2025;;;9.0;0.0;10.0;9.0;https://www.agoda.com/api/cronos/property/review/HotelReviews?hotelId=2937&pageSize=50&referer=https%3A%2F%2Fwww.agoda.com%2Fvenetian-resort-hotel-casino%2Fhotel%2Flas-vegas-nv-us.html&providerMode=separate;7;2026-06-07T16:23:33.156739+00:00;ok;
HVEGAS001;The Venetian Resort Las Vegas;Las Vegas;United States;booking_via_agoda;agoda;3038.0;Booking.com;08a05faf1958db49;01/11/2025;2025;;;8.0;0.0;10.0;8.0;https://www.agoda.com/api/cronos/property/review/HotelReviews?hotelId=2937&pageSize=50&referer=https%3A%2F%2Fwww.agoda.com%2Fvenetian-resort-hotel-casino%2Fhotel%2Flas-vegas-nv-us.html&providerMode=separate;8;2026-06-07T16:23:33.156739+00:00;ok;
HVEGAS001;The Venetian Resort Las Vegas;Las Vegas;United States;booking_via_agoda;agoda;3038.0;Booking.com;9ab4f30c12163204;02/11/2025;2025;;;10.0;0.0;10.0;10.0;https://www.agoda.com/api/cronos/property/review/HotelReviews?hotelId=2937&pageSize=50&referer=https%3A%2F%2Fwww.agoda.com%2Fvenetian-resort-hotel-casino%2Fhotel%2Flas-vegas-nv-us.html&providerMode=separate;7;2026-06-07T16:23:33.156739+00:00;ok;
HVEGAS001;The Venetian Resort Las Vegas;Las Vegas;United States;booking_via_agoda;agoda;3038.0;Booking.com;9b64f587af8c889a;02/11/2025;2025;;;8.0;0.0;10.0;8.0;https://www.agoda.com/api/cronos/property/review/HotelReviews?hotelId=2937&pageSize=50&referer=https%3A%2F%2Fwww.agoda.com%2Fvenetian-resort-hotel-casino%2Fhotel%2Flas-vegas-nv-us.html&providerMode=separate;7;2026-06-07T16:23:33.156739+00:00;ok;
HVEGAS001;The Venetian Resort Las Vegas;Las Vegas;United States;booking_via_agoda;agoda;3038.0;Booking.com;06501cdfe235838b;02/11/2025;2025;;;10.0;0.0;10.0;10.0;https://www.agoda.com/api/cronos/property/review/HotelReviews?hotelId=2937&pageSize=50&referer=https%3A%2F%2Fwww.agoda.com%2Fvenetian-resort-hotel-casino%2Fhotel%2Flas-vegas-nv-us.html&providerMode=separate;7;2026-06-07T16:23:33.156739+00:00;ok;
HVEGAS001;The Venetian Resort Las Vegas;Las Vegas;United States;booking_via_agoda;agoda;3038.0;Booking.com;cbea320a8adcf14d;03/11/2025;2025;;;10.0;0.0;10.0;10.0;https://www.agoda.com/api/cronos/property/review/HotelReviews?hotelId=2937&pageSize=50&referer=https%3A%2F%2Fwww.agoda.com%2Fvenetian-resort-hotel-casino%2Fhotel%2Flas-vegas-nv-us.html&providerMode=separate;7;2026-06-07T16:23:33.156739+00:00;ok;
HVEGAS001;The Venetian Resort Las Vegas;Las Vegas;United States;booking_via_agoda;agoda;3038.0;Booking.com;77d8df1b66e60ea0;03/11/2025;2025;;;10.0;0.0;10.0;10.0;https://www.agoda.com/api/cronos/property/review/HotelReviews?hotelId=2937&pageSize=50&referer=https%3A%2F%2Fwww.agoda.com%2Fvenetian-resort-hotel-casino%2Fhotel%2Flas-vegas-nv-us.html&providerMode=separate;7;2026-06-07T16:23:33.156739+00:00;ok;
HVEGAS001;The Venetian Resort Las Vegas;Las Vegas;United States;booking_via_agoda;agoda;3038.0;Booking.com;b3902013acf67c98;03/11/2025;2025;;;10.0;0.0;10.0;10.0;https://www.agoda.com/api/cronos/property/review/HotelReviews?hotelId=2937&pageSize=50&referer=https%3A%2F%2Fwww.agoda.com%2Fvenetian-resort-hotel-casino%2Fhotel%2Flas-vegas-nv-us.html&providerMode=separate;7;2026-06-07T16:23:33.156739+00:00;ok;
HVEGAS001;The Venetian Resort Las Vegas;Las Vegas;United States;booking_via_agoda;agoda;3038.0;Booking.com;9ee3ba5deb965086;04/11/2025;2025;;;1.0;0.0;10.0;1.0;https://www.agoda.com/api/cronos/property/review/HotelReviews?hotelId=2937&pageSize=50&referer=https%3A%2F%2Fwww.agoda.com%2Fvenetian-resort-hotel-casino%2Fhotel%2Flas-vegas-nv-us.html&providerMode=separate;7;2026-06-07T16:23:33.156739+00:00;ok;
HVEGAS001;The Venetian Resort Las Vegas;Las Vegas;United States;booking_via_agoda;agoda;3038.0;Booking.com;a0e875bf9c4697f8;05/11/2025;2025;;;10.0;0.0;10.0;10.0;https://www.agoda.com/api/cronos/property/review/HotelReviews?hotelId=2937&pageSize=50&referer=https%3A%2F%2Fwww.agoda.com%2Fvenetian-resort-hotel-casino%2Fhotel%2Flas-vegas-nv-us.html&providerMode=separate;7;2026-06-07T16:23:33.156739+00:00;ok;
HVEGAS001;The Venetian Resort Las Vegas;Las Vegas;United States;booking_via_agoda;agoda;3038.0;Booking.com;bda5dbcb6fdaa011;07/11/2025;2025;;;10.0;0.0;10.0;10.0;https://www.agoda.com/api/cronos/property/review/HotelReviews?hotelId=2937&pageSize=50&referer=https%3A%2F%2Fwww.agoda.com%2Fvenetian-resort-hotel-casino%2Fhotel%2Flas-vegas-nv-us.html&providerMode=separate;7;2026-06-07T16:23:33.156739+00:00;ok;
HVEGAS001;The Venetian Resort Las Vegas;Las Vegas;United States;booking_via_agoda;agoda;3038.0;Booking.com;ce6695bdbbb7f5ac;07/11/2025;2025;;;10.0;0.0;10.0;10.0;https://www.agoda.com/api/cronos/property/review/HotelReviews?hotelId=2937&pageSize=50&referer=https%3A%2F%2Fwww.agoda.com%2Fvenetian-resort-hotel-casino%2Fhotel%2Flas-vegas-nv-us.html&providerMode=separate;7;2026-06-07T16:23:33.156739+00:00;ok;
HVEGAS001;The Venetian Resort Las Vegas;Las Vegas;United States;booking_via_agoda;agoda;3038.0;Booking.com;8c0287b04b9c0442;08/11/2025;2025;;;10.0;0.0;10.0;10.0;https://www.agoda.com/api/cronos/property/review/HotelReviews?hotelId=2937&pageSize=50&referer=https%3A%2F%2Fwww.agoda.com%2Fvenetian-resort-hotel-casino%2Fhotel%2Flas-vegas-nv-us.html&providerMode=separate;7;2026-06-07T16:23:33.156739+00:00;ok;
HVEGAS001;The Venetian Resort Las Vegas;Las Vegas;United States;booking_via_agoda;agoda;3038.0;Booking.com;6a420c387b2fb888;11/11/2025;2025;;;10.0;0.0;10.0;10.0;https://www.agoda.com/api/cronos/property/review/HotelReviews?hotelId=2937&pageSize=50&referer=https%3A%2F%2Fwww.agoda.com%2Fvenetian-resort-hotel-casino%2Fhotel%2Flas-vegas-nv-us.html&providerMode=separate;7;2026-06-07T16:23:33.156739+00:00;ok;
HVEGAS001;The Venetian Resort Las Vegas;Las Vegas;United States;booking_via_agoda;agoda;3038.0;Booking.com;c110965ee04a9ccc;11/11/2025;2025;;;10.0;0.0;10.0;10.0;https://www.agoda.com/api/cronos/property/review/HotelReviews?hotelId=2937&pageSize=50&referer=https%3A%2F%2Fwww.agoda.com%2Fvenetian-resort-hotel-casino%2Fhotel%2Flas-vegas-nv-us.html&providerMode=separate;7;2026-06-07T16:23:33.156739+00:00;ok;
HVEGAS001;The Venetian Resort Las Vegas;Las Vegas;United States;booking_via_agoda;agoda;3038.0;Booking.com;c256827447aa62ba;13/11/2025;2025;;;10.0;0.0;10.0;10.0;https://www.agoda.com/api/cronos/property/review/HotelReviews?hotelId=2937&pageSize=50&referer=https%3A%2F%2Fwww.agoda.com%2Fvenetian-resort-hotel-casino%2Fhotel%2Flas-vegas-nv-us.html&providerMode=separate;7;2026-06-07T16:23:33.156739+00:00;ok;
HVEGAS001;The Venetian Resort Las Vegas;Las Vegas;United States;booking_via_agoda;agoda;3038.0;Booking.com;9a8d673fc1328026;13/11/2025;2025;;;1.0;0.0;10.0;1.0;https://www.agoda.com/api/cronos/property/review/HotelReviews?hotelId=2937&pageSize=50&referer=https%3A%2F%2Fwww.agoda.com%2Fvenetian-resort-hotel-casino%2Fhotel%2Flas-vegas-nv-us.html&providerMode=separate;7;2026-06-07T16:23:33.156739+00:00;ok;
HVEGAS001;The Venetian Resort Las Vegas;Las Vegas;United States;booking_via_agoda;agoda;3038.0;Booking.com;e46f613b7f6512b6;14/11/2025;2025;;;8.0;0.0;10.0;8.0;https://www.agoda.com/api/cronos/property/review/HotelReviews?hotelId=2937&pageSize=50&referer=https%3A%2F%2Fwww.agoda.com%2Fvenetian-resort-hotel-casino%2Fhotel%2Flas-vegas-nv-us.html&providerMode=separate;7;2026-06-07T16:23:33.156739+00:00;ok;
HVEGAS001;The Venetian Resort Las Vegas;Las Vegas;United States;booking_via_agoda;agoda;3038.0;Booking.com;839d893278320a96;16/11/2025;2025;;;1.0;0.0;10.0;1.0;https://www.agoda.com/api/cronos/property/review/HotelReviews?hotelId=2937&pageSize=50&referer=https%3A%2F%2Fwww.agoda.com%2Fvenetian-resort-hotel-casino%2Fhotel%2Flas-vegas-nv-us.html&providerMode=separate;7;2026-06-07T16:23:33.156739+00:00;ok;
HVEGAS001;The Venetian Resort Las Vegas;Las Vegas;United States;booking_via_agoda;agoda;3038.0;Booking.com;231a20c2ae31b43c;16/11/2025;2025;;;10.0;0.0;10.0;10.0;https://www.agoda.com/api/cronos/property/review/HotelReviews?hotelId=2937&pageSize=50&referer=https%3A%2F%2Fwww.agoda.com%2Fvenetian-resort-hotel-casino%2Fhotel%2Flas-vegas-nv-us.html&providerMode=separate;7;2026-06-07T16:23:33.156739+00:00;ok;
HVEGAS001;The Venetian Resort Las Vegas;Las Vegas;United States;booking_via_agoda;agoda;3038.0;Booking.com;3c9bef634658463c;17/11/2025;2025;;;10.0;0.0;10.0;10.0;https://www.agoda.com/api/cronos/property/review/HotelReviews?hotelId=2937&pageSize=50&referer=https%3A%2F%2Fwww.agoda.com%2Fvenetian-resort-hotel-casino%2Fhotel%2Flas-vegas-nv-us.html&providerMode=separate;7;2026-06-07T16:23:33.156739+00:00;ok;
HVEGAS001;The Venetian Resort Las Vegas;Las Vegas;United States;booking_via_agoda;agoda;3038.0;Booking.com;a63c072443db6d95;17/11/2025;2025;;;9.0;0.0;10.0;9.0;https://www.agoda.com/api/cronos/property/review/HotelReviews?hotelId=2937&pageSize=50&referer=https%3A%2F%2Fwww.agoda.com%2Fvenetian-resort-hotel-casino%2Fhotel%2Flas-vegas-nv-us.html&providerMode=separate;7;2026-06-07T16:23:33.156739+00:00;ok;
HVEGAS001;The Venetian Resort Las Vegas;Las Vegas;United States;booking_via_agoda;agoda;3038.0;Booking.com;2203fb9a653c10d2;18/11/2025;2025;;;9.0;0.0;10.0;9.0;https://www.agoda.com/api/cronos/property/review/HotelReviews?hotelId=2937&pageSize=50&referer=https%3A%2F%2Fwww.agoda.com%2Fvenetian-resort-hotel-casino%2Fhotel%2Flas-vegas-nv-us.html&providerMode=separate;7;2026-06-07T16:23:33.156739+00:00;ok;
HVEGAS001;The Venetian Resort Las Vegas;Las Vegas;United States;booking_via_agoda;agoda;3038.0;Booking.com;e69c92f0ef9e880f;18/11/2025;2025;;;10.0;0.0;10.0;10.0;https://www.agoda.com/api/cronos/property/review/HotelReviews?hotelId=2937&pageSize=50&referer=https%3A%2F%2Fwww.agoda.com%2Fvenetian-resort-hotel-casino%2Fhotel%2Flas-vegas-nv-us.html&providerMode=separate;7;2026-06-07T16:23:33.156739+00:00;ok;
HVEGAS001;The Venetian Resort Las Vegas;Las Vegas;United States;booking_via_agoda;agoda;3038.0;Booking.com;444f280288dc4fb9;19/11/2025;2025;;;10.0;0.0;10.0;10.0;https://www.agoda.com/api/cronos/property/review/HotelReviews?hotelId=2937&pageSize=50&referer=https%3A%2F%2Fwww.agoda.com%2Fvenetian-resort-hotel-casino%2Fhotel%2Flas-vegas-nv-us.html&providerMode=separate;7;2026-06-07T16:23:33.156739+00:00;ok;
HVEGAS001;The Venetian Resort Las Vegas;Las Vegas;United States;booking_via_agoda;agoda;3038.0;Booking.com;46363536a0e0bd46;19/11/2025;2025;;;10.0;0.0;10.0;10.0;https://www.agoda.com/api/cronos/property/review/HotelReviews?hotelId=2937&pageSize=50&referer=https%3A%2F%2Fwww.agoda.com%2Fvenetian-resort-hotel-casino%2Fhotel%2Flas-vegas-nv-us.html&providerMode=separate;7;2026-06-07T16:23:33.156739+00:00;ok;
HVEGAS001;The Venetian Resort Las Vegas;Las Vegas;United States;booking_via_agoda;agoda;3038.0;Booking.com;e16cd28859123e63;19/11/2025;2025;;;10.0;0.0;10.0;10.0;https://www.agoda.com/api/cronos/property/review/HotelReviews?hotelId=2937&pageSize=50&referer=https%3A%2F%2Fwww.agoda.com%2Fvenetian-resort-hotel-casino%2Fhotel%2Flas-vegas-nv-us.html&providerMode=separate;7;2026-06-07T16:23:33.156739+00:00;ok;
HVEGAS001;The Venetian Resort Las Vegas;Las Vegas;United States;booking_via_agoda;agoda;3038.0;Booking.com;6228269738f30eec;19/11/2025;2025;;;10.0;0.0;10.0;10.0;https://www.agoda.com/api/cronos/property/review/HotelReviews?hotelId=2937&pageSize=50&referer=https%3A%2F%2Fwww.agoda.com%2Fvenetian-resort-hotel-casino%2Fhotel%2Flas-vegas-nv-us.html&providerMode=separate;7;2026-06-07T16:23:33.156739+00:00;ok;
HVEGAS001;The Venetian Resort Las Vegas;Las Vegas;United States;booking_via_agoda;agoda;3038.0;Booking.com;353f0b269ddef7de;20/11/2025;2025;;;10.0;0.0;10.0;10.0;https://www.agoda.com/api/cronos/property/review/HotelReviews?hotelId=2937&pageSize=50&referer=https%3A%2F%2Fwww.agoda.com%2Fvenetian-resort-hotel-casino%2Fhotel%2Flas-vegas-nv-us.html&providerMode=separate;7;2026-06-07T16:23:33.156739+00:00;ok;
HVEGAS001;The Venetian Resort Las Vegas;Las Vegas;United States;booking_via_agoda;agoda;3038.0;Booking.com;0c28648378380a0c;20/11/2025;2025;;;10.0;0.0;10.0;10.0;https://www.agoda.com/api/cronos/property/review/HotelReviews?hotelId=2937&pageSize=50&referer=https%3A%2F%2Fwww.agoda.com%2Fvenetian-resort-hotel-casino%2Fhotel%2Flas-vegas-nv-us.html&providerMode=separate;7;2026-06-07T16:23:33.156739+00:00;ok;
HVEGAS001;The Venetian Resort Las Vegas;Las Vegas;United States;booking_via_agoda;agoda;3038.0;Booking.com;efc1b44f153f2405;20/11/2025;2025;;;1.0;0.0;10.0;1.0;https://www.agoda.com/api/cronos/property/review/HotelReviews?hotelId=2937&pageSize=50&referer=https%3A%2F%2Fwww.agoda.com%2Fvenetian-resort-hotel-casino%2Fhotel%2Flas-vegas-nv-us.html&providerMode=separate;7;2026-06-07T16:23:33.156739+00:00;ok;
HVEGAS001;The Venetian Resort Las Vegas;Las Vegas;United States;booking_via_agoda;agoda;3038.0;Booking.com;05bcda2de3cd4639;20/11/2025;2025;;;10.0;0.0;10.0;10.0;https://www.agoda.com/api/cronos/property/review/HotelReviews?hotelId=2937&pageSize=50&referer=https%3A%2F%2Fwww.agoda.com%2Fvenetian-resort-hotel-casino%2Fhotel%2Flas-vegas-nv-us.html&providerMode=separate;7;2026-06-07T16:23:33.156739+00:00;ok;
HVEGAS001;The Venetian Resort Las Vegas;Las Vegas;United States;booking_via_agoda;agoda;3038.0;Booking.com;7a10aafa04d6dcea;20/11/2025;2025;;;10.0;0.0;10.0;10.0;https://www.agoda.com/api/cronos/property/review/HotelReviews?hotelId=2937&pageSize=50&referer=https%3A%2F%2Fwww.agoda.com%2Fvenetian-resort-hotel-casino%2Fhotel%2Flas-vegas-nv-us.html&providerMode=separate;7;2026-06-07T16:23:33.156739+00:00;ok;
HVEGAS001;The Venetian Resort Las Vegas;Las Vegas;United States;booking_via_agoda;agoda;3038.0;Booking.com;d72ec52c6615214e;21/11/2025;2025;;;10.0;0.0;10.0;10.0;https://www.agoda.com/api/cronos/property/review/HotelReviews?hotelId=2937&pageSize=50&referer=https%3A%2F%2Fwww.agoda.com%2Fvenetian-resort-hotel-casino%2Fhotel%2Flas-vegas-nv-us.html&providerMode=separate;7;2026-06-07T16:23:33.156739+00:00;ok;
HVEGAS001;The Venetian Resort Las Vegas;Las Vegas;United States;booking_via_agoda;agoda;3038.0;Booking.com;2dbac1d485b7725d;21/11/2025;2025;;;10.0;0.0;10.0;10.0;https://www.agoda.com/api/cronos/property/review/HotelReviews?hotelId=2937&pageSize=50&referer=https%3A%2F%2Fwww.agoda.com%2Fvenetian-resort-hotel-casino%2Fhotel%2Flas-vegas-nv-us.html&providerMode=separate;7;2026-06-07T16:23:33.156739+00:00;ok;
HVEGAS001;The Venetian Resort Las Vegas;Las Vegas;United States;booking_via_agoda;agoda;3038.0;Booking.com;c634b70095a97b7f;22/11/2025;2025;;;10.0;0.0;10.0;10.0;https://www.agoda.com/api/cronos/property/review/HotelReviews?hotelId=2937&pageSize=50&referer=https%3A%2F%2Fwww.agoda.com%2Fvenetian-resort-hotel-casino%2Fhotel%2Flas-vegas-nv-us.html&providerMode=separate;7;2026-06-07T16:23:33.156739+00:00;ok;
HVEGAS001;The Venetian Resort Las Vegas;Las Vegas;United States;booking_via_agoda;agoda;3038.0;Booking.com;acd2d126da57801c;23/11/2025;2025;;;9.0;0.0;10.0;9.0;https://www.agoda.com/api/cronos/property/review/HotelReviews?hotelId=2937&pageSize=50&referer=https%3A%2F%2Fwww.agoda.com%2Fvenetian-resort-hotel-casino%2Fhotel%2Flas-vegas-nv-us.html&providerMode=separate;7;2026-06-07T16:23:33.156739+00:00;ok;
HVEGAS001;The Venetian Resort Las Vegas;Las Vegas;United States;booking_via_agoda;agoda;3038.0;Booking.com;33f852c87b2c33ba;24/11/2025;2025;;;10.0;0.0;10.0;10.0;https://www.agoda.com/api/cronos/property/review/HotelReviews?hotelId=2937&pageSize=50&referer=https%3A%2F%2Fwww.agoda.com%2Fvenetian-resort-hotel-casino%2Fhotel%2Flas-vegas-nv-us.html&providerMode=separate;7;2026-06-07T16:23:33.156739+00:00;ok;
HVEGAS001;The Venetian Resort Las Vegas;Las Vegas;United States;booking_via_agoda;agoda;3038.0;Booking.com;accf38e49af0681c;24/11/2025;2025;;;10.0;0.0;10.0;10.0;https://www.agoda.com/api/cronos/property/review/HotelReviews?hotelId=2937&pageSize=50&referer=https%3A%2F%2Fwww.agoda.com%2Fvenetian-resort-hotel-casino%2Fhotel%2Flas-vegas-nv-us.html&providerMode=separate;7;2026-06-07T16:23:33.156739+00:00;ok;
HVEGAS001;The Venetian Resort Las Vegas;Las Vegas;United States;booking_via_agoda;agoda;3038.0;Booking.com;2c22ce4c45ce4f92;25/11/2025;2025;;;9.0;0.0;10.0;9.0;https://www.agoda.com/api/cronos/property/review/HotelReviews?hotelId=2937&pageSize=50&referer=https%3A%2F%2Fwww.agoda.com%2Fvenetian-resort-hotel-casino%2Fhotel%2Flas-vegas-nv-us.html&providerMode=separate;7;2026-06-07T16:23:33.156739+00:00;ok;
HVEGAS001;The Venetian Resort Las Vegas;Las Vegas;United States;booking_via_agoda;agoda;3038.0;Booking.com;e8cb1af695f88c54;27/11/2025;2025;;;9.0;0.0;10.0;9.0;https://www.agoda.com/api/cronos/property/review/HotelReviews?hotelId=2937&pageSize=50&referer=https%3A%2F%2Fwww.agoda.com%2Fvenetian-resort-hotel-casino%2Fhotel%2Flas-vegas-nv-us.html&providerMode=separate;7;2026-06-07T16:23:33.156739+00:00;ok;
HVEGAS001;The Venetian Resort Las Vegas;Las Vegas;United States;booking_via_agoda;agoda;3038.0;Booking.com;1dda31e5f5666c84;27/11/2025;2025;;;9.0;0.0;10.0;9.0;https://www.agoda.com/api/cronos/property/review/HotelReviews?hotelId=2937&pageSize=50&referer=https%3A%2F%2Fwww.agoda.com%2Fvenetian-resort-hotel-casino%2Fhotel%2Flas-vegas-nv-us.html&providerMode=separate;7;2026-06-07T16:23:33.156739+00:00;ok;
HVEGAS001;The Venetian Resort Las Vegas;Las Vegas;United States;booking_via_agoda;agoda;3038.0;Booking.com;4655b59f4e39a3d0;27/11/2025;2025;;;10.0;0.0;10.0;10.0;https://www.agoda.com/api/cronos/property/review/HotelReviews?hotelId=2937&pageSize=50&referer=https%3A%2F%2Fwww.agoda.com%2Fvenetian-resort-hotel-casino%2Fhotel%2Flas-vegas-nv-us.html&providerMode=separate;7;2026-06-07T16:23:33.156739+00:00;ok;
HVEGAS001;The Venetian Resort Las Vegas;Las Vegas;United States;booking_via_agoda;agoda;3038.0;Booking.com;b935b3b2851e6345;28/11/2025;2025;;;8.0;0.0;10.0;8.0;https://www.agoda.com/api/cronos/property/review/HotelReviews?hotelId=2937&pageSize=50&referer=https%3A%2F%2Fwww.agoda.com%2Fvenetian-resort-hotel-casino%2Fhotel%2Flas-vegas-nv-us.html&providerMode=separate;7;2026-06-07T16:23:33.156739+00:00;ok;
HVEGAS001;The Venetian Resort Las Vegas;Las Vegas;United States;booking_via_agoda;agoda;3038.0;Booking.com;b322cc102aa0be63;28/11/2025;2025;;;10.0;0.0;10.0;10.0;https://www.agoda.com/api/cronos/property/review/HotelReviews?hotelId=2937&pageSize=50&referer=https%3A%2F%2Fwww.agoda.com%2Fvenetian-resort-hotel-casino%2Fhotel%2Flas-vegas-nv-us.html&providerMode=separate;7;2026-06-07T16:23:33.156739+00:00;ok;
HVEGAS001;The Venetian Resort Las Vegas;Las Vegas;United States;booking_via_agoda;agoda;3038.0;Booking.com;206f1bb371792667;28/11/2025;2025;;;9.0;0.0;10.0;9.0;https://www.agoda.com/api/cronos/property/review/HotelReviews?hotelId=2937&pageSize=50&referer=https%3A%2F%2Fwww.agoda.com%2Fvenetian-resort-hotel-casino%2Fhotel%2Flas-vegas-nv-us.html&providerMode=separate;7;2026-06-07T16:23:33.156739+00:00;ok;
HVEGAS001;The Venetian Resort Las Vegas;Las Vegas;United States;booking_via_agoda;agoda;3038.0;Booking.com;36d60f6ce01ac769;29/11/2025;2025;;;10.0;0.0;10.0;10.0;https://www.agoda.com/api/cronos/property/review/HotelReviews?hotelId=2937&pageSize=50&referer=https%3A%2F%2Fwww.agoda.com%2Fvenetian-resort-hotel-casino%2Fhotel%2Flas-vegas-nv-us.html&providerMode=separate;7;2026-06-07T16:23:33.156739+00:00;ok;
HVEGAS001;The Venetian Resort Las Vegas;Las Vegas;United States;booking_via_agoda;agoda;3038.0;Booking.com;9507f0d196430008;29/11/2025;2025;;;9.0;0.0;10.0;9.0;https://www.agoda.com/api/cronos/property/review/HotelReviews?hotelId=2937&pageSize=50&referer=https%3A%2F%2Fwww.agoda.com%2Fvenetian-resort-hotel-casino%2Fhotel%2Flas-vegas-nv-us.html&providerMode=separate;7;2026-06-07T16:23:33.156739+00:00;ok;
HVEGAS001;The Venetian Resort Las Vegas;Las Vegas;United States;booking_via_agoda;agoda;3038.0;Booking.com;ec64f53d026e4021;01/12/2025;2025;;;1.0;0.0;10.0;1.0;https://www.agoda.com/api/cronos/property/review/HotelReviews?hotelId=2937&pageSize=50&referer=https%3A%2F%2Fwww.agoda.com%2Fvenetian-resort-hotel-casino%2Fhotel%2Flas-vegas-nv-us.html&providerMode=separate;7;2026-06-07T16:23:33.156739+00:00;ok;
HVEGAS001;The Venetian Resort Las Vegas;Las Vegas;United States;booking_via_agoda;agoda;3038.0;Booking.com;8b83d009d703138e;02/12/2025;2025;;;8.0;0.0;10.0;8.0;https://www.agoda.com/api/cronos/property/review/HotelReviews?hotelId=2937&pageSize=50&referer=https%3A%2F%2Fwww.agoda.com%2Fvenetian-resort-hotel-casino%2Fhotel%2Flas-vegas-nv-us.html&providerMode=separate;7;2026-06-07T16:23:33.156739+00:00;ok;
HVEGAS001;The Venetian Resort Las Vegas;Las Vegas;United States;booking_via_agoda;agoda;3038.0;Booking.com;6ade8414b2bb535e;03/12/2025;2025;;;10.0;0.0;10.0;10.0;https://www.agoda.com/api/cronos/property/review/HotelReviews?hotelId=2937&pageSize=50&referer=https%3A%2F%2Fwww.agoda.com%2Fvenetian-resort-hotel-casino%2Fhotel%2Flas-vegas-nv-us.html&providerMode=separate;6;2026-06-07T16:23:33.156739+00:00;ok;
HVEGAS001;The Venetian Resort Las Vegas;Las Vegas;United States;booking_via_agoda;agoda;3038.0;Booking.com;166204cd5c44436f;03/12/2025;2025;;;5.0;0.0;10.0;5.0;https://www.agoda.com/api/cronos/property/review/HotelReviews?hotelId=2937&pageSize=50&referer=https%3A%2F%2Fwww.agoda.com%2Fvenetian-resort-hotel-casino%2Fhotel%2Flas-vegas-nv-us.html&providerMode=separate;6;2026-06-07T16:23:33.156739+00:00;ok;
HVEGAS001;The Venetian Resort Las Vegas;Las Vegas;United States;booking_via_agoda;agoda;3038.0;Booking.com;51d2ff85342b43bc;04/12/2025;2025;;;7.0;0.0;10.0;7.0;https://www.agoda.com/api/cronos/property/review/HotelReviews?hotelId=2937&pageSize=50&referer=https%3A%2F%2Fwww.agoda.com%2Fvenetian-resort-hotel-casino%2Fhotel%2Flas-vegas-nv-us.html&providerMode=separate;6;2026-06-07T16:23:33.156739+00:00;ok;
HVEGAS001;The Venetian Resort Las Vegas;Las Vegas;United States;booking_via_agoda;agoda;3038.0;Booking.com;5f0f9b0f7a590d1a;05/12/2025;2025;;;9.0;0.0;10.0;9.0;https://www.agoda.com/api/cronos/property/review/HotelReviews?hotelId=2937&pageSize=50&referer=https%3A%2F%2Fwww.agoda.com%2Fvenetian-resort-hotel-casino%2Fhotel%2Flas-vegas-nv-us.html&providerMode=separate;6;2026-06-07T16:23:33.156739+00:00;ok;
HVEGAS001;The Venetian Resort Las Vegas;Las Vegas;United States;booking_via_agoda;agoda;3038.0;Booking.com;cfb56081e31bf2ed;05/12/2025;2025;;;9.0;0.0;10.0;9.0;https://www.agoda.com/api/cronos/property/review/HotelReviews?hotelId=2937&pageSize=50&referer=https%3A%2F%2Fwww.agoda.com%2Fvenetian-resort-hotel-casino%2Fhotel%2Flas-vegas-nv-us.html&providerMode=separate;6;2026-06-07T16:23:33.156739+00:00;ok;
HVEGAS001;The Venetian Resort Las Vegas;Las Vegas;United States;booking_via_agoda;agoda;3038.0;Booking.com;c59d1766b76f6e69;06/12/2025;2025;;;2.0;0.0;10.0;2.0;https://www.agoda.com/api/cronos/property/review/HotelReviews?hotelId=2937&pageSize=50&referer=https%3A%2F%2Fwww.agoda.com%2Fvenetian-resort-hotel-casino%2Fhotel%2Flas-vegas-nv-us.html&providerMode=separate;6;2026-06-07T16:23:33.156739+00:00;ok;
HVEGAS001;The Venetian Resort Las Vegas;Las Vegas;United States;booking_via_agoda;agoda;3038.0;Booking.com;71370eb6c30f83d7;08/12/2025;2025;;;10.0;0.0;10.0;10.0;https://www.agoda.com/api/cronos/property/review/HotelReviews?hotelId=2937&pageSize=50&referer=https%3A%2F%2Fwww.agoda.com%2Fvenetian-resort-hotel-casino%2Fhotel%2Flas-vegas-nv-us.html&providerMode=separate;6;2026-06-07T16:23:33.156739+00:00;ok;
HVEGAS001;The Venetian Resort Las Vegas;Las Vegas;United States;booking_via_agoda;agoda;3038.0;Booking.com;6ac178c7591a59e6;09/12/2025;2025;;;10.0;0.0;10.0;10.0;https://www.agoda.com/api/cronos/property/review/HotelReviews?hotelId=2937&pageSize=50&referer=https%3A%2F%2Fwww.agoda.com%2Fvenetian-resort-hotel-casino%2Fhotel%2Flas-vegas-nv-us.html&providerMode=separate;6;2026-06-07T16:23:33.156739+00:00;ok;
HVEGAS001;The Venetian Resort Las Vegas;Las Vegas;United States;booking_via_agoda;agoda;3038.0;Booking.com;0e504466cfb98b74;09/12/2025;2025;;;10.0;0.0;10.0;10.0;https://www.agoda.com/api/cronos/property/review/HotelReviews?hotelId=2937&pageSize=50&referer=https%3A%2F%2Fwww.agoda.com%2Fvenetian-resort-hotel-casino%2Fhotel%2Flas-vegas-nv-us.html&providerMode=separate;6;2026-06-07T16:23:33.156739+00:00;ok;
HVEGAS001;The Venetian Resort Las Vegas;Las Vegas;United States;booking_via_agoda;agoda;3038.0;Booking.com;933ebb636c284947;09/12/2025;2025;;;10.0;0.0;10.0;10.0;https://www.agoda.com/api/cronos/property/review/HotelReviews?hotelId=2937&pageSize=50&referer=https%3A%2F%2Fwww.agoda.com%2Fvenetian-resort-hotel-casino%2Fhotel%2Flas-vegas-nv-us.html&providerMode=separate;6;2026-06-07T16:23:33.156739+00:00;ok;
HVEGAS001;The Venetian Resort Las Vegas;Las Vegas;United States;booking_via_agoda;agoda;3038.0;Booking.com;d1b1e07f2360757a;09/12/2025;2025;;;10.0;0.0;10.0;10.0;https://www.agoda.com/api/cronos/property/review/HotelReviews?hotelId=2937&pageSize=50&referer=https%3A%2F%2Fwww.agoda.com%2Fvenetian-resort-hotel-casino%2Fhotel%2Flas-vegas-nv-us.html&providerMode=separate;6;2026-06-07T16:23:33.156739+00:00;ok;
HVEGAS001;The Venetian Resort Las Vegas;Las Vegas;United States;booking_via_agoda;agoda;3038.0;Booking.com;860dc3ff4eb79446;10/12/2025;2025;;;10.0;0.0;10.0;10.0;https://www.agoda.com/api/cronos/property/review/HotelReviews?hotelId=2937&pageSize=50&referer=https%3A%2F%2Fwww.agoda.com%2Fvenetian-resort-hotel-casino%2Fhotel%2Flas-vegas-nv-us.html&providerMode=separate;6;2026-06-07T16:23:33.156739+00:00;ok;
HVEGAS001;The Venetian Resort Las Vegas;Las Vegas;United States;booking_via_agoda;agoda;3038.0;Booking.com;542bb8d6fab64b44;11/12/2025;2025;;;10.0;0.0;10.0;10.0;https://www.agoda.com/api/cronos/property/review/HotelReviews?hotelId=2937&pageSize=50&referer=https%3A%2F%2Fwww.agoda.com%2Fvenetian-resort-hotel-casino%2Fhotel%2Flas-vegas-nv-us.html&providerMode=separate;6;2026-06-07T16:23:33.156739+00:00;ok;
HVEGAS001;The Venetian Resort Las Vegas;Las Vegas;United States;booking_via_agoda;agoda;3038.0;Booking.com;363207e0d3245e3c;12/12/2025;2025;;;10.0;0.0;10.0;10.0;https://www.agoda.com/api/cronos/property/review/HotelReviews?hotelId=2937&pageSize=50&referer=https%3A%2F%2Fwww.agoda.com%2Fvenetian-resort-hotel-casino%2Fhotel%2Flas-vegas-nv-us.html&providerMode=separate;6;2026-06-07T16:23:33.156739+00:00;ok;
HVEGAS001;The Venetian Resort Las Vegas;Las Vegas;United States;booking_via_agoda;agoda;3038.0;Booking.com;c49ff497cc26eec7;13/12/2025;2025;;;10.0;0.0;10.0;10.0;https://www.agoda.com/api/cronos/property/review/HotelReviews?hotelId=2937&pageSize=50&referer=https%3A%2F%2Fwww.agoda.com%2Fvenetian-resort-hotel-casino%2Fhotel%2Flas-vegas-nv-us.html&providerMode=separate;6;2026-06-07T16:23:33.156739+00:00;ok;
HVEGAS001;The Venetian Resort Las Vegas;Las Vegas;United States;booking_via_agoda;agoda;3038.0;Booking.com;fb5ca26d8d600929;15/12/2025;2025;;;7.0;0.0;10.0;7.0;https://www.agoda.com/api/cronos/property/review/HotelReviews?hotelId=2937&pageSize=50&referer=https%3A%2F%2Fwww.agoda.com%2Fvenetian-resort-hotel-casino%2Fhotel%2Flas-vegas-nv-us.html&providerMode=separate;6;2026-06-07T16:23:33.156739+00:00;ok;
HVEGAS001;The Venetian Resort Las Vegas;Las Vegas;United States;booking_via_agoda;agoda;3038.0;Booking.com;c503f1a72137107b;16/12/2025;2025;;;9.0;0.0;10.0;9.0;https://www.agoda.com/api/cronos/property/review/HotelReviews?hotelId=2937&pageSize=50&referer=https%3A%2F%2Fwww.agoda.com%2Fvenetian-resort-hotel-casino%2Fhotel%2Flas-vegas-nv-us.html&providerMode=separate;6;2026-06-07T16:23:33.156739+00:00;ok;
HVEGAS001;The Venetian Resort Las Vegas;Las Vegas;United States;booking_via_agoda;agoda;3038.0;Booking.com;80c6a1306193cfb1;17/12/2025;2025;;;10.0;0.0;10.0;10.0;https://www.agoda.com/api/cronos/property/review/HotelReviews?hotelId=2937&pageSize=50&referer=https%3A%2F%2Fwww.agoda.com%2Fvenetian-resort-hotel-casino%2Fhotel%2Flas-vegas-nv-us.html&providerMode=separate;6;2026-06-07T16:23:33.156739+00:00;ok;
HVEGAS001;The Venetian Resort Las Vegas;Las Vegas;United States;booking_via_agoda;agoda;3038.0;Booking.com;98c54a8768f7b025;18/12/2025;2025;;;8.0;0.0;10.0;8.0;https://www.agoda.com/api/cronos/property/review/HotelReviews?hotelId=2937&pageSize=50&referer=https%3A%2F%2Fwww.agoda.com%2Fvenetian-resort-hotel-casino%2Fhotel%2Flas-vegas-nv-us.html&providerMode=separate;6;2026-06-07T16:23:33.156739+00:00;ok;
HVEGAS001;The Venetian Resort Las Vegas;Las Vegas;United States;booking_via_agoda;agoda;3038.0;Booking.com;3eff7810b1453519;18/12/2025;2025;;;10.0;0.0;10.0;10.0;https://www.agoda.com/api/cronos/property/review/HotelReviews?hotelId=2937&pageSize=50&referer=https%3A%2F%2Fwww.agoda.com%2Fvenetian-resort-hotel-casino%2Fhotel%2Flas-vegas-nv-us.html&providerMode=separate;6;2026-06-07T16:23:33.156739+00:00;ok;
HVEGAS001;The Venetian Resort Las Vegas;Las Vegas;United States;booking_via_agoda;agoda;3038.0;Booking.com;5c75ad2a35cb4049;18/12/2025;2025;;;8.0;0.0;10.0;8.0;https://www.agoda.com/api/cronos/property/review/HotelReviews?hotelId=2937&pageSize=50&referer=https%3A%2F%2Fwww.agoda.com%2Fvenetian-resort-hotel-casino%2Fhotel%2Flas-vegas-nv-us.html&providerMode=separate;6;2026-06-07T16:23:33.156739+00:00;ok;
HVEGAS001;The Venetian Resort Las Vegas;Las Vegas;United States;booking_via_agoda;agoda;3038.0;Booking.com;38a5e7494f276c02;18/12/2025;2025;;;10.0;0.0;10.0;10.0;https://www.agoda.com/api/cronos/property/review/HotelReviews?hotelId=2937&pageSize=50&referer=https%3A%2F%2Fwww.agoda.com%2Fvenetian-resort-hotel-casino%2Fhotel%2Flas-vegas-nv-us.html&providerMode=separate;6;2026-06-07T16:23:33.156739+00:00;ok;
HVEGAS001;The Venetian Resort Las Vegas;Las Vegas;United States;booking_via_agoda;agoda;3038.0;Booking.com;1429e6341ada9e54;18/12/2025;2025;;;10.0;0.0;10.0;10.0;https://www.agoda.com/api/cronos/property/review/HotelReviews?hotelId=2937&pageSize=50&referer=https%3A%2F%2Fwww.agoda.com%2Fvenetian-resort-hotel-casino%2Fhotel%2Flas-vegas-nv-us.html&providerMode=separate;6;2026-06-07T16:23:33.156739+00:00;ok;
HVEGAS001;The Venetian Resort Las Vegas;Las Vegas;United States;booking_via_agoda;agoda;3038.0;Booking.com;319d2718c3d89f09;19/12/2025;2025;;;1.0;0.0;10.0;1.0;https://www.agoda.com/api/cronos/property/review/HotelReviews?hotelId=2937&pageSize=50&referer=https%3A%2F%2Fwww.agoda.com%2Fvenetian-resort-hotel-casino%2Fhotel%2Flas-vegas-nv-us.html&providerMode=separate;6;2026-06-07T16:23:33.156739+00:00;ok;
HVEGAS001;The Venetian Resort Las Vegas;Las Vegas;United States;booking_via_agoda;agoda;3038.0;Booking.com;8f20003f89b399cf;19/12/2025;2025;;;9.0;0.0;10.0;9.0;https://www.agoda.com/api/cronos/property/review/HotelReviews?hotelId=2937&pageSize=50&referer=https%3A%2F%2Fwww.agoda.com%2Fvenetian-resort-hotel-casino%2Fhotel%2Flas-vegas-nv-us.html&providerMode=separate;6;2026-06-07T16:23:33.156739+00:00;ok;
HVEGAS001;The Venetian Resort Las Vegas;Las Vegas;United States;booking_via_agoda;agoda;3038.0;Booking.com;4d65e6cdaa26c315;21/12/2025;2025;;;10.0;0.0;10.0;10.0;https://www.agoda.com/api/cronos/property/review/HotelReviews?hotelId=2937&pageSize=50&referer=https%3A%2F%2Fwww.agoda.com%2Fvenetian-resort-hotel-casino%2Fhotel%2Flas-vegas-nv-us.html&providerMode=separate;6;2026-06-07T16:23:33.156739+00:00;ok;
HVEGAS001;The Venetian Resort Las Vegas;Las Vegas;United States;booking_via_agoda;agoda;3038.0;Booking.com;89249ed2a6a09146;22/12/2025;2025;;;10.0;0.0;10.0;10.0;https://www.agoda.com/api/cronos/property/review/HotelReviews?hotelId=2937&pageSize=50&referer=https%3A%2F%2Fwww.agoda.com%2Fvenetian-resort-hotel-casino%2Fhotel%2Flas-vegas-nv-us.html&providerMode=separate;6;2026-06-07T16:23:33.156739+00:00;ok;
HVEGAS001;The Venetian Resort Las Vegas;Las Vegas;United States;booking_via_agoda;agoda;3038.0;Booking.com;b05e7610fa8d6e82;23/12/2025;2025;;;6.0;0.0;10.0;6.0;https://www.agoda.com/api/cronos/property/review/HotelReviews?hotelId=2937&pageSize=50&referer=https%3A%2F%2Fwww.agoda.com%2Fvenetian-resort-hotel-casino%2Fhotel%2Flas-vegas-nv-us.html&providerMode=separate;6;2026-06-07T16:23:33.156739+00:00;ok;
HVEGAS001;The Venetian Resort Las Vegas;Las Vegas;United States;booking_via_agoda;agoda;3038.0;Booking.com;7ab5c555e7900119;24/12/2025;2025;;;10.0;0.0;10.0;10.0;https://www.agoda.com/api/cronos/property/review/HotelReviews?hotelId=2937&pageSize=50&referer=https%3A%2F%2Fwww.agoda.com%2Fvenetian-resort-hotel-casino%2Fhotel%2Flas-vegas-nv-us.html&providerMode=separate;6;2026-06-07T16:23:33.156739+00:00;ok;
HVEGAS001;The Venetian Resort Las Vegas;Las Vegas;United States;booking_via_agoda;agoda;3038.0;Booking.com;ec8dade777646b88;24/12/2025;2025;;;10.0;0.0;10.0;10.0;https://www.agoda.com/api/cronos/property/review/HotelReviews?hotelId=2937&pageSize=50&referer=https%3A%2F%2Fwww.agoda.com%2Fvenetian-resort-hotel-casino%2Fhotel%2Flas-vegas-nv-us.html&providerMode=separate;6;2026-06-07T16:23:33.156739+00:00;ok;
HVEGAS001;The Venetian Resort Las Vegas;Las Vegas;United States;booking_via_agoda;agoda;3038.0;Booking.com;8d1b50890ed3efb2;25/12/2025;2025;;;10.0;0.0;10.0;10.0;https://www.agoda.com/api/cronos/property/review/HotelReviews?hotelId=2937&pageSize=50&referer=https%3A%2F%2Fwww.agoda.com%2Fvenetian-resort-hotel-casino%2Fhotel%2Flas-vegas-nv-us.html&providerMode=separate;6;2026-06-07T16:23:33.156739+00:00;ok;
HVEGAS001;The Venetian Resort Las Vegas;Las Vegas;United States;booking_via_agoda;agoda;3038.0;Booking.com;ad597d01dc123c1f;25/12/2025;2025;;;10.0;0.0;10.0;10.0;https://www.agoda.com/api/cronos/property/review/HotelReviews?hotelId=2937&pageSize=50&referer=https%3A%2F%2Fwww.agoda.com%2Fvenetian-resort-hotel-casino%2Fhotel%2Flas-vegas-nv-us.html&providerMode=separate;6;2026-06-07T16:23:33.156739+00:00;ok;
HVEGAS001;The Venetian Resort Las Vegas;Las Vegas;United States;booking_via_agoda;agoda;3038.0;Booking.com;3a65c076c5dbfa73;25/12/2025;2025;;;9.0;0.0;10.0;9.0;https://www.agoda.com/api/cronos/property/review/HotelReviews?hotelId=2937&pageSize=50&referer=https%3A%2F%2Fwww.agoda.com%2Fvenetian-resort-hotel-casino%2Fhotel%2Flas-vegas-nv-us.html&providerMode=separate;6;2026-06-07T16:23:33.156739+00:00;ok;
HVEGAS001;The Venetian Resort Las Vegas;Las Vegas;United States;booking_via_agoda;agoda;3038.0;Booking.com;4391b78f93708421;25/12/2025;2025;;;10.0;0.0;10.0;10.0;https://www.agoda.com/api/cronos/property/review/HotelReviews?hotelId=2937&pageSize=50&referer=https%3A%2F%2Fwww.agoda.com%2Fvenetian-resort-hotel-casino%2Fhotel%2Flas-vegas-nv-us.html&providerMode=separate;6;2026-06-07T16:23:33.156739+00:00;ok;
HVEGAS001;The Venetian Resort Las Vegas;Las Vegas;United States;booking_via_agoda;agoda;3038.0;Booking.com;06c2b8a9470d3ccc;26/12/2025;2025;;;10.0;0.0;10.0;10.0;https://www.agoda.com/api/cronos/property/review/HotelReviews?hotelId=2937&pageSize=50&referer=https%3A%2F%2Fwww.agoda.com%2Fvenetian-resort-hotel-casino%2Fhotel%2Flas-vegas-nv-us.html&providerMode=separate;6;2026-06-07T16:23:33.156739+00:00;ok;
HVEGAS001;The Venetian Resort Las Vegas;Las Vegas;United States;booking_via_agoda;agoda;3038.0;Booking.com;a07d1fc98639e279;26/12/2025;2025;;;9.0;0.0;10.0;9.0;https://www.agoda.com/api/cronos/property/review/HotelReviews?hotelId=2937&pageSize=50&referer=https%3A%2F%2Fwww.agoda.com%2Fvenetian-resort-hotel-casino%2Fhotel%2Flas-vegas-nv-us.html&providerMode=separate;6;2026-06-07T16:23:33.156739+00:00;ok;
HVEGAS001;The Venetian Resort Las Vegas;Las Vegas;United States;booking_via_agoda;agoda;3038.0;Booking.com;a0ad6c8879bc07c4;26/12/2025;2025;;;1.0;0.0;10.0;1.0;https://www.agoda.com/api/cronos/property/review/HotelReviews?hotelId=2937&pageSize=50&referer=https%3A%2F%2Fwww.agoda.com%2Fvenetian-resort-hotel-casino%2Fhotel%2Flas-vegas-nv-us.html&providerMode=separate;6;2026-06-07T16:23:33.156739+00:00;ok;
HVEGAS001;The Venetian Resort Las Vegas;Las Vegas;United States;booking_via_agoda;agoda;3038.0;Booking.com;95cc0c82cb8c64dd;26/12/2025;2025;;;5.0;0.0;10.0;5.0;https://www.agoda.com/api/cronos/property/review/HotelReviews?hotelId=2937&pageSize=50&referer=https%3A%2F%2Fwww.agoda.com%2Fvenetian-resort-hotel-casino%2Fhotel%2Flas-vegas-nv-us.html&providerMode=separate;6;2026-06-07T16:23:33.156739+00:00;ok;
HVEGAS001;The Venetian Resort Las Vegas;Las Vegas;United States;booking_via_agoda;agoda;3038.0;Booking.com;4645d13e13e934b1;27/12/2025;2025;;;8.0;0.0;10.0;8.0;https://www.agoda.com/api/cronos/property/review/HotelReviews?hotelId=2937&pageSize=50&referer=https%3A%2F%2Fwww.agoda.com%2Fvenetian-resort-hotel-casino%2Fhotel%2Flas-vegas-nv-us.html&providerMode=separate;6;2026-06-07T16:23:33.156739+00:00;ok;
HVEGAS001;The Venetian Resort Las Vegas;Las Vegas;United States;booking_via_agoda;agoda;3038.0;Booking.com;785e696d4607c952;27/12/2025;2025;;;10.0;0.0;10.0;10.0;https://www.agoda.com/api/cronos/property/review/HotelReviews?hotelId=2937&pageSize=50&referer=https%3A%2F%2Fwww.agoda.com%2Fvenetian-resort-hotel-casino%2Fhotel%2Flas-vegas-nv-us.html&providerMode=separate;6;2026-06-07T16:23:33.156739+00:00;ok;
HVEGAS001;The Venetian Resort Las Vegas;Las Vegas;United States;booking_via_agoda;agoda;3038.0;Booking.com;dc0ffe56af6d3465;27/12/2025;2025;;;8.0;0.0;10.0;8.0;https://www.agoda.com/api/cronos/property/review/HotelReviews?hotelId=2937&pageSize=50&referer=https%3A%2F%2Fwww.agoda.com%2Fvenetian-resort-hotel-casino%2Fhotel%2Flas-vegas-nv-us.html&providerMode=separate;6;2026-06-07T16:23:33.156739+00:00;ok;
HVEGAS001;The Venetian Resort Las Vegas;Las Vegas;United States;booking_via_agoda;agoda;3038.0;Booking.com;9ca7e73b1388ec2b;28/12/2025;2025;;;9.0;0.0;10.0;9.0;https://www.agoda.com/api/cronos/property/review/HotelReviews?hotelId=2937&pageSize=50&referer=https%3A%2F%2Fwww.agoda.com%2Fvenetian-resort-hotel-casino%2Fhotel%2Flas-vegas-nv-us.html&providerMode=separate;6;2026-06-07T16:23:33.156739+00:00;ok;
HVEGAS001;The Venetian Resort Las Vegas;Las Vegas;United States;booking_via_agoda;agoda;3038.0;Booking.com;5cad9805e6d215a1;28/12/2025;2025;;;2.0;0.0;10.0;2.0;https://www.agoda.com/api/cronos/property/review/HotelReviews?hotelId=2937&pageSize=50&referer=https%3A%2F%2Fwww.agoda.com%2Fvenetian-resort-hotel-casino%2Fhotel%2Flas-vegas-nv-us.html&providerMode=separate;6;2026-06-07T16:23:33.156739+00:00;ok;
HVEGAS001;The Venetian Resort Las Vegas;Las Vegas;United States;booking_via_agoda;agoda;3038.0;Booking.com;6133c9f0a69ef3f4;28/12/2025;2025;;;10.0;0.0;10.0;10.0;https://www.agoda.com/api/cronos/property/review/HotelReviews?hotelId=2937&pageSize=50&referer=https%3A%2F%2Fwww.agoda.com%2Fvenetian-resort-hotel-casino%2Fhotel%2Flas-vegas-nv-us.html&providerMode=separate;6;2026-06-07T16:23:33.156739+00:00;ok;
HVEGAS001;The Venetian Resort Las Vegas;Las Vegas;United States;booking_via_agoda;agoda;3038.0;Booking.com;c8437a06ac7ae49d;28/12/2025;2025;;;10.0;0.0;10.0;10.0;https://www.agoda.com/api/cronos/property/review/HotelReviews?hotelId=2937&pageSize=50&referer=https%3A%2F%2Fwww.agoda.com%2Fvenetian-resort-hotel-casino%2Fhotel%2Flas-vegas-nv-us.html&providerMode=separate;6;2026-06-07T16:23:33.156739+00:00;ok;
HVEGAS001;The Venetian Resort Las Vegas;Las Vegas;United States;booking_via_agoda;agoda;3038.0;Booking.com;6299f5db80b872a0;29/12/2025;2025;;;10.0;0.0;10.0;10.0;https://www.agoda.com/api/cronos/property/review/HotelReviews?hotelId=2937&pageSize=50&referer=https%3A%2F%2Fwww.agoda.com%2Fvenetian-resort-hotel-casino%2Fhotel%2Flas-vegas-nv-us.html&providerMode=separate;6;2026-06-07T16:23:33.156739+00:00;ok;
HVEGAS001;The Venetian Resort Las Vegas;Las Vegas;United States;booking_via_agoda;agoda;3038.0;Booking.com;9095561d4d6ed957;30/12/2025;2025;;;10.0;0.0;10.0;10.0;https://www.agoda.com/api/cronos/property/review/HotelReviews?hotelId=2937&pageSize=50&referer=https%3A%2F%2Fwww.agoda.com%2Fvenetian-resort-hotel-casino%2Fhotel%2Flas-vegas-nv-us.html&providerMode=separate;6;2026-06-07T16:23:33.156739+00:00;ok;
HVEGAS001;The Venetian Resort Las Vegas;Las Vegas;United States;booking_via_agoda;agoda;3038.0;Booking.com;27d8d46a31fb8906;30/12/2025;2025;;;9.0;0.0;10.0;9.0;https://www.agoda.com/api/cronos/property/review/HotelReviews?hotelId=2937&pageSize=50&referer=https%3A%2F%2Fwww.agoda.com%2Fvenetian-resort-hotel-casino%2Fhotel%2Flas-vegas-nv-us.html&providerMode=separate;6;2026-06-07T16:23:33.156739+00:00;ok;
HVEGAS001;The Venetian Resort Las Vegas;Las Vegas;United States;booking_via_agoda;agoda;3038.0;Booking.com;744de0b257d70b9b;30/12/2025;2025;;;8.0;0.0;10.0;8.0;https://www.agoda.com/api/cronos/property/review/HotelReviews?hotelId=2937&pageSize=50&referer=https%3A%2F%2Fwww.agoda.com%2Fvenetian-resort-hotel-casino%2Fhotel%2Flas-vegas-nv-us.html&providerMode=separate;6;2026-06-07T16:23:33.156739+00:00;ok;
HVEGAS001;The Venetian Resort Las Vegas;Las Vegas;United States;booking_via_agoda;agoda;3038.0;Booking.com;0b3e4bc806cc654c;31/12/2025;2025;;;8.0;0.0;10.0;8.0;https://www.agoda.com/api/cronos/property/review/HotelReviews?hotelId=2937&pageSize=50&referer=https%3A%2F%2Fwww.agoda.com%2Fvenetian-resort-hotel-casino%2Fhotel%2Flas-vegas-nv-us.html&providerMode=separate;5;2026-06-07T16:23:33.156739+00:00;ok;
HVEGAS001;The Venetian Resort Las Vegas;Las Vegas;United States;booking_via_agoda;agoda;3038.0;Booking.com;db5ca43e0cb2e901;31/12/2025;2025;;;10.0;0.0;10.0;10.0;https://www.agoda.com/api/cronos/property/review/HotelReviews?hotelId=2937&pageSize=50&referer=https%3A%2F%2Fwww.agoda.com%2Fvenetian-resort-hotel-casino%2Fhotel%2Flas-vegas-nv-us.html&providerMode=separate;5;2026-06-07T16:23:33.156739+00:00;ok;
HVEGAS001;The Venetian Resort Las Vegas;Las Vegas;United States;booking_via_agoda;agoda;3038.0;Booking.com;8f8ce1a609d658d6;31/12/2025;2025;;;2.0;0.0;10.0;2.0;https://www.agoda.com/api/cronos/property/review/HotelReviews?hotelId=2937&pageSize=50&referer=https%3A%2F%2Fwww.agoda.com%2Fvenetian-resort-hotel-casino%2Fhotel%2Flas-vegas-nv-us.html&providerMode=separate;5;2026-06-07T16:23:33.156739+00:00;ok;
HVEGAS001;The Venetian Resort Las Vegas;Las Vegas;United States;booking_via_agoda;agoda;3038.0;Booking.com;7baa75dbd1ef8d80;31/12/2025;2025;;;9.0;0.0;10.0;9.0;https://www.agoda.com/api/cronos/property/review/HotelReviews?hotelId=2937&pageSize=50&referer=https%3A%2F%2Fwww.agoda.com%2Fvenetian-resort-hotel-casino%2Fhotel%2Flas-vegas-nv-us.html&providerMode=separate;6;2026-06-07T16:23:33.156739+00:00;ok;
HVEGAS001;The Venetian Resort Las Vegas;Las Vegas;United States;priceline;priceline;;Priceline;da350d33994e6008;04/12/2024;2024;;;8.0;0.0;10.0;8.0;https://www.priceline.com/hotel-deals/en-us/P3000015284/H60761/the-venetian-resort-las-vegas.ssp;1;2026-06-07T16:23:56.492658+00:00;ok;
HVEGAS001;The Venetian Resort Las Vegas;Las Vegas;United States;priceline;priceline;;Priceline;4d3dfa37c0e93670;16/12/2024;2024;;;10.0;0.0;10.0;10.0;https://www.priceline.com/hotel-deals/en-us/P3000015284/H60761/the-venetian-resort-las-vegas.ssp;1;2026-06-07T16:23:56.492658+00:00;ok;
HVEGAS001;The Venetian Resort Las Vegas;Las Vegas;United States;priceline;priceline;;Priceline;dd084ad0db7e6931;23/12/2024;2024;;;9.0;0.0;10.0;9.0;https://www.priceline.com/hotel-deals/en-us/P3000015284/H60761/the-venetian-resort-las-vegas.ssp;1;2026-06-07T16:23:56.492658+00:00;ok;
HVEGAS001;The Venetian Resort Las Vegas;Las Vegas;United States;priceline;priceline;;Priceline;c883c228f02a352c;24/12/2024;2024;;;10.0;0.0;10.0;10.0;https://www.priceline.com/hotel-deals/en-us/P3000015284/H60761/the-venetian-resort-las-vegas.ssp;1;2026-06-07T16:23:56.492658+00:00;ok;
HVEGAS001;The Venetian Resort Las Vegas;Las Vegas;United States;priceline;priceline;;Priceline;458fdebf91369d81;25/12/2024;2024;;;10.0;0.0;10.0;10.0;https://www.priceline.com/hotel-deals/en-us/P3000015284/H60761/the-venetian-resort-las-vegas.ssp;1;2026-06-07T16:23:56.492658+00:00;ok;
HVEGAS001;The Venetian Resort Las Vegas;Las Vegas;United States;priceline;priceline;;Priceline;47bcd7b621bc0c0d;31/12/2024;2024;;;7.0;0.0;10.0;7.0;https://www.priceline.com/hotel-deals/en-us/P3000015284/H60761/the-venetian-resort-las-vegas.ssp;1;2026-06-07T16:23:56.492658+00:00;ok;
HVEGAS001;The Venetian Resort Las Vegas;Las Vegas;United States;priceline;priceline;;Priceline;b9ed4a2ef1526155;09/01/2025;2025;;;10.0;0.0;10.0;10.0;https://www.priceline.com/hotel-deals/en-us/P3000015284/H60761/the-venetian-resort-las-vegas.ssp;1;2026-06-07T16:23:56.492658+00:00;ok;
HVEGAS001;The Venetian Resort Las Vegas;Las Vegas;United States;priceline;priceline;;Priceline;63a271cc7a656734;16/01/2025;2025;;;5.0;0.0;10.0;5.0;https://www.priceline.com/hotel-deals/en-us/P3000015284/H60761/the-venetian-resort-las-vegas.ssp;1;2026-06-07T16:23:56.492658+00:00;ok;
HVEGAS001;The Venetian Resort Las Vegas;Las Vegas;United States;priceline;priceline;;Priceline;e0cc1f094187056f;16/01/2025;2025;;;10.0;0.0;10.0;10.0;https://www.priceline.com/hotel-deals/en-us/P3000015284/H60761/the-venetian-resort-las-vegas.ssp;1;2026-06-07T16:23:56.492658+00:00;ok;
HVEGAS001;The Venetian Resort Las Vegas;Las Vegas;United States;priceline;priceline;;Priceline;6caf1fbc355a8928;06/02/2025;2025;;;9.0;0.0;10.0;9.0;https://www.priceline.com/hotel-deals/en-us/P3000015284/H60761/the-venetian-resort-las-vegas.ssp;1;2026-06-07T16:23:56.492658+00:00;ok;
HVEGAS001;The Venetian Resort Las Vegas;Las Vegas;United States;priceline;priceline;;Priceline;ef456f8b75e0c271;18/02/2025;2025;;;2.0;0.0;10.0;2.0;https://www.priceline.com/hotel-deals/en-us/P3000015284/H60761/the-venetian-resort-las-vegas.ssp;1;2026-06-07T16:23:56.492658+00:00;ok;
HVEGAS001;The Venetian Resort Las Vegas;Las Vegas;United States;priceline;priceline;;Priceline;996f02de3d1cf9d7;24/02/2025;2025;;;10.0;0.0;10.0;10.0;https://www.priceline.com/hotel-deals/en-us/P3000015284/H60761/the-venetian-resort-las-vegas.ssp;1;2026-06-07T16:23:56.492658+00:00;ok;
HVEGAS001;The Venetian Resort Las Vegas;Las Vegas;United States;priceline;priceline;;Priceline;33e3cc24a4daabfa;17/03/2025;2025;;;5.0;0.0;10.0;5.0;https://www.priceline.com/hotel-deals/en-us/P3000015284/H60761/the-venetian-resort-las-vegas.ssp;1;2026-06-07T16:23:56.492658+00:00;ok;
HVEGAS001;The Venetian Resort Las Vegas;Las Vegas;United States;priceline;priceline;;Priceline;a726d21c49bffc71;19/03/2025;2025;;;10.0;0.0;10.0;10.0;https://www.priceline.com/hotel-deals/en-us/P3000015284/H60761/the-venetian-resort-las-vegas.ssp;1;2026-06-07T16:23:56.492658+00:00;ok;
HVEGAS001;The Venetian Resort Las Vegas;Las Vegas;United States;priceline;priceline;;Priceline;752df7b3520ab7b4;27/03/2025;2025;;;10.0;0.0;10.0;10.0;https://www.priceline.com/hotel-deals/en-us/P3000015284/H60761/the-venetian-resort-las-vegas.ssp;1;2026-06-07T16:23:56.492658+00:00;ok;
HVEGAS001;The Venetian Resort Las Vegas;Las Vegas;United States;priceline;priceline;;Priceline;40f5d48869b5fd64;31/03/2025;2025;;;10.0;0.0;10.0;10.0;https://www.priceline.com/hotel-deals/en-us/P3000015284/H60761/the-venetian-resort-las-vegas.ssp;1;2026-06-07T16:23:56.492658+00:00;ok;
HVEGAS001;The Venetian Resort Las Vegas;Las Vegas;United States;priceline;priceline;;Priceline;0a04a23d222733bf;02/04/2025;2025;;;3.0;0.0;10.0;3.0;https://www.priceline.com/hotel-deals/en-us/P3000015284/H60761/the-venetian-resort-las-vegas.ssp;1;2026-06-07T16:23:56.492658+00:00;ok;
HVEGAS001;The Venetian Resort Las Vegas;Las Vegas;United States;priceline;priceline;;Priceline;66e11dc00a00a620;18/04/2025;2025;;;10.0;0.0;10.0;10.0;https://www.priceline.com/hotel-deals/en-us/P3000015284/H60761/the-venetian-resort-las-vegas.ssp;1;2026-06-07T16:23:56.492658+00:00;ok;
HVEGAS001;The Venetian Resort Las Vegas;Las Vegas;United States;priceline;priceline;;Priceline;250249d4d06e4136;18/04/2025;2025;;;10.0;0.0;10.0;10.0;https://www.priceline.com/hotel-deals/en-us/P3000015284/H60761/the-venetian-resort-las-vegas.ssp;1;2026-06-07T16:23:56.492658+00:00;ok;
HVEGAS001;The Venetian Resort Las Vegas;Las Vegas;United States;priceline;priceline;;Priceline;0066ec598eb22e96;21/04/2025;2025;;;10.0;0.0;10.0;10.0;https://www.priceline.com/hotel-deals/en-us/P3000015284/H60761/the-venetian-resort-las-vegas.ssp;1;2026-06-07T16:23:56.492658+00:00;ok;
HVEGAS001;The Venetian Resort Las Vegas;Las Vegas;United States;priceline;priceline;;Priceline;5554c395d32e8efc;25/04/2025;2025;;;10.0;0.0;10.0;10.0;https://www.priceline.com/hotel-deals/en-us/P3000015284/H60761/the-venetian-resort-las-vegas.ssp;1;2026-06-07T16:23:56.492658+00:00;ok;
HVEGAS001;The Venetian Resort Las Vegas;Las Vegas;United States;priceline;priceline;;Priceline;b08b3de236f997e7;06/06/2025;2025;;;8.0;0.0;10.0;8.0;https://www.priceline.com/hotel-deals/en-us/P3000015284/H60761/the-venetian-resort-las-vegas.ssp;1;2026-06-07T16:23:56.492658+00:00;ok;
HVEGAS001;The Venetian Resort Las Vegas;Las Vegas;United States;priceline;priceline;;Priceline;8e066fcab64eb84b;09/06/2025;2025;;;1.0;0.0;10.0;1.0;https://www.priceline.com/hotel-deals/en-us/P3000015284/H60761/the-venetian-resort-las-vegas.ssp;1;2026-06-07T16:23:56.492658+00:00;ok;
HVEGAS001;The Venetian Resort Las Vegas;Las Vegas;United States;priceline;priceline;;Priceline;581e3f58c5b4cb09;09/06/2025;2025;;;10.0;0.0;10.0;10.0;https://www.priceline.com/hotel-deals/en-us/P3000015284/H60761/the-venetian-resort-las-vegas.ssp;1;2026-06-07T16:23:56.492658+00:00;ok;
HVEGAS001;The Venetian Resort Las Vegas;Las Vegas;United States;priceline;priceline;;Priceline;afad5eef745ea9e1;26/06/2025;2025;;;10.0;0.0;10.0;10.0;https://www.priceline.com/hotel-deals/en-us/P3000015284/H60761/the-venetian-resort-las-vegas.ssp;1;2026-06-07T16:23:56.492658+00:00;ok;
HVEGAS001;The Venetian Resort Las Vegas;Las Vegas;United States;priceline;priceline;;Priceline;61454c13a0981dcb;01/07/2025;2025;;;10.0;0.0;10.0;10.0;https://www.priceline.com/hotel-deals/en-us/P3000015284/H60761/the-venetian-resort-las-vegas.ssp;1;2026-06-07T16:23:56.492658+00:00;ok;
HVEGAS001;The Venetian Resort Las Vegas;Las Vegas;United States;priceline;priceline;;Priceline;2187ed0636bd2c66;07/07/2025;2025;;;9.0;0.0;10.0;9.0;https://www.priceline.com/hotel-deals/en-us/P3000015284/H60761/the-venetian-resort-las-vegas.ssp;1;2026-06-07T16:23:56.492658+00:00;ok;
HVEGAS001;The Venetian Resort Las Vegas;Las Vegas;United States;priceline;priceline;;Priceline;38334dc68f909ab0;07/07/2025;2025;;;9.0;0.0;10.0;9.0;https://www.priceline.com/hotel-deals/en-us/P3000015284/H60761/the-venetian-resort-las-vegas.ssp;1;2026-06-07T16:23:56.492658+00:00;ok;
HVEGAS001;The Venetian Resort Las Vegas;Las Vegas;United States;priceline;priceline;;Priceline;01a3023e56e9e90f;16/07/2025;2025;;;8.0;0.0;10.0;8.0;https://www.priceline.com/hotel-deals/en-us/P3000015284/H60761/the-venetian-resort-las-vegas.ssp;1;2026-06-07T16:23:56.492658+00:00;ok;
HVEGAS001;The Venetian Resort Las Vegas;Las Vegas;United States;priceline;priceline;;Priceline;fe3c1958b506de2b;28/07/2025;2025;;;10.0;0.0;10.0;10.0;https://www.priceline.com/hotel-deals/en-us/P3000015284/H60761/the-venetian-resort-las-vegas.ssp;1;2026-06-07T16:23:56.492658+00:00;ok;
HVEGAS001;The Venetian Resort Las Vegas;Las Vegas;United States;priceline;priceline;;Priceline;cd2f94cd825addb6;28/07/2025;2025;;;10.0;0.0;10.0;10.0;https://www.priceline.com/hotel-deals/en-us/P3000015284/H60761/the-venetian-resort-las-vegas.ssp;1;2026-06-07T16:23:56.492658+00:00;ok;
HVEGAS001;The Venetian Resort Las Vegas;Las Vegas;United States;priceline;priceline;;Priceline;f224a59309da8484;04/08/2025;2025;;;10.0;0.0;10.0;10.0;https://www.priceline.com/hotel-deals/en-us/P3000015284/H60761/the-venetian-resort-las-vegas.ssp;1;2026-06-07T16:23:56.492658+00:00;ok;
HVEGAS001;The Venetian Resort Las Vegas;Las Vegas;United States;priceline;priceline;;Priceline;bbde34bd34971505;11/08/2025;2025;;;10.0;0.0;10.0;10.0;https://www.priceline.com/hotel-deals/en-us/P3000015284/H60761/the-venetian-resort-las-vegas.ssp;1;2026-06-07T16:23:56.492658+00:00;ok;
HVEGAS001;The Venetian Resort Las Vegas;Las Vegas;United States;priceline;priceline;;Priceline;90e847261dfd3d8c;12/08/2025;2025;;;2.0;0.0;10.0;2.0;https://www.priceline.com/hotel-deals/en-us/P3000015284/H60761/the-venetian-resort-las-vegas.ssp;1;2026-06-07T16:23:56.492658+00:00;ok;
HVEGAS001;The Venetian Resort Las Vegas;Las Vegas;United States;priceline;priceline;;Priceline;8166279eb3aa2743;18/08/2025;2025;;;9.0;0.0;10.0;9.0;https://www.priceline.com/hotel-deals/en-us/P3000015284/H60761/the-venetian-resort-las-vegas.ssp;1;2026-06-07T16:23:56.492658+00:00;ok;
HVEGAS001;The Venetian Resort Las Vegas;Las Vegas;United States;priceline;priceline;;Priceline;33fe6e538c4e0e9a;03/09/2025;2025;;;10.0;0.0;10.0;10.0;https://www.priceline.com/hotel-deals/en-us/P3000015284/H60761/the-venetian-resort-las-vegas.ssp;1;2026-06-07T16:23:56.492658+00:00;ok;
HVEGAS001;The Venetian Resort Las Vegas;Las Vegas;United States;priceline;priceline;;Priceline;825ab331bf7f73cb;15/09/2025;2025;;;7.0;0.0;10.0;7.0;https://www.priceline.com/hotel-deals/en-us/P3000015284/H60761/the-venetian-resort-las-vegas.ssp;1;2026-06-07T16:23:56.492658+00:00;ok;
HVEGAS001;The Venetian Resort Las Vegas;Las Vegas;United States;priceline;priceline;;Priceline;2651922db5b300d7;17/09/2025;2025;;;8.0;0.0;10.0;8.0;https://www.priceline.com/hotel-deals/en-us/P3000015284/H60761/the-venetian-resort-las-vegas.ssp;1;2026-06-07T16:23:56.492658+00:00;ok;
HVEGAS001;The Venetian Resort Las Vegas;Las Vegas;United States;priceline;priceline;;Priceline;b9874704208ce1a1;18/09/2025;2025;;;10.0;0.0;10.0;10.0;https://www.priceline.com/hotel-deals/en-us/P3000015284/H60761/the-venetian-resort-las-vegas.ssp;1;2026-06-07T16:23:56.492658+00:00;ok;
HVEGAS001;The Venetian Resort Las Vegas;Las Vegas;United States;priceline;priceline;;Priceline;2f3e08eb2bfd9802;18/09/2025;2025;;;10.0;0.0;10.0;10.0;https://www.priceline.com/hotel-deals/en-us/P3000015284/H60761/the-venetian-resort-las-vegas.ssp;1;2026-06-07T16:23:56.492658+00:00;ok;
HVEGAS001;The Venetian Resort Las Vegas;Las Vegas;United States;priceline;priceline;;Priceline;9e77148036638139;26/09/2025;2025;;;10.0;0.0;10.0;10.0;https://www.priceline.com/hotel-deals/en-us/P3000015284/H60761/the-venetian-resort-las-vegas.ssp;1;2026-06-07T16:23:56.492658+00:00;ok;
HVEGAS001;The Venetian Resort Las Vegas;Las Vegas;United States;priceline;priceline;;Priceline;7f6887ddff594fb0;29/09/2025;2025;;;9.0;0.0;10.0;9.0;https://www.priceline.com/hotel-deals/en-us/P3000015284/H60761/the-venetian-resort-las-vegas.ssp;1;2026-06-07T16:23:56.492658+00:00;ok;
HVEGAS001;The Venetian Resort Las Vegas;Las Vegas;United States;priceline;priceline;;Priceline;10ceb6eb34edb221;29/09/2025;2025;;;9.0;0.0;10.0;9.0;https://www.priceline.com/hotel-deals/en-us/P3000015284/H60761/the-venetian-resort-las-vegas.ssp;1;2026-06-07T16:23:56.492658+00:00;ok;
HVEGAS001;The Venetian Resort Las Vegas;Las Vegas;United States;priceline;priceline;;Priceline;8f7b7822efac09bc;09/10/2025;2025;;;9.0;0.0;10.0;9.0;https://www.priceline.com/hotel-deals/en-us/P3000015284/H60761/the-venetian-resort-las-vegas.ssp;1;2026-06-07T16:23:56.492658+00:00;ok;
HVEGAS001;The Venetian Resort Las Vegas;Las Vegas;United States;priceline;priceline;;Priceline;ea0d37a804dfbb4f;05/12/2025;2025;;;7.0;0.0;10.0;7.0;https://www.priceline.com/hotel-deals/en-us/P3000015284/H60761/the-venetian-resort-las-vegas.ssp;1;2026-06-07T16:23:56.492658+00:00;ok;
HVEGAS001;The Venetian Resort Las Vegas;Las Vegas;United States;priceline;priceline;;Priceline;fed693580f4c1858;13/12/2025;2025;;;10.0;0.0;10.0;10.0;https://www.priceline.com/hotel-deals/en-us/P3000015284/H60761/the-venetian-resort-las-vegas.ssp;1;2026-06-07T16:23:56.492658+00:00;ok;
HVEGAS001;The Venetian Resort Las Vegas;Las Vegas;United States;tripcom;tripcom;;Trip.com;363a3f8f3ec91bef;01/01/2024;2024;01/12/2023;2023.0;7.5;0.0;10.0;7.5;https://www.trip.com/hotels/las-vegas-hotel-detail-737263/the-venetian-resort-las-vegas/?pageSize=20;21;2026-06-07T16:23:08.088844+00:00;ok;
HVEGAS001;The Venetian Resort Las Vegas;Las Vegas;United States;tripcom;tripcom;;Trip.com;8bd522bc50320a23;05/01/2024;2024;01/01/2024;2024.0;10.0;0.0;10.0;10.0;https://www.trip.com/hotels/las-vegas-hotel-detail-737263/the-venetian-resort-las-vegas/?pageSize=20;11;2026-06-07T16:23:08.088844+00:00;ok;
HVEGAS001;The Venetian Resort Las Vegas;Las Vegas;United States;tripcom;tripcom;;Trip.com;4ae9808a445e8a3b;05/01/2024;2024;01/01/2024;2024.0;9.0;0.0;10.0;9.0;https://www.trip.com/hotels/las-vegas-hotel-detail-737263/the-venetian-resort-las-vegas/?pageSize=20;13;2026-06-07T16:23:08.088844+00:00;ok;
HVEGAS001;The Venetian Resort Las Vegas;Las Vegas;United States;tripcom;tripcom;;Trip.com;9a962c651b36bac7;05/01/2024;2024;01/01/2024;2024.0;10.0;0.0;10.0;10.0;https://www.trip.com/hotels/las-vegas-hotel-detail-737263/the-venetian-resort-las-vegas/?pageSize=20;23;2026-06-07T16:23:08.088844+00:00;ok;
HVEGAS001;The Venetian Resort Las Vegas;Las Vegas;United States;tripcom;tripcom;;Trip.com;6689e7c76f7ac934;06/01/2024;2024;01/12/2023;2023.0;8.5;0.0;10.0;8.5;https://www.trip.com/hotels/las-vegas-hotel-detail-737263/the-venetian-resort-las-vegas/?pageSize=20;5;2026-06-07T16:23:08.088844+00:00;ok;
HVEGAS001;The Venetian Resort Las Vegas;Las Vegas;United States;tripcom;tripcom;;Trip.com;2214274bf85289b0;08/01/2024;2024;01/01/2024;2024.0;8.0;0.0;10.0;8.0;https://www.trip.com/hotels/las-vegas-hotel-detail-737263/the-venetian-resort-las-vegas/?pageSize=20;13;2026-06-07T16:23:08.088844+00:00;ok;
HVEGAS001;The Venetian Resort Las Vegas;Las Vegas;United States;tripcom;tripcom;;Trip.com;9802d0b42f52a267;09/01/2024;2024;01/01/2024;2024.0;6.0;0.0;10.0;6.0;https://www.trip.com/hotels/las-vegas-hotel-detail-737263/the-venetian-resort-las-vegas/?pageSize=20;6;2026-06-07T16:23:08.088844+00:00;ok;
HVEGAS001;The Venetian Resort Las Vegas;Las Vegas;United States;tripcom;tripcom;;Trip.com;600ef8a9e662f605;09/01/2024;2024;01/01/2024;2024.0;8.5;0.0;10.0;8.5;https://www.trip.com/hotels/las-vegas-hotel-detail-737263/the-venetian-resort-las-vegas/?pageSize=20;11;2026-06-07T16:23:08.088844+00:00;ok;
HVEGAS001;The Venetian Resort Las Vegas;Las Vegas;United States;tripcom;tripcom;;Trip.com;43807d9721c78eb3;09/01/2024;2024;01/11/2023;2023.0;10.0;0.0;10.0;10.0;https://www.trip.com/hotels/las-vegas-hotel-detail-737263/the-venetian-resort-las-vegas/?pageSize=20;12;2026-06-07T16:23:08.088844+00:00;ok;
HVEGAS001;The Venetian Resort Las Vegas;Las Vegas;United States;tripcom;tripcom;;Trip.com;4e6312ef19908ab1;10/01/2024;2024;01/12/2023;2023.0;10.0;0.0;10.0;10.0;https://www.trip.com/hotels/las-vegas-hotel-detail-737263/the-venetian-resort-las-vegas/?pageSize=20;12;2026-06-07T16:23:08.088844+00:00;ok;
HVEGAS001;The Venetian Resort Las Vegas;Las Vegas;United States;tripcom;tripcom;;Trip.com;b9954fb0e4e471b5;10/01/2024;2024;01/01/2024;2024.0;8.0;0.0;10.0;8.0;https://www.trip.com/hotels/las-vegas-hotel-detail-737263/the-venetian-resort-las-vegas/?pageSize=20;22;2026-06-07T16:23:08.088844+00:00;ok;
HVEGAS001;The Venetian Resort Las Vegas;Las Vegas;United States;tripcom;tripcom;;Trip.com;a55b575c3a5ba945;12/01/2024;2024;01/01/2024;2024.0;10.0;0.0;10.0;10.0;https://www.trip.com/hotels/las-vegas-hotel-detail-737263/the-venetian-resort-las-vegas/?pageSize=20;11;2026-06-07T16:23:08.088844+00:00;ok;
HVEGAS001;The Venetian Resort Las Vegas;Las Vegas;United States;tripcom;tripcom;;Trip.com;27a44e9cfdc19963;12/01/2024;2024;01/01/2024;2024.0;10.0;0.0;10.0;10.0;https://www.trip.com/hotels/las-vegas-hotel-detail-737263/the-venetian-resort-las-vegas/?pageSize=20;23;2026-06-07T16:23:08.088844+00:00;ok;
HVEGAS001;The Venetian Resort Las Vegas;Las Vegas;United States;tripcom;tripcom;;Trip.com;b69dd8e3e25a2af8;13/01/2024;2024;01/12/2023;2023.0;10.0;0.0;10.0;10.0;https://www.trip.com/hotels/las-vegas-hotel-detail-737263/the-venetian-resort-las-vegas/?pageSize=20;23;2026-06-07T16:23:08.088844+00:00;ok;
HVEGAS001;The Venetian Resort Las Vegas;Las Vegas;United States;tripcom;tripcom;;Trip.com;2b8f47b11471d6f4;13/01/2024;2024;01/01/2024;2024.0;10.0;0.0;10.0;10.0;https://www.trip.com/hotels/las-vegas-hotel-detail-737263/the-venetian-resort-las-vegas/?pageSize=20;24;2026-06-07T16:23:08.088844+00:00;ok;
HVEGAS001;The Venetian Resort Las Vegas;Las Vegas;United States;tripcom;tripcom;;Trip.com;3b9025f47863acbc;14/01/2024;2024;01/01/2024;2024.0;9.0;0.0;10.0;9.0;https://www.trip.com/hotels/las-vegas-hotel-detail-737263/the-venetian-resort-las-vegas/?pageSize=20;7;2026-06-07T16:23:08.088844+00:00;ok;
HVEGAS001;The Venetian Resort Las Vegas;Las Vegas;United States;tripcom;tripcom;;Trip.com;3cfe452dbf596fa1;14/01/2024;2024;01/01/2024;2024.0;8.0;0.0;10.0;8.0;https://www.trip.com/hotels/las-vegas-hotel-detail-737263/the-venetian-resort-las-vegas/?pageSize=20;11;2026-06-07T16:23:08.088844+00:00;ok;
HVEGAS001;The Venetian Resort Las Vegas;Las Vegas;United States;tripcom;tripcom;;Trip.com;8227158542dcdec6;14/01/2024;2024;01/01/2024;2024.0;10.0;0.0;10.0;10.0;https://www.trip.com/hotels/las-vegas-hotel-detail-737263/the-venetian-resort-las-vegas/?pageSize=20;11;2026-06-07T16:23:08.088844+00:00;ok;
HVEGAS001;The Venetian Resort Las Vegas;Las Vegas;United States;tripcom;tripcom;;Trip.com;e60aaf0da9d10816;14/01/2024;2024;01/01/2024;2024.0;10.0;0.0;10.0;10.0;https://www.trip.com/hotels/las-vegas-hotel-detail-737263/the-venetian-resort-las-vegas/?pageSize=20;15;2026-06-07T16:23:08.088844+00:00;ok;
HVEGAS001;The Venetian Resort Las Vegas;Las Vegas;United States;tripcom;tripcom;;Trip.com;b68aa41e3cd0248b;14/01/2024;2024;01/01/2024;2024.0;10.0;0.0;10.0;10.0;https://www.trip.com/hotels/las-vegas-hotel-detail-737263/the-venetian-resort-las-vegas/?pageSize=20;19;2026-06-07T16:23:08.088844+00:00;ok;
HVEGAS001;The Venetian Resort Las Vegas;Las Vegas;United States;tripcom;tripcom;;Trip.com;da1cf116a8771bb7;14/01/2024;2024;01/10/2023;2023.0;10.0;0.0;10.0;10.0;https://www.trip.com/hotels/las-vegas-hotel-detail-737263/the-venetian-resort-las-vegas/?pageSize=20;24;2026-06-07T16:23:08.088844+00:00;ok;
HVEGAS001;The Venetian Resort Las Vegas;Las Vegas;United States;tripcom;tripcom;;Trip.com;ba918c723bbbd7ff;15/01/2024;2024;01/01/2024;2024.0;10.0;0.0;10.0;10.0;https://www.trip.com/hotels/las-vegas-hotel-detail-737263/the-venetian-resort-las-vegas/?pageSize=20;6;2026-06-07T16:23:08.088844+00:00;ok;
HVEGAS001;The Venetian Resort Las Vegas;Las Vegas;United States;tripcom;tripcom;;Trip.com;cbd36dfd08f5dbbb;15/01/2024;2024;01/01/2024;2024.0;10.0;0.0;10.0;10.0;https://www.trip.com/hotels/las-vegas-hotel-detail-737263/the-venetian-resort-las-vegas/?pageSize=20;11;2026-06-07T16:23:08.088844+00:00;ok;
HVEGAS001;The Venetian Resort Las Vegas;Las Vegas;United States;tripcom;tripcom;;Trip.com;2580e9863c90b814;15/01/2024;2024;01/01/2024;2024.0;8.0;0.0;10.0;8.0;https://www.trip.com/hotels/las-vegas-hotel-detail-737263/the-venetian-resort-las-vegas/?pageSize=20;13;2026-06-07T16:23:08.088844+00:00;ok;
HVEGAS001;The Venetian Resort Las Vegas;Las Vegas;United States;tripcom;tripcom;;Trip.com;740f86134244a3e3;17/01/2024;2024;01/10/2023;2023.0;10.0;0.0;10.0;10.0;https://www.trip.com/hotels/las-vegas-hotel-detail-737263/the-venetian-resort-las-vegas/?pageSize=20;21;2026-06-07T16:23:08.088844+00:00;ok;
HVEGAS001;The Venetian Resort Las Vegas;Las Vegas;United States;tripcom;tripcom;;Trip.com;9a4ccbc4736418cd;18/01/2024;2024;01/01/2024;2024.0;7.0;0.0;10.0;7.0;https://www.trip.com/hotels/las-vegas-hotel-detail-737263/the-venetian-resort-las-vegas/?pageSize=20;6;2026-06-07T16:23:08.088844+00:00;ok;
HVEGAS001;The Venetian Resort Las Vegas;Las Vegas;United States;tripcom;tripcom;;Trip.com;249312f458a5148e;18/01/2024;2024;01/12/2023;2023.0;10.0;0.0;10.0;10.0;https://www.trip.com/hotels/las-vegas-hotel-detail-737263/the-venetian-resort-las-vegas/?pageSize=20;11;2026-06-07T16:23:08.088844+00:00;ok;
HVEGAS001;The Venetian Resort Las Vegas;Las Vegas;United States;tripcom;tripcom;;Trip.com;b0dc6929db01d4d7;19/01/2024;2024;01/01/2024;2024.0;10.0;0.0;10.0;10.0;https://www.trip.com/hotels/las-vegas-hotel-detail-737263/the-venetian-resort-las-vegas/?pageSize=20;5;2026-06-07T16:23:08.088844+00:00;ok;
HVEGAS001;The Venetian Resort Las Vegas;Las Vegas;United States;tripcom;tripcom;;Trip.com;d761143e28309b3d;27/01/2024;2024;01/12/2023;2023.0;8.5;0.0;10.0;8.5;https://www.trip.com/hotels/las-vegas-hotel-detail-737263/the-venetian-resort-las-vegas/?pageSize=20;12;2026-06-07T16:23:08.088844+00:00;ok;
HVEGAS001;The Venetian Resort Las Vegas;Las Vegas;United States;tripcom;tripcom;;Trip.com;bc9100dd62e37c69;31/01/2024;2024;01/01/2024;2024.0;8.0;0.0;10.0;8.0;https://www.trip.com/hotels/las-vegas-hotel-detail-737263/the-venetian-resort-las-vegas/?pageSize=20;11;2026-06-07T16:23:08.088844+00:00;ok;
HVEGAS001;The Venetian Resort Las Vegas;Las Vegas;United States;tripcom;tripcom;;Trip.com;82c902066b84ceb2;03/02/2024;2024;01/01/2024;2024.0;10.0;0.0;10.0;10.0;https://www.trip.com/hotels/las-vegas-hotel-detail-737263/the-venetian-resort-las-vegas/?pageSize=20;11;2026-06-07T16:23:08.088844+00:00;ok;
HVEGAS001;The Venetian Resort Las Vegas;Las Vegas;United States;tripcom;tripcom;;Trip.com;656a1aa2f03d99af;04/02/2024;2024;01/01/2024;2024.0;5.5;0.0;10.0;5.5;https://www.trip.com/hotels/las-vegas-hotel-detail-737263/the-venetian-resort-las-vegas/?pageSize=20;13;2026-06-07T16:23:08.088844+00:00;ok;
HVEGAS001;The Venetian Resort Las Vegas;Las Vegas;United States;tripcom;tripcom;;Trip.com;eef190644863802e;16/02/2024;2024;01/02/2024;2024.0;8.0;0.0;10.0;8.0;https://www.trip.com/hotels/las-vegas-hotel-detail-737263/the-venetian-resort-las-vegas/?pageSize=20;13;2026-06-07T16:23:08.088844+00:00;ok;
HVEGAS001;The Venetian Resort Las Vegas;Las Vegas;United States;tripcom;tripcom;;Trip.com;86ce65320dd9e46c;16/02/2024;2024;01/01/2024;2024.0;10.0;0.0;10.0;10.0;https://www.trip.com/hotels/las-vegas-hotel-detail-737263/the-venetian-resort-las-vegas/?pageSize=20;15;2026-06-07T16:23:08.088844+00:00;ok;
HVEGAS001;The Venetian Resort Las Vegas;Las Vegas;United States;tripcom;tripcom;;Trip.com;aa18ea91fa72c45a;20/02/2024;2024;01/02/2024;2024.0;10.0;0.0;10.0;10.0;https://www.trip.com/hotels/las-vegas-hotel-detail-737263/the-venetian-resort-las-vegas/?pageSize=20;14;2026-06-07T16:23:08.088844+00:00;ok;
HVEGAS001;The Venetian Resort Las Vegas;Las Vegas;United States;tripcom;tripcom;;Trip.com;60c44a7e61cd15f7;20/02/2024;2024;01/01/2024;2024.0;10.0;0.0;10.0;10.0;https://www.trip.com/hotels/las-vegas-hotel-detail-737263/the-venetian-resort-las-vegas/?pageSize=20;15;2026-06-07T16:23:08.088844+00:00;ok;
HVEGAS001;The Venetian Resort Las Vegas;Las Vegas;United States;tripcom;tripcom;;Trip.com;fe3e6327452e1ef1;22/02/2024;2024;01/02/2024;2024.0;6.0;0.0;10.0;6.0;https://www.trip.com/hotels/las-vegas-hotel-detail-737263/the-venetian-resort-las-vegas/?pageSize=20;5;2026-06-07T16:23:08.088844+00:00;ok;
HVEGAS001;The Venetian Resort Las Vegas;Las Vegas;United States;tripcom;tripcom;;Trip.com;b393c44fd758bfe8;23/02/2024;2024;01/02/2024;2024.0;10.0;0.0;10.0;10.0;https://www.trip.com/hotels/las-vegas-hotel-detail-737263/the-venetian-resort-las-vegas/?pageSize=20;13;2026-06-07T16:23:08.088844+00:00;ok;
HVEGAS001;The Venetian Resort Las Vegas;Las Vegas;United States;tripcom;tripcom;;Trip.com;a8d678e17d8316b0;23/02/2024;2024;01/02/2024;2024.0;8.0;0.0;10.0;8.0;https://www.trip.com/hotels/las-vegas-hotel-detail-737263/the-venetian-resort-las-vegas/?pageSize=20;13;2026-06-07T16:23:08.088844+00:00;ok;
HVEGAS001;The Venetian Resort Las Vegas;Las Vegas;United States;tripcom;tripcom;;Trip.com;1a698340a3ed5dcd;23/02/2024;2024;01/02/2024;2024.0;10.0;0.0;10.0;10.0;https://www.trip.com/hotels/las-vegas-hotel-detail-737263/the-venetian-resort-las-vegas/?pageSize=20;13;2026-06-07T16:23:08.088844+00:00;ok;
HVEGAS001;The Venetian Resort Las Vegas;Las Vegas;United States;tripcom;tripcom;;Trip.com;855f6b03bf26d2da;26/02/2024;2024;01/02/2024;2024.0;9.0;0.0;10.0;9.0;https://www.trip.com/hotels/las-vegas-hotel-detail-737263/the-venetian-resort-las-vegas/?pageSize=20;11;2026-06-07T16:23:08.088844+00:00;ok;
HVEGAS001;The Venetian Resort Las Vegas;Las Vegas;United States;tripcom;tripcom;;Trip.com;7c2efa271a56c827;28/02/2024;2024;01/02/2024;2024.0;8.0;0.0;10.0;8.0;https://www.trip.com/hotels/las-vegas-hotel-detail-737263/the-venetian-resort-las-vegas/?pageSize=20;13;2026-06-07T16:23:08.088844+00:00;ok;
HVEGAS001;The Venetian Resort Las Vegas;Las Vegas;United States;tripcom;tripcom;;Trip.com;c6b8720d7236e78e;03/03/2024;2024;01/02/2024;2024.0;10.0;0.0;10.0;10.0;https://www.trip.com/hotels/las-vegas-hotel-detail-737263/the-venetian-resort-las-vegas/?pageSize=20;13;2026-06-07T16:23:08.088844+00:00;ok;
HVEGAS001;The Venetian Resort Las Vegas;Las Vegas;United States;tripcom;tripcom;;Trip.com;f9b44ebb4e15c56a;03/03/2024;2024;01/02/2024;2024.0;8.0;0.0;10.0;8.0;https://www.trip.com/hotels/las-vegas-hotel-detail-737263/the-venetian-resort-las-vegas/?pageSize=20;14;2026-06-07T16:23:08.088844+00:00;ok;
HVEGAS001;The Venetian Resort Las Vegas;Las Vegas;United States;tripcom;tripcom;;Trip.com;ff9b2e9df9d55e29;10/03/2024;2024;01/02/2024;2024.0;8.0;0.0;10.0;8.0;https://www.trip.com/hotels/las-vegas-hotel-detail-737263/the-venetian-resort-las-vegas/?pageSize=20;11;2026-06-07T16:23:08.088844+00:00;ok;
HVEGAS001;The Venetian Resort Las Vegas;Las Vegas;United States;tripcom;tripcom;;Trip.com;6ab74ec5f8e45101;13/03/2024;2024;01/01/2024;2024.0;7.0;0.0;10.0;7.0;https://www.trip.com/hotels/las-vegas-hotel-detail-737263/the-venetian-resort-las-vegas/?pageSize=20;24;2026-06-07T16:23:08.088844+00:00;ok;
HVEGAS001;The Venetian Resort Las Vegas;Las Vegas;United States;tripcom;tripcom;;Trip.com;827b3af4f698eecc;16/03/2024;2024;01/03/2024;2024.0;10.0;0.0;10.0;10.0;https://www.trip.com/hotels/las-vegas-hotel-detail-737263/the-venetian-resort-las-vegas/?pageSize=20;10;2026-06-07T16:23:08.088844+00:00;ok;
HVEGAS001;The Venetian Resort Las Vegas;Las Vegas;United States;tripcom;tripcom;;Trip.com;19bfe4b203ee126b;17/03/2024;2024;01/03/2024;2024.0;10.0;0.0;10.0;10.0;https://www.trip.com/hotels/las-vegas-hotel-detail-737263/the-venetian-resort-las-vegas/?pageSize=20;12;2026-06-07T16:23:08.088844+00:00;ok;
HVEGAS001;The Venetian Resort Las Vegas;Las Vegas;United States;tripcom;tripcom;;Trip.com;d3574c78977bd03d;20/03/2024;2024;01/03/2024;2024.0;10.0;0.0;10.0;10.0;https://www.trip.com/hotels/las-vegas-hotel-detail-737263/the-venetian-resort-las-vegas/?pageSize=20;11;2026-06-07T16:23:08.088844+00:00;ok;
HVEGAS001;The Venetian Resort Las Vegas;Las Vegas;United States;tripcom;tripcom;;Trip.com;b45314f0550d0401;21/03/2024;2024;01/12/2023;2023.0;10.0;0.0;10.0;10.0;https://www.trip.com/hotels/las-vegas-hotel-detail-737263/the-venetian-resort-las-vegas/?pageSize=20;21;2026-06-07T16:23:08.088844+00:00;ok;
HVEGAS001;The Venetian Resort Las Vegas;Las Vegas;United States;tripcom;tripcom;;Trip.com;b9b4aff1c1a405fa;25/03/2024;2024;01/03/2024;2024.0;10.0;0.0;10.0;10.0;https://www.trip.com/hotels/las-vegas-hotel-detail-737263/the-venetian-resort-las-vegas/?pageSize=20;12;2026-06-07T16:23:08.088844+00:00;ok;
HVEGAS001;The Venetian Resort Las Vegas;Las Vegas;United States;tripcom;tripcom;;Trip.com;843a04e0d5f8f0d5;01/04/2024;2024;01/01/2024;2024.0;7.5;0.0;10.0;7.5;https://www.trip.com/hotels/las-vegas-hotel-detail-737263/the-venetian-resort-las-vegas/?pageSize=20;21;2026-06-07T16:23:08.088844+00:00;ok;
HVEGAS001;The Venetian Resort Las Vegas;Las Vegas;United States;tripcom;tripcom;;Trip.com;be458173fc8d176b;02/04/2024;2024;01/01/2024;2024.0;10.0;0.0;10.0;10.0;https://www.trip.com/hotels/las-vegas-hotel-detail-737263/the-venetian-resort-las-vegas/?pageSize=20;22;2026-06-07T16:23:08.088844+00:00;ok;
HVEGAS001;The Venetian Resort Las Vegas;Las Vegas;United States;tripcom;tripcom;;Trip.com;e7bcaf0ab16b8ad7;04/04/2024;2024;01/03/2024;2024.0;10.0;0.0;10.0;10.0;https://www.trip.com/hotels/las-vegas-hotel-detail-737263/the-venetian-resort-las-vegas/?pageSize=20;19;2026-06-07T16:23:08.088844+00:00;ok;
HVEGAS001;The Venetian Resort Las Vegas;Las Vegas;United States;tripcom;tripcom;;Trip.com;b431c09f05b5d528;05/04/2024;2024;01/01/2024;2024.0;10.0;0.0;10.0;10.0;https://www.trip.com/hotels/las-vegas-hotel-detail-737263/the-venetian-resort-las-vegas/?pageSize=20;23;2026-06-07T16:23:08.088844+00:00;ok;
HVEGAS001;The Venetian Resort Las Vegas;Las Vegas;United States;tripcom;tripcom;;Trip.com;d38c809bef60a2ba;05/04/2024;2024;01/01/2024;2024.0;8.5;0.0;10.0;8.5;https://www.trip.com/hotels/las-vegas-hotel-detail-737263/the-venetian-resort-las-vegas/?pageSize=20;24;2026-06-07T16:23:08.088844+00:00;ok;
HVEGAS001;The Venetian Resort Las Vegas;Las Vegas;United States;tripcom;tripcom;;Trip.com;b20dadc363a57770;06/04/2024;2024;01/01/2024;2024.0;10.0;0.0;10.0;10.0;https://www.trip.com/hotels/las-vegas-hotel-detail-737263/the-venetian-resort-las-vegas/?pageSize=20;11;2026-06-07T16:23:08.088844+00:00;ok;
HVEGAS001;The Venetian Resort Las Vegas;Las Vegas;United States;tripcom;tripcom;;Trip.com;ebf33662bba7fd6d;06/04/2024;2024;01/03/2024;2024.0;10.0;0.0;10.0;10.0;https://www.trip.com/hotels/las-vegas-hotel-detail-737263/the-venetian-resort-las-vegas/?pageSize=20;12;2026-06-07T16:23:08.088844+00:00;ok;
HVEGAS001;The Venetian Resort Las Vegas;Las Vegas;United States;tripcom;tripcom;;Trip.com;332a4b6df9b68f9a;07/04/2024;2024;01/04/2024;2024.0;10.0;0.0;10.0;10.0;https://www.trip.com/hotels/las-vegas-hotel-detail-737263/the-venetian-resort-las-vegas/?pageSize=20;6;2026-06-07T16:23:08.088844+00:00;ok;
HVEGAS001;The Venetian Resort Las Vegas;Las Vegas;United States;tripcom;tripcom;;Trip.com;e865d7c38f87a113;11/04/2024;2024;01/04/2024;2024.0;8.0;0.0;10.0;8.0;https://www.trip.com/hotels/las-vegas-hotel-detail-737263/the-venetian-resort-las-vegas/?pageSize=20;6;2026-06-07T16:23:08.088844+00:00;ok;
HVEGAS001;The Venetian Resort Las Vegas;Las Vegas;United States;tripcom;tripcom;;Trip.com;9e3c6430c97ac159;12/04/2024;2024;01/03/2024;2024.0;9.5;0.0;10.0;9.5;https://www.trip.com/hotels/las-vegas-hotel-detail-737263/the-venetian-resort-las-vegas/?pageSize=20;22;2026-06-07T16:23:08.088844+00:00;ok;
HVEGAS001;The Venetian Resort Las Vegas;Las Vegas;United States;tripcom;tripcom;;Trip.com;883679b4ae8a2b2d;20/04/2024;2024;01/01/2024;2024.0;7.5;0.0;10.0;7.5;https://www.trip.com/hotels/las-vegas-hotel-detail-737263/the-venetian-resort-las-vegas/?pageSize=20;15;2026-06-07T16:23:08.088844+00:00;ok;
HVEGAS001;The Venetian Resort Las Vegas;Las Vegas;United States;tripcom;tripcom;;Trip.com;3cfd20654c1ea9bd;22/04/2024;2024;01/02/2024;2024.0;9.7;0.0;10.0;9.7;https://www.trip.com/hotels/las-vegas-hotel-detail-737263/the-venetian-resort-las-vegas/?pageSize=20;10;2026-06-07T16:23:08.088844+00:00;ok;
HVEGAS001;The Venetian Resort Las Vegas;Las Vegas;United States;tripcom;tripcom;;Trip.com;4331c55404345c19;22/04/2024;2024;01/02/2024;2024.0;10.0;0.0;10.0;10.0;https://www.trip.com/hotels/las-vegas-hotel-detail-737263/the-venetian-resort-las-vegas/?pageSize=20;23;2026-06-07T16:23:08.088844+00:00;ok;
HVEGAS001;The Venetian Resort Las Vegas;Las Vegas;United States;tripcom;tripcom;;Trip.com;2bdd6ed04805ba6d;27/04/2024;2024;01/04/2024;2024.0;9.5;0.0;10.0;9.5;https://www.trip.com/hotels/las-vegas-hotel-detail-737263/the-venetian-resort-las-vegas/?pageSize=20;5;2026-06-07T16:23:08.088844+00:00;ok;
HVEGAS001;The Venetian Resort Las Vegas;Las Vegas;United States;tripcom;tripcom;;Trip.com;2094766992501bd2;29/04/2024;2024;01/04/2024;2024.0;10.0;0.0;10.0;10.0;https://www.trip.com/hotels/las-vegas-hotel-detail-737263/the-venetian-resort-las-vegas/?pageSize=20;10;2026-06-07T16:23:08.088844+00:00;ok;
HVEGAS001;The Venetian Resort Las Vegas;Las Vegas;United States;tripcom;tripcom;;Trip.com;df439480068164a5;04/05/2024;2024;01/02/2024;2024.0;10.0;0.0;10.0;10.0;https://www.trip.com/hotels/las-vegas-hotel-detail-737263/the-venetian-resort-las-vegas/?pageSize=20;21;2026-06-07T16:23:08.088844+00:00;ok;
HVEGAS001;The Venetian Resort Las Vegas;Las Vegas;United States;tripcom;tripcom;;Trip.com;1665f1192ceb86ba;07/05/2024;2024;01/03/2024;2024.0;7.5;0.0;10.0;7.5;https://www.trip.com/hotels/las-vegas-hotel-detail-737263/the-venetian-resort-las-vegas/?pageSize=20;22;2026-06-07T16:23:08.088844+00:00;ok;
HVEGAS001;The Venetian Resort Las Vegas;Las Vegas;United States;tripcom;tripcom;;Trip.com;a5fa27eb1dadb441;09/05/2024;2024;01/04/2024;2024.0;10.0;0.0;10.0;10.0;https://www.trip.com/hotels/las-vegas-hotel-detail-737263/the-venetian-resort-las-vegas/?pageSize=20;20;2026-06-07T16:23:08.088844+00:00;ok;
HVEGAS001;The Venetian Resort Las Vegas;Las Vegas;United States;tripcom;tripcom;;Trip.com;ed84de20f5569bbb;10/05/2024;2024;01/02/2024;2024.0;9.5;0.0;10.0;9.5;https://www.trip.com/hotels/las-vegas-hotel-detail-737263/the-venetian-resort-las-vegas/?pageSize=20;24;2026-06-07T16:23:08.088844+00:00;ok;
HVEGAS001;The Venetian Resort Las Vegas;Las Vegas;United States;tripcom;tripcom;;Trip.com;10057f6ba76c08f2;10/05/2024;2024;01/02/2024;2024.0;10.0;0.0;10.0;10.0;https://www.trip.com/hotels/las-vegas-hotel-detail-737263/the-venetian-resort-las-vegas/?pageSize=20;24;2026-06-07T16:23:08.088844+00:00;ok;
HVEGAS001;The Venetian Resort Las Vegas;Las Vegas;United States;tripcom;tripcom;;Trip.com;718df062d3516995;13/05/2024;2024;01/05/2024;2024.0;9.0;0.0;10.0;9.0;https://www.trip.com/hotels/las-vegas-hotel-detail-737263/the-venetian-resort-las-vegas/?pageSize=20;22;2026-06-07T16:23:08.088844+00:00;ok;
HVEGAS001;The Venetian Resort Las Vegas;Las Vegas;United States;tripcom;tripcom;;Trip.com;8d531923cc97c47e;16/05/2024;2024;01/05/2024;2024.0;10.0;0.0;10.0;10.0;https://www.trip.com/hotels/las-vegas-hotel-detail-737263/the-venetian-resort-las-vegas/?pageSize=20;24;2026-06-07T16:23:08.088844+00:00;ok;
HVEGAS001;The Venetian Resort Las Vegas;Las Vegas;United States;tripcom;tripcom;;Trip.com;0077867d726357ee;24/05/2024;2024;01/05/2024;2024.0;10.0;0.0;10.0;10.0;https://www.trip.com/hotels/las-vegas-hotel-detail-737263/the-venetian-resort-las-vegas/?pageSize=20;20;2026-06-07T16:23:08.088844+00:00;ok;
HVEGAS001;The Venetian Resort Las Vegas;Las Vegas;United States;tripcom;tripcom;;Trip.com;5815ff2dcf1b1c80;30/05/2024;2024;01/05/2024;2024.0;10.0;0.0;10.0;10.0;https://www.trip.com/hotels/las-vegas-hotel-detail-737263/the-venetian-resort-las-vegas/?pageSize=20;13;2026-06-07T16:23:08.088844+00:00;ok;
HVEGAS001;The Venetian Resort Las Vegas;Las Vegas;United States;tripcom;tripcom;;Trip.com;15584e6c56328f3c;31/05/2024;2024;01/05/2024;2024.0;9.5;0.0;10.0;9.5;https://www.trip.com/hotels/las-vegas-hotel-detail-737263/the-venetian-resort-las-vegas/?pageSize=20;5;2026-06-07T16:23:08.088844+00:00;ok;
HVEGAS001;The Venetian Resort Las Vegas;Las Vegas;United States;tripcom;tripcom;;Trip.com;267cd2be33ed2b31;31/05/2024;2024;01/05/2024;2024.0;10.0;0.0;10.0;10.0;https://www.trip.com/hotels/las-vegas-hotel-detail-737263/the-venetian-resort-las-vegas/?pageSize=20;12;2026-06-07T16:23:08.088844+00:00;ok;
HVEGAS001;The Venetian Resort Las Vegas;Las Vegas;United States;tripcom;tripcom;;Trip.com;a8754395b7d1c22e;31/05/2024;2024;01/05/2024;2024.0;9.0;0.0;10.0;9.0;https://www.trip.com/hotels/las-vegas-hotel-detail-737263/the-venetian-resort-las-vegas/?pageSize=20;15;2026-06-07T16:23:08.088844+00:00;ok;
HVEGAS001;The Venetian Resort Las Vegas;Las Vegas;United States;tripcom;tripcom;;Trip.com;52657a4754c75839;31/05/2024;2024;01/05/2024;2024.0;9.5;0.0;10.0;9.5;https://www.trip.com/hotels/las-vegas-hotel-detail-737263/the-venetian-resort-las-vegas/?pageSize=20;15;2026-06-07T16:23:08.088844+00:00;ok;
HVEGAS001;The Venetian Resort Las Vegas;Las Vegas;United States;tripcom;tripcom;;Trip.com;ecb48f9df204c600;02/06/2024;2024;01/05/2024;2024.0;10.0;0.0;10.0;10.0;https://www.trip.com/hotels/las-vegas-hotel-detail-737263/the-venetian-resort-las-vegas/?pageSize=20;7;2026-06-07T16:23:08.088844+00:00;ok;
HVEGAS001;The Venetian Resort Las Vegas;Las Vegas;United States;tripcom;tripcom;;Trip.com;7dde996d65217f21;03/06/2024;2024;01/05/2024;2024.0;10.0;0.0;10.0;10.0;https://www.trip.com/hotels/las-vegas-hotel-detail-737263/the-venetian-resort-las-vegas/?pageSize=20;12;2026-06-07T16:23:08.088844+00:00;ok;
HVEGAS001;The Venetian Resort Las Vegas;Las Vegas;United States;tripcom;tripcom;;Trip.com;2ba6826fdfda1a93;05/06/2024;2024;01/05/2024;2024.0;10.0;0.0;10.0;10.0;https://www.trip.com/hotels/las-vegas-hotel-detail-737263/the-venetian-resort-las-vegas/?pageSize=20;6;2026-06-07T16:23:08.088844+00:00;ok;
HVEGAS001;The Venetian Resort Las Vegas;Las Vegas;United States;tripcom;tripcom;;Trip.com;afc72521dabec50c;07/06/2024;2024;01/03/2024;2024.0;10.0;0.0;10.0;10.0;https://www.trip.com/hotels/las-vegas-hotel-detail-737263/the-venetian-resort-las-vegas/?pageSize=20;24;2026-06-07T16:23:08.088844+00:00;ok;
HVEGAS001;The Venetian Resort Las Vegas;Las Vegas;United States;tripcom;tripcom;;Trip.com;764704f469435259;08/06/2024;2024;01/06/2024;2024.0;10.0;0.0;10.0;10.0;https://www.trip.com/hotels/las-vegas-hotel-detail-737263/the-venetian-resort-las-vegas/?pageSize=20;12;2026-06-07T16:23:08.088844+00:00;ok;
HVEGAS001;The Venetian Resort Las Vegas;Las Vegas;United States;tripcom;tripcom;;Trip.com;b00a266621ca5d29;10/06/2024;2024;01/04/2024;2024.0;8.0;0.0;10.0;8.0;https://www.trip.com/hotels/las-vegas-hotel-detail-737263/the-venetian-resort-las-vegas/?pageSize=20;10;2026-06-07T16:23:08.088844+00:00;ok;
HVEGAS001;The Venetian Resort Las Vegas;Las Vegas;United States;tripcom;tripcom;;Trip.com;175b7a5e3e7871b5;12/06/2024;2024;01/06/2024;2024.0;6.0;0.0;10.0;6.0;https://www.trip.com/hotels/las-vegas-hotel-detail-737263/the-venetian-resort-las-vegas/?pageSize=20;6;2026-06-07T16:23:08.088844+00:00;ok;
HVEGAS001;The Venetian Resort Las Vegas;Las Vegas;United States;tripcom;tripcom;;Trip.com;07187bfd6abce226;14/06/2024;2024;01/06/2024;2024.0;10.0;0.0;10.0;10.0;https://www.trip.com/hotels/las-vegas-hotel-detail-737263/the-venetian-resort-las-vegas/?pageSize=20;22;2026-06-07T16:23:08.088844+00:00;ok;
HVEGAS001;The Venetian Resort Las Vegas;Las Vegas;United States;tripcom;tripcom;;Trip.com;959cc1a2867eff46;17/06/2024;2024;01/06/2024;2024.0;10.0;0.0;10.0;10.0;https://www.trip.com/hotels/las-vegas-hotel-detail-737263/the-venetian-resort-las-vegas/?pageSize=20;4;2026-06-07T16:23:08.088844+00:00;ok;
HVEGAS001;The Venetian Resort Las Vegas;Las Vegas;United States;tripcom;tripcom;;Trip.com;4c3f880d6d3727b3;17/06/2024;2024;01/06/2024;2024.0;10.0;0.0;10.0;10.0;https://www.trip.com/hotels/las-vegas-hotel-detail-737263/the-venetian-resort-las-vegas/?pageSize=20;12;2026-06-07T16:23:08.088844+00:00;ok;
HVEGAS001;The Venetian Resort Las Vegas;Las Vegas;United States;tripcom;tripcom;;Trip.com;ae7b82c1b542c3ae;19/06/2024;2024;01/05/2024;2024.0;9.0;0.0;10.0;9.0;https://www.trip.com/hotels/las-vegas-hotel-detail-737263/the-venetian-resort-las-vegas/?pageSize=20;5;2026-06-07T16:23:08.088844+00:00;ok;
HVEGAS001;The Venetian Resort Las Vegas;Las Vegas;United States;tripcom;tripcom;;Trip.com;fd2a9739f4ff8193;24/06/2024;2024;01/06/2024;2024.0;10.0;0.0;10.0;10.0;https://www.trip.com/hotels/las-vegas-hotel-detail-737263/the-venetian-resort-las-vegas/?pageSize=20;17;2026-06-07T16:23:08.088844+00:00;ok;
HVEGAS001;The Venetian Resort Las Vegas;Las Vegas;United States;tripcom;tripcom;;Trip.com;3a0ef06b24986d2b;25/06/2024;2024;01/06/2024;2024.0;8.5;0.0;10.0;8.5;https://www.trip.com/hotels/las-vegas-hotel-detail-737263/the-venetian-resort-las-vegas/?pageSize=20;11;2026-06-07T16:23:08.088844+00:00;ok;
HVEGAS001;The Venetian Resort Las Vegas;Las Vegas;United States;tripcom;tripcom;;Trip.com;9a9a33791ac22bbd;01/07/2024;2024;01/06/2024;2024.0;10.0;0.0;10.0;10.0;https://www.trip.com/hotels/las-vegas-hotel-detail-737263/the-venetian-resort-las-vegas/?pageSize=20;19;2026-06-07T16:23:08.088844+00:00;ok;
HVEGAS001;The Venetian Resort Las Vegas;Las Vegas;United States;tripcom;tripcom;;Trip.com;f3c4be50a6b3d7e0;02/07/2024;2024;01/06/2024;2024.0;10.0;0.0;10.0;10.0;https://www.trip.com/hotels/las-vegas-hotel-detail-737263/the-venetian-resort-las-vegas/?pageSize=20;10;2026-06-07T16:23:08.088844+00:00;ok;
HVEGAS001;The Venetian Resort Las Vegas;Las Vegas;United States;tripcom;tripcom;;Trip.com;57441bf1c1989d96;02/07/2024;2024;01/06/2024;2024.0;9.5;0.0;10.0;9.5;https://www.trip.com/hotels/las-vegas-hotel-detail-737263/the-venetian-resort-las-vegas/?pageSize=20;10;2026-06-07T16:23:08.088844+00:00;ok;
HVEGAS001;The Venetian Resort Las Vegas;Las Vegas;United States;tripcom;tripcom;;Trip.com;6be8b74435f68fc3;07/07/2024;2024;01/06/2024;2024.0;9.0;0.0;10.0;9.0;https://www.trip.com/hotels/las-vegas-hotel-detail-737263/the-venetian-resort-las-vegas/?pageSize=20;10;2026-06-07T16:23:08.088844+00:00;ok;
HVEGAS001;The Venetian Resort Las Vegas;Las Vegas;United States;tripcom;tripcom;;Trip.com;9baaa30d6edddbfd;07/07/2024;2024;01/07/2024;2024.0;9.7;0.0;10.0;9.7;https://www.trip.com/hotels/las-vegas-hotel-detail-737263/the-venetian-resort-las-vegas/?pageSize=20;11;2026-06-07T16:23:08.088844+00:00;ok;
HVEGAS001;The Venetian Resort Las Vegas;Las Vegas;United States;tripcom;tripcom;;Trip.com;d5fca84876d8c726;10/07/2024;2024;01/07/2024;2024.0;9.0;0.0;10.0;9.0;https://www.trip.com/hotels/las-vegas-hotel-detail-737263/the-venetian-resort-las-vegas/?pageSize=20;4;2026-06-07T16:23:08.088844+00:00;ok;
HVEGAS001;The Venetian Resort Las Vegas;Las Vegas;United States;tripcom;tripcom;;Trip.com;1aa9b2a03fcf68d4;13/07/2024;2024;01/07/2024;2024.0;9.5;0.0;10.0;9.5;https://www.trip.com/hotels/las-vegas-hotel-detail-737263/the-venetian-resort-las-vegas/?pageSize=20;21;2026-06-07T16:23:08.088844+00:00;ok;
HVEGAS001;The Venetian Resort Las Vegas;Las Vegas;United States;tripcom;tripcom;;Trip.com;baaeee89cf1fa8b0;14/07/2024;2024;01/06/2024;2024.0;10.0;0.0;10.0;10.0;https://www.trip.com/hotels/las-vegas-hotel-detail-737263/the-venetian-resort-las-vegas/?pageSize=20;23;2026-06-07T16:23:08.088844+00:00;ok;
HVEGAS001;The Venetian Resort Las Vegas;Las Vegas;United States;tripcom;tripcom;;Trip.com;bb2760eecf7fe500;16/07/2024;2024;01/04/2024;2024.0;10.0;0.0;10.0;10.0;https://www.trip.com/hotels/las-vegas-hotel-detail-737263/the-venetian-resort-las-vegas/?pageSize=20;23;2026-06-07T16:23:08.088844+00:00;ok;
HVEGAS001;The Venetian Resort Las Vegas;Las Vegas;United States;tripcom;tripcom;;Trip.com;e9c9d2e19f00b626;20/07/2024;2024;01/07/2024;2024.0;10.0;0.0;10.0;10.0;https://www.trip.com/hotels/las-vegas-hotel-detail-737263/the-venetian-resort-las-vegas/?pageSize=20;4;2026-06-07T16:23:08.088844+00:00;ok;
HVEGAS001;The Venetian Resort Las Vegas;Las Vegas;United States;tripcom;tripcom;;Trip.com;42d19c6d9fb0d5a6;21/07/2024;2024;01/05/2024;2024.0;9.0;0.0;10.0;9.0;https://www.trip.com/hotels/las-vegas-hotel-detail-737263/the-venetian-resort-las-vegas/?pageSize=20;24;2026-06-07T16:23:08.088844+00:00;ok;
HVEGAS001;The Venetian Resort Las Vegas;Las Vegas;United States;tripcom;tripcom;;Trip.com;08809fc143ecb528;23/07/2024;2024;01/07/2024;2024.0;8.5;0.0;10.0;8.5;https://www.trip.com/hotels/las-vegas-hotel-detail-737263/the-venetian-resort-las-vegas/?pageSize=20;4;2026-06-07T16:23:08.088844+00:00;ok;
HVEGAS001;The Venetian Resort Las Vegas;Las Vegas;United States;tripcom;tripcom;;Trip.com;1aa7c95e409af3bb;23/07/2024;2024;01/07/2024;2024.0;9.0;0.0;10.0;9.0;https://www.trip.com/hotels/las-vegas-hotel-detail-737263/the-venetian-resort-las-vegas/?pageSize=20;10;2026-06-07T16:23:08.088844+00:00;ok;
HVEGAS001;The Venetian Resort Las Vegas;Las Vegas;United States;tripcom;tripcom;;Trip.com;7217eb379dcecb71;24/07/2024;2024;01/07/2024;2024.0;7.0;0.0;10.0;7.0;https://www.trip.com/hotels/las-vegas-hotel-detail-737263/the-venetian-resort-las-vegas/?pageSize=20;6;2026-06-07T16:23:08.088844+00:00;ok;
HVEGAS001;The Venetian Resort Las Vegas;Las Vegas;United States;tripcom;tripcom;;Trip.com;b10c449adeaa4c74;24/07/2024;2024;01/07/2024;2024.0;5.0;0.0;10.0;5.0;https://www.trip.com/hotels/las-vegas-hotel-detail-737263/the-venetian-resort-las-vegas/?pageSize=20;11;2026-06-07T16:23:08.088844+00:00;ok;
HVEGAS001;The Venetian Resort Las Vegas;Las Vegas;United States;tripcom;tripcom;;Trip.com;ad4bd0133f85bdec;24/07/2024;2024;01/07/2024;2024.0;10.0;0.0;10.0;10.0;https://www.trip.com/hotels/las-vegas-hotel-detail-737263/the-venetian-resort-las-vegas/?pageSize=20;23;2026-06-07T16:23:08.088844+00:00;ok;
HVEGAS001;The Venetian Resort Las Vegas;Las Vegas;United States;tripcom;tripcom;;Trip.com;80fac21085424f6a;25/07/2024;2024;01/07/2024;2024.0;10.0;0.0;10.0;10.0;https://www.trip.com/hotels/las-vegas-hotel-detail-737263/the-venetian-resort-las-vegas/?pageSize=20;18;2026-06-07T16:23:08.088844+00:00;ok;
HVEGAS001;The Venetian Resort Las Vegas;Las Vegas;United States;tripcom;tripcom;;Trip.com;1e77d93d631011bc;25/07/2024;2024;01/07/2024;2024.0;8.5;0.0;10.0;8.5;https://www.trip.com/hotels/las-vegas-hotel-detail-737263/the-venetian-resort-las-vegas/?pageSize=20;22;2026-06-07T16:23:08.088844+00:00;ok;
HVEGAS001;The Venetian Resort Las Vegas;Las Vegas;United States;tripcom;tripcom;;Trip.com;5e2a0562ed12a420;26/07/2024;2024;01/07/2024;2024.0;9.5;0.0;10.0;9.5;https://www.trip.com/hotels/las-vegas-hotel-detail-737263/the-venetian-resort-las-vegas/?pageSize=20;6;2026-06-07T16:23:08.088844+00:00;ok;
HVEGAS001;The Venetian Resort Las Vegas;Las Vegas;United States;tripcom;tripcom;;Trip.com;dde97883cfbd72ef;26/07/2024;2024;01/07/2024;2024.0;8.7;0.0;10.0;8.7;https://www.trip.com/hotels/las-vegas-hotel-detail-737263/the-venetian-resort-las-vegas/?pageSize=20;9;2026-06-07T16:23:08.088844+00:00;ok;
HVEGAS001;The Venetian Resort Las Vegas;Las Vegas;United States;tripcom;tripcom;;Trip.com;8072a663f669f0c9;27/07/2024;2024;01/07/2024;2024.0;4.0;0.0;10.0;4.0;https://www.trip.com/hotels/las-vegas-hotel-detail-737263/the-venetian-resort-las-vegas/?pageSize=20;12;2026-06-07T16:23:08.088844+00:00;ok;
HVEGAS001;The Venetian Resort Las Vegas;Las Vegas;United States;tripcom;tripcom;;Trip.com;41dd7a68d08c6b45;28/07/2024;2024;01/07/2024;2024.0;10.0;0.0;10.0;10.0;https://www.trip.com/hotels/las-vegas-hotel-detail-737263/the-venetian-resort-las-vegas/?pageSize=20;18;2026-06-07T16:23:08.088844+00:00;ok;
HVEGAS001;The Venetian Resort Las Vegas;Las Vegas;United States;tripcom;tripcom;;Trip.com;f866f66d44064a16;28/07/2024;2024;01/07/2024;2024.0;10.0;0.0;10.0;10.0;https://www.trip.com/hotels/las-vegas-hotel-detail-737263/the-venetian-resort-las-vegas/?pageSize=20;23;2026-06-07T16:23:08.088844+00:00;ok;
HVEGAS001;The Venetian Resort Las Vegas;Las Vegas;United States;tripcom;tripcom;;Trip.com;69c9980872ef90ce;29/07/2024;2024;01/07/2024;2024.0;10.0;0.0;10.0;10.0;https://www.trip.com/hotels/las-vegas-hotel-detail-737263/the-venetian-resort-las-vegas/?pageSize=20;21;2026-06-07T16:23:08.088844+00:00;ok;
HVEGAS001;The Venetian Resort Las Vegas;Las Vegas;United States;tripcom;tripcom;;Trip.com;833694302d1c3cda;30/07/2024;2024;01/07/2024;2024.0;8.0;0.0;10.0;8.0;https://www.trip.com/hotels/las-vegas-hotel-detail-737263/the-venetian-resort-las-vegas/?pageSize=20;5;2026-06-07T16:23:08.088844+00:00;ok;
HVEGAS001;The Venetian Resort Las Vegas;Las Vegas;United States;tripcom;tripcom;;Trip.com;0e36cab18d4658d4;31/07/2024;2024;01/07/2024;2024.0;8.5;0.0;10.0;8.5;https://www.trip.com/hotels/las-vegas-hotel-detail-737263/the-venetian-resort-las-vegas/?pageSize=20;5;2026-06-07T16:23:08.088844+00:00;ok;
HVEGAS001;The Venetian Resort Las Vegas;Las Vegas;United States;tripcom;tripcom;;Trip.com;0fd45eb4789ab1b3;01/08/2024;2024;01/07/2024;2024.0;9.0;0.0;10.0;9.0;https://www.trip.com/hotels/las-vegas-hotel-detail-737263/the-venetian-resort-las-vegas/?pageSize=20;18;2026-06-07T16:23:08.088844+00:00;ok;
HVEGAS001;The Venetian Resort Las Vegas;Las Vegas;United States;tripcom;tripcom;;Trip.com;059059004f84fdef;01/08/2024;2024;01/07/2024;2024.0;10.0;0.0;10.0;10.0;https://www.trip.com/hotels/las-vegas-hotel-detail-737263/the-venetian-resort-las-vegas/?pageSize=20;20;2026-06-07T16:23:08.088844+00:00;ok;
HVEGAS001;The Venetian Resort Las Vegas;Las Vegas;United States;tripcom;tripcom;;Trip.com;658d42a3f0d5056a;02/08/2024;2024;01/07/2024;2024.0;10.0;0.0;10.0;10.0;https://www.trip.com/hotels/las-vegas-hotel-detail-737263/the-venetian-resort-las-vegas/?pageSize=20;9;2026-06-07T16:23:08.088844+00:00;ok;
HVEGAS001;The Venetian Resort Las Vegas;Las Vegas;United States;tripcom;tripcom;;Trip.com;6dceb059e1b4f0e9;02/08/2024;2024;01/07/2024;2024.0;10.0;0.0;10.0;10.0;https://www.trip.com/hotels/las-vegas-hotel-detail-737263/the-venetian-resort-las-vegas/?pageSize=20;9;2026-06-07T16:23:08.088844+00:00;ok;
HVEGAS001;The Venetian Resort Las Vegas;Las Vegas;United States;tripcom;tripcom;;Trip.com;186cb0bd7f8e902d;03/08/2024;2024;01/06/2024;2024.0;10.0;0.0;10.0;10.0;https://www.trip.com/hotels/las-vegas-hotel-detail-737263/the-venetian-resort-las-vegas/?pageSize=20;23;2026-06-07T16:23:08.088844+00:00;ok;
HVEGAS001;The Venetian Resort Las Vegas;Las Vegas;United States;tripcom;tripcom;;Trip.com;00a8289b0961e0f6;05/08/2024;2024;01/05/2024;2024.0;10.0;0.0;10.0;10.0;https://www.trip.com/hotels/las-vegas-hotel-detail-737263/the-venetian-resort-las-vegas/?pageSize=20;22;2026-06-07T16:23:08.088844+00:00;ok;
HVEGAS001;The Venetian Resort Las Vegas;Las Vegas;United States;tripcom;tripcom;;Trip.com;cef3d4f7de2ebe56;05/08/2024;2024;01/07/2024;2024.0;10.0;0.0;10.0;10.0;https://www.trip.com/hotels/las-vegas-hotel-detail-737263/the-venetian-resort-las-vegas/?pageSize=20;22;2026-06-07T16:23:08.088844+00:00;ok;
HVEGAS001;The Venetian Resort Las Vegas;Las Vegas;United States;tripcom;tripcom;;Trip.com;fb2a420ce20cf225;07/08/2024;2024;01/06/2024;2024.0;9.0;0.0;10.0;9.0;https://www.trip.com/hotels/las-vegas-hotel-detail-737263/the-venetian-resort-las-vegas/?pageSize=20;10;2026-06-07T16:23:08.088844+00:00;ok;
HVEGAS001;The Venetian Resort Las Vegas;Las Vegas;United States;tripcom;tripcom;;Trip.com;81f7f39e2ff8d5e7;07/08/2024;2024;01/08/2024;2024.0;10.0;0.0;10.0;10.0;https://www.trip.com/hotels/las-vegas-hotel-detail-737263/the-venetian-resort-las-vegas/?pageSize=20;19;2026-06-07T16:23:08.088844+00:00;ok;
HVEGAS001;The Venetian Resort Las Vegas;Las Vegas;United States;tripcom;tripcom;;Trip.com;2fc1dc994684e146;07/08/2024;2024;01/07/2024;2024.0;10.0;0.0;10.0;10.0;https://www.trip.com/hotels/las-vegas-hotel-detail-737263/the-venetian-resort-las-vegas/?pageSize=20;20;2026-06-07T16:23:08.088844+00:00;ok;
HVEGAS001;The Venetian Resort Las Vegas;Las Vegas;United States;tripcom;tripcom;;Trip.com;ba56a9d45aaa2a9b;09/08/2024;2024;01/08/2024;2024.0;9.5;0.0;10.0;9.5;https://www.trip.com/hotels/las-vegas-hotel-detail-737263/the-venetian-resort-las-vegas/?pageSize=20;17;2026-06-07T16:23:08.088844+00:00;ok;
HVEGAS001;The Venetian Resort Las Vegas;Las Vegas;United States;tripcom;tripcom;;Trip.com;fe650867471cb5e1;09/08/2024;2024;01/07/2024;2024.0;10.0;0.0;10.0;10.0;https://www.trip.com/hotels/las-vegas-hotel-detail-737263/the-venetian-resort-las-vegas/?pageSize=20;18;2026-06-07T16:23:08.088844+00:00;ok;
HVEGAS001;The Venetian Resort Las Vegas;Las Vegas;United States;tripcom;tripcom;;Trip.com;5a695349f4df4718;10/08/2024;2024;01/06/2024;2024.0;6.0;0.0;10.0;6.0;https://www.trip.com/hotels/las-vegas-hotel-detail-737263/the-venetian-resort-las-vegas/?pageSize=20;10;2026-06-07T16:23:08.088844+00:00;ok;
HVEGAS001;The Venetian Resort Las Vegas;Las Vegas;United States;tripcom;tripcom;;Trip.com;d41d2f31b835ebff;11/08/2024;2024;01/08/2024;2024.0;10.0;0.0;10.0;10.0;https://www.trip.com/hotels/las-vegas-hotel-detail-737263/the-venetian-resort-las-vegas/?pageSize=20;18;2026-06-07T16:23:08.088844+00:00;ok;
HVEGAS001;The Venetian Resort Las Vegas;Las Vegas;United States;tripcom;tripcom;;Trip.com;56385a5af00144d8;11/08/2024;2024;01/05/2024;2024.0;10.0;0.0;10.0;10.0;https://www.trip.com/hotels/las-vegas-hotel-detail-737263/the-venetian-resort-las-vegas/?pageSize=20;24;2026-06-07T16:23:08.088844+00:00;ok;
HVEGAS001;The Venetian Resort Las Vegas;Las Vegas;United States;tripcom;tripcom;;Trip.com;4bc49ab3ef497852;12/08/2024;2024;01/08/2024;2024.0;9.5;0.0;10.0;9.5;https://www.trip.com/hotels/las-vegas-hotel-detail-737263/the-venetian-resort-las-vegas/?pageSize=20;5;2026-06-07T16:23:08.088844+00:00;ok;
HVEGAS001;The Venetian Resort Las Vegas;Las Vegas;United States;tripcom;tripcom;;Trip.com;b7ac998e9312b47b;13/08/2024;2024;01/08/2024;2024.0;9.5;0.0;10.0;9.5;https://www.trip.com/hotels/las-vegas-hotel-detail-737263/the-venetian-resort-las-vegas/?pageSize=20;11;2026-06-07T16:23:08.088844+00:00;ok;
HVEGAS001;The Venetian Resort Las Vegas;Las Vegas;United States;tripcom;tripcom;;Trip.com;a47f774ef9ab3703;14/08/2024;2024;01/08/2024;2024.0;10.0;0.0;10.0;10.0;https://www.trip.com/hotels/las-vegas-hotel-detail-737263/the-venetian-resort-las-vegas/?pageSize=20;18;2026-06-07T16:23:08.088844+00:00;ok;
HVEGAS001;The Venetian Resort Las Vegas;Las Vegas;United States;tripcom;tripcom;;Trip.com;409dbe1e737c3d08;15/08/2024;2024;01/08/2024;2024.0;10.0;0.0;10.0;10.0;https://www.trip.com/hotels/las-vegas-hotel-detail-737263/the-venetian-resort-las-vegas/?pageSize=20;17;2026-06-07T16:23:08.088844+00:00;ok;
HVEGAS001;The Venetian Resort Las Vegas;Las Vegas;United States;tripcom;tripcom;;Trip.com;24b4d507ba192565;16/08/2024;2024;01/07/2024;2024.0;10.0;0.0;10.0;10.0;https://www.trip.com/hotels/las-vegas-hotel-detail-737263/the-venetian-resort-las-vegas/?pageSize=20;9;2026-06-07T16:23:08.088844+00:00;ok;
HVEGAS001;The Venetian Resort Las Vegas;Las Vegas;United States;tripcom;tripcom;;Trip.com;2495894888faa4ef;18/08/2024;2024;01/08/2024;2024.0;10.0;0.0;10.0;10.0;https://www.trip.com/hotels/las-vegas-hotel-detail-737263/the-venetian-resort-las-vegas/?pageSize=20;9;2026-06-07T16:23:08.088844+00:00;ok;
HVEGAS001;The Venetian Resort Las Vegas;Las Vegas;United States;tripcom;tripcom;;Trip.com;cbf2f61b6f19e623;18/08/2024;2024;01/08/2024;2024.0;8.0;0.0;10.0;8.0;https://www.trip.com/hotels/las-vegas-hotel-detail-737263/the-venetian-resort-las-vegas/?pageSize=20;22;2026-06-07T16:23:08.088844+00:00;ok;
HVEGAS001;The Venetian Resort Las Vegas;Las Vegas;United States;tripcom;tripcom;;Trip.com;7c61d667211b0aeb;19/08/2024;2024;01/07/2024;2024.0;10.0;0.0;10.0;10.0;https://www.trip.com/hotels/las-vegas-hotel-detail-737263/the-venetian-resort-las-vegas/?pageSize=20;9;2026-06-07T16:23:08.088844+00:00;ok;
HVEGAS001;The Venetian Resort Las Vegas;Las Vegas;United States;tripcom;tripcom;;Trip.com;4d478cc62f7070c9;20/08/2024;2024;01/08/2024;2024.0;10.0;0.0;10.0;10.0;https://www.trip.com/hotels/las-vegas-hotel-detail-737263/the-venetian-resort-las-vegas/?pageSize=20;5;2026-06-07T16:23:08.088844+00:00;ok;
HVEGAS001;The Venetian Resort Las Vegas;Las Vegas;United States;tripcom;tripcom;;Trip.com;529138284d34edf4;20/08/2024;2024;01/08/2024;2024.0;10.0;0.0;10.0;10.0;https://www.trip.com/hotels/las-vegas-hotel-detail-737263/the-venetian-resort-las-vegas/?pageSize=20;11;2026-06-07T16:23:08.088844+00:00;ok;
HVEGAS001;The Venetian Resort Las Vegas;Las Vegas;United States;tripcom;tripcom;;Trip.com;b5f424c0484967f5;20/08/2024;2024;01/08/2024;2024.0;10.0;0.0;10.0;10.0;https://www.trip.com/hotels/las-vegas-hotel-detail-737263/the-venetian-resort-las-vegas/?pageSize=20;22;2026-06-07T16:23:08.088844+00:00;ok;
HVEGAS001;The Venetian Resort Las Vegas;Las Vegas;United States;tripcom;tripcom;;Trip.com;ce3e08dce5593a1f;21/08/2024;2024;01/08/2024;2024.0;8.2;0.0;10.0;8.2;https://www.trip.com/hotels/las-vegas-hotel-detail-737263/the-venetian-resort-las-vegas/?pageSize=20;21;2026-06-07T16:23:08.088844+00:00;ok;
HVEGAS001;The Venetian Resort Las Vegas;Las Vegas;United States;tripcom;tripcom;;Trip.com;33cf9b53ca57c5a2;22/08/2024;2024;01/08/2024;2024.0;9.5;0.0;10.0;9.5;https://www.trip.com/hotels/las-vegas-hotel-detail-737263/the-venetian-resort-las-vegas/?pageSize=20;6;2026-06-07T16:23:08.088844+00:00;ok;
HVEGAS001;The Venetian Resort Las Vegas;Las Vegas;United States;tripcom;tripcom;;Trip.com;e166c68f958f278f;22/08/2024;2024;01/08/2024;2024.0;10.0;0.0;10.0;10.0;https://www.trip.com/hotels/las-vegas-hotel-detail-737263/the-venetian-resort-las-vegas/?pageSize=20;11;2026-06-07T16:23:08.088844+00:00;ok;
HVEGAS001;The Venetian Resort Las Vegas;Las Vegas;United States;tripcom;tripcom;;Trip.com;0477630ac46b3737;24/08/2024;2024;01/08/2024;2024.0;10.0;0.0;10.0;10.0;https://www.trip.com/hotels/las-vegas-hotel-detail-737263/the-venetian-resort-las-vegas/?pageSize=20;19;2026-06-07T16:23:08.088844+00:00;ok;
HVEGAS001;The Venetian Resort Las Vegas;Las Vegas;United States;tripcom;tripcom;;Trip.com;94bcc22edcc8e01d;27/08/2024;2024;01/08/2024;2024.0;10.0;0.0;10.0;10.0;https://www.trip.com/hotels/las-vegas-hotel-detail-737263/the-venetian-resort-las-vegas/?pageSize=20;9;2026-06-07T16:23:08.088844+00:00;ok;
HVEGAS001;The Venetian Resort Las Vegas;Las Vegas;United States;tripcom;tripcom;;Trip.com;78cea582ed79d508;31/08/2024;2024;01/08/2024;2024.0;10.0;0.0;10.0;10.0;https://www.trip.com/hotels/las-vegas-hotel-detail-737263/the-venetian-resort-las-vegas/?pageSize=20;4;2026-06-07T16:23:08.088844+00:00;ok;
HVEGAS001;The Venetian Resort Las Vegas;Las Vegas;United States;tripcom;tripcom;;Trip.com;1dfd9efe7dc6b85c;05/09/2024;2024;01/08/2024;2024.0;8.0;0.0;10.0;8.0;https://www.trip.com/hotels/las-vegas-hotel-detail-737263/the-venetian-resort-las-vegas/?pageSize=20;4;2026-06-07T16:23:08.088844+00:00;ok;
HVEGAS001;The Venetian Resort Las Vegas;Las Vegas;United States;tripcom;tripcom;;Trip.com;3a75b2d92e0f225c;05/09/2024;2024;01/09/2024;2024.0;9.7;0.0;10.0;9.7;https://www.trip.com/hotels/las-vegas-hotel-detail-737263/the-venetian-resort-las-vegas/?pageSize=20;10;2026-06-07T16:23:08.088844+00:00;ok;
HVEGAS001;The Venetian Resort Las Vegas;Las Vegas;United States;tripcom;tripcom;;Trip.com;102cd2e6b1d02cd2;06/09/2024;2024;01/08/2024;2024.0;10.0;0.0;10.0;10.0;https://www.trip.com/hotels/las-vegas-hotel-detail-737263/the-venetian-resort-las-vegas/?pageSize=20;19;2026-06-07T16:23:08.088844+00:00;ok;
HVEGAS001;The Venetian Resort Las Vegas;Las Vegas;United States;tripcom;tripcom;;Trip.com;398a857e594f7b8a;09/09/2024;2024;01/08/2024;2024.0;10.0;0.0;10.0;10.0;https://www.trip.com/hotels/las-vegas-hotel-detail-737263/the-venetian-resort-las-vegas/?pageSize=20;9;2026-06-07T16:23:08.088844+00:00;ok;
HVEGAS001;The Venetian Resort Las Vegas;Las Vegas;United States;tripcom;tripcom;;Trip.com;596b92d27e366a43;13/09/2024;2024;01/08/2024;2024.0;9.0;0.0;10.0;9.0;https://www.trip.com/hotels/las-vegas-hotel-detail-737263/the-venetian-resort-las-vegas/?pageSize=20;7;2026-06-07T16:23:08.088844+00:00;ok;
HVEGAS001;The Venetian Resort Las Vegas;Las Vegas;United States;tripcom;tripcom;;Trip.com;b4a39f420f698139;14/09/2024;2024;01/09/2024;2024.0;10.0;0.0;10.0;10.0;https://www.trip.com/hotels/las-vegas-hotel-detail-737263/the-venetian-resort-las-vegas/?pageSize=20;9;2026-06-07T16:23:08.088844+00:00;ok;
HVEGAS001;The Venetian Resort Las Vegas;Las Vegas;United States;tripcom;tripcom;;Trip.com;f5e3253569d8dae1;15/09/2024;2024;01/07/2024;2024.0;9.0;0.0;10.0;9.0;https://www.trip.com/hotels/las-vegas-hotel-detail-737263/the-venetian-resort-las-vegas/?pageSize=20;19;2026-06-07T16:23:08.088844+00:00;ok;
HVEGAS001;The Venetian Resort Las Vegas;Las Vegas;United States;tripcom;tripcom;;Trip.com;db67b78b8c7df9bc;18/09/2024;2024;01/07/2024;2024.0;10.0;0.0;10.0;10.0;https://www.trip.com/hotels/las-vegas-hotel-detail-737263/the-venetian-resort-las-vegas/?pageSize=20;22;2026-06-07T16:23:08.088844+00:00;ok;
HVEGAS001;The Venetian Resort Las Vegas;Las Vegas;United States;tripcom;tripcom;;Trip.com;9fece420e1fe090c;20/09/2024;2024;01/09/2024;2024.0;10.0;0.0;10.0;10.0;https://www.trip.com/hotels/las-vegas-hotel-detail-737263/the-venetian-resort-las-vegas/?pageSize=20;18;2026-06-07T16:23:08.088844+00:00;ok;
HVEGAS001;The Venetian Resort Las Vegas;Las Vegas;United States;tripcom;tripcom;;Trip.com;41ffecce4b43c437;20/09/2024;2024;01/07/2024;2024.0;9.7;0.0;10.0;9.7;https://www.trip.com/hotels/las-vegas-hotel-detail-737263/the-venetian-resort-las-vegas/?pageSize=20;18;2026-06-07T16:23:08.088844+00:00;ok;
HVEGAS001;The Venetian Resort Las Vegas;Las Vegas;United States;tripcom;tripcom;;Trip.com;514b4cd926b77a2b;24/09/2024;2024;01/09/2024;2024.0;10.0;0.0;10.0;10.0;https://www.trip.com/hotels/las-vegas-hotel-detail-737263/the-venetian-resort-las-vegas/?pageSize=20;5;2026-06-07T16:23:08.088844+00:00;ok;
HVEGAS001;The Venetian Resort Las Vegas;Las Vegas;United States;tripcom;tripcom;;Trip.com;a753f979fc70eeca;24/09/2024;2024;01/09/2024;2024.0;10.0;0.0;10.0;10.0;https://www.trip.com/hotels/las-vegas-hotel-detail-737263/the-venetian-resort-las-vegas/?pageSize=20;22;2026-06-07T16:23:08.088844+00:00;ok;
HVEGAS001;The Venetian Resort Las Vegas;Las Vegas;United States;tripcom;tripcom;;Trip.com;3c949ec7ed8bf6e0;26/09/2024;2024;01/08/2024;2024.0;10.0;0.0;10.0;10.0;https://www.trip.com/hotels/las-vegas-hotel-detail-737263/the-venetian-resort-las-vegas/?pageSize=20;22;2026-06-07T16:23:08.088844+00:00;ok;
HVEGAS001;The Venetian Resort Las Vegas;Las Vegas;United States;tripcom;tripcom;;Trip.com;8f981cde367a2f1b;29/09/2024;2024;01/09/2024;2024.0;9.0;0.0;10.0;9.0;https://www.trip.com/hotels/las-vegas-hotel-detail-737263/the-venetian-resort-las-vegas/?pageSize=20;6;2026-06-07T16:23:08.088844+00:00;ok;
HVEGAS001;The Venetian Resort Las Vegas;Las Vegas;United States;tripcom;tripcom;;Trip.com;c1820cd6ee076248;03/10/2024;2024;01/09/2024;2024.0;6.7;0.0;10.0;6.7;https://www.trip.com/hotels/las-vegas-hotel-detail-737263/the-venetian-resort-las-vegas/?pageSize=20;12;2026-06-07T16:23:08.088844+00:00;ok;
HVEGAS001;The Venetian Resort Las Vegas;Las Vegas;United States;tripcom;tripcom;;Trip.com;e858ddd518b4b1c0;08/10/2024;2024;01/10/2024;2024.0;10.0;0.0;10.0;10.0;https://www.trip.com/hotels/las-vegas-hotel-detail-737263/the-venetian-resort-las-vegas/?pageSize=20;5;2026-06-07T16:23:08.088844+00:00;ok;
HVEGAS001;The Venetian Resort Las Vegas;Las Vegas;United States;tripcom;tripcom;;Trip.com;68765dba7af67ffd;08/10/2024;2024;01/10/2024;2024.0;10.0;0.0;10.0;10.0;https://www.trip.com/hotels/las-vegas-hotel-detail-737263/the-venetian-resort-las-vegas/?pageSize=20;19;2026-06-07T16:23:08.088844+00:00;ok;
HVEGAS001;The Venetian Resort Las Vegas;Las Vegas;United States;tripcom;tripcom;;Trip.com;9234b202b576b778;08/10/2024;2024;01/07/2024;2024.0;10.0;0.0;10.0;10.0;https://www.trip.com/hotels/las-vegas-hotel-detail-737263/the-venetian-resort-las-vegas/?pageSize=20;23;2026-06-07T16:23:08.088844+00:00;ok;
HVEGAS001;The Venetian Resort Las Vegas;Las Vegas;United States;tripcom;tripcom;;Trip.com;495cd3e38c63ff36;10/10/2024;2024;01/09/2024;2024.0;10.0;0.0;10.0;10.0;https://www.trip.com/hotels/las-vegas-hotel-detail-737263/the-venetian-resort-las-vegas/?pageSize=20;23;2026-06-07T16:23:08.088844+00:00;ok;
HVEGAS001;The Venetian Resort Las Vegas;Las Vegas;United States;tripcom;tripcom;;Trip.com;ffd6b488433251f5;12/10/2024;2024;01/10/2024;2024.0;9.0;0.0;10.0;9.0;https://www.trip.com/hotels/las-vegas-hotel-detail-737263/the-venetian-resort-las-vegas/?pageSize=20;8;2026-06-07T16:23:08.088844+00:00;ok;
HVEGAS001;The Venetian Resort Las Vegas;Las Vegas;United States;tripcom;tripcom;;Trip.com;d96ae291e75a711e;13/10/2024;2024;01/10/2024;2024.0;10.0;0.0;10.0;10.0;https://www.trip.com/hotels/las-vegas-hotel-detail-737263/the-venetian-resort-las-vegas/?pageSize=20;8;2026-06-07T16:23:08.088844+00:00;ok;
HVEGAS001;The Venetian Resort Las Vegas;Las Vegas;United States;tripcom;tripcom;;Trip.com;0cc48bf67c3b067e;23/10/2024;2024;01/10/2024;2024.0;9.7;0.0;10.0;9.7;https://www.trip.com/hotels/las-vegas-hotel-detail-737263/the-venetian-resort-las-vegas/?pageSize=20;8;2026-06-07T16:23:08.088844+00:00;ok;
HVEGAS001;The Venetian Resort Las Vegas;Las Vegas;United States;tripcom;tripcom;;Trip.com;e3183ad6254f8947;26/10/2024;2024;01/10/2024;2024.0;10.0;0.0;10.0;10.0;https://www.trip.com/hotels/las-vegas-hotel-detail-737263/the-venetian-resort-las-vegas/?pageSize=20;9;2026-06-07T16:23:08.088844+00:00;ok;
HVEGAS001;The Venetian Resort Las Vegas;Las Vegas;United States;tripcom;tripcom;;Trip.com;e0f1d3bae5d9595b;03/11/2024;2024;01/08/2024;2024.0;9.5;0.0;10.0;9.5;https://www.trip.com/hotels/las-vegas-hotel-detail-737263/the-venetian-resort-las-vegas/?pageSize=20;21;2026-06-07T16:23:08.088844+00:00;ok;
HVEGAS001;The Venetian Resort Las Vegas;Las Vegas;United States;tripcom;tripcom;;Trip.com;b85d49e4b89c6834;04/11/2024;2024;01/09/2024;2024.0;10.0;0.0;10.0;10.0;https://www.trip.com/hotels/las-vegas-hotel-detail-737263/the-venetian-resort-las-vegas/?pageSize=20;21;2026-06-07T16:23:08.088844+00:00;ok;
HVEGAS001;The Venetian Resort Las Vegas;Las Vegas;United States;tripcom;tripcom;;Trip.com;e4cb641aa64492b7;08/11/2024;2024;01/08/2024;2024.0;10.0;0.0;10.0;10.0;https://www.trip.com/hotels/las-vegas-hotel-detail-737263/the-venetian-resort-las-vegas/?pageSize=20;4;2026-06-07T16:23:08.088844+00:00;ok;
HVEGAS001;The Venetian Resort Las Vegas;Las Vegas;United States;tripcom;tripcom;;Trip.com;a5d7221b09d7856e;11/11/2024;2024;01/11/2024;2024.0;10.0;0.0;10.0;10.0;https://www.trip.com/hotels/las-vegas-hotel-detail-737263/the-venetian-resort-las-vegas/?pageSize=20;22;2026-06-07T16:23:08.088844+00:00;ok;
HVEGAS001;The Venetian Resort Las Vegas;Las Vegas;United States;tripcom;tripcom;;Trip.com;2f3381309b9dcb6d;16/11/2024;2024;01/11/2024;2024.0;10.0;0.0;10.0;10.0;https://www.trip.com/hotels/las-vegas-hotel-detail-737263/the-venetian-resort-las-vegas/?pageSize=20;22;2026-06-07T16:23:08.088844+00:00;ok;
HVEGAS001;The Venetian Resort Las Vegas;Las Vegas;United States;tripcom;tripcom;;Trip.com;c8efcf28893aa107;16/11/2024;2024;01/11/2024;2024.0;10.0;0.0;10.0;10.0;https://www.trip.com/hotels/las-vegas-hotel-detail-737263/the-venetian-resort-las-vegas/?pageSize=20;26;2026-06-07T16:23:08.088844+00:00;ok;
HVEGAS001;The Venetian Resort Las Vegas;Las Vegas;United States;tripcom;tripcom;;Trip.com;96ff280580d467de;19/11/2024;2024;01/09/2024;2024.0;10.0;0.0;10.0;10.0;https://www.trip.com/hotels/las-vegas-hotel-detail-737263/the-venetian-resort-las-vegas/?pageSize=20;21;2026-06-07T16:23:08.088844+00:00;ok;
HVEGAS001;The Venetian Resort Las Vegas;Las Vegas;United States;tripcom;tripcom;;Trip.com;e405a396691931d6;19/11/2024;2024;01/11/2024;2024.0;10.0;0.0;10.0;10.0;https://www.trip.com/hotels/las-vegas-hotel-detail-737263/the-venetian-resort-las-vegas/?pageSize=20;25;2026-06-07T16:23:08.088844+00:00;ok;
HVEGAS001;The Venetian Resort Las Vegas;Las Vegas;United States;tripcom;tripcom;;Trip.com;964ac4527e9fff9f;28/11/2024;2024;01/11/2024;2024.0;10.0;0.0;10.0;10.0;https://www.trip.com/hotels/las-vegas-hotel-detail-737263/the-venetian-resort-las-vegas/?pageSize=20;20;2026-06-07T16:23:08.088844+00:00;ok;
HVEGAS001;The Venetian Resort Las Vegas;Las Vegas;United States;tripcom;tripcom;;Trip.com;968b9cd8b7fbdb18;02/12/2024;2024;01/09/2024;2024.0;10.0;0.0;10.0;10.0;https://www.trip.com/hotels/las-vegas-hotel-detail-737263/the-venetian-resort-las-vegas/?pageSize=20;21;2026-06-07T16:23:08.088844+00:00;ok;
HVEGAS001;The Venetian Resort Las Vegas;Las Vegas;United States;tripcom;tripcom;;Trip.com;c93e20b0ae378e07;03/12/2024;2024;01/09/2024;2024.0;10.0;0.0;10.0;10.0;https://www.trip.com/hotels/las-vegas-hotel-detail-737263/the-venetian-resort-las-vegas/?pageSize=20;20;2026-06-07T16:23:08.088844+00:00;ok;
HVEGAS001;The Venetian Resort Las Vegas;Las Vegas;United States;tripcom;tripcom;;Trip.com;02afbd4a05fbf381;09/12/2024;2024;01/10/2024;2024.0;10.0;0.0;10.0;10.0;https://www.trip.com/hotels/las-vegas-hotel-detail-737263/the-venetian-resort-las-vegas/?pageSize=20;21;2026-06-07T16:23:08.088844+00:00;ok;
HVEGAS001;The Venetian Resort Las Vegas;Las Vegas;United States;tripcom;tripcom;;Trip.com;3e4f6e655a5c18df;13/12/2024;2024;01/12/2024;2024.0;10.0;0.0;10.0;10.0;https://www.trip.com/hotels/las-vegas-hotel-detail-737263/the-venetian-resort-las-vegas/?pageSize=20;4;2026-06-07T16:23:08.088844+00:00;ok;
HVEGAS001;The Venetian Resort Las Vegas;Las Vegas;United States;tripcom;tripcom;;Trip.com;9e63e08123e2ae31;21/12/2024;2024;01/10/2024;2024.0;8.0;0.0;10.0;8.0;https://www.trip.com/hotels/las-vegas-hotel-detail-737263/the-venetian-resort-las-vegas/?pageSize=20;14;2026-06-07T16:23:08.088844+00:00;ok;
HVEGAS001;The Venetian Resort Las Vegas;Las Vegas;United States;tripcom;tripcom;;Trip.com;06f986e290ad39c7;22/12/2024;2024;01/12/2024;2024.0;6.0;0.0;10.0;6.0;https://www.trip.com/hotels/las-vegas-hotel-detail-737263/the-venetian-resort-las-vegas/?pageSize=20;8;2026-06-07T16:23:08.088844+00:00;ok;
HVEGAS001;The Venetian Resort Las Vegas;Las Vegas;United States;tripcom;tripcom;;Trip.com;c090447df65215e6;22/12/2024;2024;01/12/2024;2024.0;10.0;0.0;10.0;10.0;https://www.trip.com/hotels/las-vegas-hotel-detail-737263/the-venetian-resort-las-vegas/?pageSize=20;19;2026-06-07T16:23:08.088844+00:00;ok;
HVEGAS001;The Venetian Resort Las Vegas;Las Vegas;United States;tripcom;tripcom;;Trip.com;ac21d17a71fa732a;23/12/2024;2024;01/12/2024;2024.0;10.0;0.0;10.0;10.0;https://www.trip.com/hotels/las-vegas-hotel-detail-737263/the-venetian-resort-las-vegas/?pageSize=20;10;2026-06-07T16:23:08.088844+00:00;ok;
HVEGAS001;The Venetian Resort Las Vegas;Las Vegas;United States;tripcom;tripcom;;Trip.com;cf831663295abed0;24/12/2024;2024;01/12/2024;2024.0;10.0;0.0;10.0;10.0;https://www.trip.com/hotels/las-vegas-hotel-detail-737263/the-venetian-resort-las-vegas/?pageSize=20;8;2026-06-07T16:23:08.088844+00:00;ok;
HVEGAS001;The Venetian Resort Las Vegas;Las Vegas;United States;tripcom;tripcom;;Trip.com;63299212faf79f46;27/12/2024;2024;01/12/2024;2024.0;10.0;0.0;10.0;10.0;https://www.trip.com/hotels/las-vegas-hotel-detail-737263/the-venetian-resort-las-vegas/?pageSize=20;8;2026-06-07T16:23:08.088844+00:00;ok;
HVEGAS001;The Venetian Resort Las Vegas;Las Vegas;United States;tripcom;tripcom;;Trip.com;5d80c044b52477df;28/12/2024;2024;01/12/2024;2024.0;7.0;0.0;10.0;7.0;https://www.trip.com/hotels/las-vegas-hotel-detail-737263/the-venetian-resort-las-vegas/?pageSize=20;8;2026-06-07T16:23:08.088844+00:00;ok;
HVEGAS001;The Venetian Resort Las Vegas;Las Vegas;United States;tripcom;tripcom;;Trip.com;e1450f2caec335a8;29/12/2024;2024;01/11/2024;2024.0;8.5;0.0;10.0;8.5;https://www.trip.com/hotels/las-vegas-hotel-detail-737263/the-venetian-resort-las-vegas/?pageSize=20;14;2026-06-07T16:23:08.088844+00:00;ok;
HVEGAS001;The Venetian Resort Las Vegas;Las Vegas;United States;tripcom;tripcom;;Trip.com;9f09c7c254953617;04/01/2025;2025;01/12/2024;2024.0;10.0;0.0;10.0;10.0;https://www.trip.com/hotels/las-vegas-hotel-detail-737263/the-venetian-resort-las-vegas/?pageSize=20;5;2026-06-07T16:23:08.088844+00:00;ok;
HVEGAS001;The Venetian Resort Las Vegas;Las Vegas;United States;tripcom;tripcom;;Trip.com;c3b2b261d19b0691;08/01/2025;2025;01/01/2025;2025.0;7.0;0.0;10.0;7.0;https://www.trip.com/hotels/las-vegas-hotel-detail-737263/the-venetian-resort-las-vegas/?pageSize=20;10;2026-06-07T16:23:08.088844+00:00;ok;
HVEGAS001;The Venetian Resort Las Vegas;Las Vegas;United States;tripcom;tripcom;;Trip.com;e5bb40f2ecbadd02;08/01/2025;2025;01/01/2025;2025.0;3.5;0.0;10.0;3.5;https://www.trip.com/hotels/las-vegas-hotel-detail-737263/the-venetian-resort-las-vegas/?pageSize=20;11;2026-06-07T16:23:08.088844+00:00;ok;
HVEGAS001;The Venetian Resort Las Vegas;Las Vegas;United States;tripcom;tripcom;;Trip.com;e7555ec0d2df4c99;10/01/2025;2025;01/01/2025;2025.0;10.0;0.0;10.0;10.0;https://www.trip.com/hotels/las-vegas-hotel-detail-737263/the-venetian-resort-las-vegas/?pageSize=20;23;2026-06-07T16:23:08.088844+00:00;ok;
HVEGAS001;The Venetian Resort Las Vegas;Las Vegas;United States;tripcom;tripcom;;Trip.com;8688f4aa8ec6fe6c;13/01/2025;2025;01/01/2025;2025.0;10.0;0.0;10.0;10.0;https://www.trip.com/hotels/las-vegas-hotel-detail-737263/the-venetian-resort-las-vegas/?pageSize=20;20;2026-06-07T16:23:08.088844+00:00;ok;
HVEGAS001;The Venetian Resort Las Vegas;Las Vegas;United States;tripcom;tripcom;;Trip.com;d4345db1f71e6b73;13/01/2025;2025;01/01/2025;2025.0;9.0;0.0;10.0;9.0;https://www.trip.com/hotels/las-vegas-hotel-detail-737263/the-venetian-resort-las-vegas/?pageSize=20;25;2026-06-07T16:23:08.088844+00:00;ok;
HVEGAS001;The Venetian Resort Las Vegas;Las Vegas;United States;tripcom;tripcom;;Trip.com;b6445b20f1b73b3e;14/01/2025;2025;01/01/2025;2025.0;10.0;0.0;10.0;10.0;https://www.trip.com/hotels/las-vegas-hotel-detail-737263/the-venetian-resort-las-vegas/?pageSize=20;12;2026-06-07T16:23:08.088844+00:00;ok;
HVEGAS001;The Venetian Resort Las Vegas;Las Vegas;United States;tripcom;tripcom;;Trip.com;658c140517a8efb3;18/01/2025;2025;01/01/2025;2025.0;4.5;0.0;10.0;4.5;https://www.trip.com/hotels/las-vegas-hotel-detail-737263/the-venetian-resort-las-vegas/?pageSize=20;10;2026-06-07T16:23:08.088844+00:00;ok;
HVEGAS001;The Venetian Resort Las Vegas;Las Vegas;United States;tripcom;tripcom;;Trip.com;655178d908eedc32;21/01/2025;2025;01/12/2024;2024.0;10.0;0.0;10.0;10.0;https://www.trip.com/hotels/las-vegas-hotel-detail-737263/the-venetian-resort-las-vegas/?pageSize=20;21;2026-06-07T16:23:08.088844+00:00;ok;
HVEGAS001;The Venetian Resort Las Vegas;Las Vegas;United States;tripcom;tripcom;;Trip.com;5a1b553bb3931b98;31/01/2025;2025;01/01/2025;2025.0;9.0;0.0;10.0;9.0;https://www.trip.com/hotels/las-vegas-hotel-detail-737263/the-venetian-resort-las-vegas/?pageSize=20;9;2026-06-07T16:23:08.088844+00:00;ok;
HVEGAS001;The Venetian Resort Las Vegas;Las Vegas;United States;tripcom;tripcom;;Trip.com;e1094cd148edd819;01/02/2025;2025;01/01/2025;2025.0;10.0;0.0;10.0;10.0;https://www.trip.com/hotels/las-vegas-hotel-detail-737263/the-venetian-resort-las-vegas/?pageSize=20;4;2026-06-07T16:23:08.088844+00:00;ok;
HVEGAS001;The Venetian Resort Las Vegas;Las Vegas;United States;tripcom;tripcom;;Trip.com;198a049b0c516f04;01/02/2025;2025;01/01/2025;2025.0;4.5;0.0;10.0;4.5;https://www.trip.com/hotels/las-vegas-hotel-detail-737263/the-venetian-resort-las-vegas/?pageSize=20;9;2026-06-07T16:23:08.088844+00:00;ok;
HVEGAS001;The Venetian Resort Las Vegas;Las Vegas;United States;tripcom;tripcom;;Trip.com;2ac125ae2205e71f;02/02/2025;2025;01/01/2025;2025.0;10.0;0.0;10.0;10.0;https://www.trip.com/hotels/las-vegas-hotel-detail-737263/the-venetian-resort-las-vegas/?pageSize=20;6;2026-06-07T16:23:08.088844+00:00;ok;
HVEGAS001;The Venetian Resort Las Vegas;Las Vegas;United States;tripcom;tripcom;;Trip.com;f0d7ffde02fde1f5;02/02/2025;2025;01/01/2025;2025.0;2.0;0.0;10.0;2.0;https://www.trip.com/hotels/las-vegas-hotel-detail-737263/the-venetian-resort-las-vegas/?pageSize=20;7;2026-06-07T16:23:08.088844+00:00;ok;
HVEGAS001;The Venetian Resort Las Vegas;Las Vegas;United States;tripcom;tripcom;;Trip.com;07a2e0a086f05c05;03/02/2025;2025;01/01/2025;2025.0;8.5;0.0;10.0;8.5;https://www.trip.com/hotels/las-vegas-hotel-detail-737263/the-venetian-resort-las-vegas/?pageSize=20;9;2026-06-07T16:23:08.088844+00:00;ok;
HVEGAS001;The Venetian Resort Las Vegas;Las Vegas;United States;tripcom;tripcom;;Trip.com;52428585b627a728;05/02/2025;2025;01/01/2025;2025.0;5.0;0.0;10.0;5.0;https://www.trip.com/hotels/las-vegas-hotel-detail-737263/the-venetian-resort-las-vegas/?pageSize=20;9;2026-06-07T16:23:08.088844+00:00;ok;
HVEGAS001;The Venetian Resort Las Vegas;Las Vegas;United States;tripcom;tripcom;;Trip.com;dbcb5eb7a721a9a5;05/02/2025;2025;01/01/2025;2025.0;2.0;0.0;10.0;2.0;https://www.trip.com/hotels/las-vegas-hotel-detail-737263/the-venetian-resort-las-vegas/?pageSize=20;14;2026-06-07T16:23:08.088844+00:00;ok;
HVEGAS001;The Venetian Resort Las Vegas;Las Vegas;United States;tripcom;tripcom;;Trip.com;71c2a394aca2ee01;05/02/2025;2025;01/02/2025;2025.0;10.0;0.0;10.0;10.0;https://www.trip.com/hotels/las-vegas-hotel-detail-737263/the-venetian-resort-las-vegas/?pageSize=20;21;2026-06-07T16:23:08.088844+00:00;ok;
HVEGAS001;The Venetian Resort Las Vegas;Las Vegas;United States;tripcom;tripcom;;Trip.com;2264e1981a454bc8;06/02/2025;2025;01/01/2025;2025.0;8.0;0.0;10.0;8.0;https://www.trip.com/hotels/las-vegas-hotel-detail-737263/the-venetian-resort-las-vegas/?pageSize=20;26;2026-06-07T16:23:08.088844+00:00;ok;
HVEGAS001;The Venetian Resort Las Vegas;Las Vegas;United States;tripcom;tripcom;;Trip.com;e4b1dd60ae6f3bae;07/02/2025;2025;01/01/2025;2025.0;7.0;0.0;10.0;7.0;https://www.trip.com/hotels/las-vegas-hotel-detail-737263/the-venetian-resort-las-vegas/?pageSize=20;10;2026-06-07T16:23:08.088844+00:00;ok;
HVEGAS001;The Venetian Resort Las Vegas;Las Vegas;United States;tripcom;tripcom;;Trip.com;53adb370858d223a;08/02/2025;2025;01/02/2025;2025.0;10.0;0.0;10.0;10.0;https://www.trip.com/hotels/las-vegas-hotel-detail-737263/the-venetian-resort-las-vegas/?pageSize=20;10;2026-06-07T16:23:08.088844+00:00;ok;
HVEGAS001;The Venetian Resort Las Vegas;Las Vegas;United States;tripcom;tripcom;;Trip.com;dcd1c2bd7de450d0;12/02/2025;2025;01/02/2025;2025.0;5.0;0.0;10.0;5.0;https://www.trip.com/hotels/las-vegas-hotel-detail-737263/the-venetian-resort-las-vegas/?pageSize=20;8;2026-06-07T16:23:08.088844+00:00;ok;
HVEGAS001;The Venetian Resort Las Vegas;Las Vegas;United States;tripcom;tripcom;;Trip.com;1779139048d3fd89;16/02/2025;2025;01/02/2025;2025.0;10.0;0.0;10.0;10.0;https://www.trip.com/hotels/las-vegas-hotel-detail-737263/the-venetian-resort-las-vegas/?pageSize=20;13;2026-06-07T16:23:08.088844+00:00;ok;
HVEGAS001;The Venetian Resort Las Vegas;Las Vegas;United States;tripcom;tripcom;;Trip.com;75180b44db1ec01e;16/02/2025;2025;01/01/2025;2025.0;10.0;0.0;10.0;10.0;https://www.trip.com/hotels/las-vegas-hotel-detail-737263/the-venetian-resort-las-vegas/?pageSize=20;14;2026-06-07T16:23:08.088844+00:00;ok;
HVEGAS001;The Venetian Resort Las Vegas;Las Vegas;United States;tripcom;tripcom;;Trip.com;df25f83724f1b3ed;23/02/2025;2025;01/02/2025;2025.0;8.0;0.0;10.0;8.0;https://www.trip.com/hotels/las-vegas-hotel-detail-737263/the-venetian-resort-las-vegas/?pageSize=20;15;2026-06-07T16:23:08.088844+00:00;ok;
HVEGAS001;The Venetian Resort Las Vegas;Las Vegas;United States;tripcom;tripcom;;Trip.com;82e31d111db255fa;01/03/2025;2025;01/02/2025;2025.0;10.0;0.0;10.0;10.0;https://www.trip.com/hotels/las-vegas-hotel-detail-737263/the-venetian-resort-las-vegas/?pageSize=20;9;2026-06-07T16:23:08.088844+00:00;ok;
HVEGAS001;The Venetian Resort Las Vegas;Las Vegas;United States;tripcom;tripcom;;Trip.com;e834c27ddb7a810a;04/03/2025;2025;01/02/2025;2025.0;8.5;0.0;10.0;8.5;https://www.trip.com/hotels/las-vegas-hotel-detail-737263/the-venetian-resort-las-vegas/?pageSize=20;4;2026-06-07T16:23:08.088844+00:00;ok;
HVEGAS001;The Venetian Resort Las Vegas;Las Vegas;United States;tripcom;tripcom;;Trip.com;4581feebd1cc5d30;06/03/2025;2025;01/12/2024;2024.0;9.5;0.0;10.0;9.5;https://www.trip.com/hotels/las-vegas-hotel-detail-737263/the-venetian-resort-las-vegas/?pageSize=20;5;2026-06-07T16:23:08.088844+00:00;ok;
HVEGAS001;The Venetian Resort Las Vegas;Las Vegas;United States;tripcom;tripcom;;Trip.com;d139661afe3b9fea;08/03/2025;2025;01/12/2024;2024.0;10.0;0.0;10.0;10.0;https://www.trip.com/hotels/las-vegas-hotel-detail-737263/the-venetian-resort-las-vegas/?pageSize=20;10;2026-06-07T16:23:08.088844+00:00;ok;
HVEGAS001;The Venetian Resort Las Vegas;Las Vegas;United States;tripcom;tripcom;;Trip.com;cfa3da6ba6d24c42;09/03/2025;2025;01/12/2024;2024.0;10.0;0.0;10.0;10.0;https://www.trip.com/hotels/las-vegas-hotel-detail-737263/the-venetian-resort-las-vegas/?pageSize=20;21;2026-06-07T16:23:08.088844+00:00;ok;
HVEGAS001;The Venetian Resort Las Vegas;Las Vegas;United States;tripcom;tripcom;;Trip.com;3f770a8d445d541d;11/03/2025;2025;01/01/2025;2025.0;4.0;0.0;10.0;4.0;https://www.trip.com/hotels/las-vegas-hotel-detail-737263/the-venetian-resort-las-vegas/?pageSize=20;9;2026-06-07T16:23:08.088844+00:00;ok;
HVEGAS001;The Venetian Resort Las Vegas;Las Vegas;United States;tripcom;tripcom;;Trip.com;92e5b628db1bcd8c;12/03/2025;2025;01/02/2025;2025.0;9.5;0.0;10.0;9.5;https://www.trip.com/hotels/las-vegas-hotel-detail-737263/the-venetian-resort-las-vegas/?pageSize=20;3;2026-06-07T16:23:08.088844+00:00;ok;
HVEGAS001;The Venetian Resort Las Vegas;Las Vegas;United States;tripcom;tripcom;;Trip.com;f1940cfc3f78214e;12/03/2025;2025;01/01/2025;2025.0;6.2;0.0;10.0;6.2;https://www.trip.com/hotels/las-vegas-hotel-detail-737263/the-venetian-resort-las-vegas/?pageSize=20;12;2026-06-07T16:23:08.088844+00:00;ok;
HVEGAS001;The Venetian Resort Las Vegas;Las Vegas;United States;tripcom;tripcom;;Trip.com;b39f1e2d42c8f107;15/03/2025;2025;01/02/2025;2025.0;10.0;0.0;10.0;10.0;https://www.trip.com/hotels/las-vegas-hotel-detail-737263/the-venetian-resort-las-vegas/?pageSize=20;17;2026-06-07T16:23:08.088844+00:00;ok;
HVEGAS001;The Venetian Resort Las Vegas;Las Vegas;United States;tripcom;tripcom;;Trip.com;21be293409fbfc2c;30/03/2025;2025;01/01/2025;2025.0;10.0;0.0;10.0;10.0;https://www.trip.com/hotels/las-vegas-hotel-detail-737263/the-venetian-resort-las-vegas/?pageSize=20;20;2026-06-07T16:23:08.088844+00:00;ok;
HVEGAS001;The Venetian Resort Las Vegas;Las Vegas;United States;tripcom;tripcom;;Trip.com;5a251809894b24d7;02/04/2025;2025;01/03/2025;2025.0;10.0;0.0;10.0;10.0;https://www.trip.com/hotels/las-vegas-hotel-detail-737263/the-venetian-resort-las-vegas/?pageSize=20;4;2026-06-07T16:23:08.088844+00:00;ok;
HVEGAS001;The Venetian Resort Las Vegas;Las Vegas;United States;tripcom;tripcom;;Trip.com;568197f410ff6731;03/04/2025;2025;01/01/2025;2025.0;8.5;0.0;10.0;8.5;https://www.trip.com/hotels/las-vegas-hotel-detail-737263/the-venetian-resort-las-vegas/?pageSize=20;10;2026-06-07T16:23:08.088844+00:00;ok;
HVEGAS001;The Venetian Resort Las Vegas;Las Vegas;United States;tripcom;tripcom;;Trip.com;135e4fa86565a07f;04/04/2025;2025;01/01/2025;2025.0;5.5;0.0;10.0;5.5;https://www.trip.com/hotels/las-vegas-hotel-detail-737263/the-venetian-resort-las-vegas/?pageSize=20;9;2026-06-07T16:23:08.088844+00:00;ok;
HVEGAS001;The Venetian Resort Las Vegas;Las Vegas;United States;tripcom;tripcom;;Trip.com;fbbc669497442189;06/04/2025;2025;01/02/2025;2025.0;10.0;0.0;10.0;10.0;https://www.trip.com/hotels/las-vegas-hotel-detail-737263/the-venetian-resort-las-vegas/?pageSize=20;9;2026-06-07T16:23:08.088844+00:00;ok;
HVEGAS001;The Venetian Resort Las Vegas;Las Vegas;United States;tripcom;tripcom;;Trip.com;fcdd6e6ff9460174;07/04/2025;2025;01/02/2025;2025.0;10.0;0.0;10.0;10.0;https://www.trip.com/hotels/las-vegas-hotel-detail-737263/the-venetian-resort-las-vegas/?pageSize=20;25;2026-06-07T16:23:08.088844+00:00;ok;
HVEGAS001;The Venetian Resort Las Vegas;Las Vegas;United States;tripcom;tripcom;;Trip.com;ca09fdd7e49cc475;08/04/2025;2025;01/01/2025;2025.0;8.0;0.0;10.0;8.0;https://www.trip.com/hotels/las-vegas-hotel-detail-737263/the-venetian-resort-las-vegas/?pageSize=20;8;2026-06-07T16:23:08.088844+00:00;ok;
HVEGAS001;The Venetian Resort Las Vegas;Las Vegas;United States;tripcom;tripcom;;Trip.com;a7e122e611ab4619;10/04/2025;2025;01/04/2025;2025.0;10.0;0.0;10.0;10.0;https://www.trip.com/hotels/las-vegas-hotel-detail-737263/the-venetian-resort-las-vegas/?pageSize=20;19;2026-06-07T16:23:08.088844+00:00;ok;
HVEGAS001;The Venetian Resort Las Vegas;Las Vegas;United States;tripcom;tripcom;;Trip.com;19aa588041bf2b0e;14/04/2025;2025;01/02/2025;2025.0;9.5;0.0;10.0;9.5;https://www.trip.com/hotels/las-vegas-hotel-detail-737263/the-venetian-resort-las-vegas/?pageSize=20;4;2026-06-07T16:23:08.088844+00:00;ok;
HVEGAS001;The Venetian Resort Las Vegas;Las Vegas;United States;tripcom;tripcom;;Trip.com;f2c72ea0c6df577a;02/05/2025;2025;01/04/2025;2025.0;9.5;0.0;10.0;9.5;https://www.trip.com/hotels/las-vegas-hotel-detail-737263/the-venetian-resort-las-vegas/?pageSize=20;4;2026-06-07T16:23:08.088844+00:00;ok;
HVEGAS001;The Venetian Resort Las Vegas;Las Vegas;United States;tripcom;tripcom;;Trip.com;4a30faffa94d3b29;02/05/2025;2025;01/04/2025;2025.0;6.5;0.0;10.0;6.5;https://www.trip.com/hotels/las-vegas-hotel-detail-737263/the-venetian-resort-las-vegas/?pageSize=20;8;2026-06-07T16:23:08.088844+00:00;ok;
HVEGAS001;The Venetian Resort Las Vegas;Las Vegas;United States;tripcom;tripcom;;Trip.com;454c9be81e29a5c9;05/05/2025;2025;01/05/2025;2025.0;10.0;0.0;10.0;10.0;https://www.trip.com/hotels/las-vegas-hotel-detail-737263/the-venetian-resort-las-vegas/?pageSize=20;7;2026-06-07T16:23:08.088844+00:00;ok;
HVEGAS001;The Venetian Resort Las Vegas;Las Vegas;United States;tripcom;tripcom;;Trip.com;0136c8a6b29f289d;09/05/2025;2025;01/05/2025;2025.0;9.0;0.0;10.0;9.0;https://www.trip.com/hotels/las-vegas-hotel-detail-737263/the-venetian-resort-las-vegas/?pageSize=20;17;2026-06-07T16:23:08.088844+00:00;ok;
HVEGAS001;The Venetian Resort Las Vegas;Las Vegas;United States;tripcom;tripcom;;Trip.com;fa233c4f9ca99791;12/05/2025;2025;01/04/2025;2025.0;9.0;0.0;10.0;9.0;https://www.trip.com/hotels/las-vegas-hotel-detail-737263/the-venetian-resort-las-vegas/?pageSize=20;8;2026-06-07T16:23:08.088844+00:00;ok;
HVEGAS001;The Venetian Resort Las Vegas;Las Vegas;United States;tripcom;tripcom;;Trip.com;e209d18a0c3bf0b9;12/05/2025;2025;01/04/2025;2025.0;10.0;0.0;10.0;10.0;https://www.trip.com/hotels/las-vegas-hotel-detail-737263/the-venetian-resort-las-vegas/?pageSize=20;22;2026-06-07T16:23:08.088844+00:00;ok;
HVEGAS001;The Venetian Resort Las Vegas;Las Vegas;United States;tripcom;tripcom;;Trip.com;6ef68e870d18f852;12/05/2025;2025;01/04/2025;2025.0;8.0;0.0;10.0;8.0;https://www.trip.com/hotels/las-vegas-hotel-detail-737263/the-venetian-resort-las-vegas/?pageSize=20;23;2026-06-07T16:23:08.088844+00:00;ok;
HVEGAS001;The Venetian Resort Las Vegas;Las Vegas;United States;tripcom;tripcom;;Trip.com;763b2a8a75e23db4;14/05/2025;2025;01/05/2025;2025.0;10.0;0.0;10.0;10.0;https://www.trip.com/hotels/las-vegas-hotel-detail-737263/the-venetian-resort-las-vegas/?pageSize=20;20;2026-06-07T16:23:08.088844+00:00;ok;
HVEGAS001;The Venetian Resort Las Vegas;Las Vegas;United States;tripcom;tripcom;;Trip.com;6c04d1926b2529f9;18/05/2025;2025;01/05/2025;2025.0;8.2;0.0;10.0;8.2;https://www.trip.com/hotels/las-vegas-hotel-detail-737263/the-venetian-resort-las-vegas/?pageSize=20;8;2026-06-07T16:23:08.088844+00:00;ok;
HVEGAS001;The Venetian Resort Las Vegas;Las Vegas;United States;tripcom;tripcom;;Trip.com;a49b2a0bec9d9b0b;30/05/2025;2025;01/05/2025;2025.0;10.0;0.0;10.0;10.0;https://www.trip.com/hotels/las-vegas-hotel-detail-737263/the-venetian-resort-las-vegas/?pageSize=20;18;2026-06-07T16:23:08.088844+00:00;ok;
HVEGAS001;The Venetian Resort Las Vegas;Las Vegas;United States;tripcom;tripcom;;Trip.com;abf7547a97d5786a;04/06/2025;2025;01/06/2025;2025.0;10.0;0.0;10.0;10.0;https://www.trip.com/hotels/las-vegas-hotel-detail-737263/the-venetian-resort-las-vegas/?pageSize=20;3;2026-06-07T16:23:08.088844+00:00;ok;
HVEGAS001;The Venetian Resort Las Vegas;Las Vegas;United States;tripcom;tripcom;;Trip.com;7a8f47e1cd26e7b7;12/06/2025;2025;01/06/2025;2025.0;3.0;0.0;10.0;3.0;https://www.trip.com/hotels/las-vegas-hotel-detail-737263/the-venetian-resort-las-vegas/?pageSize=20;4;2026-06-07T16:23:08.088844+00:00;ok;
HVEGAS001;The Venetian Resort Las Vegas;Las Vegas;United States;tripcom;tripcom;;Trip.com;a33ed1e81d4269da;12/06/2025;2025;01/04/2025;2025.0;7.2;0.0;10.0;7.2;https://www.trip.com/hotels/las-vegas-hotel-detail-737263/the-venetian-resort-las-vegas/?pageSize=20;18;2026-06-07T16:23:08.088844+00:00;ok;
HVEGAS001;The Venetian Resort Las Vegas;Las Vegas;United States;tripcom;tripcom;;Trip.com;49a8c68d2acaf997;12/06/2025;2025;01/03/2025;2025.0;9.0;0.0;10.0;9.0;https://www.trip.com/hotels/las-vegas-hotel-detail-737263/the-venetian-resort-las-vegas/?pageSize=20;19;2026-06-07T16:23:08.088844+00:00;ok;
HVEGAS001;The Venetian Resort Las Vegas;Las Vegas;United States;tripcom;tripcom;;Trip.com;c07dcadfffe7b941;17/06/2025;2025;01/05/2025;2025.0;10.0;0.0;10.0;10.0;https://www.trip.com/hotels/las-vegas-hotel-detail-737263/the-venetian-resort-las-vegas/?pageSize=20;20;2026-06-07T16:23:08.088844+00:00;ok;
HVEGAS001;The Venetian Resort Las Vegas;Las Vegas;United States;tripcom;tripcom;;Trip.com;be33f5ee7edca6c1;18/06/2025;2025;01/06/2025;2025.0;10.0;0.0;10.0;10.0;https://www.trip.com/hotels/las-vegas-hotel-detail-737263/the-venetian-resort-las-vegas/?pageSize=20;3;2026-06-07T16:23:08.088844+00:00;ok;
HVEGAS001;The Venetian Resort Las Vegas;Las Vegas;United States;tripcom;tripcom;;Trip.com;8352c4c32fa90a11;18/06/2025;2025;01/06/2025;2025.0;10.0;0.0;10.0;10.0;https://www.trip.com/hotels/las-vegas-hotel-detail-737263/the-venetian-resort-las-vegas/?pageSize=20;25;2026-06-07T16:23:08.088844+00:00;ok;
HVEGAS001;The Venetian Resort Las Vegas;Las Vegas;United States;tripcom;tripcom;;Trip.com;42fade120f6dcbf4;21/06/2025;2025;01/06/2025;2025.0;10.0;0.0;10.0;10.0;https://www.trip.com/hotels/las-vegas-hotel-detail-737263/the-venetian-resort-las-vegas/?pageSize=20;3;2026-06-07T16:23:08.088844+00:00;ok;
HVEGAS001;The Venetian Resort Las Vegas;Las Vegas;United States;tripcom;tripcom;;Trip.com;14379c14952f0b64;22/06/2025;2025;01/06/2025;2025.0;9.5;0.0;10.0;9.5;https://www.trip.com/hotels/las-vegas-hotel-detail-737263/the-venetian-resort-las-vegas/?pageSize=20;8;2026-06-07T16:23:08.088844+00:00;ok;
HVEGAS001;The Venetian Resort Las Vegas;Las Vegas;United States;tripcom;tripcom;;Trip.com;795f593f5b0a47c4;29/06/2025;2025;01/06/2025;2025.0;7.0;0.0;10.0;7.0;https://www.trip.com/hotels/las-vegas-hotel-detail-737263/the-venetian-resort-las-vegas/?pageSize=20;21;2026-06-07T16:23:08.088844+00:00;ok;
HVEGAS001;The Venetian Resort Las Vegas;Las Vegas;United States;tripcom;tripcom;;Trip.com;7325fc46dec75b2f;04/07/2025;2025;01/06/2025;2025.0;10.0;0.0;10.0;10.0;https://www.trip.com/hotels/las-vegas-hotel-detail-737263/the-venetian-resort-las-vegas/?pageSize=20;8;2026-06-07T16:23:08.088844+00:00;ok;
HVEGAS001;The Venetian Resort Las Vegas;Las Vegas;United States;tripcom;tripcom;;Trip.com;707bf68d64e71bf0;04/07/2025;2025;01/06/2025;2025.0;10.0;0.0;10.0;10.0;https://www.trip.com/hotels/las-vegas-hotel-detail-737263/the-venetian-resort-las-vegas/?pageSize=20;20;2026-06-07T16:23:08.088844+00:00;ok;
HVEGAS001;The Venetian Resort Las Vegas;Las Vegas;United States;tripcom;tripcom;;Trip.com;c5b4176749ae41ba;09/07/2025;2025;01/06/2025;2025.0;10.0;0.0;10.0;10.0;https://www.trip.com/hotels/las-vegas-hotel-detail-737263/the-venetian-resort-las-vegas/?pageSize=20;18;2026-06-07T16:23:08.088844+00:00;ok;
HVEGAS001;The Venetian Resort Las Vegas;Las Vegas;United States;tripcom;tripcom;;Trip.com;f708dadc34140733;12/07/2025;2025;01/05/2025;2025.0;9.0;0.0;10.0;9.0;https://www.trip.com/hotels/las-vegas-hotel-detail-737263/the-venetian-resort-las-vegas/?pageSize=20;4;2026-06-07T16:23:08.088844+00:00;ok;
HVEGAS001;The Venetian Resort Las Vegas;Las Vegas;United States;tripcom;tripcom;;Trip.com;a5dd267202e5db20;14/07/2025;2025;01/07/2025;2025.0;8.5;0.0;10.0;8.5;https://www.trip.com/hotels/las-vegas-hotel-detail-737263/the-venetian-resort-las-vegas/?pageSize=20;3;2026-06-07T16:23:08.088844+00:00;ok;
HVEGAS001;The Venetian Resort Las Vegas;Las Vegas;United States;tripcom;tripcom;;Trip.com;73bd96b1a094e037;16/07/2025;2025;01/07/2025;2025.0;10.0;0.0;10.0;10.0;https://www.trip.com/hotels/las-vegas-hotel-detail-737263/the-venetian-resort-las-vegas/?pageSize=20;21;2026-06-07T16:23:08.088844+00:00;ok;
HVEGAS001;The Venetian Resort Las Vegas;Las Vegas;United States;tripcom;tripcom;;Trip.com;7d5ca5e530a4368d;19/07/2025;2025;01/07/2025;2025.0;9.5;0.0;10.0;9.5;https://www.trip.com/hotels/las-vegas-hotel-detail-737263/the-venetian-resort-las-vegas/?pageSize=20;7;2026-06-07T16:23:08.088844+00:00;ok;
HVEGAS001;The Venetian Resort Las Vegas;Las Vegas;United States;tripcom;tripcom;;Trip.com;e6c83b1d29772a6f;02/08/2025;2025;01/07/2025;2025.0;10.0;0.0;10.0;10.0;https://www.trip.com/hotels/las-vegas-hotel-detail-737263/the-venetian-resort-las-vegas/?pageSize=20;3;2026-06-07T16:23:08.088844+00:00;ok;
HVEGAS001;The Venetian Resort Las Vegas;Las Vegas;United States;tripcom;tripcom;;Trip.com;18458ead571c4c2f;02/08/2025;2025;01/07/2025;2025.0;10.0;0.0;10.0;10.0;https://www.trip.com/hotels/las-vegas-hotel-detail-737263/the-venetian-resort-las-vegas/?pageSize=20;10;2026-06-07T16:23:08.088844+00:00;ok;
HVEGAS001;The Venetian Resort Las Vegas;Las Vegas;United States;tripcom;tripcom;;Trip.com;a001366b79882f58;08/08/2025;2025;01/07/2025;2025.0;10.0;0.0;10.0;10.0;https://www.trip.com/hotels/las-vegas-hotel-detail-737263/the-venetian-resort-las-vegas/?pageSize=20;2;2026-06-07T16:23:08.088844+00:00;ok;
HVEGAS001;The Venetian Resort Las Vegas;Las Vegas;United States;tripcom;tripcom;;Trip.com;cafd06988eb0f63a;11/08/2025;2025;01/07/2025;2025.0;4.7;0.0;10.0;4.7;https://www.trip.com/hotels/las-vegas-hotel-detail-737263/the-venetian-resort-las-vegas/?pageSize=20;2;2026-06-07T16:23:08.088844+00:00;ok;
HVEGAS001;The Venetian Resort Las Vegas;Las Vegas;United States;tripcom;tripcom;;Trip.com;e4de57fd4f853f7b;11/08/2025;2025;01/08/2025;2025.0;10.0;0.0;10.0;10.0;https://www.trip.com/hotels/las-vegas-hotel-detail-737263/the-venetian-resort-las-vegas/?pageSize=20;8;2026-06-07T16:23:08.088844+00:00;ok;
HVEGAS001;The Venetian Resort Las Vegas;Las Vegas;United States;tripcom;tripcom;;Trip.com;8446f9869a8c05b6;13/08/2025;2025;01/08/2025;2025.0;10.0;0.0;10.0;10.0;https://www.trip.com/hotels/las-vegas-hotel-detail-737263/the-venetian-resort-las-vegas/?pageSize=20;8;2026-06-07T16:23:08.088844+00:00;ok;
HVEGAS001;The Venetian Resort Las Vegas;Las Vegas;United States;tripcom;tripcom;;Trip.com;2e9592854c2fcf72;14/08/2025;2025;01/08/2025;2025.0;10.0;0.0;10.0;10.0;https://www.trip.com/hotels/las-vegas-hotel-detail-737263/the-venetian-resort-las-vegas/?pageSize=20;16;2026-06-07T16:23:08.088844+00:00;ok;
HVEGAS001;The Venetian Resort Las Vegas;Las Vegas;United States;tripcom;tripcom;;Trip.com;be594273281215bf;14/08/2025;2025;01/08/2025;2025.0;10.0;0.0;10.0;10.0;https://www.trip.com/hotels/las-vegas-hotel-detail-737263/the-venetian-resort-las-vegas/?pageSize=20;19;2026-06-07T16:23:08.088844+00:00;ok;
HVEGAS001;The Venetian Resort Las Vegas;Las Vegas;United States;tripcom;tripcom;;Trip.com;9bd68936bf18bcf2;15/08/2025;2025;01/08/2025;2025.0;10.0;0.0;10.0;10.0;https://www.trip.com/hotels/las-vegas-hotel-detail-737263/the-venetian-resort-las-vegas/?pageSize=20;2;2026-06-07T16:23:08.088844+00:00;ok;
HVEGAS001;The Venetian Resort Las Vegas;Las Vegas;United States;tripcom;tripcom;;Trip.com;2a992a5a9d54d18e;17/08/2025;2025;01/08/2025;2025.0;10.0;0.0;10.0;10.0;https://www.trip.com/hotels/las-vegas-hotel-detail-737263/the-venetian-resort-las-vegas/?pageSize=20;2;2026-06-07T16:23:08.088844+00:00;ok;
HVEGAS001;The Venetian Resort Las Vegas;Las Vegas;United States;tripcom;tripcom;;Trip.com;bfad56aa31057c8d;20/08/2025;2025;01/08/2025;2025.0;10.0;0.0;10.0;10.0;https://www.trip.com/hotels/las-vegas-hotel-detail-737263/the-venetian-resort-las-vegas/?pageSize=20;7;2026-06-07T16:23:08.088844+00:00;ok;
HVEGAS001;The Venetian Resort Las Vegas;Las Vegas;United States;tripcom;tripcom;;Trip.com;7a660acd12eaab2f;21/08/2025;2025;01/08/2025;2025.0;9.0;0.0;10.0;9.0;https://www.trip.com/hotels/las-vegas-hotel-detail-737263/the-venetian-resort-las-vegas/?pageSize=20;4;2026-06-07T16:23:08.088844+00:00;ok;
HVEGAS001;The Venetian Resort Las Vegas;Las Vegas;United States;tripcom;tripcom;;Trip.com;bc44c210f778c7b8;22/08/2025;2025;01/08/2025;2025.0;9.0;0.0;10.0;9.0;https://www.trip.com/hotels/las-vegas-hotel-detail-737263/the-venetian-resort-las-vegas/?pageSize=20;2;2026-06-07T16:23:08.088844+00:00;ok;
HVEGAS001;The Venetian Resort Las Vegas;Las Vegas;United States;tripcom;tripcom;;Trip.com;3f52144856cfdb14;22/08/2025;2025;01/08/2025;2025.0;10.0;0.0;10.0;10.0;https://www.trip.com/hotels/las-vegas-hotel-detail-737263/the-venetian-resort-las-vegas/?pageSize=20;4;2026-06-07T16:23:08.088844+00:00;ok;
HVEGAS001;The Venetian Resort Las Vegas;Las Vegas;United States;tripcom;tripcom;;Trip.com;74b9c7b7309c54ba;22/08/2025;2025;01/08/2025;2025.0;5.5;0.0;10.0;5.5;https://www.trip.com/hotels/las-vegas-hotel-detail-737263/the-venetian-resort-las-vegas/?pageSize=20;7;2026-06-07T16:23:08.088844+00:00;ok;
HVEGAS001;The Venetian Resort Las Vegas;Las Vegas;United States;tripcom;tripcom;;Trip.com;d2e213e0aed436fd;22/08/2025;2025;01/08/2025;2025.0;10.0;0.0;10.0;10.0;https://www.trip.com/hotels/las-vegas-hotel-detail-737263/the-venetian-resort-las-vegas/?pageSize=20;9;2026-06-07T16:23:08.088844+00:00;ok;
HVEGAS001;The Venetian Resort Las Vegas;Las Vegas;United States;tripcom;tripcom;;Trip.com;a02bcf73c665f7be;25/08/2025;2025;01/08/2025;2025.0;9.0;0.0;10.0;9.0;https://www.trip.com/hotels/las-vegas-hotel-detail-737263/the-venetian-resort-las-vegas/?pageSize=20;7;2026-06-07T16:23:08.088844+00:00;ok;
HVEGAS001;The Venetian Resort Las Vegas;Las Vegas;United States;tripcom;tripcom;;Trip.com;5ccca4237a5eca85;28/08/2025;2025;01/08/2025;2025.0;10.0;0.0;10.0;10.0;https://www.trip.com/hotels/las-vegas-hotel-detail-737263/the-venetian-resort-las-vegas/?pageSize=20;7;2026-06-07T16:23:08.088844+00:00;ok;
HVEGAS001;The Venetian Resort Las Vegas;Las Vegas;United States;tripcom;tripcom;;Trip.com;5230d4b481e845cb;01/09/2025;2025;01/07/2025;2025.0;10.0;0.0;10.0;10.0;https://www.trip.com/hotels/las-vegas-hotel-detail-737263/the-venetian-resort-las-vegas/?pageSize=20;8;2026-06-07T16:23:08.088844+00:00;ok;
HVEGAS001;The Venetian Resort Las Vegas;Las Vegas;United States;tripcom;tripcom;;Trip.com;be912e1942802106;04/09/2025;2025;01/06/2025;2025.0;10.0;0.0;10.0;10.0;https://www.trip.com/hotels/las-vegas-hotel-detail-737263/the-venetian-resort-las-vegas/?pageSize=20;3;2026-06-07T16:23:08.088844+00:00;ok;
HVEGAS001;The Venetian Resort Las Vegas;Las Vegas;United States;tripcom;tripcom;;Trip.com;2ae052c71eb7c44c;07/09/2025;2025;01/09/2025;2025.0;10.0;0.0;10.0;10.0;https://www.trip.com/hotels/las-vegas-hotel-detail-737263/the-venetian-resort-las-vegas/?pageSize=20;8;2026-06-07T16:23:08.088844+00:00;ok;
HVEGAS001;The Venetian Resort Las Vegas;Las Vegas;United States;tripcom;tripcom;;Trip.com;c1289d5411a8536b;08/09/2025;2025;01/08/2025;2025.0;2.0;0.0;10.0;2.0;https://www.trip.com/hotels/las-vegas-hotel-detail-737263/the-venetian-resort-las-vegas/?pageSize=20;7;2026-06-07T16:23:08.088844+00:00;ok;
HVEGAS001;The Venetian Resort Las Vegas;Las Vegas;United States;tripcom;tripcom;;Trip.com;49a823ff20899e11;09/09/2025;2025;01/08/2025;2025.0;10.0;0.0;10.0;10.0;https://www.trip.com/hotels/las-vegas-hotel-detail-737263/the-venetian-resort-las-vegas/?pageSize=20;25;2026-06-07T16:23:08.088844+00:00;ok;
HVEGAS001;The Venetian Resort Las Vegas;Las Vegas;United States;tripcom;tripcom;;Trip.com;bc6c0b65a07d0a2d;11/09/2025;2025;01/09/2025;2025.0;9.0;0.0;10.0;9.0;https://www.trip.com/hotels/las-vegas-hotel-detail-737263/the-venetian-resort-las-vegas/?pageSize=20;4;2026-06-07T16:23:08.088844+00:00;ok;
HVEGAS001;The Venetian Resort Las Vegas;Las Vegas;United States;tripcom;tripcom;;Trip.com;aa16206045ce22f1;15/09/2025;2025;01/09/2025;2025.0;10.0;0.0;10.0;10.0;https://www.trip.com/hotels/las-vegas-hotel-detail-737263/the-venetian-resort-las-vegas/?pageSize=20;9;2026-06-07T16:23:08.088844+00:00;ok;
HVEGAS001;The Venetian Resort Las Vegas;Las Vegas;United States;tripcom;tripcom;;Trip.com;7749a158f1b3ce65;16/09/2025;2025;01/09/2025;2025.0;9.5;0.0;10.0;9.5;https://www.trip.com/hotels/las-vegas-hotel-detail-737263/the-venetian-resort-las-vegas/?pageSize=20;2;2026-06-07T16:23:08.088844+00:00;ok;
HVEGAS001;The Venetian Resort Las Vegas;Las Vegas;United States;tripcom;tripcom;;Trip.com;13e0387646c4bba7;18/09/2025;2025;01/09/2025;2025.0;1.7;0.0;10.0;1.7;https://www.trip.com/hotels/las-vegas-hotel-detail-737263/the-venetian-resort-las-vegas/?pageSize=20;10;2026-06-07T16:23:08.088844+00:00;ok;
HVEGAS001;The Venetian Resort Las Vegas;Las Vegas;United States;tripcom;tripcom;;Trip.com;e587774fc66d5b45;18/09/2025;2025;01/06/2025;2025.0;10.0;0.0;10.0;10.0;https://www.trip.com/hotels/las-vegas-hotel-detail-737263/the-venetian-resort-las-vegas/?pageSize=20;18;2026-06-07T16:23:08.088844+00:00;ok;
HVEGAS001;The Venetian Resort Las Vegas;Las Vegas;United States;tripcom;tripcom;;Trip.com;48d514d2bcb1e201;22/09/2025;2025;01/09/2025;2025.0;10.0;0.0;10.0;10.0;https://www.trip.com/hotels/las-vegas-hotel-detail-737263/the-venetian-resort-las-vegas/?pageSize=20;8;2026-06-07T16:23:08.088844+00:00;ok;
HVEGAS001;The Venetian Resort Las Vegas;Las Vegas;United States;tripcom;tripcom;;Trip.com;6b3535aa785c85a0;24/09/2025;2025;01/09/2025;2025.0;8.5;0.0;10.0;8.5;https://www.trip.com/hotels/las-vegas-hotel-detail-737263/the-venetian-resort-las-vegas/?pageSize=20;6;2026-06-07T16:23:08.088844+00:00;ok;
HVEGAS001;The Venetian Resort Las Vegas;Las Vegas;United States;tripcom;tripcom;;Trip.com;8999e51d5e2a607f;28/09/2025;2025;01/09/2025;2025.0;10.0;0.0;10.0;10.0;https://www.trip.com/hotels/las-vegas-hotel-detail-737263/the-venetian-resort-las-vegas/?pageSize=20;7;2026-06-07T16:23:08.088844+00:00;ok;
HVEGAS001;The Venetian Resort Las Vegas;Las Vegas;United States;tripcom;tripcom;;Trip.com;221fe2de916d8043;29/09/2025;2025;01/09/2025;2025.0;8.5;0.0;10.0;8.5;https://www.trip.com/hotels/las-vegas-hotel-detail-737263/the-venetian-resort-las-vegas/?pageSize=20;7;2026-06-07T16:23:08.088844+00:00;ok;
HVEGAS001;The Venetian Resort Las Vegas;Las Vegas;United States;tripcom;tripcom;;Trip.com;9fb804834d85a96c;02/10/2025;2025;01/09/2025;2025.0;8.2;0.0;10.0;8.2;https://www.trip.com/hotels/las-vegas-hotel-detail-737263/the-venetian-resort-las-vegas/?pageSize=20;3;2026-06-07T16:23:08.088844+00:00;ok;
HVEGAS001;The Venetian Resort Las Vegas;Las Vegas;United States;tripcom;tripcom;;Trip.com;f13e11c716f72eb9;04/10/2025;2025;01/10/2025;2025.0;10.0;0.0;10.0;10.0;https://www.trip.com/hotels/las-vegas-hotel-detail-737263/the-venetian-resort-las-vegas/?pageSize=20;2;2026-06-07T16:23:08.088844+00:00;ok;
HVEGAS001;The Venetian Resort Las Vegas;Las Vegas;United States;tripcom;tripcom;;Trip.com;d5b96e8419c3fd86;04/10/2025;2025;01/10/2025;2025.0;10.0;0.0;10.0;10.0;https://www.trip.com/hotels/las-vegas-hotel-detail-737263/the-venetian-resort-las-vegas/?pageSize=20;18;2026-06-07T16:23:08.088844+00:00;ok;
HVEGAS001;The Venetian Resort Las Vegas;Las Vegas;United States;tripcom;tripcom;;Trip.com;401b954942d26480;04/10/2025;2025;01/09/2025;2025.0;10.0;0.0;10.0;10.0;https://www.trip.com/hotels/las-vegas-hotel-detail-737263/the-venetian-resort-las-vegas/?pageSize=20;19;2026-06-07T16:23:08.088844+00:00;ok;
HVEGAS001;The Venetian Resort Las Vegas;Las Vegas;United States;tripcom;tripcom;;Trip.com;7b0d2e93e26276e0;05/10/2025;2025;01/10/2025;2025.0;9.5;0.0;10.0;9.5;https://www.trip.com/hotels/las-vegas-hotel-detail-737263/the-venetian-resort-las-vegas/?pageSize=20;2;2026-06-07T16:23:08.088844+00:00;ok;
HVEGAS001;The Venetian Resort Las Vegas;Las Vegas;United States;tripcom;tripcom;;Trip.com;3c4aff7128d9f008;07/10/2025;2025;01/09/2025;2025.0;10.0;0.0;10.0;10.0;https://www.trip.com/hotels/las-vegas-hotel-detail-737263/the-venetian-resort-las-vegas/?pageSize=20;16;2026-06-07T16:23:08.088844+00:00;ok;
HVEGAS001;The Venetian Resort Las Vegas;Las Vegas;United States;tripcom;tripcom;;Trip.com;c8657b9add2682a6;07/10/2025;2025;01/10/2025;2025.0;9.0;0.0;10.0;9.0;https://www.trip.com/hotels/las-vegas-hotel-detail-737263/the-venetian-resort-las-vegas/?pageSize=20;17;2026-06-07T16:23:08.088844+00:00;ok;
HVEGAS001;The Venetian Resort Las Vegas;Las Vegas;United States;tripcom;tripcom;;Trip.com;40ada418b86a4d25;08/10/2025;2025;01/10/2025;2025.0;10.0;0.0;10.0;10.0;https://www.trip.com/hotels/las-vegas-hotel-detail-737263/the-venetian-resort-las-vegas/?pageSize=20;17;2026-06-07T16:23:08.088844+00:00;ok;
HVEGAS001;The Venetian Resort Las Vegas;Las Vegas;United States;tripcom;tripcom;;Trip.com;9901fdd4d101f83b;08/10/2025;2025;01/07/2025;2025.0;10.0;0.0;10.0;10.0;https://www.trip.com/hotels/las-vegas-hotel-detail-737263/the-venetian-resort-las-vegas/?pageSize=20;18;2026-06-07T16:23:08.088844+00:00;ok;
HVEGAS001;The Venetian Resort Las Vegas;Las Vegas;United States;tripcom;tripcom;;Trip.com;7a253f903526bd29;09/10/2025;2025;01/09/2025;2025.0;10.0;0.0;10.0;10.0;https://www.trip.com/hotels/las-vegas-hotel-detail-737263/the-venetian-resort-las-vegas/?pageSize=20;2;2026-06-07T16:23:08.088844+00:00;ok;
HVEGAS001;The Venetian Resort Las Vegas;Las Vegas;United States;tripcom;tripcom;;Trip.com;b63dd0a202164250;10/10/2025;2025;01/10/2025;2025.0;9.0;0.0;10.0;9.0;https://www.trip.com/hotels/las-vegas-hotel-detail-737263/the-venetian-resort-las-vegas/?pageSize=20;16;2026-06-07T16:23:08.088844+00:00;ok;
HVEGAS001;The Venetian Resort Las Vegas;Las Vegas;United States;tripcom;tripcom;;Trip.com;a70697464b6a9583;10/10/2025;2025;01/10/2025;2025.0;10.0;0.0;10.0;10.0;https://www.trip.com/hotels/las-vegas-hotel-detail-737263/the-venetian-resort-las-vegas/?pageSize=20;20;2026-06-07T16:23:08.088844+00:00;ok;
HVEGAS001;The Venetian Resort Las Vegas;Las Vegas;United States;tripcom;tripcom;;Trip.com;c97439d13fbb377b;11/10/2025;2025;01/10/2025;2025.0;10.0;0.0;10.0;10.0;https://www.trip.com/hotels/las-vegas-hotel-detail-737263/the-venetian-resort-las-vegas/?pageSize=20;16;2026-06-07T16:23:08.088844+00:00;ok;
HVEGAS001;The Venetian Resort Las Vegas;Las Vegas;United States;tripcom;tripcom;;Trip.com;faa841ab56a17afe;12/10/2025;2025;01/09/2025;2025.0;10.0;0.0;10.0;10.0;https://www.trip.com/hotels/las-vegas-hotel-detail-737263/the-venetian-resort-las-vegas/?pageSize=20;25;2026-06-07T16:23:08.088844+00:00;ok;
HVEGAS001;The Venetian Resort Las Vegas;Las Vegas;United States;tripcom;tripcom;;Trip.com;ce72770b55e5742c;14/10/2025;2025;01/10/2025;2025.0;6.5;0.0;10.0;6.5;https://www.trip.com/hotels/las-vegas-hotel-detail-737263/the-venetian-resort-las-vegas/?pageSize=20;17;2026-06-07T16:23:08.088844+00:00;ok;
HVEGAS001;The Venetian Resort Las Vegas;Las Vegas;United States;tripcom;tripcom;;Trip.com;c4bcc47d2cfecef1;17/10/2025;2025;01/09/2025;2025.0;9.0;0.0;10.0;9.0;https://www.trip.com/hotels/las-vegas-hotel-detail-737263/the-venetian-resort-las-vegas/?pageSize=20;2;2026-06-07T16:23:08.088844+00:00;ok;
HVEGAS001;The Venetian Resort Las Vegas;Las Vegas;United States;tripcom;tripcom;;Trip.com;0e1c5c9d4cdd1dd1;18/10/2025;2025;01/10/2025;2025.0;9.5;0.0;10.0;9.5;https://www.trip.com/hotels/las-vegas-hotel-detail-737263/the-venetian-resort-las-vegas/?pageSize=20;17;2026-06-07T16:23:08.088844+00:00;ok;
HVEGAS001;The Venetian Resort Las Vegas;Las Vegas;United States;tripcom;tripcom;;Trip.com;7d6504e06efc74ed;19/10/2025;2025;01/10/2025;2025.0;8.5;0.0;10.0;8.5;https://www.trip.com/hotels/las-vegas-hotel-detail-737263/the-venetian-resort-las-vegas/?pageSize=20;1;2026-06-07T16:23:08.088844+00:00;ok;
HVEGAS001;The Venetian Resort Las Vegas;Las Vegas;United States;tripcom;tripcom;;Trip.com;3b4b3616c9ff7df1;20/10/2025;2025;01/10/2025;2025.0;8.0;0.0;10.0;8.0;https://www.trip.com/hotels/las-vegas-hotel-detail-737263/the-venetian-resort-las-vegas/?pageSize=20;19;2026-06-07T16:23:08.088844+00:00;ok;
HVEGAS001;The Venetian Resort Las Vegas;Las Vegas;United States;tripcom;tripcom;;Trip.com;75471dacd30e1774;24/10/2025;2025;01/09/2025;2025.0;10.0;0.0;10.0;10.0;https://www.trip.com/hotels/las-vegas-hotel-detail-737263/the-venetian-resort-las-vegas/?pageSize=20;18;2026-06-07T16:23:08.088844+00:00;ok;
HVEGAS001;The Venetian Resort Las Vegas;Las Vegas;United States;tripcom;tripcom;;Trip.com;6e6c0b16aa8a27e0;06/11/2025;2025;01/11/2025;2025.0;10.0;0.0;10.0;10.0;https://www.trip.com/hotels/las-vegas-hotel-detail-737263/the-venetian-resort-las-vegas/?pageSize=20;20;2026-06-07T16:23:08.088844+00:00;ok;
HVEGAS001;The Venetian Resort Las Vegas;Las Vegas;United States;tripcom;tripcom;;Trip.com;d790a7d41fc5f91c;08/11/2025;2025;01/11/2025;2025.0;9.5;0.0;10.0;9.5;https://www.trip.com/hotels/las-vegas-hotel-detail-737263/the-venetian-resort-las-vegas/?pageSize=20;1;2026-06-07T16:23:08.088844+00:00;ok;
HVEGAS001;The Venetian Resort Las Vegas;Las Vegas;United States;tripcom;tripcom;;Trip.com;4e16327447accea7;08/11/2025;2025;01/10/2025;2025.0;8.5;0.0;10.0;8.5;https://www.trip.com/hotels/las-vegas-hotel-detail-737263/the-venetian-resort-las-vegas/?pageSize=20;16;2026-06-07T16:23:08.088844+00:00;ok;
HVEGAS001;The Venetian Resort Las Vegas;Las Vegas;United States;tripcom;tripcom;;Trip.com;5cdcd66c922d3f6e;10/11/2025;2025;01/11/2025;2025.0;10.0;0.0;10.0;10.0;https://www.trip.com/hotels/las-vegas-hotel-detail-737263/the-venetian-resort-las-vegas/?pageSize=20;16;2026-06-07T16:23:08.088844+00:00;ok;
HVEGAS001;The Venetian Resort Las Vegas;Las Vegas;United States;tripcom;tripcom;;Trip.com;a6bd1f31d679fa1a;16/11/2025;2025;01/11/2025;2025.0;1.0;0.0;10.0;1.0;https://www.trip.com/hotels/las-vegas-hotel-detail-737263/the-venetian-resort-las-vegas/?pageSize=20;8;2026-06-07T16:23:08.088844+00:00;ok;
HVEGAS001;The Venetian Resort Las Vegas;Las Vegas;United States;tripcom;tripcom;;Trip.com;07ecd8c561db56d3;19/11/2025;2025;01/11/2025;2025.0;9.0;0.0;10.0;9.0;https://www.trip.com/hotels/las-vegas-hotel-detail-737263/the-venetian-resort-las-vegas/?pageSize=20;3;2026-06-07T16:23:08.088844+00:00;ok;
HVEGAS001;The Venetian Resort Las Vegas;Las Vegas;United States;tripcom;tripcom;;Trip.com;0a5d3ce87bc65458;20/11/2025;2025;01/11/2025;2025.0;10.0;0.0;10.0;10.0;https://www.trip.com/hotels/las-vegas-hotel-detail-737263/the-venetian-resort-las-vegas/?pageSize=20;1;2026-06-07T16:23:08.088844+00:00;ok;
HVEGAS001;The Venetian Resort Las Vegas;Las Vegas;United States;tripcom;tripcom;;Trip.com;aa4a86795e4ec799;25/11/2025;2025;01/11/2025;2025.0;8.5;0.0;10.0;8.5;https://www.trip.com/hotels/las-vegas-hotel-detail-737263/the-venetian-resort-las-vegas/?pageSize=20;18;2026-06-07T16:23:08.088844+00:00;ok;
HVEGAS001;The Venetian Resort Las Vegas;Las Vegas;United States;tripcom;tripcom;;Trip.com;c70367c3fa3acc18;28/11/2025;2025;01/11/2025;2025.0;10.0;0.0;10.0;10.0;https://www.trip.com/hotels/las-vegas-hotel-detail-737263/the-venetian-resort-las-vegas/?pageSize=20;17;2026-06-07T16:23:08.088844+00:00;ok;
HVEGAS001;The Venetian Resort Las Vegas;Las Vegas;United States;tripcom;tripcom;;Trip.com;58bfaffb1af8cf6c;29/11/2025;2025;01/11/2025;2025.0;10.0;0.0;10.0;10.0;https://www.trip.com/hotels/las-vegas-hotel-detail-737263/the-venetian-resort-las-vegas/?pageSize=20;20;2026-06-07T16:23:08.088844+00:00;ok;
HVEGAS001;The Venetian Resort Las Vegas;Las Vegas;United States;tripcom;tripcom;;Trip.com;833577d66a2a451c;03/12/2025;2025;01/11/2025;2025.0;10.0;0.0;10.0;10.0;https://www.trip.com/hotels/las-vegas-hotel-detail-737263/the-venetian-resort-las-vegas/?pageSize=20;16;2026-06-07T16:23:08.088844+00:00;ok;
HVEGAS001;The Venetian Resort Las Vegas;Las Vegas;United States;tripcom;tripcom;;Trip.com;a4db1df716ee7ff9;09/12/2025;2025;01/12/2025;2025.0;10.0;0.0;10.0;10.0;https://www.trip.com/hotels/las-vegas-hotel-detail-737263/the-venetian-resort-las-vegas/?pageSize=20;4;2026-06-07T16:23:08.088844+00:00;ok;
HVEGAS001;The Venetian Resort Las Vegas;Las Vegas;United States;tripcom;tripcom;;Trip.com;22fc52e0c6d28bd5;10/12/2025;2025;01/12/2025;2025.0;8.5;0.0;10.0;8.5;https://www.trip.com/hotels/las-vegas-hotel-detail-737263/the-venetian-resort-las-vegas/?pageSize=20;5;2026-06-07T16:23:08.088844+00:00;ok;
HVEGAS001;The Venetian Resort Las Vegas;Las Vegas;United States;tripcom;tripcom;;Trip.com;473424119333be46;10/12/2025;2025;01/12/2025;2025.0;10.0;0.0;10.0;10.0;https://www.trip.com/hotels/las-vegas-hotel-detail-737263/the-venetian-resort-las-vegas/?pageSize=20;19;2026-06-07T16:23:08.088844+00:00;ok;
HVEGAS001;The Venetian Resort Las Vegas;Las Vegas;United States;tripcom;tripcom;;Trip.com;e6939bc279c42425;11/12/2025;2025;01/12/2025;2025.0;4.5;0.0;10.0;4.5;https://www.trip.com/hotels/las-vegas-hotel-detail-737263/the-venetian-resort-las-vegas/?pageSize=20;3;2026-06-07T16:23:08.088844+00:00;ok;
HVEGAS001;The Venetian Resort Las Vegas;Las Vegas;United States;tripcom;tripcom;;Trip.com;0cb97e5caa61b057;11/12/2025;2025;01/11/2025;2025.0;10.0;0.0;10.0;10.0;https://www.trip.com/hotels/las-vegas-hotel-detail-737263/the-venetian-resort-las-vegas/?pageSize=20;3;2026-06-07T16:23:08.088844+00:00;ok;
HVEGAS001;The Venetian Resort Las Vegas;Las Vegas;United States;tripcom;tripcom;;Trip.com;3ecec218db4fb0ff;19/12/2025;2025;01/12/2025;2025.0;8.0;0.0;10.0;8.0;https://www.trip.com/hotels/las-vegas-hotel-detail-737263/the-venetian-resort-las-vegas/?pageSize=20;16;2026-06-07T16:23:08.088844+00:00;ok;
HVEGAS001;The Venetian Resort Las Vegas;Las Vegas;United States;tripcom;tripcom;;Trip.com;493dbc5d83974d9c;20/12/2025;2025;01/11/2025;2025.0;7.7;0.0;10.0;7.7;https://www.trip.com/hotels/las-vegas-hotel-detail-737263/the-venetian-resort-las-vegas/?pageSize=20;16;2026-06-07T16:23:08.088844+00:00;ok;
HVEGAS001;The Venetian Resort Las Vegas;Las Vegas;United States;tripcom;tripcom;;Trip.com;eab9c372a65a6dd4;21/12/2025;2025;01/12/2025;2025.0;7.0;0.0;10.0;7.0;https://www.trip.com/hotels/las-vegas-hotel-detail-737263/the-venetian-resort-las-vegas/?pageSize=20;16;2026-06-07T16:23:08.088844+00:00;ok;
HVEGAS001;The Venetian Resort Las Vegas;Las Vegas;United States;tripcom;tripcom;;Trip.com;48c25761ec1445ed;23/12/2025;2025;01/12/2025;2025.0;10.0;0.0;10.0;10.0;https://www.trip.com/hotels/las-vegas-hotel-detail-737263/the-venetian-resort-las-vegas/?pageSize=20;19;2026-06-07T16:23:08.088844+00:00;ok;
HVEGAS001;The Venetian Resort Las Vegas;Las Vegas;United States;tripcom;tripcom;;Trip.com;931b241169de52c7;25/12/2025;2025;01/12/2025;2025.0;10.0;0.0;10.0;10.0;https://www.trip.com/hotels/las-vegas-hotel-detail-737263/the-venetian-resort-las-vegas/?pageSize=20;3;2026-06-07T16:23:08.088844+00:00;ok;
HVEGAS001;The Venetian Resort Las Vegas;Las Vegas;United States;tripcom;tripcom;;Trip.com;883df1c0a743040a;25/12/2025;2025;01/11/2025;2025.0;6.0;0.0;10.0;6.0;https://www.trip.com/hotels/las-vegas-hotel-detail-737263/the-venetian-resort-las-vegas/?pageSize=20;3;2026-06-07T16:23:08.088844+00:00;ok;
HVEGAS001;The Venetian Resort Las Vegas;Las Vegas;United States;tripcom;tripcom;;Trip.com;b7b75d8a81e3acb2;25/12/2025;2025;01/10/2025;2025.0;10.0;0.0;10.0;10.0;https://www.trip.com/hotels/las-vegas-hotel-detail-737263/the-venetian-resort-las-vegas/?pageSize=20;3;2026-06-07T16:23:08.088844+00:00;ok;
HVEGAS001;The Venetian Resort Las Vegas;Las Vegas;United States;tripcom;tripcom;;Trip.com;e906162502c27350;26/12/2025;2025;01/12/2025;2025.0;10.0;0.0;10.0;10.0;https://www.trip.com/hotels/las-vegas-hotel-detail-737263/the-venetian-resort-las-vegas/?pageSize=20;1;2026-06-07T16:23:08.088844+00:00;ok;
HVEGAS001;The Venetian Resort Las Vegas;Las Vegas;United States;tripcom;tripcom;;Trip.com;eadf3d57809aaf03;26/12/2025;2025;01/12/2025;2025.0;8.0;0.0;10.0;8.0;https://www.trip.com/hotels/las-vegas-hotel-detail-737263/the-venetian-resort-las-vegas/?pageSize=20;3;2026-06-07T16:23:08.088844+00:00;ok;
HVEGAS001;The Venetian Resort Las Vegas;Las Vegas;United States;tripcom;tripcom;;Trip.com;1e37a974b8ea17f7;26/12/2025;2025;01/10/2025;2025.0;7.0;0.0;10.0;7.0;https://www.trip.com/hotels/las-vegas-hotel-detail-737263/the-venetian-resort-las-vegas/?pageSize=20;5;2026-06-07T16:23:08.088844+00:00;ok;
HVEGAS001;The Venetian Resort Las Vegas;Las Vegas;United States;tripcom;tripcom;;Trip.com;1e2929656038c639;29/12/2025;2025;01/12/2025;2025.0;10.0;0.0;10.0;10.0;https://www.trip.com/hotels/las-vegas-hotel-detail-737263/the-venetian-resort-las-vegas/?pageSize=20;5;2026-06-07T16:23:08.088844+00:00;ok;
HVEGAS001;The Venetian Resort Las Vegas;Las Vegas;United States;tripcom;tripcom;;Trip.com;f5d0f0d4ff7bedca;29/12/2025;2025;01/11/2025;2025.0;10.0;0.0;10.0;10.0;https://www.trip.com/hotels/las-vegas-hotel-detail-737263/the-venetian-resort-las-vegas/?pageSize=20;20;2026-06-07T16:23:08.088844+00:00;ok;
HVEGAS001;The Venetian Resort Las Vegas;Las Vegas;United States;tripcom;tripcom;;Trip.com;89982be335efd69a;31/12/2025;2025;01/12/2025;2025.0;10.0;0.0;10.0;10.0;https://www.trip.com/hotels/las-vegas-hotel-detail-737263/the-venetian-resort-las-vegas/?pageSize=20;3;2026-06-07T16:23:08.088844+00:00;ok;
HVEGAS001;The Venetian Resort Las Vegas;Las Vegas;United States;tripcom;tripcom;;Trip.com;e12ba9ff4f07d903;31/12/2025;2025;01/12/2025;2025.0;9.0;0.0;10.0;9.0;https://www.trip.com/hotels/las-vegas-hotel-detail-737263/the-venetian-resort-las-vegas/?pageSize=20;17;2026-06-07T16:23:08.088844+00:00;ok;
